cnpj;empresa;orgao;exercicio;previsto_maxima;realizado_maxima;desvio_maxima;desvio_maxima_pct;previsto_media;realizado_media;desvio_media;desvio_media_pct;previsto_minima;realizado_minima;desvio_minima;desvio_minima_pct;fre_previsao;fre_realizado;situacao;setor;apelido
05.878.397/0001-32;ALLOS S.A.;Diretoria Estatutária;2007;;1047000.0;;;;459000.0;;;;418000.0;;;;2010;so realizado;Malls;Allos
05.878.397/0001-32;ALLOS S.A.;Conselho de Administração;2007;;0.0;;;;0.0;;;;0.0;;;;2010;so realizado;Malls;Allos
05.878.397/0001-32;ALLOS S.A.;Diretoria Estatutária;2008;;1055000.0;;;;661000.0;;;;331000.0;;;;2010;so realizado;Malls;Allos
05.878.397/0001-32;ALLOS S.A.;Conselho de Administração;2008;;0.0;;;;0.0;;;;0.0;;;;2010;so realizado;Malls;Allos
05.878.397/0001-32;ALLOS S.A.;Diretoria Estatutária;2009;;881000.0;;;;0.0;;;;304000.0;;;;2012;so realizado;Malls;Allos
05.878.397/0001-32;ALLOS S.A.;Conselho de Administração;2009;;0.0;;;;0.0;;;;0.0;;;;2012;so realizado;Malls;Allos
05.878.397/0001-32;ALLOS S.A.;Diretoria Estatutária;2010;;1346013.51;;;;937793.75;;;;484072.32;;;;2013;so realizado;Malls;Allos
05.878.397/0001-32;ALLOS S.A.;Conselho de Administração;2010;;0.0;;;;0.0;;;;0.0;;;;2013;so realizado;Malls;Allos
05.878.397/0001-32;ALLOS S.A.;Diretoria Estatutária;2011;;1547347.0;;;;1269013.0;;;;859909.0;;;;2014;so realizado;Malls;Allos
05.878.397/0001-32;ALLOS S.A.;Conselho de Administração;2011;;144000.0;;;;144000.0;;;;0.0;;;;2014;so realizado;Malls;Allos
05.878.397/0001-32;ALLOS S.A.;Diretoria Estatutária;2012;;1566000.0;;;;1227550.0;;;;1014000.0;;;;2015;so realizado;Malls;Allos
05.878.397/0001-32;ALLOS S.A.;Conselho de Administração;2012;;120000.0;;;;120000.0;;;;120000.0;;;;2015;so realizado;Malls;Allos
05.878.397/0001-32;ALLOS S.A.;Conselho Fiscal;2012;;47800.0;;;;31867.0;;;;47800.0;;;;2015;so realizado;Malls;Allos
05.878.397/0001-32;ALLOS S.A.;Diretoria Estatutária;2013;;1725000.0;;;;1373273.0;;;;1225500.0;;;;2016;so realizado;Malls;Allos
05.878.397/0001-32;ALLOS S.A.;Conselho de Administração;2013;;138000.0;;;;138000.0;;;;138000.0;;;;2016;so realizado;Malls;Allos
05.878.397/0001-32;ALLOS S.A.;Conselho Fiscal;2013;;23900.0;;;;13450.0;;;;2390.0;;;;2016;so realizado;Malls;Allos
05.878.397/0001-32;ALLOS S.A.;Diretoria Estatutária;2014;;1903500.0;;;;1579500.0;;;;1386000.0;;;;2017;so realizado;Malls;Allos
05.878.397/0001-32;ALLOS S.A.;Conselho de Administração;2014;;144000.0;;;;144000.0;;;;144000.0;;;;2017;so realizado;Malls;Allos
05.878.397/0001-32;ALLOS S.A.;Conselho Fiscal;2014;;56800.0;;;;56800.0;;;;56800.0;;;;2017;so realizado;Malls;Allos
05.878.397/0001-32;ALLOS S.A.;Diretoria Estatutária;2015;;2250004.0;;;;1876218.0;;;;1674607.0;;;;2018;so realizado;Malls;Allos
05.878.397/0001-32;ALLOS S.A.;Conselho de Administração;2015;;152720.0;;;;152720.0;;;;152720.0;;;;2018;so realizado;Malls;Allos
05.878.397/0001-32;ALLOS S.A.;Conselho Fiscal;2015;;89517.0;;;;89517.0;;;;89517.0;;;;2018;so realizado;Malls;Allos
05.878.397/0001-32;ALLOS S.A.;Diretoria Estatutária;2016;;5166281.08;;;;2929667.3;;;;1394539.43;;;;2019;so realizado;Malls;Allos
05.878.397/0001-32;ALLOS S.A.;Conselho de Administração;2016;;121107.16;;;;121107.16;;;;121107.16;;;;2019;so realizado;Malls;Allos
05.878.397/0001-32;ALLOS S.A.;Conselho Fiscal;2016;;48000.0;;;;48000.0;;;;48000.0;;;;2019;so realizado;Malls;Allos
05.878.397/0001-32;ALLOS S.A.;Diretoria Estatutária;2017;;5093285.63;;;;2872872.0;;;;1246386.86;;;;2020;so realizado;Malls;Allos
05.878.397/0001-32;ALLOS S.A.;Conselho de Administração;2017;;0.0;;;;0.0;;;;0.0;;;;2020;so realizado;Malls;Allos
05.878.397/0001-32;ALLOS S.A.;Conselho Fiscal;2017;;0.0;;;;0.0;;;;0.0;;;;2020;so realizado;Malls;Allos
05.878.397/0001-32;ALLOS S.A.;Diretoria Estatutária;2018;;15154834.75;;;;4851264.15;;;;1327993.73;;;;2021;so realizado;Malls;Allos
05.878.397/0001-32;ALLOS S.A.;Conselho de Administração;2018;;817457.57;;;;817457.57;;;;817457.57;;;;2021;so realizado;Malls;Allos
05.878.397/0001-32;ALLOS S.A.;Conselho Fiscal;2018;;0.0;;;;0.0;;;;0.0;;;;2021;so realizado;Malls;Allos
05.878.397/0001-32;ALLOS S.A.;Diretoria Estatutária;2019;;8295621.0;;;;3486007.0;;;;2791952.0;;;;2022;so realizado;Malls;Allos
05.878.397/0001-32;ALLOS S.A.;Conselho de Administração;2019;;3324635.0;;;;795426.0;;;;232848.0;;;;2022;so realizado;Malls;Allos
05.878.397/0001-32;ALLOS S.A.;Conselho Fiscal;2019;;132091.0;;;;99068.0;;;;132091.0;;;;2022;so realizado;Malls;Allos
05.878.397/0001-32;ALLOS S.A.;Diretoria Estatutária;2020;;11409347.0;;;;3633251.0;;;;1462648.0;;;;2023;so realizado;Malls;Allos
05.878.397/0001-32;ALLOS S.A.;Conselho de Administração;2020;;3586720.0;;;;1416731.0;;;;194040.0;;;;2023;so realizado;Malls;Allos
05.878.397/0001-32;ALLOS S.A.;Conselho Fiscal;2020;;36690.0;;;;36690.0;;;;36690.0;;;;2023;so realizado;Malls;Allos
05.878.397/0001-32;ALLOS S.A.;Diretoria Estatutária;2021;;10650142.0;;;;3597707.0;;;;1727234.0;;;;2024;so realizado;Malls;Allos
05.878.397/0001-32;ALLOS S.A.;Conselho de Administração;2021;;1116844.0;;;;562297.0;;;;194040.0;;;;2024;so realizado;Malls;Allos
05.878.397/0001-32;ALLOS S.A.;Conselho Fiscal;2021;;73424.0;;;;73424.0;;;;73424.0;;;;2024;so realizado;Malls;Allos
05.878.397/0001-32;ALLOS S.A.;Diretoria Estatutária;2022;;9916387.2;;;;4541715.66;;;;2285930.25;;;;2025;so realizado;Malls;Allos
05.878.397/0001-32;ALLOS S.A.;Conselho de Administração;2022;;2883628.84;;;;1100913.95;;;;194040.0;;;;2025;so realizado;Malls;Allos
05.878.397/0001-32;ALLOS S.A.;Conselho Fiscal;2022;;45890.0;;;;45890.0;;;;45890.0;;;;2025;so realizado;Malls;Allos
05.878.397/0001-32;ALLOS S.A.;Diretoria Estatutária;2023;;17104200.13;;;;6091507.14;;;;3445261.62;;;;2026;so realizado;Malls;Allos
05.878.397/0001-32;ALLOS S.A.;Conselho de Administração;2023;;3006289.75;;;;983465.62;;;;400000.0;;;;2026;so realizado;Malls;Allos
05.878.397/0001-32;ALLOS S.A.;Conselho Fiscal;2023;;93600.0;;;;93600.0;;;;93600.0;;;;2026;so realizado;Malls;Allos
05.878.397/0001-32;ALLOS S.A.;Diretoria Estatutária;2024;;22348787.22;;;;7147521.22;;;;3761460.16;;;;2026;so realizado;Malls;Allos
05.878.397/0001-32;ALLOS S.A.;Conselho de Administração;2024;;4053474.8;;;;1141829.14;;;;420000.0;;;;2026;so realizado;Malls;Allos
05.878.397/0001-32;ALLOS S.A.;Conselho Fiscal;2024;;93600.0;;;;159900.0;;;;58500.0;;;;2026;so realizado;Malls;Allos
05.878.397/0001-32;ALLOS S.A.;Diretoria Estatutária;2025;;19079976.72;;;;6982646.11;;;;3904643.3;;;;2026;so realizado;Malls;Allos
05.878.397/0001-32;ALLOS S.A.;Conselho de Administração;2025;;6268703.28;;;;1414453.43;;;;420638.99;;;;2026;so realizado;Malls;Allos
05.878.397/0001-32;ALLOS S.A.;Conselho Fiscal;2025;;93600.0;;;;93600.0;;;;93600.0;;;;2026;so realizado;Malls;Allos
61.079.117/0001-05;ALPARGATAS S.A.;Diretoria Estatutária;2015;;7657500.0;;;;5040500.0;;;;2465600.0;;;;2018;so realizado;Consumo;Alpargatas
61.079.117/0001-05;ALPARGATAS S.A.;Conselho de Administração;2015;;720000.0;;;;420000.0;;;;360000.0;;;;2018;so realizado;Consumo;Alpargatas
61.079.117/0001-05;ALPARGATAS S.A.;Conselho Fiscal;2015;;167400.0;;;;167400.0;;;;167400.0;;;;2018;so realizado;Consumo;Alpargatas
61.079.117/0001-05;ALPARGATAS S.A.;Diretoria Estatutária;2016;;9129100.0;;;;5376100.0;;;;3257200.0;;;;2019;so realizado;Consumo;Alpargatas
61.079.117/0001-05;ALPARGATAS S.A.;Conselho de Administração;2016;;360000.0;;;;360000.0;;;;360000.0;;;;2019;so realizado;Consumo;Alpargatas
61.079.117/0001-05;ALPARGATAS S.A.;Conselho Fiscal;2016;;194400.0;;;;194400.0;;;;194400.0;;;;2019;so realizado;Consumo;Alpargatas
61.079.117/0001-05;ALPARGATAS S.A.;Diretoria Estatutária;2017;;7336200.0;;;;4658200.0;;;;2832000.0;;;;2020;so realizado;Consumo;Alpargatas
61.079.117/0001-05;ALPARGATAS S.A.;Conselho de Administração;2017;;360000.0;;;;360000.0;;;;360000.0;;;;2020;so realizado;Consumo;Alpargatas
61.079.117/0001-05;ALPARGATAS S.A.;Conselho Fiscal;2017;;201600.0;;;;201600.0;;;;201600.0;;;;2020;so realizado;Consumo;Alpargatas
61.079.117/0001-05;ALPARGATAS S.A.;Diretoria Estatutária;2018;;2051000.0;;;;1164000.0;;;;1599000.0;;;;2021;so realizado;Consumo;Alpargatas
61.079.117/0001-05;ALPARGATAS S.A.;Conselho de Administração;2018;;456000.0;;;;456000.0;;;;456000.0;;;;2021;so realizado;Consumo;Alpargatas
61.079.117/0001-05;ALPARGATAS S.A.;Conselho Fiscal;2018;;68300.0;;;;68300.0;;;;68300.0;;;;2021;so realizado;Consumo;Alpargatas
61.079.117/0001-05;ALPARGATAS S.A.;Diretoria Estatutária;2019;;14692200.0;;;;7793000.0;;;;3221000.0;;;;2022;so realizado;Consumo;Alpargatas
61.079.117/0001-05;ALPARGATAS S.A.;Conselho de Administração;2019;;504000.0;;;;504000.0;;;;504000.0;;;;2022;so realizado;Consumo;Alpargatas
61.079.117/0001-05;ALPARGATAS S.A.;Conselho Fiscal;2019;;0.0;;;;0.0;;;;0.0;;;;2022;so realizado;Consumo;Alpargatas
61.079.117/0001-05;ALPARGATAS S.A.;Diretoria Estatutária;2020;;13670800.0;;;;5766100.0;;;;2600900.0;;;;2023;so realizado;Consumo;Alpargatas
61.079.117/0001-05;ALPARGATAS S.A.;Conselho de Administração;2020;;1384800.0;;;;733900.0;;;;504000.0;;;;2023;so realizado;Consumo;Alpargatas
61.079.117/0001-05;ALPARGATAS S.A.;Conselho Fiscal;2020;;0.0;;;;0.0;;;;0.0;;;;2022;so realizado;Consumo;Alpargatas
61.079.117/0001-05;ALPARGATAS S.A.;Diretoria Estatutária;2021;;13492700.0;;;;6233200.0;;;;3134400.0;;;;2024;so realizado;Consumo;Alpargatas
61.079.117/0001-05;ALPARGATAS S.A.;Conselho de Administração;2021;;1640000.0;;;;828400.0;;;;504000.0;;;;2024;so realizado;Consumo;Alpargatas
61.079.117/0001-05;ALPARGATAS S.A.;Conselho Fiscal;2021;;0.0;;;;0.0;;;;0.0;;;;2022;so realizado;Consumo;Alpargatas
61.079.117/0001-05;ALPARGATAS S.A.;Diretoria Estatutária;2022;;10880471.95;;;;4451524.81;;;;1821372.92;;;;2025;so realizado;Consumo;Alpargatas
61.079.117/0001-05;ALPARGATAS S.A.;Conselho de Administração;2022;;572533.89;;;;441216.81;;;;284666.67;;;;2025;so realizado;Consumo;Alpargatas
61.079.117/0001-05;ALPARGATAS S.A.;Diretoria Estatutária;2023;;3072500.0;;;;2434900.0;;;;1797400.0;;;;2026;so realizado;Consumo;Alpargatas
61.079.117/0001-05;ALPARGATAS S.A.;Conselho de Administração;2023;;4182899.9999999995;;;;949800.0;;;;420000.0;;;;2026;so realizado;Consumo;Alpargatas
61.079.117/0001-05;ALPARGATAS S.A.;Diretoria Estatutária;2024;;9002200.0;;;;5956800.0;;;;3654900.0;;;;2026;so realizado;Consumo;Alpargatas
61.079.117/0001-05;ALPARGATAS S.A.;Conselho de Administração;2024;;1772800.0;;;;664300.0;;;;420000.0;;;;2026;so realizado;Consumo;Alpargatas
61.079.117/0001-05;ALPARGATAS S.A.;Diretoria Estatutária;2025;;12788000.0;;;;8566500.0;;;;3570200.0;;;;2026;so realizado;Consumo;Alpargatas
61.079.117/0001-05;ALPARGATAS S.A.;Conselho de Administração;2025;;1756800.0;;;;611000.0;;;;420000.0;;;;2026;so realizado;Consumo;Alpargatas
07.526.557/0001-00;AMBEV S.A.;Diretoria Estatutária;2011;;16430619.31;;;;4550712.6;;;;3214819.37;;;;2014;so realizado;Consumo;Ambev
07.526.557/0001-00;AMBEV S.A.;Conselho de Administração;2011;;10858172.83;;;;2272807.21;;;;439949.01;;;;2014;so realizado;Consumo;Ambev
07.526.557/0001-00;AMBEV S.A.;Conselho Fiscal;2011;;466210.7;;;;252275.62;;;;116529.49;;;;2014;so realizado;Consumo;Ambev
07.526.557/0001-00;AMBEV S.A.;Diretoria Estatutária;2012;;15731876.07;;;;4947884.31;;;;1544914.59;;;;2015;so realizado;Consumo;Ambev
07.526.557/0001-00;AMBEV S.A.;Conselho de Administração;2012;;10388743.02;;;;1883026.92;;;;335512.67;;;;2015;so realizado;Consumo;Ambev
07.526.557/0001-00;AMBEV S.A.;Conselho Fiscal;2012;;295201.44;;;;231880.1;;;;147600.67;;;;2015;so realizado;Consumo;Ambev
07.526.557/0001-00;AMBEV S.A.;Diretoria Estatutária;2013;;17173973.12;;;;5544094.18;;;;1731534.14;;;;2016;so realizado;Consumo;Ambev
07.526.557/0001-00;AMBEV S.A.;Conselho de Administração;2013;;8871395.0;;;;1748806.0;;;;313047.7;;;;2016;so realizado;Consumo;Ambev
07.526.557/0001-00;AMBEV S.A.;Conselho Fiscal;2013;;313047.7;;;;234785.83;;;;156523.85;;;;2016;so realizado;Consumo;Ambev
07.526.557/0001-00;AMBEV S.A.;Diretoria Estatutária;2014;;22489382.0;;;;4968055.4;;;;2326654.0;;;;2017;so realizado;Consumo;Ambev
07.526.557/0001-00;AMBEV S.A.;Conselho de Administração;2014;;5960938.0;;;;1310512.0;;;;332920.0;;;;2017;so realizado;Consumo;Ambev
07.526.557/0001-00;AMBEV S.A.;Conselho Fiscal;2014;;372799.0;;;;256336.33;;;;166460.0;;;;2017;so realizado;Consumo;Ambev
07.526.557/0001-00;AMBEV S.A.;Diretoria Estatutária;2015;;21358583.28;;;;5600969.79;;;;1864211.66;;;;2018;so realizado;Consumo;Ambev
07.526.557/0001-00;AMBEV S.A.;Conselho de Administração;2015;;10095576.27;;;;1518150.89;;;;358109.18;;;;2018;so realizado;Consumo;Ambev
07.526.557/0001-00;AMBEV S.A.;Conselho Fiscal;2015;;421187.76;;;;295512.35;;;;179054.54;;;;2018;so realizado;Consumo;Ambev
07.526.557/0001-00;AMBEV S.A.;Diretoria Estatutária;2016;;14930055.45;;;;3648144.26;;;;1217949.83;;;;2019;so realizado;Consumo;Ambev
07.526.557/0001-00;AMBEV S.A.;Conselho de Administração;2016;;8304164.9;;;;1970632.67;;;;390081.07;;;;2019;so realizado;Consumo;Ambev
07.526.557/0001-00;AMBEV S.A.;Conselho Fiscal;2016;;390081.07;;;;296155.67;;;;133813.92;;;;2019;so realizado;Consumo;Ambev
07.526.557/0001-00;AMBEV S.A.;Diretoria Estatutária;2017;;14065113.97;;;;4801134.36;;;;2466975.34;;;;2020;so realizado;Consumo;Ambev
07.526.557/0001-00;AMBEV S.A.;Conselho de Administração;2017;;10292851.37;;;;2162467.67;;;;412360.99;;;;2020;so realizado;Consumo;Ambev
07.526.557/0001-00;AMBEV S.A.;Conselho Fiscal;2017;;412360.99;;;;309270.83;;;;206180.5;;;;2020;so realizado;Consumo;Ambev
07.526.557/0001-00;AMBEV S.A.;Diretoria Estatutária;2018;;12177219.57;;;;3792066.84;;;;2120323.95;;;;2021;so realizado;Consumo;Ambev
07.526.557/0001-00;AMBEV S.A.;Conselho de Administração;2018;;8659261.7;;;;1731069.6;;;;484455.99;;;;2021;so realizado;Consumo;Ambev
07.526.557/0001-00;AMBEV S.A.;Conselho Fiscal;2018;;425508.48;;;;320518.21;;;;212754.24;;;;2021;so realizado;Consumo;Ambev
07.526.557/0001-00;AMBEV S.A.;Diretoria Estatutária;2019;;14170295.57;;;;5572957.37;;;;3058226.62;;;;2022;so realizado;Consumo;Ambev
07.526.557/0001-00;AMBEV S.A.;Conselho de Administração;2019;;9036710.5;;;;1790654.25;;;;299839.45;;;;2022;so realizado;Consumo;Ambev
07.526.557/0001-00;AMBEV S.A.;Conselho Fiscal;2019;;443492.45;;;;338452.94;;;;221746.22;;;;2022;so realizado;Consumo;Ambev
07.526.557/0001-00;AMBEV S.A.;Diretoria Estatutária;2020;;16036812.43;;;;4491674.75;;;;1493354.77;;;;2023;so realizado;Consumo;Ambev
07.526.557/0001-00;AMBEV S.A.;Conselho de Administração;2020;;7311989.45;;;;1346646.57;;;;248844.0;;;;2023;so realizado;Consumo;Ambev
07.526.557/0001-00;AMBEV S.A.;Conselho Fiscal;2020;;381476.24;;;;286107.17;;;;190738.12;;;;2023;so realizado;Consumo;Ambev
07.526.557/0001-00;AMBEV S.A.;Diretoria Estatutária;2021;;23046749.4;;;;6435739.15;;;;2539606.7;;;;2024;so realizado;Consumo;Ambev
07.526.557/0001-00;AMBEV S.A.;Conselho de Administração;2021;;12250056.24;;;;3010756.82;;;;501488.0;;;;2024;so realizado;Consumo;Ambev
07.526.557/0001-00;AMBEV S.A.;Conselho Fiscal;2021;;401807.2;;;;301355.4;;;;200903.6;;;;2024;so realizado;Consumo;Ambev
07.526.557/0001-00;AMBEV S.A.;Diretoria Estatutária;2022;;25226847.0;;;;6809657.0;;;;3489535.0;;;;2025;so realizado;Consumo;Ambev
07.526.557/0001-00;AMBEV S.A.;Conselho de Administração;2022;;14155409.0;;;;2855532.0;;;;679357.0;;;;2025;so realizado;Consumo;Ambev
07.526.557/0001-00;AMBEV S.A.;Conselho Fiscal;2022;;443668.0;;;;332751.0;;;;221834.0;;;;2025;so realizado;Consumo;Ambev
07.526.557/0001-00;AMBEV S.A.;Diretoria Estatutária;2023;;30929473.0;;;;8459894.0;;;;4491204.0;;;;2026;so realizado;Consumo;Ambev
07.526.557/0001-00;AMBEV S.A.;Conselho de Administração;2023;;12998750.0;;;;2558758.0;;;;864098.0;;;;2026;so realizado;Consumo;Ambev
07.526.557/0001-00;AMBEV S.A.;Conselho Fiscal;2023;;473093.0;;;;354820.0;;;;236547.0;;;;2026;so realizado;Consumo;Ambev
07.526.557/0001-00;AMBEV S.A.;Diretoria Estatutária;2024;;42274451.0;;;;10521149.0;;;;5724674.0;;;;2026;so realizado;Consumo;Ambev
07.526.557/0001-00;AMBEV S.A.;Conselho de Administração;2024;;13111146.0;;;;2802648.0;;;;883208.0;;;;2026;so realizado;Consumo;Ambev
07.526.557/0001-00;AMBEV S.A.;Conselho Fiscal;2024;;491302.0;;;;368476.0;;;;245651.0;;;;2026;so realizado;Consumo;Ambev
07.526.557/0001-00;AMBEV S.A.;Diretoria Estatutária;2025;;55369113.0;;;;12956481.0;;;;6370712.0;;;;2026;so realizado;Consumo;Ambev
07.526.557/0001-00;AMBEV S.A.;Conselho de Administração;2025;;10457788.0;;;;2460968.0;;;;1000514.0;;;;2026;so realizado;Consumo;Ambev
07.526.557/0001-00;AMBEV S.A.;Conselho Fiscal;2025;;515530.0;;;;385919.0;;;;257765.0;;;;2026;so realizado;Consumo;Ambev
28.594.234/0001-23;AUREN ENERGIA S.A.;Diretoria Estatutária;2018;;0.0;;;;0.0;;;;0.0;;;;2021;so realizado;Utilities;Auren
28.594.234/0001-23;AUREN ENERGIA S.A.;Conselho de Administração;2018;;0.0;;;;0.0;;;;0.0;;;;2021;so realizado;Utilities;Auren
28.594.234/0001-23;AUREN ENERGIA S.A.;Conselho Fiscal;2018;;0.0;;;;0.0;;;;0.0;;;;2021;so realizado;Utilities;Auren
28.594.234/0001-23;AUREN ENERGIA S.A.;Diretoria Estatutária;2019;;1209876.49;;;;1613168.65;;;;0.0;;;;2022;so realizado;Utilities;Auren
28.594.234/0001-23;AUREN ENERGIA S.A.;Conselho de Administração;2019;;0.0;;;;0.0;;;;0.0;;;;2022;so realizado;Utilities;Auren
28.594.234/0001-23;AUREN ENERGIA S.A.;Conselho Fiscal;2019;;0.0;;;;0.0;;;;0.0;;;;2022;so realizado;Utilities;Auren
28.594.234/0001-23;AUREN ENERGIA S.A.;Diretoria Estatutária;2020;;2124402.84;;;;2124402.84;;;;2124402.84;;;;2023;so realizado;Utilities;Auren
28.594.234/0001-23;AUREN ENERGIA S.A.;Conselho de Administração;2020;;0.0;;;;0.0;;;;0.0;;;;2023;so realizado;Utilities;Auren
28.594.234/0001-23;AUREN ENERGIA S.A.;Conselho Fiscal;2020;;0.0;;;;0.0;;;;0.0;;;;2023;so realizado;Utilities;Auren
28.594.234/0001-23;AUREN ENERGIA S.A.;Diretoria Estatutária;2021;;1661297.33;;;;1661297.33;;;;1661297.33;;;;2024;so realizado;Utilities;Auren
28.594.234/0001-23;AUREN ENERGIA S.A.;Conselho de Administração;2021;;0.0;;;;0.0;;;;0.0;;;;2024;so realizado;Utilities;Auren
28.594.234/0001-23;AUREN ENERGIA S.A.;Conselho Fiscal;2021;;0.0;;;;0.0;;;;0.0;;;;2022;so realizado;Utilities;Auren
28.594.234/0001-23;AUREN ENERGIA S.A.;Diretoria Estatutária;2022;;9904235.57;;;;5294505.66;;;;366391.78;;;;2025;so realizado;Utilities;Auren
28.594.234/0001-23;AUREN ENERGIA S.A.;Conselho de Administração;2022;;540000.0;;;;630000.0;;;;450000.0;;;;2025;so realizado;Utilities;Auren
28.594.234/0001-23;AUREN ENERGIA S.A.;Diretoria Estatutária;2023;;12643260.18;;;;7594996.57;;;;2586258.13;;;;2026;so realizado;Utilities;Auren
28.594.234/0001-23;AUREN ENERGIA S.A.;Conselho de Administração;2023;;720000.0;;;;631853.79;;;;600000.0;;;;2026;so realizado;Utilities;Auren
28.594.234/0001-23;AUREN ENERGIA S.A.;Diretoria Estatutária;2024;;9561314.33;;;;6635246.09;;;;5814159.01;;;;2026;so realizado;Utilities;Auren
28.594.234/0001-23;AUREN ENERGIA S.A.;Conselho de Administração;2024;;800800.0;;;;675150.0;;;;640000.0;;;;2026;so realizado;Utilities;Auren
28.594.234/0001-23;AUREN ENERGIA S.A.;Diretoria Estatutária;2025;;9871575.47;;;;5560153.44;;;;2337036.1;;;;2026;so realizado;Utilities;Auren
28.594.234/0001-23;AUREN ENERGIA S.A.;Conselho de Administração;2025;;841200.0;;;;690200.0;;;;660000.0;;;;2026;so realizado;Utilities;Auren
00.001.180/0001-26;AXIA ENERGIA S.A.;Diretoria Estatutária;2019;;1029791.51;;;;1006617.29;;;;984125.04;;;;2022;so realizado;Utilities;Eletrobras
00.001.180/0001-26;AXIA ENERGIA S.A.;Conselho de Administração;2019;;65284.32;;;;74668.93;;;;65284.32;;;;2022;so realizado;Utilities;Eletrobras
00.001.180/0001-26;AXIA ENERGIA S.A.;Conselho Fiscal;2019;;78341.16;;;;75454.91;;;;78341.16;;;;2022;so realizado;Utilities;Eletrobras
00.001.180/0001-26;AXIA ENERGIA S.A.;Diretoria Estatutária;2020;;1080385.71;;;;1051812.0;;;;889082.12;;;;2023;so realizado;Utilities;Eletrobras
00.001.180/0001-26;AXIA ENERGIA S.A.;Conselho de Administração;2020;;78341.16;;;;72792.0;;;;65284.32;;;;2023;so realizado;Utilities;Eletrobras
00.001.180/0001-26;AXIA ENERGIA S.A.;Conselho Fiscal;2020;;78341.16;;;;74138.22;;;;65283.32;;;;2023;so realizado;Utilities;Eletrobras
00.001.180/0001-26;AXIA ENERGIA S.A.;Diretoria Estatutária;2021;;1027824.23;;;;1105273.57;;;;821745.55;;;;2024;so realizado;Utilities;Eletrobras
00.001.180/0001-26;AXIA ENERGIA S.A.;Conselho de Administração;2021;;65284.32;;;;66037.08;;;;65284.32;;;;2024;so realizado;Utilities;Eletrobras
00.001.180/0001-26;AXIA ENERGIA S.A.;Conselho Fiscal;2021;;65284.32;;;;65284.32;;;;65284.32;;;;2024;so realizado;Utilities;Eletrobras
00.001.180/0001-26;AXIA ENERGIA S.A.;Diretoria Estatutária;2022;;1226608.08;;;;1277250.95;;;;928300.79;;;;2025;so realizado;Utilities;Eletrobras
00.001.180/0001-26;AXIA ENERGIA S.A.;Conselho de Administração;2022;;65284.32;;;;65689.2;;;;65284.32;;;;2025;so realizado;Utilities;Eletrobras
00.001.180/0001-26;AXIA ENERGIA S.A.;Conselho Fiscal;2022;;75859.76;;;;76468.72;;;;68045.01;;;;2025;so realizado;Utilities;Eletrobras
00.001.180/0001-26;AXIA ENERGIA S.A.;Diretoria Estatutária;2023;;19342394.01;;;;8097498.46;;;;4960915.75;;;;2026;so realizado;Utilities;Eletrobras
00.001.180/0001-26;AXIA ENERGIA S.A.;Conselho de Administração;2023;;1673270.64;;;;1473159.39;;;;1573274.64;;;;2026;so realizado;Utilities;Eletrobras
00.001.180/0001-26;AXIA ENERGIA S.A.;Conselho Fiscal;2023;;146403.75;;;;143009.09;;;;146403.75;;;;2026;so realizado;Utilities;Eletrobras
00.001.180/0001-26;AXIA ENERGIA S.A.;Diretoria Estatutária;2024;;15665277.6;;;;5196344.85;;;;3175319.01;;;;2026;so realizado;Utilities;Eletrobras
00.001.180/0001-26;AXIA ENERGIA S.A.;Conselho de Administração;2024;;1793282.64;;;;1620246.29;;;;1673282.64;;;;2026;so realizado;Utilities;Eletrobras
00.001.180/0001-26;AXIA ENERGIA S.A.;Conselho Fiscal;2024;;151909.09;;;;151045.96;;;;151009.09;;;;2026;so realizado;Utilities;Eletrobras
00.001.180/0001-26;AXIA ENERGIA S.A.;Diretoria Estatutária;2025;;20058297.93;;;;5977898.99;;;;2579532.83;;;;2026;so realizado;Utilities;Eletrobras
00.001.180/0001-26;AXIA ENERGIA S.A.;Conselho de Administração;2025;;1160000.0;;;;1057537.04;;;;1070000.0;;;;2026;so realizado;Utilities;Eletrobras
00.001.180/0001-26;AXIA ENERGIA S.A.;Conselho Fiscal;2025;;156703.43;;;;154369.32;;;;156703.43;;;;2026;so realizado;Utilities;Eletrobras
16.590.234/0001-76;AZZAS 2154 S.A.;Diretoria Estatutária;2009;;1440000.0;;;;860194.0;;;;420582.0;;;;2012;so realizado;Retail;Azzas
16.590.234/0001-76;AZZAS 2154 S.A.;Conselho de Administração;2009;;9600.0;;;;4800.0;;;;0.0;;;;2012;so realizado;Retail;Azzas
16.590.234/0001-76;AZZAS 2154 S.A.;Diretoria Estatutária;2010;;1440000.0;;;;863911.0;;;;431734.0;;;;2013;so realizado;Retail;Azzas
16.590.234/0001-76;AZZAS 2154 S.A.;Conselho de Administração;2010;;9600.0;;;;4800.0;;;;0.0;;;;2013;so realizado;Retail;Azzas
16.590.234/0001-76;AZZAS 2154 S.A.;Diretoria Estatutária;2011;;1440000.0;;;;926076.0;;;;618229.0;;;;2014;so realizado;Retail;Azzas
16.590.234/0001-76;AZZAS 2154 S.A.;Conselho de Administração;2011;;83440.0;;;;54973.0;;;;0.0;;;;2014;so realizado;Retail;Azzas
16.590.234/0001-76;AZZAS 2154 S.A.;Diretoria Estatutária;2012;;1440000.0;;;;935336.0;;;;500560.0;;;;2015;so realizado;Retail;Azzas
16.590.234/0001-76;AZZAS 2154 S.A.;Conselho de Administração;2012;;120000.0;;;;80000.0;;;;0.0;;;;2015;so realizado;Retail;Azzas
16.590.234/0001-76;AZZAS 2154 S.A.;Diretoria Estatutária;2013;;1261010.0;;;;1010939.0;;;;1112809.0;;;;2016;so realizado;Retail;Azzas
16.590.234/0001-76;AZZAS 2154 S.A.;Conselho de Administração;2013;;171000.0;;;;172800.0;;;;744000.0;;;;2016;so realizado;Retail;Azzas
16.590.234/0001-76;AZZAS 2154 S.A.;Diretoria Estatutária;2014;;1246405.0;;;;1009320.0;;;;701570.0;;;;2017;so realizado;Retail;Azzas
16.590.234/0001-76;AZZAS 2154 S.A.;Conselho de Administração;2014;;216000.0;;;;201600.0;;;;144000.0;;;;2016;so realizado;Retail;Azzas
16.590.234/0001-76;AZZAS 2154 S.A.;Diretoria Estatutária;2015;;2036096.0;;;;1499234.0;;;;814584.0;;;;2018;so realizado;Retail;Azzas
16.590.234/0001-76;AZZAS 2154 S.A.;Conselho de Administração;2015;;216000.0;;;;201600.0;;;;144000.0;;;;2018;so realizado;Retail;Azzas
16.590.234/0001-76;AZZAS 2154 S.A.;Diretoria Estatutária;2016;;2956572.8;;;;2258847.17;;;;998276.57;;;;2019;so realizado;Retail;Azzas
16.590.234/0001-76;AZZAS 2154 S.A.;Conselho de Administração;2016;;257562.48;;;;205756.25;;;;144000.0;;;;2019;so realizado;Retail;Azzas
16.590.234/0001-76;AZZAS 2154 S.A.;Diretoria Estatutária;2017;;4157892.37;;;;3383337.21;;;;1080199.96;;;;2020;so realizado;Retail;Azzas
16.590.234/0001-76;AZZAS 2154 S.A.;Conselho de Administração;2017;;672000.0;;;;303157.0;;;;172800.0;;;;2020;so realizado;Retail;Azzas
16.590.234/0001-76;AZZAS 2154 S.A.;Diretoria Estatutária;2018;;6319727.0;;;;3824958.44;;;;585098.54;;;;2021;so realizado;Retail;Azzas
16.590.234/0001-76;AZZAS 2154 S.A.;Conselho de Administração;2018;;1052688.0;;;;441848.0;;;;177600.0;;;;2021;so realizado;Retail;Azzas
16.590.234/0001-76;AZZAS 2154 S.A.;Conselho Fiscal;2018;;99396.0;;;;151388.16;;;;76458.0;;;;2021;so realizado;Retail;Azzas
16.590.234/0001-76;AZZAS 2154 S.A.;Diretoria Estatutária;2019;;6785396.0;;;;4179393.0;;;;1136692.0;;;;2022;so realizado;Retail;Azzas
16.590.234/0001-76;AZZAS 2154 S.A.;Conselho de Administração;2019;;1117146.0;;;;508674.0;;;;218880.0;;;;2022;so realizado;Retail;Azzas
16.590.234/0001-76;AZZAS 2154 S.A.;Conselho Fiscal;2019;;191693.0;;;;158788.0;;;;147456.0;;;;2022;so realizado;Retail;Azzas
16.590.234/0001-76;AZZAS 2154 S.A.;Diretoria Estatutária;2020;;9889053.92;;;;4672388.97;;;;1934379.77;;;;2023;so realizado;Retail;Azzas
16.590.234/0001-76;AZZAS 2154 S.A.;Conselho de Administração;2020;;850061.52;;;;475676.23;;;;305640.0;;;;2023;so realizado;Retail;Azzas
16.590.234/0001-76;AZZAS 2154 S.A.;Conselho Fiscal;2020;;159744.0;;;;162179.76;;;;122880.0;;;;2023;so realizado;Retail;Azzas
16.590.234/0001-76;AZZAS 2154 S.A.;Diretoria Estatutária;2021;;9495431.83;;;;5386990.88;;;;1182849.57;;;;2024;so realizado;Retail;Azzas
16.590.234/0001-76;AZZAS 2154 S.A.;Conselho de Administração;2021;;1018837.6;;;;513415.52;;;;384880.0;;;;2024;so realizado;Retail;Azzas
16.590.234/0001-76;AZZAS 2154 S.A.;Conselho Fiscal;2021;;173588.48;;;;151882.56;;;;141029.6;;;;2024;so realizado;Retail;Azzas
16.590.234/0001-76;AZZAS 2154 S.A.;Diretoria Estatutária;2022;;9243897.25;;;;7774977.01;;;;7471247.68;;;;2025;so realizado;Retail;Azzas
16.590.234/0001-76;AZZAS 2154 S.A.;Conselho de Administração;2022;;1141395.2;;;;586896.64;;;;448272.0;;;;2025;so realizado;Retail;Azzas
16.590.234/0001-76;AZZAS 2154 S.A.;Conselho Fiscal;2022;;198570.24;;;;176266.61;;;;165114.8;;;;2025;so realizado;Retail;Azzas
16.590.234/0001-76;AZZAS 2154 S.A.;Diretoria Estatutária;2023;;6130466.93;;;;5258548.06;;;;4543630.24;;;;2026;so realizado;Retail;Azzas
16.590.234/0001-76;AZZAS 2154 S.A.;Conselho de Administração;2023;;1184092.8;;;;629591.14;;;;515512.8;;;;2026;so realizado;Retail;Azzas
16.590.234/0001-76;AZZAS 2154 S.A.;Conselho Fiscal;2023;;217800.0;;;;193340.0;;;;181110.0;;;;2026;so realizado;Retail;Azzas
16.590.234/0001-76;AZZAS 2154 S.A.;Diretoria Estatutária;2024;;13899980.38;;;;8538983.62;;;;6451184.66;;;;2026;so realizado;Retail;Azzas
16.590.234/0001-76;AZZAS 2154 S.A.;Conselho de Administração;2024;;1022346.25;;;;734194.47;;;;699648.4;;;;2026;so realizado;Retail;Azzas
16.590.234/0001-76;AZZAS 2154 S.A.;Conselho Fiscal;2024;;289000.0;;;;256733.33;;;;256733.33;;;;2026;so realizado;Retail;Azzas
16.590.234/0001-76;AZZAS 2154 S.A.;Diretoria Estatutária;2025;;7518994.01;;;;6265240.72;;;;4686212.1;;;;2026;so realizado;Retail;Azzas
16.590.234/0001-76;AZZAS 2154 S.A.;Conselho de Administração;2025;;5834898.55;;;;2014067.75;;;;540000.0;;;;2026;so realizado;Retail;Azzas
16.590.234/0001-76;AZZAS 2154 S.A.;Conselho Fiscal;2025;;156000.0;;;;332800.0;;;;156000.0;;;;2026;so realizado;Retail;Azzas
60.746.948/0001-12;BCO BRADESCO S.A.;Diretoria Estatutária;2009;;6942000.0;;;;2942179.02;;;;926100.0;;;;2011;so realizado;Financials;Bradesco
60.746.948/0001-12;BCO BRADESCO S.A.;Conselho de Administração;2009;;8544000.0;;;;6304842.56;;;;4434813.02;;;;2011;so realizado;Financials;Bradesco
60.746.948/0001-12;BCO BRADESCO S.A.;Conselho Fiscal;2009;;176400.0;;;;176400.0;;;;176400.0;;;;2011;so realizado;Financials;Bradesco
60.746.948/0001-12;BCO BRADESCO S.A.;Diretoria Estatutária;2010;;10413000.0;;;;3740855.58;;;;1226700.0;;;;2011;so realizado;Financials;Bradesco
60.746.948/0001-12;BCO BRADESCO S.A.;Conselho de Administração;2010;;12816000.0;;;;10548148.15;;;;6571857.36;;;;2011;so realizado;Financials;Bradesco
60.746.948/0001-12;BCO BRADESCO S.A.;Conselho Fiscal;2010;;176400.0;;;;176400.0;;;;176400.0;;;;2011;so realizado;Financials;Bradesco
60.746.948/0001-12;BCO BRADESCO S.A.;Diretoria Estatutária;2015;;16200000.0;;;;4987516.64;;;;2165760.0;;;;2018;so realizado;Financials;Bradesco
60.746.948/0001-12;BCO BRADESCO S.A.;Conselho de Administração;2015;;17280000.0;;;;6506779.65;;;;2700000.0;;;;2018;so realizado;Financials;Bradesco
60.746.948/0001-12;BCO BRADESCO S.A.;Conselho Fiscal;2015;;176400.0;;;;176400.0;;;;176400.0;;;;2018;so realizado;Financials;Bradesco
60.746.948/0001-12;BCO BRADESCO S.A.;Diretoria Estatutária;2016;;18900000.0;;;;5912986.22;;;;1234800.0;;;;2019;so realizado;Financials;Bradesco
60.746.948/0001-12;BCO BRADESCO S.A.;Conselho de Administração;2016;;20160000.0;;;;8692669.29;;;;3150000.0;;;;2019;so realizado;Financials;Bradesco
60.746.948/0001-12;BCO BRADESCO S.A.;Conselho Fiscal;2016;;264600.0;;;;264600.0;;;;264600.0;;;;2019;so realizado;Financials;Bradesco
60.746.948/0001-12;BCO BRADESCO S.A.;Diretoria Estatutária;2017;;17775000.0;;;;7679948.37;;;;1234800.0;;;;2020;so realizado;Financials;Bradesco
60.746.948/0001-12;BCO BRADESCO S.A.;Conselho de Administração;2017;;18960000.0;;;;11362791.96;;;;3975000.0;;;;2020;so realizado;Financials;Bradesco
60.746.948/0001-12;BCO BRADESCO S.A.;Conselho Fiscal;2017;;264600.0;;;;264600.0;;;;264600.0;;;;2020;so realizado;Financials;Bradesco
60.746.948/0001-12;BCO BRADESCO S.A.;Diretoria Estatutária;2018;;19619640.0;;;;6406554.9;;;;3074020.0;;;;2021;so realizado;Financials;Bradesco
60.746.948/0001-12;BCO BRADESCO S.A.;Conselho de Administração;2018;;24768000.0;;;;13771961.54;;;;3870000.0;;;;2021;so realizado;Financials;Bradesco
60.746.948/0001-12;BCO BRADESCO S.A.;Conselho Fiscal;2018;;216000.0;;;;216000.0;;;;216000.0;;;;2021;so realizado;Financials;Bradesco
60.746.948/0001-12;BCO BRADESCO S.A.;Diretoria Estatutária;2019;;27080600.0;;;;7356933.96;;;;3119200.0;;;;2022;so realizado;Financials;Bradesco
60.746.948/0001-12;BCO BRADESCO S.A.;Conselho de Administração;2019;;29875200.0;;;;23854153.26;;;;18672000.0;;;;2022;so realizado;Financials;Bradesco
60.746.948/0001-12;BCO BRADESCO S.A.;Conselho Fiscal;2019;;216000.0;;;;216000.0;;;;216000.0;;;;2022;so realizado;Financials;Bradesco
60.746.948/0001-12;BCO BRADESCO S.A.;Diretoria Estatutária;2020;;23764400.0;;;;6821017.51;;;;2707700.0;;;;2023;so realizado;Financials;Bradesco
60.746.948/0001-12;BCO BRADESCO S.A.;Conselho de Administração;2020;;8103000.0;;;;5831849.71;;;;5205000.0;;;;2023;so realizado;Financials;Bradesco
60.746.948/0001-12;BCO BRADESCO S.A.;Conselho Fiscal;2020;;216000.0;;;;216000.0;;;;216000.0;;;;2023;so realizado;Financials;Bradesco
60.746.948/0001-12;BCO BRADESCO S.A.;Diretoria Estatutária;2021;;29323800.0;;;;9280528.61;;;;3673659.0;;;;2024;so realizado;Financials;Bradesco
60.746.948/0001-12;BCO BRADESCO S.A.;Conselho de Administração;2021;;7637100.0;;;;6384648.42;;;;5711500.0;;;;2024;so realizado;Financials;Bradesco
60.746.948/0001-12;BCO BRADESCO S.A.;Conselho Fiscal;2021;;216000.0;;;;216000.0;;;;216000.0;;;;2024;so realizado;Financials;Bradesco
60.746.948/0001-12;BCO BRADESCO S.A.;Diretoria Estatutária;2022;;31417408.0;;;;9091143.99;;;;4096329.6;;;;2025;so realizado;Financials;Bradesco
60.746.948/0001-12;BCO BRADESCO S.A.;Conselho de Administração;2022;;6821174.55;;;;5606224.19;;;;5207254.55;;;;2025;so realizado;Financials;Bradesco
60.746.948/0001-12;BCO BRADESCO S.A.;Conselho Fiscal;2022;;236000.0;;;;160951.46;;;;236000.0;;;;2025;so realizado;Financials;Bradesco
60.746.948/0001-12;BCO BRADESCO S.A.;Diretoria Estatutária;2023;;26455440.0;;;;8251247.59;;;;3217104.0;;;;2026;so realizado;Financials;Bradesco
60.746.948/0001-12;BCO BRADESCO S.A.;Conselho de Administração;2023;;6606014.55;;;;5527598.55;;;;5196254.55;;;;2026;so realizado;Financials;Bradesco
60.746.948/0001-12;BCO BRADESCO S.A.;Conselho Fiscal;2023;;240000.0;;;;153315.79;;;;60000.0;;;;2026;so realizado;Financials;Bradesco
60.746.948/0001-12;BCO BRADESCO S.A.;Diretoria Estatutária;2024;;27869107.2;;;;8129597.62;;;;3166944.0;;;;2026;so realizado;Financials;Bradesco
60.746.948/0001-12;BCO BRADESCO S.A.;Conselho de Administração;2024;;5664384.0;;;;4961892.0;;;;4294752.0;;;;2026;so realizado;Financials;Bradesco
60.746.948/0001-12;BCO BRADESCO S.A.;Conselho Fiscal;2024;;240000.0;;;;151237.71;;;;60000.0;;;;2026;so realizado;Financials;Bradesco
60.746.948/0001-12;BCO BRADESCO S.A.;Diretoria Estatutária;2025;;33087174.12;;;;7777902.7;;;;3386916.0;;;;2026;so realizado;Financials;Bradesco
60.746.948/0001-12;BCO BRADESCO S.A.;Conselho de Administração;2025;;6087312.0;;;;4827565.2;;;;4620000.0;;;;2026;so realizado;Financials;Bradesco
60.746.948/0001-12;BCO BRADESCO S.A.;Conselho Fiscal;2025;;490000.0;;;;279820.0;;;;70000.0;;;;2026;so realizado;Financials;Bradesco
00.000.000/0001-91;BCO BRASIL S.A.;Diretoria Estatutária;2007;;559601.33;;;;525069.12;;;;417183.01;;;;2010;so realizado;Financials;Banco do Brasil
00.000.000/0001-91;BCO BRASIL S.A.;Conselho de Administração;2007;;27266.24;;;;27217.63;;;;27266.24;;;;2010;so realizado;Financials;Banco do Brasil
00.000.000/0001-91;BCO BRASIL S.A.;Conselho Fiscal;2007;;27266.24;;;;27266.24;;;;27266.24;;;;2010;so realizado;Financials;Banco do Brasil
00.000.000/0001-91;BCO BRASIL S.A.;Diretoria Estatutária;2008;;672884.09;;;;578053.93;;;;552507.0;;;;2011;so realizado;Financials;Banco do Brasil
00.000.000/0001-91;BCO BRASIL S.A.;Conselho de Administração;2008;;34278.99;;;;34370.23;;;;34278.99;;;;2011;so realizado;Financials;Banco do Brasil
00.000.000/0001-91;BCO BRASIL S.A.;Conselho Fiscal;2008;;34278.99;;;;34278.99;;;;34278.99;;;;2011;so realizado;Financials;Banco do Brasil
00.000.000/0001-91;BCO BRASIL S.A.;Diretoria Estatutária;2009;;742075.18;;;;708292.89;;;;588362.51;;;;2012;so realizado;Financials;Banco do Brasil
00.000.000/0001-91;BCO BRASIL S.A.;Conselho de Administração;2009;;39446.78;;;;39446.78;;;;39446.78;;;;2012;so realizado;Financials;Banco do Brasil
00.000.000/0001-91;BCO BRASIL S.A.;Conselho Fiscal;2009;;39446.78;;;;39446.78;;;;39446.78;;;;2012;so realizado;Financials;Banco do Brasil
00.000.000/0001-91;BCO BRASIL S.A.;Diretoria Estatutária;2010;;854882.71;;;;717527.26;;;;666485.53;;;;2013;so realizado;Financials;Banco do Brasil
00.000.000/0001-91;BCO BRASIL S.A.;Conselho de Administração;2010;;42574.05;;;;42574.05;;;;42574.05;;;;2013;so realizado;Financials;Banco do Brasil
00.000.000/0001-91;BCO BRASIL S.A.;Conselho Fiscal;2010;;42574.05;;;;42574.05;;;;42574.05;;;;2013;so realizado;Financials;Banco do Brasil
00.000.000/0001-91;BCO BRASIL S.A.;Diretoria Estatutária;2011;;900057.6;;;;818288.05;;;;702430.7;;;;2014;so realizado;Financials;Banco do Brasil
00.000.000/0001-91;BCO BRASIL S.A.;Conselho de Administração;2011;;50952.0;;;;50952.0;;;;50952.0;;;;2014;so realizado;Financials;Banco do Brasil
00.000.000/0001-91;BCO BRASIL S.A.;Conselho Fiscal;2011;;50952.0;;;;50952.0;;;;50952.0;;;;2014;so realizado;Financials;Banco do Brasil
00.000.000/0001-91;BCO BRASIL S.A.;Diretoria Estatutária;2012;;1505281.82;;;;1431164.29;;;;1185093.58;;;;2015;so realizado;Financials;Banco do Brasil
00.000.000/0001-91;BCO BRASIL S.A.;Conselho de Administração;2012;;69451.53;;;;55608.49;;;;69451.53;;;;2015;so realizado;Financials;Banco do Brasil
00.000.000/0001-91;BCO BRASIL S.A.;Conselho Fiscal;2012;;69451.53;;;;71199.21;;;;69451.53;;;;2015;so realizado;Financials;Banco do Brasil
00.000.000/0001-91;BCO BRASIL S.A.;Diretoria Estatutária;2013;;1531686.31;;;;1267750.33;;;;1379361.75;;;;2016;so realizado;Financials;Banco do Brasil
00.000.000/0001-91;BCO BRASIL S.A.;Conselho de Administração;2013;;72253.76;;;;72307.16;;;;72253.76;;;;2016;so realizado;Financials;Banco do Brasil
00.000.000/0001-91;BCO BRASIL S.A.;Conselho Fiscal;2013;;72253.76;;;;73337.46;;;;72253.76;;;;2016;so realizado;Financials;Banco do Brasil
00.000.000/0001-91;BCO BRASIL S.A.;Diretoria Estatutária;2014;;1824529.64;;;;1362484.06;;;;1409402.62;;;;2017;so realizado;Financials;Banco do Brasil
00.000.000/0001-91;BCO BRASIL S.A.;Conselho de Administração;2014;;94774.51;;;;78825.16;;;;78166.92;;;;2017;so realizado;Financials;Banco do Brasil
00.000.000/0001-91;BCO BRASIL S.A.;Conselho Fiscal;2014;;78166.92;;;;72689.53;;;;78166.92;;;;2017;so realizado;Financials;Banco do Brasil
00.000.000/0001-91;BCO BRASIL S.A.;Diretoria Estatutária;2015;;2005238.38;;;;1475078.84;;;;1422476.08;;;;2018;so realizado;Financials;Banco do Brasil
00.000.000/0001-91;BCO BRASIL S.A.;Conselho de Administração;2015;;81992.62;;;;79537.28;;;;81992.62;;;;2018;so realizado;Financials;Banco do Brasil
00.000.000/0001-91;BCO BRASIL S.A.;Conselho Fiscal;2015;;81992.62;;;;78036.49;;;;81992.62;;;;2018;so realizado;Financials;Banco do Brasil
00.000.000/0001-91;BCO BRASIL S.A.;Diretoria Estatutária;2016;;1652888.45;;;;1320619.91;;;;1150807.1;;;;2019;so realizado;Financials;Banco do Brasil
00.000.000/0001-91;BCO BRASIL S.A.;Conselho de Administração;2016;;95587.08;;;;81158.28;;;;86303.85;;;;2019;so realizado;Financials;Banco do Brasil
00.000.000/0001-91;BCO BRASIL S.A.;Conselho Fiscal;2016;;86303.85;;;;83843.27;;;;86303.85;;;;2019;so realizado;Financials;Banco do Brasil
00.000.000/0001-91;BCO BRASIL S.A.;Diretoria Estatutária;2017;;1761973.1;;;;1255111.3;;;;1090072.24;;;;2020;so realizado;Financials;Banco do Brasil
00.000.000/0001-91;BCO BRASIL S.A.;Conselho de Administração;2017;;82398.66;;;;80903.19;;;;82398.66;;;;2020;so realizado;Financials;Banco do Brasil
00.000.000/0001-91;BCO BRASIL S.A.;Conselho Fiscal;2017;;82398.66;;;;81023.88;;;;82398.66;;;;2020;so realizado;Financials;Banco do Brasil
00.000.000/0001-91;BCO BRASIL S.A.;Diretoria Estatutária;2018;;1758736.37;;;;1405719.41;;;;1095166.85;;;;2021;so realizado;Financials;Banco do Brasil
00.000.000/0001-91;BCO BRASIL S.A.;Conselho de Administração;2018;;75104.13;;;;71867.18;;;;74921.1;;;;2021;so realizado;Financials;Banco do Brasil
00.000.000/0001-91;BCO BRASIL S.A.;Conselho Fiscal;2018;;75500.7;;;;75329.87;;;;75043.12;;;;2021;so realizado;Financials;Banco do Brasil
00.000.000/0001-91;BCO BRASIL S.A.;Diretoria Estatutária;2019;;1372435.43;;;;1271547.43;;;;999361.79;;;;2022;so realizado;Financials;Banco do Brasil
00.000.000/0001-91;BCO BRASIL S.A.;Conselho de Administração;2019;;48579.74;;;;72128.96;;;;24587.3;;;;2022;so realizado;Financials;Banco do Brasil
00.000.000/0001-91;BCO BRASIL S.A.;Conselho Fiscal;2019;;71382.48;;;;74262.83;;;;71382.48;;;;2022;so realizado;Financials;Banco do Brasil
00.000.000/0001-91;BCO BRASIL S.A.;Diretoria Estatutária;2020;;1449159.72;;;;1189002.13;;;;931191.17;;;;2023;so realizado;Financials;Banco do Brasil
00.000.000/0001-91;BCO BRASIL S.A.;Conselho de Administração;2020;;71079.18;;;;70668.73;;;;71072.26;;;;2023;so realizado;Financials;Banco do Brasil
00.000.000/0001-91;BCO BRASIL S.A.;Conselho Fiscal;2020;;71072.26;;;;68586.88;;;;71072.26;;;;2023;so realizado;Financials;Banco do Brasil
00.000.000/0001-91;BCO BRASIL S.A.;Diretoria Estatutária;2021;;1250448.03;;;;1015827.23;;;;931191.97;;;;2024;so realizado;Financials;Banco do Brasil
00.000.000/0001-91;BCO BRASIL S.A.;Conselho de Administração;2021;;71256.4;;;;66740.09;;;;48188.52;;;;2024;so realizado;Financials;Banco do Brasil
00.000.000/0001-91;BCO BRASIL S.A.;Conselho Fiscal;2021;;75791.11;;;;72240.84;;;;71263.41;;;;2024;so realizado;Financials;Banco do Brasil
00.000.000/0001-91;BCO BRASIL S.A.;Diretoria Estatutária;2022;;1485065.06;;;;1130563.96;;;;1038588.13;;;;2025;so realizado;Financials;Banco do Brasil
00.000.000/0001-91;BCO BRASIL S.A.;Conselho de Administração;2022;;71813.04;;;;52184.14;;;;71813.04;;;;2025;so realizado;Financials;Banco do Brasil
00.000.000/0001-91;BCO BRASIL S.A.;Conselho Fiscal;2022;;71813.04;;;;71804.87;;;;71813.04;;;;2025;so realizado;Financials;Banco do Brasil
00.000.000/0001-91;BCO BRASIL S.A.;Diretoria Estatutária;2023;;1598364.31;;;;1141614.29;;;;1256005.44;;;;2026;so realizado;Financials;Banco do Brasil
00.000.000/0001-91;BCO BRASIL S.A.;Conselho de Administração;2023;;52836.46;;;;78033.97;;;;14133.21;;;;2026;so realizado;Financials;Banco do Brasil
00.000.000/0001-91;BCO BRASIL S.A.;Conselho Fiscal;2023;;76660.44;;;;78728.39;;;;76660.44;;;;2026;so realizado;Financials;Banco do Brasil
00.000.000/0001-91;BCO BRASIL S.A.;Diretoria Estatutária;2024;;2018881.45;;;;1518147.06;;;;1216825.06;;;;2026;so realizado;Financials;Banco do Brasil
00.000.000/0001-91;BCO BRASIL S.A.;Conselho de Administração;2024;;80988.48;;;;74221.31;;;;80988.48;;;;2026;so realizado;Financials;Banco do Brasil
00.000.000/0001-91;BCO BRASIL S.A.;Conselho Fiscal;2024;;80988.48;;;;80965.41;;;;80988.48;;;;2026;so realizado;Financials;Banco do Brasil
00.000.000/0001-91;BCO BRASIL S.A.;Diretoria Estatutária;2025;;2341685.44;;;;1711389.75;;;;1408277.03;;;;2026;so realizado;Financials;Banco do Brasil
00.000.000/0001-91;BCO BRASIL S.A.;Conselho de Administração;2025;;63034.91;;;;76177.0;;;;18308.89;;;;2026;so realizado;Financials;Banco do Brasil
00.000.000/0001-91;BCO BRASIL S.A.;Conselho Fiscal;2025;;91093.17;;;;88097.84;;;;91093.17;;;;2026;so realizado;Financials;Banco do Brasil
30.306.294/0001-45;BCO BTG PACTUAL S.A.;Diretoria Estatutária;2008;;15972288.0;;;;5485930.0;;;;1771950.0;;;;2011;so realizado;Financials;BTG Pactual
30.306.294/0001-45;BCO BTG PACTUAL S.A.;Conselho de Administração;2008;;0.0;;;;0.0;;;;0.0;;;;2011;so realizado;Financials;BTG Pactual
30.306.294/0001-45;BCO BTG PACTUAL S.A.;Diretoria Estatutária;2009;;424000.0;;;;337987.0;;;;216000.0;;;;2012;so realizado;Financials;BTG Pactual
30.306.294/0001-45;BCO BTG PACTUAL S.A.;Conselho de Administração;2009;;0.0;;;;0.0;;;;0.0;;;;2012;so realizado;Financials;BTG Pactual
30.306.294/0001-45;BCO BTG PACTUAL S.A.;Diretoria Estatutária;2010;;0.0;;;;0.0;;;;0.0;;;;2013;so realizado;Financials;BTG Pactual
30.306.294/0001-45;BCO BTG PACTUAL S.A.;Conselho de Administração;2010;;0.0;;;;0.0;;;;0.0;;;;2013;so realizado;Financials;BTG Pactual
30.306.294/0001-45;BCO BTG PACTUAL S.A.;Diretoria Estatutária;2011;;0.0;;;;0.0;;;;0.0;;;;2014;so realizado;Financials;BTG Pactual
30.306.294/0001-45;BCO BTG PACTUAL S.A.;Conselho de Administração;2011;;0.0;;;;0.0;;;;0.0;;;;2014;so realizado;Financials;BTG Pactual
30.306.294/0001-45;BCO BTG PACTUAL S.A.;Diretoria Estatutária;2012;;0.0;;;;0.0;;;;0.0;;;;2015;so realizado;Financials;BTG Pactual
30.306.294/0001-45;BCO BTG PACTUAL S.A.;Conselho de Administração;2012;;0.0;;;;0.0;;;;0.0;;;;2015;so realizado;Financials;BTG Pactual
30.306.294/0001-45;BCO BTG PACTUAL S.A.;Diretoria Estatutária;2013;;0.0;;;;0.0;;;;0.0;;;;2016;so realizado;Financials;BTG Pactual
30.306.294/0001-45;BCO BTG PACTUAL S.A.;Conselho de Administração;2013;;0.0;;;;0.0;;;;0.0;;;;2016;so realizado;Financials;BTG Pactual
30.306.294/0001-45;BCO BTG PACTUAL S.A.;Diretoria Estatutária;2014;;0.0;;;;0.0;;;;0.0;;;;2017;so realizado;Financials;BTG Pactual
30.306.294/0001-45;BCO BTG PACTUAL S.A.;Conselho de Administração;2014;;0.0;;;;0.0;;;;0.0;;;;2017;so realizado;Financials;BTG Pactual
30.306.294/0001-45;BCO BTG PACTUAL S.A.;Diretoria Estatutária;2015;;10300000.0;;;;4806706.04;;;;1050000.0;;;;2018;so realizado;Financials;BTG Pactual
30.306.294/0001-45;BCO BTG PACTUAL S.A.;Conselho de Administração;2015;;165975.0;;;;165975.0;;;;165975.0;;;;2018;so realizado;Financials;BTG Pactual
30.306.294/0001-45;BCO BTG PACTUAL S.A.;Diretoria Estatutária;2016;;8300000.0;;;;3842230.77;;;;800000.0;;;;2019;so realizado;Financials;BTG Pactual
30.306.294/0001-45;BCO BTG PACTUAL S.A.;Conselho de Administração;2016;;245000.0;;;;245000.0;;;;245000.0;;;;2019;so realizado;Financials;BTG Pactual
30.306.294/0001-45;BCO BTG PACTUAL S.A.;Diretoria Estatutária;2017;;4700000.0;;;;2919461.54;;;;1000000.0;;;;2020;so realizado;Financials;BTG Pactual
30.306.294/0001-45;BCO BTG PACTUAL S.A.;Conselho de Administração;2017;;4800000.0;;;;2211333.33;;;;203693.75;;;;2020;so realizado;Financials;BTG Pactual
30.306.294/0001-45;BCO BTG PACTUAL S.A.;Diretoria Estatutária;2018;;9200000.0;;;;3666564.63;;;;1350000.0;;;;2021;so realizado;Financials;BTG Pactual
30.306.294/0001-45;BCO BTG PACTUAL S.A.;Conselho de Administração;2018;;4800000.0;;;;2178816.67;;;;206750.0;;;;2021;so realizado;Financials;BTG Pactual
30.306.294/0001-45;BCO BTG PACTUAL S.A.;Diretoria Estatutária;2019;;2400000.0;;;;933333.33;;;;600000.0;;;;2022;so realizado;Financials;BTG Pactual
30.306.294/0001-45;BCO BTG PACTUAL S.A.;Conselho de Administração;2019;;4800000.0;;;;2520750.0;;;;251918.75;;;;2022;so realizado;Financials;BTG Pactual
30.306.294/0001-45;BCO BTG PACTUAL S.A.;Diretoria Estatutária;2020;;2400000.0;;;;951878.71;;;;600000.0;;;;2023;so realizado;Financials;BTG Pactual
30.306.294/0001-45;BCO BTG PACTUAL S.A.;Conselho de Administração;2020;;4800000.0;;;;1904628.75;;;;324793.75;;;;2023;so realizado;Financials;BTG Pactual
30.306.294/0001-45;BCO BTG PACTUAL S.A.;Diretoria Estatutária;2021;;2400000.0;;;;985714.29;;;;600000.0;;;;2024;so realizado;Financials;BTG Pactual
30.306.294/0001-45;BCO BTG PACTUAL S.A.;Conselho de Administração;2021;;4800000.0;;;;1683171.88;;;;348781.25;;;;2024;so realizado;Financials;BTG Pactual
30.306.294/0001-45;BCO BTG PACTUAL S.A.;Diretoria Estatutária;2022;;2400000.0;;;;951878.71;;;;600000.0;;;;2025;so realizado;Financials;BTG Pactual
30.306.294/0001-45;BCO BTG PACTUAL S.A.;Conselho de Administração;2022;;4800000.0;;;;1738991.25;;;;326106.25;;;;2025;so realizado;Financials;BTG Pactual
30.306.294/0001-45;BCO BTG PACTUAL S.A.;Diretoria Estatutária;2023;;2400000.0;;;;985714.29;;;;600000.0;;;;2026;so realizado;Financials;BTG Pactual
30.306.294/0001-45;BCO BTG PACTUAL S.A.;Conselho de Administração;2023;;4800000.0;;;;1640461.61;;;;302581.25;;;;2026;so realizado;Financials;BTG Pactual
30.306.294/0001-45;BCO BTG PACTUAL S.A.;Diretoria Estatutária;2024;;2400000.0;;;;985714.29;;;;600000.0;;;;2026;so realizado;Financials;BTG Pactual
30.306.294/0001-45;BCO BTG PACTUAL S.A.;Conselho de Administração;2024;;4800000.0;;;;1749024.11;;;;387018.75;;;;2026;so realizado;Financials;BTG Pactual
30.306.294/0001-45;BCO BTG PACTUAL S.A.;Diretoria Estatutária;2025;;2400000.0;;;;985714.29;;;;600000.0;;;;2026;so realizado;Financials;BTG Pactual
30.306.294/0001-45;BCO BTG PACTUAL S.A.;Conselho de Administração;2025;;2400000.0;;;;1750240.0;;;;600000.0;;;;2026;so realizado;Financials;BTG Pactual
90.400.888/0001-42;BCO SANTANDER (BRASIL) S.A.;Diretoria Estatutária;2015;;21490643.35;;;;4880221.56;;;;1589901.03;;;;2018;so realizado;Financials;Santander
90.400.888/0001-42;BCO SANTANDER (BRASIL) S.A.;Conselho de Administração;2015;;7664080.0;;;;2055518.55;;;;505094.4;;;;2018;so realizado;Financials;Santander
90.400.888/0001-42;BCO SANTANDER (BRASIL) S.A.;Conselho Fiscal;2015;;0.0;;;;0.0;;;;0.0;;;;2018;so realizado;Financials;Santander
90.400.888/0001-42;BCO SANTANDER (BRASIL) S.A.;Diretoria Estatutária;2016;;28013885.04;;;;5162336.77;;;;1569118.67;;;;2019;so realizado;Financials;Santander
90.400.888/0001-42;BCO SANTANDER (BRASIL) S.A.;Conselho de Administração;2016;;16610719.59;;;;3939056.15;;;;506313.46;;;;2019;so realizado;Financials;Santander
90.400.888/0001-42;BCO SANTANDER (BRASIL) S.A.;Conselho Fiscal;2016;;0.0;;;;0.0;;;;0.0;;;;2019;so realizado;Financials;Santander
90.400.888/0001-42;BCO SANTANDER (BRASIL) S.A.;Diretoria Estatutária;2017;;29985549.15;;;;5675740.27;;;;1795457.14;;;;2020;so realizado;Financials;Santander
90.400.888/0001-42;BCO SANTANDER (BRASIL) S.A.;Conselho de Administração;2017;;1444916.6;;;;752412.19;;;;544316.6;;;;2020;so realizado;Financials;Santander
90.400.888/0001-42;BCO SANTANDER (BRASIL) S.A.;Conselho Fiscal;2017;;0.0;;;;0.0;;;;0.0;;;;2020;so realizado;Financials;Santander
90.400.888/0001-42;BCO SANTANDER (BRASIL) S.A.;Diretoria Estatutária;2018;;43068683.26;;;;6884079.47;;;;2026240.06;;;;2021;so realizado;Financials;Santander
90.400.888/0001-42;BCO SANTANDER (BRASIL) S.A.;Conselho de Administração;2018;;1563056.44;;;;772680.82;;;;700542.46;;;;2021;so realizado;Financials;Santander
90.400.888/0001-42;BCO SANTANDER (BRASIL) S.A.;Conselho Fiscal;2018;;0.0;;;;0.0;;;;0.0;;;;2021;so realizado;Financials;Santander
90.400.888/0001-42;BCO SANTANDER (BRASIL) S.A.;Diretoria Estatutária;2019;;45325345.0;;;;6647842.6;;;;1843405.07;;;;2022;so realizado;Financials;Santander
90.400.888/0001-42;BCO SANTANDER (BRASIL) S.A.;Conselho de Administração;2019;;1752022.72;;;;1012232.27;;;;769131.8;;;;2022;so realizado;Financials;Santander
90.400.888/0001-42;BCO SANTANDER (BRASIL) S.A.;Conselho Fiscal;2019;;55370.0;;;;132888.0;;;;0.0;;;;2022;so realizado;Financials;Santander
90.400.888/0001-42;BCO SANTANDER (BRASIL) S.A.;Diretoria Estatutária;2020;;46953181.92;;;;6495753.59;;;;1791418.04;;;;2023;so realizado;Financials;Santander
90.400.888/0001-42;BCO SANTANDER (BRASIL) S.A.;Conselho de Administração;2020;;1802918.4;;;;1018830.6;;;;762000.0;;;;2023;so realizado;Financials;Santander
90.400.888/0001-42;BCO SANTANDER (BRASIL) S.A.;Conselho Fiscal;2020;;139600.0;;;;139600.0;;;;139600.0;;;;2023;so realizado;Financials;Santander
90.400.888/0001-42;BCO SANTANDER (BRASIL) S.A.;Diretoria Estatutária;2021;;59029586.25;;;;7674778.2;;;;2098466.4;;;;2024;so realizado;Financials;Santander
90.400.888/0001-42;BCO SANTANDER (BRASIL) S.A.;Conselho de Administração;2021;;2129585.07;;;;1064162.32;;;;762000.0;;;;2024;so realizado;Financials;Santander
90.400.888/0001-42;BCO SANTANDER (BRASIL) S.A.;Conselho Fiscal;2021;;142710.0;;;;142710.0;;;;142710.0;;;;2024;so realizado;Financials;Santander
90.400.888/0001-42;BCO SANTANDER (BRASIL) S.A.;Diretoria Estatutária;2022;;21122291.48;;;;6080294.5;;;;2407487.32;;;;2025;so realizado;Financials;Santander
90.400.888/0001-42;BCO SANTANDER (BRASIL) S.A.;Conselho de Administração;2022;;11559693.2;;;;3014657.47;;;;805000.0;;;;2023;so realizado;Financials;Santander
90.400.888/0001-42;BCO SANTANDER (BRASIL) S.A.;Conselho Fiscal;2022;;176179.5;;;;176179.5;;;;176179.5;;;;2025;so realizado;Financials;Santander
90.400.888/0001-42;BCO SANTANDER (BRASIL) S.A.;Diretoria Estatutária;2023;;30554700.67;;;;7095869.8;;;;2651048.9;;;;2026;so realizado;Financials;Santander
90.400.888/0001-42;BCO SANTANDER (BRASIL) S.A.;Conselho de Administração;2023;;3744600.14;;;;1747885.05;;;;1020000.0;;;;2025;so realizado;Financials;Santander
90.400.888/0001-42;BCO SANTANDER (BRASIL) S.A.;Conselho Fiscal;2023;;71910.0;;;;66747.23;;;;64165.85;;;;2026;so realizado;Financials;Santander
90.400.888/0001-42;BCO SANTANDER (BRASIL) S.A.;Diretoria Estatutária;2024;;37258198.61;;;;8510292.07;;;;3731101.03;;;;2026;so realizado;Financials;Santander
90.400.888/0001-42;BCO SANTANDER (BRASIL) S.A.;Conselho de Administração;2024;;2875920.0;;;;1412851.74;;;;1095000.0;;;;2026;so realizado;Financials;Santander
90.400.888/0001-42;BCO SANTANDER (BRASIL) S.A.;Diretoria Estatutária;2025;;31135652.08;;;;8581071.5;;;;3615142.52;;;;2026;so realizado;Financials;Santander
90.400.888/0001-42;BCO SANTANDER (BRASIL) S.A.;Conselho de Administração;2025;;2958720.0;;;;1614723.14;;;;1200000.0;;;;2026;so realizado;Financials;Santander
45.242.914/0001-05;C&A MODAS S.A.;Diretoria Estatutária;2016;;4030794.85;;;;2666405.44;;;;2105113.2;;;;2019;so realizado;Retail;C&A
45.242.914/0001-05;C&A MODAS S.A.;Conselho de Administração;2016;;0.0;;;;0.0;;;;0.0;;;;2019;so realizado;Retail;C&A
45.242.914/0001-05;C&A MODAS S.A.;Conselho Fiscal;2016;;0.0;;;;0.0;;;;0.0;;;;2019;so realizado;Retail;C&A
45.242.914/0001-05;C&A MODAS S.A.;Diretoria Estatutária;2017;;4741732.2;;;;3781682.21;;;;2569293.16;;;;2020;so realizado;Retail;C&A
45.242.914/0001-05;C&A MODAS S.A.;Conselho de Administração;2017;;0.0;;;;0.0;;;;0.0;;;;2020;so realizado;Retail;C&A
45.242.914/0001-05;C&A MODAS S.A.;Conselho Fiscal;2017;;0.0;;;;0.0;;;;0.0;;;;2020;so realizado;Retail;C&A
45.242.914/0001-05;C&A MODAS S.A.;Diretoria Estatutária;2018;;5115624.38;;;;3448141.25;;;;2669319.58;;;;2021;so realizado;Retail;C&A
45.242.914/0001-05;C&A MODAS S.A.;Conselho de Administração;2018;;0.0;;;;0.0;;;;0.0;;;;2021;so realizado;Retail;C&A
45.242.914/0001-05;C&A MODAS S.A.;Conselho Fiscal;2018;;0.0;;;;0.0;;;;0.0;;;;2021;so realizado;Retail;C&A
45.242.914/0001-05;C&A MODAS S.A.;Diretoria Estatutária;2019;;10657267.76;;;;6778916.73;;;;5096917.51;;;;2022;so realizado;Retail;C&A
45.242.914/0001-05;C&A MODAS S.A.;Conselho de Administração;2019;;385666.66;;;;752749.96;;;;148333.3;;;;2022;so realizado;Retail;C&A
45.242.914/0001-05;C&A MODAS S.A.;Conselho Fiscal;2019;;0.0;;;;0.0;;;;0.0;;;;2022;so realizado;Retail;C&A
45.242.914/0001-05;C&A MODAS S.A.;Diretoria Estatutária;2020;;10195693.73;;;;5436302.55;;;;3129153.78;;;;2023;so realizado;Retail;C&A
45.242.914/0001-05;C&A MODAS S.A.;Conselho de Administração;2020;;1496083.33;;;;882993.33;;;;575416.56;;;;2023;so realizado;Retail;C&A
45.242.914/0001-05;C&A MODAS S.A.;Conselho Fiscal;2020;;0.0;;;;0.0;;;;0.0;;;;2023;so realizado;Retail;C&A
45.242.914/0001-05;C&A MODAS S.A.;Diretoria Estatutária;2021;;9224750.31;;;;5856216.54;;;;4448562.73;;;;2024;so realizado;Retail;C&A
45.242.914/0001-05;C&A MODAS S.A.;Conselho de Administração;2021;;1753333.32;;;;822000.01;;;;500000.04;;;;2024;so realizado;Retail;C&A
45.242.914/0001-05;C&A MODAS S.A.;Conselho Fiscal;2021;;0.0;;;;0.0;;;;0.0;;;;2023;so realizado;Retail;C&A
45.242.914/0001-05;C&A MODAS S.A.;Diretoria Estatutária;2022;;9358701.09;;;;4034678.54;;;;4460933.36;;;;2025;so realizado;Retail;C&A
45.242.914/0001-05;C&A MODAS S.A.;Conselho de Administração;2022;;2424000.0;;;;830833.34;;;;728000.02;;;;2025;so realizado;Retail;C&A
45.242.914/0001-05;C&A MODAS S.A.;Conselho Fiscal;2022;;100000.0;;;;100000.0;;;;100000.0;;;;2025;so realizado;Retail;C&A
45.242.914/0001-05;C&A MODAS S.A.;Diretoria Estatutária;2023;;7336322.61;;;;4996679.3;;;;4227947.4;;;;2026;so realizado;Retail;C&A
45.242.914/0001-05;C&A MODAS S.A.;Conselho de Administração;2023;;660000.0;;;;660000.0;;;;660000.0;;;;2026;so realizado;Retail;C&A
45.242.914/0001-05;C&A MODAS S.A.;Conselho Fiscal;2023;;150000.0;;;;150000.0;;;;150000.0;;;;2026;so realizado;Retail;C&A
45.242.914/0001-05;C&A MODAS S.A.;Diretoria Estatutária;2024;;8492357.6;;;;4889941.28;;;;3202189.92;;;;2026;so realizado;Retail;C&A
45.242.914/0001-05;C&A MODAS S.A.;Conselho de Administração;2024;;2160000.0;;;;960000.0;;;;660000.0;;;;2026;so realizado;Retail;C&A
45.242.914/0001-05;C&A MODAS S.A.;Conselho Fiscal;2024;;55216.0;;;;51738.67;;;;50000.0;;;;2026;so realizado;Retail;C&A
45.242.914/0001-05;C&A MODAS S.A.;Diretoria Estatutária;2025;;10129016.99;;;;5344917.27;;;;3402452.08;;;;2026;so realizado;Retail;C&A
45.242.914/0001-05;C&A MODAS S.A.;Conselho de Administração;2025;;2240000.0;;;;1003200.0;;;;684000.0;;;;2026;so realizado;Retail;C&A
45.242.914/0001-05;C&A MODAS S.A.;Conselho Fiscal;2025;;104000.0;;;;104000.0;;;;104000.0;;;;2026;so realizado;Retail;C&A
00.001.180/0001-26;CENTRAIS ELET BRAS S.A. - ELETROBRAS;Diretoria Estatutária;2007;;0.0;;;;416130.6;;;;0.0;;;;2010;so realizado;Utilities;Eletrobras
00.001.180/0001-26;CENTRAIS ELET BRAS S.A. - ELETROBRAS;Conselho de Administração;2007;;0.0;;;;24504.28;;;;0.0;;;;2010;so realizado;Utilities;Eletrobras
00.001.180/0001-26;CENTRAIS ELET BRAS S.A. - ELETROBRAS;Conselho Fiscal;2007;;0.0;;;;34347.32;;;;0.0;;;;2010;so realizado;Utilities;Eletrobras
00.001.180/0001-26;CENTRAIS ELET BRAS S.A. - ELETROBRAS;Diretoria Estatutária;2008;;0.0;;;;437471.6;;;;0.0;;;;2011;so realizado;Utilities;Eletrobras
00.001.180/0001-26;CENTRAIS ELET BRAS S.A. - ELETROBRAS;Conselho de Administração;2008;;0.0;;;;35501.3;;;;0.0;;;;2010;so realizado;Utilities;Eletrobras
00.001.180/0001-26;CENTRAIS ELET BRAS S.A. - ELETROBRAS;Conselho Fiscal;2008;;0.0;;;;35508.8;;;;0.0;;;;2011;so realizado;Utilities;Eletrobras
00.001.180/0001-26;CENTRAIS ELET BRAS S.A. - ELETROBRAS;Diretoria Estatutária;2009;;513933.6;;;;513933.6;;;;513933.6;;;;2012;so realizado;Utilities;Eletrobras
00.001.180/0001-26;CENTRAIS ELET BRAS S.A. - ELETROBRAS;Conselho de Administração;2009;;40470.5;;;;40470.5;;;;40470.5;;;;2012;so realizado;Utilities;Eletrobras
00.001.180/0001-26;CENTRAIS ELET BRAS S.A. - ELETROBRAS;Conselho Fiscal;2009;;45195.49;;;;45195.49;;;;45195.49;;;;2012;so realizado;Utilities;Eletrobras
00.001.180/0001-26;CENTRAIS ELET BRAS S.A. - ELETROBRAS;Diretoria Estatutária;2010;;718457.56;;;;718457.56;;;;718457.56;;;;2013;so realizado;Utilities;Eletrobras
00.001.180/0001-26;CENTRAIS ELET BRAS S.A. - ELETROBRAS;Conselho de Administração;2010;;35810.83;;;;35810.83;;;;35810.83;;;;2013;so realizado;Utilities;Eletrobras
00.001.180/0001-26;CENTRAIS ELET BRAS S.A. - ELETROBRAS;Conselho Fiscal;2010;;46900.0;;;;46900.0;;;;46900.0;;;;2013;so realizado;Utilities;Eletrobras
00.001.180/0001-26;CENTRAIS ELET BRAS S.A. - ELETROBRAS;Diretoria Estatutária;2011;;1272192.53;;;;1004115.37;;;;826985.28;;;;2014;so realizado;Utilities;Eletrobras
00.001.180/0001-26;CENTRAIS ELET BRAS S.A. - ELETROBRAS;Conselho de Administração;2011;;78801.27;;;;61172.31;;;;60828.25;;;;2014;so realizado;Utilities;Eletrobras
00.001.180/0001-26;CENTRAIS ELET BRAS S.A. - ELETROBRAS;Conselho Fiscal;2011;;63711.25;;;;62331.59;;;;60228.25;;;;2014;so realizado;Utilities;Eletrobras
00.001.180/0001-26;CENTRAIS ELET BRAS S.A. - ELETROBRAS;Diretoria Estatutária;2012;;1326193.82;;;;942928.48;;;;862817.0;;;;2015;so realizado;Utilities;Eletrobras
00.001.180/0001-26;CENTRAIS ELET BRAS S.A. - ELETROBRAS;Conselho de Administração;2012;;60530.95;;;;60443.14;;;;59690.95;;;;2015;so realizado;Utilities;Eletrobras
00.001.180/0001-26;CENTRAIS ELET BRAS S.A. - ELETROBRAS;Conselho Fiscal;2012;;62531.6;;;;61990.28;;;;60530.95;;;;2015;so realizado;Utilities;Eletrobras
00.001.180/0001-26;CENTRAIS ELET BRAS S.A. - ELETROBRAS;Diretoria Estatutária;2013;;1250001.73;;;;1040093.11;;;;957812.07;;;;2016;so realizado;Utilities;Eletrobras
00.001.180/0001-26;CENTRAIS ELET BRAS S.A. - ELETROBRAS;Conselho de Administração;2013;;70579.68;;;;64996.05;;;;55518.57;;;;2016;so realizado;Utilities;Eletrobras
00.001.180/0001-26;CENTRAIS ELET BRAS S.A. - ELETROBRAS;Conselho Fiscal;2013;;70579.68;;;;67798.18;;;;67699.68;;;;2016;so realizado;Utilities;Eletrobras
00.001.180/0001-26;CENTRAIS ELET BRAS S.A. - ELETROBRAS;Diretoria Estatutária;2014;;1298743.42;;;;959827.01;;;;852267.47;;;;2017;so realizado;Utilities;Eletrobras
00.001.180/0001-26;CENTRAIS ELET BRAS S.A. - ELETROBRAS;Conselho de Administração;2014;;71862.68;;;;65675.75;;;;59885.58;;;;2017;so realizado;Utilities;Eletrobras
00.001.180/0001-26;CENTRAIS ELET BRAS S.A. - ELETROBRAS;Conselho Fiscal;2014;;76486.82;;;;72109.08;;;;71862.68;;;;2017;so realizado;Utilities;Eletrobras
00.001.180/0001-26;CENTRAIS ELET BRAS S.A. - ELETROBRAS;Diretoria Estatutária;2015;;1368330.53;;;;994368.51;;;;848925.37;;;;2018;so realizado;Utilities;Eletrobras
00.001.180/0001-26;CENTRAIS ELET BRAS S.A. - ELETROBRAS;Conselho de Administração;2015;;76965.81;;;;75373.58;;;;64138.2;;;;2018;so realizado;Utilities;Eletrobras
00.001.180/0001-26;CENTRAIS ELET BRAS S.A. - ELETROBRAS;Conselho Fiscal;2015;;76965.81;;;;75233.27;;;;76965.81;;;;2018;so realizado;Utilities;Eletrobras
00.001.180/0001-26;CENTRAIS ELET BRAS S.A. - ELETROBRAS;Diretoria Estatutária;2016;;1480635.3;;;;1116327.8;;;;995801.92;;;;2019;so realizado;Utilities;Eletrobras
00.001.180/0001-26;CENTRAIS ELET BRAS S.A. - ELETROBRAS;Conselho de Administração;2016;;52662.67;;;;76486.5;;;;28289.87;;;;2019;so realizado;Utilities;Eletrobras
00.001.180/0001-26;CENTRAIS ELET BRAS S.A. - ELETROBRAS;Conselho Fiscal;2016;;78341.16;;;;81126.63;;;;78341.16;;;;2019;so realizado;Utilities;Eletrobras
00.001.180/0001-26;CENTRAIS ELET BRAS S.A. - ELETROBRAS;Diretoria Estatutária;2017;;1577770.58;;;;1189029.23;;;;870310.98;;;;2020;so realizado;Utilities;Eletrobras
00.001.180/0001-26;CENTRAIS ELET BRAS S.A. - ELETROBRAS;Conselho de Administração;2017;;78986.87;;;;77153.35;;;;65284.32;;;;2020;so realizado;Utilities;Eletrobras
00.001.180/0001-26;CENTRAIS ELET BRAS S.A. - ELETROBRAS;Conselho Fiscal;2017;;78341.16;;;;78645.82;;;;78341.16;;;;2020;so realizado;Utilities;Eletrobras
00.001.180/0001-26;CENTRAIS ELET BRAS S.A. - ELETROBRAS;Diretoria Estatutária;2018;;1090016.06;;;;1082843.31;;;;986486.75;;;;2021;so realizado;Utilities;Eletrobras
00.001.180/0001-26;CENTRAIS ELET BRAS S.A. - ELETROBRAS;Conselho de Administração;2018;;76834.59;;;;72846.1;;;;64028.85;;;;2021;so realizado;Utilities;Eletrobras
00.001.180/0001-26;CENTRAIS ELET BRAS S.A. - ELETROBRAS;Conselho Fiscal;2018;;76834.59;;;;76529.93;;;;76834.59;;;;2021;so realizado;Utilities;Eletrobras
00.001.180/0001-26;CENTRAIS ELET BRAS S.A. - ELETROBRAS;Diretoria Estatutária;2019;;1029791.51;;;;1019776.82;;;;984125.04;;;;2021;so realizado;Utilities;Eletrobras
00.001.180/0001-26;CENTRAIS ELET BRAS S.A. - ELETROBRAS;Conselho de Administração;2019;;65284.32;;;;60871.16;;;;65284.32;;;;2021;so realizado;Utilities;Eletrobras
00.001.180/0001-26;CENTRAIS ELET BRAS S.A. - ELETROBRAS;Conselho Fiscal;2019;;78341.16;;;;75454.91;;;;78341.16;;;;2021;so realizado;Utilities;Eletrobras
00.001.180/0001-26;CENTRAIS ELET BRAS S.A. - ELETROBRAS;Diretoria Estatutária;2020;;1080385.71;;;;1051812.0;;;;889082.12;;;;2021;so realizado;Utilities;Eletrobras
00.001.180/0001-26;CENTRAIS ELET BRAS S.A. - ELETROBRAS;Conselho de Administração;2020;;78341.16;;;;72792.0;;;;65284.32;;;;2021;so realizado;Utilities;Eletrobras
00.001.180/0001-26;CENTRAIS ELET BRAS S.A. - ELETROBRAS;Conselho Fiscal;2020;;78341.16;;;;74138.22;;;;65284.32;;;;2021;so realizado;Utilities;Eletrobras
17.155.730/0001-64;CIA ENERGETICA DE MINAS GERAIS - CEMIG;Diretoria Estatutária;2007;;633209.85;;;;537074.46;;;;474464.06;;;;2010;so realizado;Utilities;Cemig
17.155.730/0001-64;CIA ENERGETICA DE MINAS GERAIS - CEMIG;Conselho de Administração;2007;;99235.48;;;;96482.26;;;;86371.26;;;;2010;so realizado;Utilities;Cemig
17.155.730/0001-64;CIA ENERGETICA DE MINAS GERAIS - CEMIG;Conselho Fiscal;2007;;36223.56;;;;36304.09;;;;36223.56;;;;2010;so realizado;Utilities;Cemig
17.155.730/0001-64;CIA ENERGETICA DE MINAS GERAIS - CEMIG;Diretoria Estatutária;2008;;607789.43;;;;525806.42;;;;492556.86;;;;2011;so realizado;Utilities;Cemig
17.155.730/0001-64;CIA ENERGETICA DE MINAS GERAIS - CEMIG;Conselho de Administração;2008;;96791.78;;;;96565.65;;;;93217.28;;;;2011;so realizado;Utilities;Cemig
17.155.730/0001-64;CIA ENERGETICA DE MINAS GERAIS - CEMIG;Conselho Fiscal;2008;;36335.16;;;;36295.56;;;;36335.16;;;;2011;so realizado;Utilities;Cemig
17.155.730/0001-64;CIA ENERGETICA DE MINAS GERAIS - CEMIG;Diretoria Estatutária;2009;;567308.99;;;;456729.43;;;;424825.9;;;;2012;so realizado;Utilities;Cemig
17.155.730/0001-64;CIA ENERGETICA DE MINAS GERAIS - CEMIG;Conselho de Administração;2009;;83738.7;;;;83000.41;;;;55399.96;;;;2012;so realizado;Utilities;Cemig
17.155.730/0001-64;CIA ENERGETICA DE MINAS GERAIS - CEMIG;Conselho Fiscal;2009;;36700.48;;;;36700.48;;;;36700.48;;;;2012;so realizado;Utilities;Cemig
17.155.730/0001-64;CIA ENERGETICA DE MINAS GERAIS - CEMIG;Diretoria Estatutária;2010;;614319.75;;;;519333.9;;;;495368.6;;;;2013;so realizado;Utilities;Cemig
17.155.730/0001-64;CIA ENERGETICA DE MINAS GERAIS - CEMIG;Conselho de Administração;2010;;91239.35;;;;88316.53;;;;84171.95;;;;2013;so realizado;Utilities;Cemig
17.155.730/0001-64;CIA ENERGETICA DE MINAS GERAIS - CEMIG;Conselho Fiscal;2010;;36552.04;;;;36086.33;;;;36552.04;;;;2013;so realizado;Utilities;Cemig
17.155.730/0001-64;CIA ENERGETICA DE MINAS GERAIS - CEMIG;Diretoria Estatutária;2011;;996470.62;;;;800100.43;;;;783410.65;;;;2014;so realizado;Utilities;Cemig
17.155.730/0001-64;CIA ENERGETICA DE MINAS GERAIS - CEMIG;Conselho de Administração;2011;;95809.2;;;;95245.51;;;;54020.24;;;;2014;so realizado;Utilities;Cemig
17.155.730/0001-64;CIA ENERGETICA DE MINAS GERAIS - CEMIG;Conselho Fiscal;2011;;47519.4;;;;44971.65;;;;27403.36;;;;2014;so realizado;Utilities;Cemig
17.155.730/0001-64;CIA ENERGETICA DE MINAS GERAIS - CEMIG;Diretoria Estatutária;2012;;1094536.08;;;;907684.68;;;;816336.96;;;;2015;so realizado;Utilities;Cemig
17.155.730/0001-64;CIA ENERGETICA DE MINAS GERAIS - CEMIG;Conselho de Administração;2012;;94221.47;;;;91271.33;;;;50366.88;;;;2015;so realizado;Utilities;Cemig
17.155.730/0001-64;CIA ENERGETICA DE MINAS GERAIS - CEMIG;Conselho Fiscal;2012;;50366.88;;;;45981.42;;;;41595.96;;;;2015;so realizado;Utilities;Cemig
17.155.730/0001-64;CIA ENERGETICA DE MINAS GERAIS - CEMIG;Diretoria Estatutária;2013;;1131380.0;;;;921605.52;;;;778261.48;;;;2016;so realizado;Utilities;Cemig
17.155.730/0001-64;CIA ENERGETICA DE MINAS GERAIS - CEMIG;Conselho de Administração;2013;;101935.2;;;;98316.24;;;;51640.74;;;;2016;so realizado;Utilities;Cemig
17.155.730/0001-64;CIA ENERGETICA DE MINAS GERAIS - CEMIG;Conselho Fiscal;2013;;51640.74;;;;46364.86;;;;42497.1;;;;2016;so realizado;Utilities;Cemig
17.155.730/0001-64;CIA ENERGETICA DE MINAS GERAIS - CEMIG;Diretoria Estatutária;2014;;1235245.33;;;;967916.31;;;;704771.3;;;;2017;so realizado;Utilities;Cemig
17.155.730/0001-64;CIA ENERGETICA DE MINAS GERAIS - CEMIG;Conselho de Administração;2014;;107922.99;;;;93723.93;;;;55935.9;;;;2017;so realizado;Utilities;Cemig
17.155.730/0001-64;CIA ENERGETICA DE MINAS GERAIS - CEMIG;Conselho Fiscal;2014;;56141.11;;;;51158.01;;;;46174.91;;;;2017;so realizado;Utilities;Cemig
17.155.730/0001-64;CIA ENERGETICA DE MINAS GERAIS - CEMIG;Diretoria Estatutária;2015;;1333031.83;;;;1033684.9;;;;872632.6;;;;2018;so realizado;Utilities;Cemig
17.155.730/0001-64;CIA ENERGETICA DE MINAS GERAIS - CEMIG;Conselho de Administração;2015;;158106.81;;;;139593.29;;;;99363.8;;;;2018;so realizado;Utilities;Cemig
17.155.730/0001-64;CIA ENERGETICA DE MINAS GERAIS - CEMIG;Conselho Fiscal;2015;;97938.52;;;;88869.43;;;;79737.4;;;;2018;so realizado;Utilities;Cemig
17.155.730/0001-64;CIA ENERGETICA DE MINAS GERAIS - CEMIG;Diretoria Estatutária;2016;;1096241.82;;;;1051517.13;;;;895512.24;;;;2019;so realizado;Utilities;Cemig
17.155.730/0001-64;CIA ENERGETICA DE MINAS GERAIS - CEMIG;Conselho de Administração;2016;;232372.56;;;;162123.29;;;;116366.39;;;;2019;so realizado;Utilities;Cemig
17.155.730/0001-64;CIA ENERGETICA DE MINAS GERAIS - CEMIG;Conselho Fiscal;2016;;131367.99;;;;119064.85;;;;105625.16;;;;2019;so realizado;Utilities;Cemig
17.155.730/0001-64;CIA ENERGETICA DE MINAS GERAIS - CEMIG;Diretoria Estatutária;2017;;1427276.21;;;;1360399.9;;;;1158814.29;;;;2020;so realizado;Utilities;Cemig
17.155.730/0001-64;CIA ENERGETICA DE MINAS GERAIS - CEMIG;Conselho de Administração;2017;;320472.26;;;;233179.46;;;;124401.14;;;;2020;so realizado;Utilities;Cemig
17.155.730/0001-64;CIA ENERGETICA DE MINAS GERAIS - CEMIG;Conselho Fiscal;2017;;176266.09;;;;152573.43;;;;128019.93;;;;2020;so realizado;Utilities;Cemig
17.155.730/0001-64;CIA ENERGETICA DE MINAS GERAIS - CEMIG;Diretoria Estatutária;2018;;1944154.85;;;;1477520.62;;;;1286759.72;;;;2021;so realizado;Utilities;Cemig
17.155.730/0001-64;CIA ENERGETICA DE MINAS GERAIS - CEMIG;Conselho de Administração;2018;;321416.02;;;;278048.07;;;;193927.34;;;;2021;so realizado;Utilities;Cemig
17.155.730/0001-64;CIA ENERGETICA DE MINAS GERAIS - CEMIG;Conselho Fiscal;2018;;191839.93;;;;164839.32;;;;140656.62;;;;2021;so realizado;Utilities;Cemig
17.155.730/0001-64;CIA ENERGETICA DE MINAS GERAIS - CEMIG;Diretoria Estatutária;2019;;1911826.6;;;;1786812.29;;;;1527377.26;;;;2022;so realizado;Utilities;Cemig
17.155.730/0001-64;CIA ENERGETICA DE MINAS GERAIS - CEMIG;Conselho de Administração;2019;;325750.45;;;;304865.24;;;;267161.18;;;;2022;so realizado;Utilities;Cemig
17.155.730/0001-64;CIA ENERGETICA DE MINAS GERAIS - CEMIG;Conselho Fiscal;2019;;201402.06;;;;169023.14;;;;146712.56;;;;2022;so realizado;Utilities;Cemig
17.155.730/0001-64;CIA ENERGETICA DE MINAS GERAIS - CEMIG;Diretoria Estatutária;2020;;1603847.19;;;;1459109.92;;;;1243492.41;;;;2023;so realizado;Utilities;Cemig
17.155.730/0001-64;CIA ENERGETICA DE MINAS GERAIS - CEMIG;Conselho de Administração;2020;;309828.44;;;;272615.82;;;;250919.24;;;;2023;so realizado;Utilities;Cemig
17.155.730/0001-64;CIA ENERGETICA DE MINAS GERAIS - CEMIG;Conselho Fiscal;2020;;168555.68;;;;152998.07;;;;135610.16;;;;2023;so realizado;Utilities;Cemig
17.155.730/0001-64;CIA ENERGETICA DE MINAS GERAIS - CEMIG;Diretoria Estatutária;2021;;2375087.81;;;;1523643.21;;;;1057312.31;;;;2024;so realizado;Utilities;Cemig
17.155.730/0001-64;CIA ENERGETICA DE MINAS GERAIS - CEMIG;Conselho de Administração;2021;;310024.54;;;;266581.79;;;;249056.25;;;;2024;so realizado;Utilities;Cemig
17.155.730/0001-64;CIA ENERGETICA DE MINAS GERAIS - CEMIG;Conselho Fiscal;2021;;168751.78;;;;154109.33;;;;135806.26;;;;2024;so realizado;Utilities;Cemig
17.155.730/0001-64;CIA ENERGETICA DE MINAS GERAIS - CEMIG;Diretoria Estatutária;2022;;2375403.74;;;;1798562.65;;;;1404128.86;;;;2025;so realizado;Utilities;Cemig
17.155.730/0001-64;CIA ENERGETICA DE MINAS GERAIS - CEMIG;Conselho de Administração;2022;;329166.3;;;;284939.76;;;;266297.9;;;;2025;so realizado;Utilities;Cemig
17.155.730/0001-64;CIA ENERGETICA DE MINAS GERAIS - CEMIG;Conselho Fiscal;2022;;178419.38;;;;163351.73;;;;143261.54;;;;2025;so realizado;Utilities;Cemig
17.155.730/0001-64;CIA ENERGETICA DE MINAS GERAIS - CEMIG;Diretoria Estatutária;2023;;2577162.22;;;;1804186.39;;;;1659188.44;;;;2026;so realizado;Utilities;Cemig
17.155.730/0001-64;CIA ENERGETICA DE MINAS GERAIS - CEMIG;Conselho de Administração;2023;;472375.12;;;;388457.11;;;;380065.31;;;;2026;so realizado;Utilities;Cemig
17.155.730/0001-64;CIA ENERGETICA DE MINAS GERAIS - CEMIG;Conselho Fiscal;2023;;231413.64;;;;205593.19;;;;184363.2;;;;2026;so realizado;Utilities;Cemig
17.155.730/0001-64;CIA ENERGETICA DE MINAS GERAIS - CEMIG;Diretoria Estatutária;2024;;1549956.0;;;;951903.0;;;;988452.0;;;;2026;so realizado;Utilities;Cemig
17.155.730/0001-64;CIA ENERGETICA DE MINAS GERAIS - CEMIG;Conselho de Administração;2024;;298747.08;;;;268953.2;;;;288060.0;;;;2026;so realizado;Utilities;Cemig
17.155.730/0001-64;CIA ENERGETICA DE MINAS GERAIS - CEMIG;Conselho Fiscal;2024;;199173.0;;;;175404.5;;;;153636.0;;;;2026;so realizado;Utilities;Cemig
17.155.730/0001-64;CIA ENERGETICA DE MINAS GERAIS - CEMIG;Diretoria Estatutária;2025;;1684135.2;;;;1379078.58;;;;1074021.96;;;;2026;so realizado;Utilities;Cemig
17.155.730/0001-64;CIA ENERGETICA DE MINAS GERAIS - CEMIG;Conselho de Administração;2025;;387631.56;;;;343189.32;;;;298747.08;;;;2026;so realizado;Utilities;Cemig
17.155.730/0001-64;CIA ENERGETICA DE MINAS GERAIS - CEMIG;Conselho Fiscal;2025;;208673.52;;;;187804.86;;;;166936.2;;;;2026;so realizado;Utilities;Cemig
76.483.817/0001-20;CIA PARANAENSE DE ENERGIA - COPEL;Diretoria Estatutária;2007;;545512.16;;;;504182.88;;;;495916.96;;;;2010;so realizado;Utilities;Copel
76.483.817/0001-20;CIA PARANAENSE DE ENERGIA - COPEL;Conselho de Administração;2007;;75627.36;;;;75627.36;;;;75627.36;;;;2010;so realizado;Utilities;Copel
76.483.817/0001-20;CIA PARANAENSE DE ENERGIA - COPEL;Conselho Fiscal;2007;;75627.36;;;;75627.36;;;;75627.36;;;;2010;so realizado;Utilities;Copel
76.483.817/0001-20;CIA PARANAENSE DE ENERGIA - COPEL;Diretoria Estatutária;2008;;724149.62;;;;662739.71;;;;658720.15;;;;2011;so realizado;Utilities;Copel
76.483.817/0001-20;CIA PARANAENSE DE ENERGIA - COPEL;Conselho de Administração;2008;;166818.03;;;;118061.22;;;;94818.03;;;;2011;so realizado;Utilities;Copel
76.483.817/0001-20;CIA PARANAENSE DE ENERGIA - COPEL;Conselho Fiscal;2008;;94818.03;;;;94818.03;;;;94818.03;;;;2011;so realizado;Utilities;Copel
76.483.817/0001-20;CIA PARANAENSE DE ENERGIA - COPEL;Diretoria Estatutária;2009;;782422.14;;;;740507.69;;;;711761.99;;;;2012;so realizado;Utilities;Copel
76.483.817/0001-20;CIA PARANAENSE DE ENERGIA - COPEL;Conselho de Administração;2009;;174177.4;;;;138177.41;;;;102177.4;;;;2012;so realizado;Utilities;Copel
76.483.817/0001-20;CIA PARANAENSE DE ENERGIA - COPEL;Conselho Fiscal;2009;;110358.57;;;;110358.57;;;;110358.57;;;;2012;so realizado;Utilities;Copel
76.483.817/0001-20;CIA PARANAENSE DE ENERGIA - COPEL;Diretoria Estatutária;2010;;837277.89;;;;784267.24;;;;759527.82;;;;2013;so realizado;Utilities;Copel
76.483.817/0001-20;CIA PARANAENSE DE ENERGIA - COPEL;Conselho de Administração;2010;;184234.52;;;;143408.86;;;;112234.52;;;;2013;so realizado;Utilities;Copel
76.483.817/0001-20;CIA PARANAENSE DE ENERGIA - COPEL;Conselho Fiscal;2010;;114717.31;;;;114717.31;;;;114717.31;;;;2013;so realizado;Utilities;Copel
76.483.817/0001-20;CIA PARANAENSE DE ENERGIA - COPEL;Diretoria Estatutária;2011;;891864.77;;;;880875.0;;;;876104.46;;;;2014;so realizado;Utilities;Copel
76.483.817/0001-20;CIA PARANAENSE DE ENERGIA - COPEL;Conselho de Administração;2011;;176319.0;;;;147846.75;;;;117477.1;;;;2014;so realizado;Utilities;Copel
76.483.817/0001-20;CIA PARANAENSE DE ENERGIA - COPEL;Conselho Fiscal;2011;;120137.27;;;;120137.27;;;;120137.27;;;;2014;so realizado;Utilities;Copel
76.483.817/0001-20;CIA PARANAENSE DE ENERGIA - COPEL;Diretoria Estatutária;2012;;1104335.47;;;;1084508.95;;;;675812.22;;;;2015;so realizado;Utilities;Copel
76.483.817/0001-20;CIA PARANAENSE DE ENERGIA - COPEL;Conselho de Administração;2012;;176461.02;;;;133099.75;;;;77814.97;;;;2015;so realizado;Utilities;Copel
76.483.817/0001-20;CIA PARANAENSE DE ENERGIA - COPEL;Conselho Fiscal;2012;;102082.99;;;;102082.99;;;;102082.99;;;;2015;so realizado;Utilities;Copel
76.483.817/0001-20;CIA PARANAENSE DE ENERGIA - COPEL;Diretoria Estatutária;2013;;1142120.75;;;;1138268.14;;;;159984.18;;;;2016;so realizado;Utilities;Copel
76.483.817/0001-20;CIA PARANAENSE DE ENERGIA - COPEL;Conselho de Administração;2013;;192004.72;;;;126763.95;;;;33790.22;;;;2016;so realizado;Utilities;Copel
76.483.817/0001-20;CIA PARANAENSE DE ENERGIA - COPEL;Conselho Fiscal;2013;;105932.83;;;;105932.83;;;;105932.83;;;;2016;so realizado;Utilities;Copel
76.483.817/0001-20;CIA PARANAENSE DE ENERGIA - COPEL;Diretoria Estatutária;2014;;1218650.58;;;;1155311.1;;;;412115.43;;;;2017;so realizado;Utilities;Copel
76.483.817/0001-20;CIA PARANAENSE DE ENERGIA - COPEL;Conselho de Administração;2014;;201206.9;;;;152555.78;;;;59477.36;;;;2017;so realizado;Utilities;Copel
76.483.817/0001-20;CIA PARANAENSE DE ENERGIA - COPEL;Conselho Fiscal;2014;;102203.64;;;;102203.64;;;;102203.64;;;;2017;so realizado;Utilities;Copel
76.483.817/0001-20;CIA PARANAENSE DE ENERGIA - COPEL;Diretoria Estatutária;2015;;1303774.15;;;;1166593.85;;;;321788.84;;;;2018;so realizado;Utilities;Copel
76.483.817/0001-20;CIA PARANAENSE DE ENERGIA - COPEL;Conselho de Administração;2015;;211281.1;;;;162604.21;;;;118624.16;;;;2018;so realizado;Utilities;Copel
76.483.817/0001-20;CIA PARANAENSE DE ENERGIA - COPEL;Conselho Fiscal;2015;;111973.08;;;;111973.08;;;;111973.08;;;;2018;so realizado;Utilities;Copel
76.483.817/0001-20;CIA PARANAENSE DE ENERGIA - COPEL;Diretoria Estatutária;2016;;1413062.05;;;;1150152.44;;;;632250.93;;;;2019;so realizado;Utilities;Copel
76.483.817/0001-20;CIA PARANAENSE DE ENERGIA - COPEL;Conselho de Administração;2016;;235895.19;;;;181823.33;;;;138666.93;;;;2019;so realizado;Utilities;Copel
76.483.817/0001-20;CIA PARANAENSE DE ENERGIA - COPEL;Conselho Fiscal;2016;;103249.05;;;;103249.05;;;;103249.05;;;;2019;so realizado;Utilities;Copel
76.483.817/0001-20;CIA PARANAENSE DE ENERGIA - COPEL;Diretoria Estatutária;2017;;1431388.35;;;;1346372.51;;;;868418.41;;;;2020;so realizado;Utilities;Copel
76.483.817/0001-20;CIA PARANAENSE DE ENERGIA - COPEL;Conselho de Administração;2017;;153300.26;;;;148256.23;;;;134197.9;;;;2020;so realizado;Utilities;Copel
76.483.817/0001-20;CIA PARANAENSE DE ENERGIA - COPEL;Conselho Fiscal;2017;;162911.8;;;;142024.51;;;;162911.8;;;;2020;so realizado;Utilities;Copel
76.483.817/0001-20;CIA PARANAENSE DE ENERGIA - COPEL;Diretoria Estatutária;2018;;1404188.54;;;;1375059.41;;;;867151.71;;;;2021;so realizado;Utilities;Copel
76.483.817/0001-20;CIA PARANAENSE DE ENERGIA - COPEL;Conselho de Administração;2018;;286792.0;;;;249662.07;;;;155994.0;;;;2021;so realizado;Utilities;Copel
76.483.817/0001-20;CIA PARANAENSE DE ENERGIA - COPEL;Conselho Fiscal;2018;;169829.0;;;;159164.84;;;;90180.0;;;;2021;so realizado;Utilities;Copel
76.483.817/0001-20;CIA PARANAENSE DE ENERGIA - COPEL;Diretoria Estatutária;2019;;1656258.61;;;;1337137.16;;;;740479.28;;;;2022;so realizado;Utilities;Copel
76.483.817/0001-20;CIA PARANAENSE DE ENERGIA - COPEL;Conselho de Administração;2019;;273393.36;;;;252959.42;;;;158262.24;;;;2022;so realizado;Utilities;Copel
76.483.817/0001-20;CIA PARANAENSE DE ENERGIA - COPEL;Conselho Fiscal;2019;;172199.73;;;;161049.74;;;;158262.24;;;;2022;so realizado;Utilities;Copel
76.483.817/0001-20;CIA PARANAENSE DE ENERGIA - COPEL;Diretoria Estatutária;2020;;1552203.79;;;;1295689.5;;;;824394.98;;;;2023;so realizado;Utilities;Copel
76.483.817/0001-20;CIA PARANAENSE DE ENERGIA - COPEL;Conselho de Administração;2020;;280105.4;;;;254857.73;;;;158262.24;;;;2023;so realizado;Utilities;Copel
76.483.817/0001-20;CIA PARANAENSE DE ENERGIA - COPEL;Conselho Fiscal;2020;;172199.73;;;;163117.57;;;;158262.24;;;;2023;so realizado;Utilities;Copel
76.483.817/0001-20;CIA PARANAENSE DE ENERGIA - COPEL;Diretoria Estatutária;2021;;1358079.06;;;;1208707.58;;;;634625.28;;;;2024;so realizado;Utilities;Copel
76.483.817/0001-20;CIA PARANAENSE DE ENERGIA - COPEL;Conselho de Administração;2021;;227827.8;;;;211685.06;;;;43229.02;;;;2024;so realizado;Utilities;Copel
76.483.817/0001-20;CIA PARANAENSE DE ENERGIA - COPEL;Conselho Fiscal;2021;;131885.16;;;;129895.7;;;;43229.02;;;;2024;so realizado;Utilities;Copel
76.483.817/0001-20;CIA PARANAENSE DE ENERGIA - COPEL;Diretoria Estatutária;2022;;879234.46;;;;832725.55;;;;381897.36;;;;2025;so realizado;Utilities;Copel
76.483.817/0001-20;CIA PARANAENSE DE ENERGIA - COPEL;Conselho de Administração;2022;;227827.8;;;;257247.18;;;;131885.16;;;;2025;so realizado;Utilities;Copel
76.483.817/0001-20;CIA PARANAENSE DE ENERGIA - COPEL;Conselho Fiscal;2022;;131885.16;;;;134404.22;;;;10990.43;;;;2025;so realizado;Utilities;Copel
76.483.817/0001-20;CIA PARANAENSE DE ENERGIA - COPEL;Diretoria Estatutária;2023;;1693062.88;;;;1433576.12;;;;1427797.89;;;;2026;so realizado;Utilities;Copel
76.483.817/0001-20;CIA PARANAENSE DE ENERGIA - COPEL;Conselho de Administração;2023;;411609.6;;;;332259.49;;;;267546.24;;;;2026;so realizado;Utilities;Copel
76.483.817/0001-20;CIA PARANAENSE DE ENERGIA - COPEL;Conselho Fiscal;2023;;155498.4;;;;141928.64;;;;141367.68;;;;2026;so realizado;Utilities;Copel
76.483.817/0001-20;CIA PARANAENSE DE ENERGIA - COPEL;Diretoria Estatutária;2024;;14349355.81;;;;4927192.71;;;;2994364.28;;;;2026;so realizado;Utilities;Copel
76.483.817/0001-20;CIA PARANAENSE DE ENERGIA - COPEL;Conselho de Administração;2024;;2078751.4;;;;947179.09;;;;589203.2;;;;2026;so realizado;Utilities;Copel
76.483.817/0001-20;CIA PARANAENSE DE ENERGIA - COPEL;Conselho Fiscal;2024;;168740.8;;;;155550.85;;;;168740.8;;;;2026;so realizado;Utilities;Copel
76.483.817/0001-20;CIA PARANAENSE DE ENERGIA - COPEL;Diretoria Estatutária;2025;;11585944.68;;;;4651360.68;;;;1579546.61;;;;2026;so realizado;Utilities;Copel
76.483.817/0001-20;CIA PARANAENSE DE ENERGIA - COPEL;Conselho de Administração;2025;;2848946.6;;;;1271264.94;;;;750300.8;;;;2026;so realizado;Utilities;Copel
76.483.817/0001-20;CIA PARANAENSE DE ENERGIA - COPEL;Conselho Fiscal;2025;;175362.0;;;;162183.28;;;;175362.0;;;;2026;so realizado;Utilities;Copel
43.776.517/0001-80;CIA SANEAMENTO BASICO EST SAO PAULO;Diretoria Estatutária;2007;;235616.25;;;;215713.97;;;;200386.04;;;;2010;so realizado;Utilities;Sabesp
43.776.517/0001-80;CIA SANEAMENTO BASICO EST SAO PAULO;Conselho de Administração;2007;;57720.0;;;;56237.13;;;;52910.0;;;;2010;so realizado;Utilities;Sabesp
43.776.517/0001-80;CIA SANEAMENTO BASICO EST SAO PAULO;Conselho Fiscal;2007;;38484.0;;;;38484.0;;;;38484.0;;;;2010;so realizado;Utilities;Sabesp
43.776.517/0001-80;CIA SANEAMENTO BASICO EST SAO PAULO;Diretoria Estatutária;2008;;396833.33;;;;350833.33;;;;297000.0;;;;2011;so realizado;Utilities;Sabesp
43.776.517/0001-80;CIA SANEAMENTO BASICO EST SAO PAULO;Conselho de Administração;2008;;122545.45;;;;115636.36;;;;38000.0;;;;2011;so realizado;Utilities;Sabesp
43.776.517/0001-80;CIA SANEAMENTO BASICO EST SAO PAULO;Conselho Fiscal;2008;;38000.0;;;;45600.0;;;;38000.0;;;;2011;so realizado;Utilities;Sabesp
43.776.517/0001-80;CIA SANEAMENTO BASICO EST SAO PAULO;Diretoria Estatutária;2009;;396166.67;;;;366500.0;;;;303000.0;;;;2012;so realizado;Utilities;Sabesp
43.776.517/0001-80;CIA SANEAMENTO BASICO EST SAO PAULO;Conselho de Administração;2009;;107615.38;;;;94307.69;;;;41000.0;;;;2012;so realizado;Utilities;Sabesp
43.776.517/0001-80;CIA SANEAMENTO BASICO EST SAO PAULO;Conselho Fiscal;2009;;38000.0;;;;46200.0;;;;38000.0;;;;2012;so realizado;Utilities;Sabesp
43.776.517/0001-80;CIA SANEAMENTO BASICO EST SAO PAULO;Diretoria Estatutária;2010;;476573.0;;;;371815.65;;;;324463.0;;;;2013;so realizado;Utilities;Sabesp
43.776.517/0001-80;CIA SANEAMENTO BASICO EST SAO PAULO;Conselho de Administração;2010;;148440.0;;;;113848.06;;;;100440.0;;;;2013;so realizado;Utilities;Sabesp
43.776.517/0001-80;CIA SANEAMENTO BASICO EST SAO PAULO;Conselho Fiscal;2010;;38233.33;;;;38233.33;;;;38233.33;;;;2013;so realizado;Utilities;Sabesp
43.776.517/0001-80;CIA SANEAMENTO BASICO EST SAO PAULO;Diretoria Estatutária;2011;;443563.81;;;;406984.18;;;;275674.4;;;;2014;so realizado;Utilities;Sabesp
43.776.517/0001-80;CIA SANEAMENTO BASICO EST SAO PAULO;Conselho de Administração;2011;;169220.72;;;;128260.25;;;;80730.72;;;;2014;so realizado;Utilities;Sabesp
43.776.517/0001-80;CIA SANEAMENTO BASICO EST SAO PAULO;Conselho Fiscal;2011;;45596.62;;;;45596.62;;;;45596.62;;;;2014;so realizado;Utilities;Sabesp
43.776.517/0001-80;CIA SANEAMENTO BASICO EST SAO PAULO;Diretoria Estatutária;2012;;515865.0;;;;479675.47;;;;335428.84;;;;2015;so realizado;Utilities;Sabesp
43.776.517/0001-80;CIA SANEAMENTO BASICO EST SAO PAULO;Conselho de Administração;2012;;148307.0;;;;100462.77;;;;50288.7;;;;2015;so realizado;Utilities;Sabesp
43.776.517/0001-80;CIA SANEAMENTO BASICO EST SAO PAULO;Conselho Fiscal;2012;;56415.4;;;;56415.4;;;;56415.4;;;;2015;so realizado;Utilities;Sabesp
43.776.517/0001-80;CIA SANEAMENTO BASICO EST SAO PAULO;Diretoria Estatutária;2013;;529652.31;;;;468571.96;;;;471020.23;;;;2016;so realizado;Utilities;Sabesp
43.776.517/0001-80;CIA SANEAMENTO BASICO EST SAO PAULO;Conselho de Administração;2013;;157349.27;;;;110956.48;;;;96361.2;;;;2016;so realizado;Utilities;Sabesp
43.776.517/0001-80;CIA SANEAMENTO BASICO EST SAO PAULO;Conselho Fiscal;2013;;64240.8;;;;57240.11;;;;64240.8;;;;2016;so realizado;Utilities;Sabesp
43.776.517/0001-80;CIA SANEAMENTO BASICO EST SAO PAULO;Diretoria Estatutária;2014;;552283.66;;;;504126.27;;;;480583.2;;;;2017;so realizado;Utilities;Sabesp
43.776.517/0001-80;CIA SANEAMENTO BASICO EST SAO PAULO;Conselho de Administração;2014;;157349.27;;;;114703.68;;;;96361.2;;;;2017;so realizado;Utilities;Sabesp
43.776.517/0001-80;CIA SANEAMENTO BASICO EST SAO PAULO;Conselho Fiscal;2014;;64240.8;;;;64240.8;;;;64240.8;;;;2017;so realizado;Utilities;Sabesp
43.776.517/0001-80;CIA SANEAMENTO BASICO EST SAO PAULO;Diretoria Estatutária;2015;;580554.98;;;;488592.81;;;;494246.37;;;;2018;so realizado;Utilities;Sabesp
43.776.517/0001-80;CIA SANEAMENTO BASICO EST SAO PAULO;Conselho de Administração;2015;;157349.16;;;;113941.08;;;;96361.2;;;;2018;so realizado;Utilities;Sabesp
43.776.517/0001-80;CIA SANEAMENTO BASICO EST SAO PAULO;Conselho Fiscal;2015;;65723.28;;;;59846.57;;;;64240.8;;;;2018;so realizado;Utilities;Sabesp
43.776.517/0001-80;CIA SANEAMENTO BASICO EST SAO PAULO;Diretoria Estatutária;2016;;629880.17;;;;530598.24;;;;438690.89;;;;2019;so realizado;Utilities;Sabesp
43.776.517/0001-80;CIA SANEAMENTO BASICO EST SAO PAULO;Conselho de Administração;2016;;157349.2;;;;114274.74;;;;96361.2;;;;2019;so realizado;Utilities;Sabesp
43.776.517/0001-80;CIA SANEAMENTO BASICO EST SAO PAULO;Conselho Fiscal;2016;;60946.4;;;;60849.31;;;;50651.4;;;;2019;so realizado;Utilities;Sabesp
43.776.517/0001-80;CIA SANEAMENTO BASICO EST SAO PAULO;Diretoria Estatutária;2017;;691026.2;;;;534709.79;;;;439155.89;;;;2020;so realizado;Utilities;Sabesp
43.776.517/0001-80;CIA SANEAMENTO BASICO EST SAO PAULO;Conselho de Administração;2017;;155957.35;;;;121073.28;;;;95508.77;;;;2020;so realizado;Utilities;Sabesp
43.776.517/0001-80;CIA SANEAMENTO BASICO EST SAO PAULO;Conselho Fiscal;2017;;62420.61;;;;62612.78;;;;62420.61;;;;2020;so realizado;Utilities;Sabesp
43.776.517/0001-80;CIA SANEAMENTO BASICO EST SAO PAULO;Diretoria Estatutária;2018;;676546.07;;;;516452.71;;;;498423.93;;;;2021;so realizado;Utilities;Sabesp
43.776.517/0001-80;CIA SANEAMENTO BASICO EST SAO PAULO;Conselho de Administração;2018;;161585.58;;;;115475.54;;;;98955.6;;;;2021;so realizado;Utilities;Sabesp
43.776.517/0001-80;CIA SANEAMENTO BASICO EST SAO PAULO;Conselho Fiscal;2018;;65970.39;;;;61169.86;;;;60429.62;;;;2021;so realizado;Utilities;Sabesp
43.776.517/0001-80;CIA SANEAMENTO BASICO EST SAO PAULO;Diretoria Estatutária;2019;;766097.31;;;;747147.24;;;;720143.67;;;;2022;so realizado;Utilities;Sabesp
43.776.517/0001-80;CIA SANEAMENTO BASICO EST SAO PAULO;Conselho de Administração;2019;;172197.6;;;;129730.97;;;;102027.04;;;;2022;so realizado;Utilities;Sabesp
43.776.517/0001-80;CIA SANEAMENTO BASICO EST SAO PAULO;Conselho Fiscal;2019;;56413.53;;;;56326.55;;;;56413.53;;;;2022;so realizado;Utilities;Sabesp
43.776.517/0001-80;CIA SANEAMENTO BASICO EST SAO PAULO;Diretoria Estatutária;2020;;881892.85;;;;859595.61;;;;864684.16;;;;2023;so realizado;Utilities;Sabesp
43.776.517/0001-80;CIA SANEAMENTO BASICO EST SAO PAULO;Conselho de Administração;2020;;195000.0;;;;148850.0;;;;117000.0;;;;2023;so realizado;Utilities;Sabesp
43.776.517/0001-80;CIA SANEAMENTO BASICO EST SAO PAULO;Conselho Fiscal;2020;;57042.24;;;;57042.24;;;;57042.24;;;;2023;so realizado;Utilities;Sabesp
43.776.517/0001-80;CIA SANEAMENTO BASICO EST SAO PAULO;Diretoria Estatutária;2021;;884033.61;;;;855967.15;;;;828310.77;;;;2024;so realizado;Utilities;Sabesp
43.776.517/0001-80;CIA SANEAMENTO BASICO EST SAO PAULO;Conselho de Administração;2021;;195000.0;;;;147495.0;;;;110550.0;;;;2024;so realizado;Utilities;Sabesp
43.776.517/0001-80;CIA SANEAMENTO BASICO EST SAO PAULO;Conselho Fiscal;2021;;57042.18;;;;57086.1;;;;57042.18;;;;2024;so realizado;Utilities;Sabesp
43.776.517/0001-80;CIA SANEAMENTO BASICO EST SAO PAULO;Diretoria Estatutária;2022;;867339.51;;;;852147.62;;;;852322.07;;;;2025;so realizado;Utilities;Sabesp
43.776.517/0001-80;CIA SANEAMENTO BASICO EST SAO PAULO;Conselho de Administração;2022;;195000.0;;;;145144.19;;;;117000.0;;;;2025;so realizado;Utilities;Sabesp
43.776.517/0001-80;CIA SANEAMENTO BASICO EST SAO PAULO;Conselho Fiscal;2022;;57042.18;;;;57081.54;;;;57042.18;;;;2025;so realizado;Utilities;Sabesp
43.776.517/0001-80;CIA SANEAMENTO BASICO EST SAO PAULO;Diretoria Estatutária;2023;;1874993.34;;;;1337834.95;;;;924140.52;;;;2026;so realizado;Utilities;Sabesp
43.776.517/0001-80;CIA SANEAMENTO BASICO EST SAO PAULO;Conselho de Administração;2023;;163524.08;;;;160717.52;;;;138356.4;;;;2026;so realizado;Utilities;Sabesp
43.776.517/0001-80;CIA SANEAMENTO BASICO EST SAO PAULO;Conselho Fiscal;2023;;57042.18;;;;57042.18;;;;57042.18;;;;2026;so realizado;Utilities;Sabesp
43.776.517/0001-80;CIA SANEAMENTO BASICO EST SAO PAULO;Diretoria Estatutária;2024;;1614380.28;;;;1170559.57;;;;1614380.28;;;;2026;so realizado;Utilities;Sabesp
43.776.517/0001-80;CIA SANEAMENTO BASICO EST SAO PAULO;Conselho de Administração;2024;;298069.2;;;;180803.2;;;;186484.32;;;;2026;so realizado;Utilities;Sabesp
43.776.517/0001-80;CIA SANEAMENTO BASICO EST SAO PAULO;Conselho Fiscal;2024;;77009.4;;;;85504.93;;;;7306.02;;;;2026;so realizado;Utilities;Sabesp
43.776.517/0001-80;CIA SANEAMENTO BASICO EST SAO PAULO;Diretoria Estatutária;2025;;20986062.97;;;;9868153.03;;;;3169203.4;;;;2026;so realizado;Utilities;Sabesp
43.776.517/0001-80;CIA SANEAMENTO BASICO EST SAO PAULO;Conselho de Administração;2025;;2317069.2;;;;1458327.33;;;;1443391.0;;;;2026;so realizado;Utilities;Sabesp
43.776.517/0001-80;CIA SANEAMENTO BASICO EST SAO PAULO;Conselho Fiscal;2025;;150000.0;;;;150000.0;;;;150000.0;;;;2026;so realizado;Utilities;Sabesp
17.281.106/0001-03;CIA SANEAMENTO DE MINAS GERAIS-COPASA MG;Diretoria Estatutária;2007;;313725.0;;;;313466.0;;;;308170.0;;;;2010;so realizado;Utilities;Copasa
17.281.106/0001-03;CIA SANEAMENTO DE MINAS GERAIS-COPASA MG;Conselho de Administração;2007;;53191.0;;;;52955.0;;;;49268.0;;;;2010;so realizado;Utilities;Copasa
17.281.106/0001-03;CIA SANEAMENTO DE MINAS GERAIS-COPASA MG;Conselho Fiscal;2007;;24634.0;;;;24661.0;;;;24634.0;;;;2010;so realizado;Utilities;Copasa
17.281.106/0001-03;CIA SANEAMENTO DE MINAS GERAIS-COPASA MG;Diretoria Estatutária;2008;;322050.0;;;;313223.0;;;;292849.0;;;;2011;so realizado;Utilities;Copasa
17.281.106/0001-03;CIA SANEAMENTO DE MINAS GERAIS-COPASA MG;Conselho de Administração;2008;;52471.0;;;;51420.0;;;;51928.0;;;;2011;so realizado;Utilities;Copasa
17.281.106/0001-03;CIA SANEAMENTO DE MINAS GERAIS-COPASA MG;Conselho Fiscal;2008;;24634.0;;;;22170.0;;;;24634.0;;;;2011;so realizado;Utilities;Copasa
17.281.106/0001-03;CIA SANEAMENTO DE MINAS GERAIS-COPASA MG;Diretoria Estatutária;2009;;529073.0;;;;148748.0;;;;394116.0;;;;2012;so realizado;Utilities;Copasa
17.281.106/0001-03;CIA SANEAMENTO DE MINAS GERAIS-COPASA MG;Conselho de Administração;2009;;61015.0;;;;59815.0;;;;59948.0;;;;2012;so realizado;Utilities;Copasa
17.281.106/0001-03;CIA SANEAMENTO DE MINAS GERAIS-COPASA MG;Conselho Fiscal;2009;;29561.0;;;;29645.0;;;;29561.0;;;;2012;so realizado;Utilities;Copasa
17.281.106/0001-03;CIA SANEAMENTO DE MINAS GERAIS-COPASA MG;Diretoria Estatutária;2010;;573115.0;;;;424647.0;;;;393399.0;;;;2013;so realizado;Utilities;Copasa
17.281.106/0001-03;CIA SANEAMENTO DE MINAS GERAIS-COPASA MG;Conselho de Administração;2010;;59740.0;;;;58789.0;;;;59740.0;;;;2013;so realizado;Utilities;Copasa
17.281.106/0001-03;CIA SANEAMENTO DE MINAS GERAIS-COPASA MG;Conselho Fiscal;2010;;29561.0;;;;29216.0;;;;29561.0;;;;2013;so realizado;Utilities;Copasa
17.281.106/0001-03;CIA SANEAMENTO DE MINAS GERAIS-COPASA MG;Diretoria Estatutária;2011;;701973.0;;;;513738.0;;;;431117.0;;;;2014;so realizado;Utilities;Copasa
17.281.106/0001-03;CIA SANEAMENTO DE MINAS GERAIS-COPASA MG;Conselho de Administração;2011;;67589.0;;;;66921.0;;;;67520.0;;;;2014;so realizado;Utilities;Copasa
17.281.106/0001-03;CIA SANEAMENTO DE MINAS GERAIS-COPASA MG;Conselho Fiscal;2011;;33555.0;;;;32141.0;;;;33555.0;;;;2014;so realizado;Utilities;Copasa
17.281.106/0001-03;CIA SANEAMENTO DE MINAS GERAIS-COPASA MG;Diretoria Estatutária;2012;;750544.0;;;;543871.0;;;;459502.0;;;;2015;so realizado;Utilities;Copasa
17.281.106/0001-03;CIA SANEAMENTO DE MINAS GERAIS-COPASA MG;Conselho de Administração;2012;;70272.0;;;;69904.0;;;;70109.0;;;;2015;so realizado;Utilities;Copasa
17.281.106/0001-03;CIA SANEAMENTO DE MINAS GERAIS-COPASA MG;Conselho Fiscal;2012;;34887.0;;;;34887.0;;;;34887.0;;;;2015;so realizado;Utilities;Copasa
17.281.106/0001-03;CIA SANEAMENTO DE MINAS GERAIS-COPASA MG;Diretoria Estatutária;2013;;810319.0;;;;579481.0;;;;466155.0;;;;2016;so realizado;Utilities;Copasa
17.281.106/0001-03;CIA SANEAMENTO DE MINAS GERAIS-COPASA MG;Conselho de Administração;2013;;81403.0;;;;69520.0;;;;81403.0;;;;2016;so realizado;Utilities;Copasa
17.281.106/0001-03;CIA SANEAMENTO DE MINAS GERAIS-COPASA MG;Conselho Fiscal;2013;;34887.0;;;;34601.0;;;;34887.0;;;;2016;so realizado;Utilities;Copasa
17.281.106/0001-03;CIA SANEAMENTO DE MINAS GERAIS-COPASA MG;Diretoria Estatutária;2014;;853358.0;;;;621933.0;;;;459838.0;;;;2017;so realizado;Utilities;Copasa
17.281.106/0001-03;CIA SANEAMENTO DE MINAS GERAIS-COPASA MG;Conselho de Administração;2014;;73419.0;;;;72358.0;;;;73419.0;;;;2017;so realizado;Utilities;Copasa
17.281.106/0001-03;CIA SANEAMENTO DE MINAS GERAIS-COPASA MG;Conselho Fiscal;2014;;36431.0;;;;36431.0;;;;36431.0;;;;2017;so realizado;Utilities;Copasa
17.281.106/0001-03;CIA SANEAMENTO DE MINAS GERAIS-COPASA MG;Diretoria Estatutária;2015;;536069.0;;;;501452.0;;;;337048.0;;;;2018;so realizado;Utilities;Copasa
17.281.106/0001-03;CIA SANEAMENTO DE MINAS GERAIS-COPASA MG;Conselho de Administração;2015;;75868.0;;;;75329.0;;;;75868.0;;;;2018;so realizado;Utilities;Copasa
17.281.106/0001-03;CIA SANEAMENTO DE MINAS GERAIS-COPASA MG;Conselho Fiscal;2015;;37769.0;;;;38044.0;;;;37769.0;;;;2018;so realizado;Utilities;Copasa
17.281.106/0001-03;CIA SANEAMENTO DE MINAS GERAIS-COPASA MG;Diretoria Estatutária;2016;;738091.0;;;;602928.0;;;;611896.0;;;;2019;so realizado;Utilities;Copasa
17.281.106/0001-03;CIA SANEAMENTO DE MINAS GERAIS-COPASA MG;Conselho de Administração;2016;;100200.0;;;;99658.0;;;;100200.0;;;;2019;so realizado;Utilities;Copasa
17.281.106/0001-03;CIA SANEAMENTO DE MINAS GERAIS-COPASA MG;Conselho Fiscal;2016;;50084.0;;;;49559.0;;;;50084.0;;;;2019;so realizado;Utilities;Copasa
17.281.106/0001-03;CIA SANEAMENTO DE MINAS GERAIS-COPASA MG;Diretoria Estatutária;2017;;785925.0;;;;674091.0;;;;667793.0;;;;2020;so realizado;Utilities;Copasa
17.281.106/0001-03;CIA SANEAMENTO DE MINAS GERAIS-COPASA MG;Conselho de Administração;2017;;109312.0;;;;104759.0;;;;109312.0;;;;2020;so realizado;Utilities;Copasa
17.281.106/0001-03;CIA SANEAMENTO DE MINAS GERAIS-COPASA MG;Conselho Fiscal;2017;;54455.0;;;;54434.0;;;;54455.0;;;;2020;so realizado;Utilities;Copasa
17.281.106/0001-03;CIA SANEAMENTO DE MINAS GERAIS-COPASA MG;Diretoria Estatutária;2018;;575776.0;;;;540453.0;;;;539070.0;;;;2021;so realizado;Utilities;Copasa
17.281.106/0001-03;CIA SANEAMENTO DE MINAS GERAIS-COPASA MG;Conselho de Administração;2018;;95543.0;;;;94650.0;;;;95543.0;;;;2021;so realizado;Utilities;Copasa
17.281.106/0001-03;CIA SANEAMENTO DE MINAS GERAIS-COPASA MG;Conselho Fiscal;2018;;47771.0;;;;50671.0;;;;47771.0;;;;2021;so realizado;Utilities;Copasa
17.281.106/0001-03;CIA SANEAMENTO DE MINAS GERAIS-COPASA MG;Diretoria Estatutária;2019;;419245.0;;;;651456.0;;;;240972.0;;;;2022;so realizado;Utilities;Copasa
17.281.106/0001-03;CIA SANEAMENTO DE MINAS GERAIS-COPASA MG;Conselho de Administração;2019;;96540.0;;;;96540.0;;;;96540.0;;;;2022;so realizado;Utilities;Copasa
17.281.106/0001-03;CIA SANEAMENTO DE MINAS GERAIS-COPASA MG;Conselho Fiscal;2019;;48270.0;;;;48270.0;;;;48270.0;;;;2022;so realizado;Utilities;Copasa
17.281.106/0001-03;CIA SANEAMENTO DE MINAS GERAIS-COPASA MG;Diretoria Estatutária;2020;;795602.0;;;;701020.0;;;;623651.0;;;;2023;so realizado;Utilities;Copasa
17.281.106/0001-03;CIA SANEAMENTO DE MINAS GERAIS-COPASA MG;Conselho de Administração;2020;;109005.0;;;;109005.0;;;;109005.0;;;;2023;so realizado;Utilities;Copasa
17.281.106/0001-03;CIA SANEAMENTO DE MINAS GERAIS-COPASA MG;Conselho Fiscal;2020;;54503.0;;;;54503.0;;;;54503.0;;;;2023;so realizado;Utilities;Copasa
17.281.106/0001-03;CIA SANEAMENTO DE MINAS GERAIS-COPASA MG;Diretoria Estatutária;2021;;1289656.0;;;;1027853.0;;;;945714.0;;;;2024;so realizado;Utilities;Copasa
17.281.106/0001-03;CIA SANEAMENTO DE MINAS GERAIS-COPASA MG;Conselho de Administração;2021;;115982.0;;;;115982.0;;;;115982.0;;;;2024;so realizado;Utilities;Copasa
17.281.106/0001-03;CIA SANEAMENTO DE MINAS GERAIS-COPASA MG;Conselho Fiscal;2021;;57991.0;;;;57914.0;;;;57991.0;;;;2024;so realizado;Utilities;Copasa
17.281.106/0001-03;CIA SANEAMENTO DE MINAS GERAIS-COPASA MG;Diretoria Estatutária;2022;;1040527.0;;;;1118474.0;;;;1040527.0;;;;2025;so realizado;Utilities;Copasa
17.281.106/0001-03;CIA SANEAMENTO DE MINAS GERAIS-COPASA MG;Conselho de Administração;2022;;125745.0;;;;122868.0;;;;125745.0;;;;2025;so realizado;Utilities;Copasa
17.281.106/0001-03;CIA SANEAMENTO DE MINAS GERAIS-COPASA MG;Conselho Fiscal;2022;;62872.0;;;;59446.0;;;;62872.0;;;;2025;so realizado;Utilities;Copasa
17.281.106/0001-03;CIA SANEAMENTO DE MINAS GERAIS-COPASA MG;Diretoria Estatutária;2023;;1405902.39;;;;1263006.89;;;;1262124.49;;;;2026;so realizado;Utilities;Copasa
17.281.106/0001-03;CIA SANEAMENTO DE MINAS GERAIS-COPASA MG;Conselho de Administração;2023;;249190.64;;;;224406.71;;;;211657.39;;;;2026;so realizado;Utilities;Copasa
17.281.106/0001-03;CIA SANEAMENTO DE MINAS GERAIS-COPASA MG;Conselho Fiscal;2023;;72884.17;;;;67804.7;;;;72884.17;;;;2026;so realizado;Utilities;Copasa
17.281.106/0001-03;CIA SANEAMENTO DE MINAS GERAIS-COPASA MG;Diretoria Estatutária;2024;;2114701.45;;;;1570730.38;;;;1098546.4;;;;2026;so realizado;Utilities;Copasa
17.281.106/0001-03;CIA SANEAMENTO DE MINAS GERAIS-COPASA MG;Conselho de Administração;2024;;423251.37;;;;344201.44;;;;376078.36;;;;2026;so realizado;Utilities;Copasa
17.281.106/0001-03;CIA SANEAMENTO DE MINAS GERAIS-COPASA MG;Conselho Fiscal;2024;;84065.67;;;;82803.08;;;;84065.67;;;;2026;so realizado;Utilities;Copasa
17.281.106/0001-03;CIA SANEAMENTO DE MINAS GERAIS-COPASA MG;Diretoria Estatutária;2025;;1550129.57;;;;1675921.92;;;;1542250.91;;;;2026;so realizado;Utilities;Copasa
17.281.106/0001-03;CIA SANEAMENTO DE MINAS GERAIS-COPASA MG;Conselho de Administração;2025;;442349.0;;;;356019.17;;;;276468.21;;;;2026;so realizado;Utilities;Copasa
17.281.106/0001-03;CIA SANEAMENTO DE MINAS GERAIS-COPASA MG;Conselho Fiscal;2025;;87858.9;;;;87858.9;;;;87858.9;;;;2026;so realizado;Utilities;Copasa
01.027.058/0001-91;CIELO S.A. -  INSTITUIÇÃO DE PAGAMENTO;Diretoria Estatutária;2015;;14124799.0;;;;2356006.0;;;;5527715.0;;;;2018;so realizado;Financials;Cielo
01.027.058/0001-91;CIELO S.A. -  INSTITUIÇÃO DE PAGAMENTO;Conselho de Administração;2015;;437000.0;;;;28000.0;;;;144846.0;;;;2018;so realizado;Financials;Cielo
01.027.058/0001-91;CIELO S.A. -  INSTITUIÇÃO DE PAGAMENTO;Conselho Fiscal;2015;;119106.0;;;;42494.0;;;;80504.0;;;;2018;so realizado;Financials;Cielo
01.027.058/0001-91;CIELO S.A. -  INSTITUIÇÃO DE PAGAMENTO;Diretoria Estatutária;2016;;17162786.0;;;;7582634.0;;;;4225925.0;;;;2019;so realizado;Financials;Cielo
01.027.058/0001-91;CIELO S.A. -  INSTITUIÇÃO DE PAGAMENTO;Conselho de Administração;2016;;456000.0;;;;139842.0;;;;2800.0;;;;2019;so realizado;Financials;Cielo
01.027.058/0001-91;CIELO S.A. -  INSTITUIÇÃO DE PAGAMENTO;Conselho Fiscal;2016;;102918.0;;;;102918.0;;;;102918.0;;;;2019;so realizado;Financials;Cielo
01.027.058/0001-91;CIELO S.A. -  INSTITUIÇÃO DE PAGAMENTO;Diretoria Estatutária;2017;;22314894.0;;;;8341169.08;;;;3266618.0;;;;2020;so realizado;Financials;Cielo
01.027.058/0001-91;CIELO S.A. -  INSTITUIÇÃO DE PAGAMENTO;Conselho de Administração;2017;;600000.0;;;;253041.63;;;;84000.0;;;;2020;so realizado;Financials;Cielo
01.027.058/0001-91;CIELO S.A. -  INSTITUIÇÃO DE PAGAMENTO;Conselho Fiscal;2017;;123501.36;;;;119384.64;;;;102917.76;;;;2020;so realizado;Financials;Cielo
01.027.058/0001-91;CIELO S.A. -  INSTITUIÇÃO DE PAGAMENTO;Diretoria Estatutária;2018;;4938717.56;;;;4760460.61;;;;4464855.67;;;;2021;so realizado;Financials;Cielo
01.027.058/0001-91;CIELO S.A. -  INSTITUIÇÃO DE PAGAMENTO;Conselho de Administração;2018;;676800.0;;;;274690.08;;;;84000.0;;;;2021;so realizado;Financials;Cielo
01.027.058/0001-91;CIELO S.A. -  INSTITUIÇÃO DE PAGAMENTO;Conselho Fiscal;2018;;123501.36;;;;120196.54;;;;102917.76;;;;2021;so realizado;Financials;Cielo
01.027.058/0001-91;CIELO S.A. -  INSTITUIÇÃO DE PAGAMENTO;Diretoria Estatutária;2019;;9113955.18;;;;5694117.46;;;;4324985.78;;;;2022;so realizado;Financials;Cielo
01.027.058/0001-91;CIELO S.A. -  INSTITUIÇÃO DE PAGAMENTO;Conselho de Administração;2019;;734400.0;;;;329443.33;;;;84000.0;;;;2022;so realizado;Financials;Cielo
01.027.058/0001-91;CIELO S.A. -  INSTITUIÇÃO DE PAGAMENTO;Conselho Fiscal;2019;;123501.36;;;;120276.59;;;;102917.76;;;;2022;so realizado;Financials;Cielo
01.027.058/0001-91;CIELO S.A. -  INSTITUIÇÃO DE PAGAMENTO;Diretoria Estatutária;2020;;10543456.53;;;;4983732.29;;;;2152392.92;;;;2023;so realizado;Financials;Cielo
01.027.058/0001-91;CIELO S.A. -  INSTITUIÇÃO DE PAGAMENTO;Conselho de Administração;2020;;676800.0;;;;320330.11;;;;84000.0;;;;2023;so realizado;Financials;Cielo
01.027.058/0001-91;CIELO S.A. -  INSTITUIÇÃO DE PAGAMENTO;Conselho Fiscal;2020;;147723.72;;;;139714.56;;;;147723.72;;;;2023;so realizado;Financials;Cielo
01.027.058/0001-91;CIELO S.A. -  INSTITUIÇÃO DE PAGAMENTO;Diretoria Estatutária;2021;;12049679.5;;;;6349975.89;;;;2052256.69;;;;2024;so realizado;Financials;Cielo
01.027.058/0001-91;CIELO S.A. -  INSTITUIÇÃO DE PAGAMENTO;Conselho de Administração;2021;;564000.0;;;;263625.92;;;;84000.0;;;;2024;so realizado;Financials;Cielo
01.027.058/0001-91;CIELO S.A. -  INSTITUIÇÃO DE PAGAMENTO;Conselho Fiscal;2021;;154593.89;;;;151532.75;;;;148143.72;;;;2024;so realizado;Financials;Cielo
01.027.058/0001-91;CIELO S.A. -  INSTITUIÇÃO DE PAGAMENTO;Diretoria Estatutária;2022;;11955672.08;;;;8211551.57;;;;3495313.14;;;;2024;so realizado;Financials;Cielo
01.027.058/0001-91;CIELO S.A. -  INSTITUIÇÃO DE PAGAMENTO;Conselho de Administração;2022;;676800.0;;;;362035.29;;;;279000.0;;;;2024;so realizado;Financials;Cielo
01.027.058/0001-91;CIELO S.A. -  INSTITUIÇÃO DE PAGAMENTO;Conselho Fiscal;2022;;150000.0;;;;155000.0;;;;150000.0;;;;2024;so realizado;Financials;Cielo
01.027.058/0001-91;CIELO S.A. -  INSTITUIÇÃO DE PAGAMENTO;Diretoria Estatutária;2023;;10822857.35;;;;9004030.4;;;;6715784.05;;;;2024;so realizado;Financials;Cielo
01.027.058/0001-91;CIELO S.A. -  INSTITUIÇÃO DE PAGAMENTO;Conselho de Administração;2023;;717200.0;;;;500248.82;;;;339120.0;;;;2024;so realizado;Financials;Cielo
01.027.058/0001-91;CIELO S.A. -  INSTITUIÇÃO DE PAGAMENTO;Conselho Fiscal;2023;;157000.0;;;;157000.0;;;;157000.0;;;;2024;so realizado;Financials;Cielo
71.476.527/0001-35;CONSTRUTORA TENDA S.A.;Diretoria Estatutária;2011;;0.0;;;;0.0;;;;0.0;;;;2014;so realizado;RealEstate;Tenda
71.476.527/0001-35;CONSTRUTORA TENDA S.A.;Conselho de Administração;2011;;0.0;;;;0.0;;;;0.0;;;;2014;so realizado;RealEstate;Tenda
71.476.527/0001-35;CONSTRUTORA TENDA S.A.;Conselho Fiscal;2011;;25600.0;;;;17153.0;;;;6530.0;;;;2014;so realizado;RealEstate;Tenda
71.476.527/0001-35;CONSTRUTORA TENDA S.A.;Diretoria Estatutária;2012;;2190570.0;;;;1107641.0;;;;2190570.0;;;;2015;so realizado;RealEstate;Tenda
71.476.527/0001-35;CONSTRUTORA TENDA S.A.;Conselho de Administração;2012;;0.0;;;;0.0;;;;0.0;;;;2015;so realizado;RealEstate;Tenda
71.476.527/0001-35;CONSTRUTORA TENDA S.A.;Conselho Fiscal;2012;;38400.0;;;;17776.0;;;;7464.0;;;;2015;so realizado;RealEstate;Tenda
71.476.527/0001-35;CONSTRUTORA TENDA S.A.;Diretoria Estatutária;2013;;1578347.95;;;;1143256.98;;;;626459.04;;;;2016;so realizado;RealEstate;Tenda
71.476.527/0001-35;CONSTRUTORA TENDA S.A.;Conselho de Administração;2013;;0.0;;;;0.0;;;;0.0;;;;2016;so realizado;RealEstate;Tenda
71.476.527/0001-35;CONSTRUTORA TENDA S.A.;Conselho Fiscal;2013;;46080.0;;;;21868.8;;;;9763.2;;;;2016;so realizado;RealEstate;Tenda
71.476.527/0001-35;CONSTRUTORA TENDA S.A.;Diretoria Estatutária;2014;;4277921.22;;;;1565860.74;;;;999849.04;;;;2017;so realizado;RealEstate;Tenda
71.476.527/0001-35;CONSTRUTORA TENDA S.A.;Conselho de Administração;2014;;151588.8;;;;151588.8;;;;151588.8;;;;2017;so realizado;RealEstate;Tenda
71.476.527/0001-35;CONSTRUTORA TENDA S.A.;Conselho Fiscal;2014;;46080.0;;;;21691.84;;;;10425.6;;;;2017;so realizado;RealEstate;Tenda
71.476.527/0001-35;CONSTRUTORA TENDA S.A.;Diretoria Estatutária;2015;;2776877.0;;;;1000943.0;;;;593502.0;;;;2018;so realizado;RealEstate;Tenda
71.476.527/0001-35;CONSTRUTORA TENDA S.A.;Conselho de Administração;2015;;151505.0;;;;146729.0;;;;151505.0;;;;2018;so realizado;RealEstate;Tenda
71.476.527/0001-35;CONSTRUTORA TENDA S.A.;Conselho Fiscal;2015;;46080.0;;;;22924.0;;;;11347.2;;;;2018;so realizado;RealEstate;Tenda
71.476.527/0001-35;CONSTRUTORA TENDA S.A.;Diretoria Estatutária;2016;;2649023.0;;;;1326855.0;;;;643853.0;;;;2019;so realizado;RealEstate;Tenda
71.476.527/0001-35;CONSTRUTORA TENDA S.A.;Conselho de Administração;2016;;152004.0;;;;154614.0;;;;152004.0;;;;2019;so realizado;RealEstate;Tenda
71.476.527/0001-35;CONSTRUTORA TENDA S.A.;Conselho Fiscal;2016;;46080.0;;;;23808.0;;;;12672.0;;;;2019;so realizado;RealEstate;Tenda
71.476.527/0001-35;CONSTRUTORA TENDA S.A.;Diretoria Estatutária;2017;;3074553.0;;;;1388781.0;;;;780430.0;;;;2020;so realizado;RealEstate;Tenda
71.476.527/0001-35;CONSTRUTORA TENDA S.A.;Conselho de Administração;2017;;200040.0;;;;230638.0;;;;200040.0;;;;2020;so realizado;RealEstate;Tenda
71.476.527/0001-35;CONSTRUTORA TENDA S.A.;Conselho Fiscal;2017;;0.0;;;;24355.0;;;;0.0;;;;2020;so realizado;RealEstate;Tenda
71.476.527/0001-35;CONSTRUTORA TENDA S.A.;Diretoria Estatutária;2018;;7933860.0;;;;2337034.0;;;;623749.0;;;;2021;so realizado;RealEstate;Tenda
71.476.527/0001-35;CONSTRUTORA TENDA S.A.;Conselho de Administração;2018;;878833.0;;;;705155.0;;;;644884.0;;;;2021;so realizado;RealEstate;Tenda
71.476.527/0001-35;CONSTRUTORA TENDA S.A.;Conselho Fiscal;2018;;0.0;;;;68343.0;;;;0.0;;;;2021;so realizado;RealEstate;Tenda
71.476.527/0001-35;CONSTRUTORA TENDA S.A.;Diretoria Estatutária;2019;;5755277.0;;;;1782777.0;;;;944234.0;;;;2022;so realizado;RealEstate;Tenda
71.476.527/0001-35;CONSTRUTORA TENDA S.A.;Conselho de Administração;2019;;1013272.0;;;;815791.0;;;;723765.0;;;;2022;so realizado;RealEstate;Tenda
71.476.527/0001-35;CONSTRUTORA TENDA S.A.;Conselho Fiscal;2019;;58614.0;;;;58614.0;;;;58614.0;;;;2022;so realizado;RealEstate;Tenda
71.476.527/0001-35;CONSTRUTORA TENDA S.A.;Diretoria Estatutária;2020;;6612220.0;;;;1709010.0;;;;467273.0;;;;2023;so realizado;RealEstate;Tenda
71.476.527/0001-35;CONSTRUTORA TENDA S.A.;Conselho de Administração;2020;;867294.0;;;;638687.0;;;;619507.0;;;;2023;so realizado;RealEstate;Tenda
71.476.527/0001-35;CONSTRUTORA TENDA S.A.;Conselho Fiscal;2020;;62279.0;;;;62279.0;;;;62279.0;;;;2023;so realizado;RealEstate;Tenda
71.476.527/0001-35;CONSTRUTORA TENDA S.A.;Diretoria Estatutária;2021;;4378198.0;;;;1018053.0;;;;424435.0;;;;2024;so realizado;RealEstate;Tenda
71.476.527/0001-35;CONSTRUTORA TENDA S.A.;Conselho de Administração;2021;;971428.0;;;;624641.0;;;;515714.0;;;;2024;so realizado;RealEstate;Tenda
71.476.527/0001-35;CONSTRUTORA TENDA S.A.;Conselho Fiscal;2021;;120000.0;;;;120000.0;;;;120000.0;;;;2024;so realizado;RealEstate;Tenda
71.476.527/0001-35;CONSTRUTORA TENDA S.A.;Diretoria Estatutária;2022;;6349737.0;;;;1844258.0;;;;1693104.0;;;;2025;so realizado;RealEstate;Tenda
71.476.527/0001-35;CONSTRUTORA TENDA S.A.;Conselho de Administração;2022;;1207296.0;;;;741312.28;;;;603648.0;;;;2025;so realizado;RealEstate;Tenda
71.476.527/0001-35;CONSTRUTORA TENDA S.A.;Conselho Fiscal;2022;;120000.0;;;;120000.0;;;;120000.0;;;;2025;so realizado;RealEstate;Tenda
71.476.527/0001-35;CONSTRUTORA TENDA S.A.;Diretoria Estatutária;2023;;5034863.0;;;;1312669.44;;;;1125875.0;;;;2026;so realizado;RealEstate;Tenda
71.476.527/0001-35;CONSTRUTORA TENDA S.A.;Conselho de Administração;2023;;826388.0;;;;475730.84;;;;413194.0;;;;2026;so realizado;RealEstate;Tenda
71.476.527/0001-35;CONSTRUTORA TENDA S.A.;Conselho Fiscal;2023;;120000.0;;;;120000.0;;;;120000.0;;;;2026;so realizado;RealEstate;Tenda
71.476.527/0001-35;CONSTRUTORA TENDA S.A.;Diretoria Estatutária;2024;;5128747.0;;;;2166446.57;;;;1012677.0;;;;2026;so realizado;RealEstate;Tenda
71.476.527/0001-35;CONSTRUTORA TENDA S.A.;Conselho de Administração;2024;;799903.0;;;;577150.23;;;;399951.0;;;;2026;so realizado;RealEstate;Tenda
71.476.527/0001-35;CONSTRUTORA TENDA S.A.;Conselho Fiscal;2024;;120000.0;;;;120000.0;;;;120000.0;;;;2026;so realizado;RealEstate;Tenda
71.476.527/0001-35;CONSTRUTORA TENDA S.A.;Diretoria Estatutária;2025;;4718933.8;;;;2069216.31;;;;1219227.56;;;;2026;so realizado;RealEstate;Tenda
71.476.527/0001-35;CONSTRUTORA TENDA S.A.;Conselho de Administração;2025;;1277688.56;;;;707586.95;;;;486212.99;;;;2026;so realizado;RealEstate;Tenda
71.476.527/0001-35;CONSTRUTORA TENDA S.A.;Conselho Fiscal;2025;;120000.0;;;;120000.0;;;;120000.0;;;;2026;so realizado;RealEstate;Tenda
02.429.144/0001-93;CPFL ENERGIA S.A.;Diretoria Estatutária;2015;;10186000.0;;;;2036000.0;;;;166000.0;;;;2018;so realizado;Utilities;CPFL
02.429.144/0001-93;CPFL ENERGIA S.A.;Conselho de Administração;2015;;428000.0;;;;282000.0;;;;257000.0;;;;2018;so realizado;Utilities;CPFL
02.429.144/0001-93;CPFL ENERGIA S.A.;Conselho Fiscal;2015;;173000.0;;;;173000.0;;;;173000.0;;;;2018;so realizado;Utilities;CPFL
02.429.144/0001-93;CPFL ENERGIA S.A.;Diretoria Estatutária;2016;;8808000.0;;;;3839000.0;;;;158000.0;;;;2019;so realizado;Utilities;CPFL
02.429.144/0001-93;CPFL ENERGIA S.A.;Conselho de Administração;2016;;467000.0;;;;304000.0;;;;280000.0;;;;2019;so realizado;Utilities;CPFL
02.429.144/0001-93;CPFL ENERGIA S.A.;Conselho Fiscal;2016;;188000.0;;;;193000.0;;;;188000.0;;;;2019;so realizado;Utilities;CPFL
02.429.144/0001-93;CPFL ENERGIA S.A.;Diretoria Estatutária;2017;;9701000.0;;;;4371000.0;;;;256000.0;;;;2020;so realizado;Utilities;CPFL
02.429.144/0001-93;CPFL ENERGIA S.A.;Conselho de Administração;2017;;272000.0;;;;289000.0;;;;272000.0;;;;2020;so realizado;Utilities;CPFL
02.429.144/0001-93;CPFL ENERGIA S.A.;Conselho Fiscal;2017;;135000.0;;;;194000.0;;;;135000.0;;;;2020;so realizado;Utilities;CPFL
02.429.144/0001-93;CPFL ENERGIA S.A.;Diretoria Estatutária;2018;;8280000.0;;;;3743000.0;;;;231000.0;;;;2021;so realizado;Utilities;CPFL
02.429.144/0001-93;CPFL ENERGIA S.A.;Conselho de Administração;2018;;308000.0;;;;307000.0;;;;306000.0;;;;2021;so realizado;Utilities;CPFL
02.429.144/0001-93;CPFL ENERGIA S.A.;Conselho Fiscal;2018;;206000.0;;;;169000.0;;;;77000.0;;;;2021;so realizado;Utilities;CPFL
02.429.144/0001-93;CPFL ENERGIA S.A.;Diretoria Estatutária;2019;;8484000.0;;;;4922000.0;;;;419000.0;;;;2022;so realizado;Utilities;CPFL
02.429.144/0001-93;CPFL ENERGIA S.A.;Conselho de Administração;2019;;310000.0;;;;256000.0;;;;166000.0;;;;2022;so realizado;Utilities;CPFL
02.429.144/0001-93;CPFL ENERGIA S.A.;Conselho Fiscal;2019;;152000.0;;;;111000.0;;;;67000.0;;;;2022;so realizado;Utilities;CPFL
02.429.144/0001-93;CPFL ENERGIA S.A.;Diretoria Estatutária;2020;;6849000.0;;;;2808000.0;;;;144000.0;;;;2023;so realizado;Utilities;CPFL
02.429.144/0001-93;CPFL ENERGIA S.A.;Conselho de Administração;2020;;274000.0;;;;237000.0;;;;163000.0;;;;2023;so realizado;Utilities;CPFL
02.429.144/0001-93;CPFL ENERGIA S.A.;Conselho Fiscal;2020;;185000.0;;;;152000.0;;;;17000.0;;;;2023;so realizado;Utilities;CPFL
02.429.144/0001-93;CPFL ENERGIA S.A.;Diretoria Estatutária;2021;;6740696.27;;;;3005850.0;;;;161387.31;;;;2024;so realizado;Utilities;CPFL
02.429.144/0001-93;CPFL ENERGIA S.A.;Conselho de Administração;2021;;354398.4;;;;314997.0;;;;131194.0;;;;2024;so realizado;Utilities;CPFL
02.429.144/0001-93;CPFL ENERGIA S.A.;Conselho Fiscal;2021;;134749.44;;;;140834.0;;;;62151.96;;;;2024;so realizado;Utilities;CPFL
02.429.144/0001-93;CPFL ENERGIA S.A.;Diretoria Estatutária;2022;;9379635.3;;;;4425503.0;;;;252127.08;;;;2025;so realizado;Utilities;CPFL
02.429.144/0001-93;CPFL ENERGIA S.A.;Conselho de Administração;2022;;392121.0;;;;392121.0;;;;392121.0;;;;2025;so realizado;Utilities;CPFL
02.429.144/0001-93;CPFL ENERGIA S.A.;Conselho Fiscal;2022;;197568.0;;;;172244.0;;;;146918.0;;;;2025;so realizado;Utilities;CPFL
02.429.144/0001-93;CPFL ENERGIA S.A.;Diretoria Estatutária;2023;;9198524.94;;;;4454632.6;;;;249205.42;;;;2026;so realizado;Utilities;CPFL
02.429.144/0001-93;CPFL ENERGIA S.A.;Conselho de Administração;2023;;415637.6;;;;415637.6;;;;415637.6;;;;2026;so realizado;Utilities;CPFL
02.429.144/0001-93;CPFL ENERGIA S.A.;Conselho Fiscal;2023;;155948.32;;;;179514.34;;;;83009.22;;;;2026;so realizado;Utilities;CPFL
02.429.144/0001-93;CPFL ENERGIA S.A.;Diretoria Estatutária;2024;;7984500.86;;;;3847024.43;;;;390559.61;;;;2026;so realizado;Utilities;CPFL
02.429.144/0001-93;CPFL ENERGIA S.A.;Conselho de Administração;2024;;421278.0;;;;421278.0;;;;421278.0;;;;2026;so realizado;Utilities;CPFL
02.429.144/0001-93;CPFL ENERGIA S.A.;Conselho Fiscal;2024;;158064.6;;;;181950.42;;;;137224.16;;;;2026;so realizado;Utilities;CPFL
02.429.144/0001-93;CPFL ENERGIA S.A.;Diretoria Estatutária;2025;;9421176.11;;;;4122043.42;;;;297249.24;;;;2026;so realizado;Utilities;CPFL
02.429.144/0001-93;CPFL ENERGIA S.A.;Conselho de Administração;2025;;447626.0;;;;447626.0;;;;447626.0;;;;2026;so realizado;Utilities;CPFL
02.429.144/0001-93;CPFL ENERGIA S.A.;Conselho Fiscal;2025;;213424.72;;;;188658.3;;;;163891.88;;;;2026;so realizado;Utilities;CPFL
73.178.600/0001-18;CYRELA BRAZIL REALTY S.A.EMPREEND E PART;Diretoria Estatutária;2009;;2205826.0;;;;1454833.0;;;;230633.0;;;;2010;so realizado;RealEstate;Cyrela
73.178.600/0001-18;CYRELA BRAZIL REALTY S.A.EMPREEND E PART;Conselho de Administração;2009;;132812.0;;;;122398.0;;;;109896.0;;;;2010;so realizado;RealEstate;Cyrela
73.178.600/0001-18;CYRELA BRAZIL REALTY S.A.EMPREEND E PART;Diretoria Estatutária;2010;;695248.0;;;;457664.0;;;;220080.0;;;;2013;so realizado;RealEstate;Cyrela
73.178.600/0001-18;CYRELA BRAZIL REALTY S.A.EMPREEND E PART;Conselho de Administração;2010;;660000.0;;;;397737.0;;;;135474.0;;;;2013;so realizado;RealEstate;Cyrela
73.178.600/0001-18;CYRELA BRAZIL REALTY S.A.EMPREEND E PART;Diretoria Estatutária;2011;;759208.0;;;;535612.0;;;;236236.0;;;;2014;so realizado;RealEstate;Cyrela
73.178.600/0001-18;CYRELA BRAZIL REALTY S.A.EMPREEND E PART;Conselho de Administração;2011;;154268.0;;;;151322.0;;;;144000.0;;;;2014;so realizado;RealEstate;Cyrela
73.178.600/0001-18;CYRELA BRAZIL REALTY S.A.EMPREEND E PART;Diretoria Estatutária;2012;;3502153.0;;;;2108987.0;;;;332729.0;;;;2015;so realizado;RealEstate;Cyrela
73.178.600/0001-18;CYRELA BRAZIL REALTY S.A.EMPREEND E PART;Conselho de Administração;2012;;859559.0;;;;445545.0;;;;105360.0;;;;2015;so realizado;RealEstate;Cyrela
73.178.600/0001-18;CYRELA BRAZIL REALTY S.A.EMPREEND E PART;Diretoria Estatutária;2013;;11558863.0;;;;4784772.0;;;;1065905.0;;;;2016;so realizado;RealEstate;Cyrela
73.178.600/0001-18;CYRELA BRAZIL REALTY S.A.EMPREEND E PART;Conselho de Administração;2013;;2055944.0;;;;1099770.0;;;;192000.0;;;;2016;so realizado;RealEstate;Cyrela
73.178.600/0001-18;CYRELA BRAZIL REALTY S.A.EMPREEND E PART;Diretoria Estatutária;2014;;4057821.91;;;;3688292.16;;;;545242.22;;;;2017;so realizado;RealEstate;Cyrela
73.178.600/0001-18;CYRELA BRAZIL REALTY S.A.EMPREEND E PART;Conselho de Administração;2014;;273465.0;;;;269033.14;;;;153600.0;;;;2017;so realizado;RealEstate;Cyrela
73.178.600/0001-18;CYRELA BRAZIL REALTY S.A.EMPREEND E PART;Diretoria Estatutária;2015;;3693531.0;;;;953094.41;;;;1334872.0;;;;2018;so realizado;RealEstate;Cyrela
73.178.600/0001-18;CYRELA BRAZIL REALTY S.A.EMPREEND E PART;Conselho de Administração;2015;;281749.0;;;;639167.6;;;;122151.0;;;;2018;so realizado;RealEstate;Cyrela
73.178.600/0001-18;CYRELA BRAZIL REALTY S.A.EMPREEND E PART;Diretoria Estatutária;2016;;3037024.0;;;;1810982.45;;;;658365.0;;;;2019;so realizado;RealEstate;Cyrela
73.178.600/0001-18;CYRELA BRAZIL REALTY S.A.EMPREEND E PART;Conselho de Administração;2016;;2824863.0;;;;767433.16;;;;236972.0;;;;2019;so realizado;RealEstate;Cyrela
73.178.600/0001-18;CYRELA BRAZIL REALTY S.A.EMPREEND E PART;Diretoria Estatutária;2017;;2287483.84;;;;1150121.74;;;;327671.91;;;;2020;so realizado;RealEstate;Cyrela
73.178.600/0001-18;CYRELA BRAZIL REALTY S.A.EMPREEND E PART;Conselho de Administração;2017;;3170262.45;;;;664698.08;;;;96092.0;;;;2020;so realizado;RealEstate;Cyrela
73.178.600/0001-18;CYRELA BRAZIL REALTY S.A.EMPREEND E PART;Diretoria Estatutária;2018;;1508401.0;;;;1141303.94;;;;272213.0;;;;2021;so realizado;RealEstate;Cyrela
73.178.600/0001-18;CYRELA BRAZIL REALTY S.A.EMPREEND E PART;Conselho de Administração;2018;;3351942.0;;;;746703.86;;;;243636.0;;;;2021;so realizado;RealEstate;Cyrela
73.178.600/0001-18;CYRELA BRAZIL REALTY S.A.EMPREEND E PART;Conselho Fiscal;2018;;38760.48;;;;38760.48;;;;38760.48;;;;2021;so realizado;RealEstate;Cyrela
73.178.600/0001-18;CYRELA BRAZIL REALTY S.A.EMPREEND E PART;Diretoria Estatutária;2019;;1400236.46;;;;934393.86;;;;550092.5;;;;2022;so realizado;RealEstate;Cyrela
73.178.600/0001-18;CYRELA BRAZIL REALTY S.A.EMPREEND E PART;Conselho de Administração;2019;;3300613.65;;;;680144.21;;;;204228.02;;;;2022;so realizado;RealEstate;Cyrela
73.178.600/0001-18;CYRELA BRAZIL REALTY S.A.EMPREEND E PART;Conselho Fiscal;2019;;48450.6;;;;48450.6;;;;48450.6;;;;2022;so realizado;RealEstate;Cyrela
73.178.600/0001-18;CYRELA BRAZIL REALTY S.A.EMPREEND E PART;Diretoria Estatutária;2020;;3684899.49;;;;1854768.87;;;;772181.66;;;;2023;so realizado;RealEstate;Cyrela
73.178.600/0001-18;CYRELA BRAZIL REALTY S.A.EMPREEND E PART;Conselho de Administração;2020;;3370701.0;;;;833170.01;;;;384533.28;;;;2023;so realizado;RealEstate;Cyrela
73.178.600/0001-18;CYRELA BRAZIL REALTY S.A.EMPREEND E PART;Conselho Fiscal;2020;;58140.72;;;;58140.72;;;;58140.72;;;;2023;so realizado;RealEstate;Cyrela
73.178.600/0001-18;CYRELA BRAZIL REALTY S.A.EMPREEND E PART;Diretoria Estatutária;2021;;5997385.0;;;;1854768.87;;;;982287.09;;;;2024;so realizado;RealEstate;Cyrela
73.178.600/0001-18;CYRELA BRAZIL REALTY S.A.EMPREEND E PART;Conselho de Administração;2021;;1589332.95;;;;478382.61;;;;216851.89;;;;2024;so realizado;RealEstate;Cyrela
73.178.600/0001-18;CYRELA BRAZIL REALTY S.A.EMPREEND E PART;Conselho Fiscal;2021;;48450.6;;;;48450.6;;;;48450.6;;;;2024;so realizado;RealEstate;Cyrela
73.178.600/0001-18;CYRELA BRAZIL REALTY S.A.EMPREEND E PART;Diretoria Estatutária;2022;;7622314.27;;;;3347046.65;;;;1163497.92;;;;2025;so realizado;RealEstate;Cyrela
73.178.600/0001-18;CYRELA BRAZIL REALTY S.A.EMPREEND E PART;Conselho de Administração;2022;;1623794.39;;;;505716.93;;;;324854.97;;;;2025;so realizado;RealEstate;Cyrela
73.178.600/0001-18;CYRELA BRAZIL REALTY S.A.EMPREEND E PART;Conselho Fiscal;2022;;24225.3;;;;24225.3;;;;24225.3;;;;2025;so realizado;RealEstate;Cyrela
73.178.600/0001-18;CYRELA BRAZIL REALTY S.A.EMPREEND E PART;Diretoria Estatutária;2023;;8546002.36;;;;4341353.03;;;;1604075.08;;;;2026;so realizado;RealEstate;Cyrela
73.178.600/0001-18;CYRELA BRAZIL REALTY S.A.EMPREEND E PART;Conselho de Administração;2023;;1825366.03;;;;537055.29;;;;276728.31;;;;2026;so realizado;RealEstate;Cyrela
73.178.600/0001-18;CYRELA BRAZIL REALTY S.A.EMPREEND E PART;Conselho Fiscal;2023;;48450.6;;;;48450.6;;;;48450.6;;;;2026;so realizado;RealEstate;Cyrela
73.178.600/0001-18;CYRELA BRAZIL REALTY S.A.EMPREEND E PART;Diretoria Estatutária;2024;;10096371.22;;;;4815663.2;;;;905268.62;;;;2026;so realizado;RealEstate;Cyrela
73.178.600/0001-18;CYRELA BRAZIL REALTY S.A.EMPREEND E PART;Conselho de Administração;2024;;2522536.96;;;;617812.4;;;;290772.34;;;;2026;so realizado;RealEstate;Cyrela
73.178.600/0001-18;CYRELA BRAZIL REALTY S.A.EMPREEND E PART;Conselho Fiscal;2024;;48450.6;;;;48450.6;;;;48450.6;;;;2026;so realizado;RealEstate;Cyrela
73.178.600/0001-18;CYRELA BRAZIL REALTY S.A.EMPREEND E PART;Diretoria Estatutária;2025;;10198124.29;;;;4646840.84;;;;1639819.61;;;;2026;so realizado;RealEstate;Cyrela
73.178.600/0001-18;CYRELA BRAZIL REALTY S.A.EMPREEND E PART;Conselho de Administração;2025;;2099600.87;;;;627000.62;;;;296781.08;;;;2026;so realizado;RealEstate;Cyrela
73.178.600/0001-18;CYRELA BRAZIL REALTY S.A.EMPREEND E PART;Conselho Fiscal;2025;;20187.75;;;;20187.75;;;;20187.75;;;;2026;so realizado;RealEstate;Cyrela
92.665.611/0001-77;DIMED S.A. DISTRIBUIDORA DE MEDICAMENTOS;Diretoria Estatutária;2007;;194643.36;;;;176728.67;;;;172250.0;;;;2010;so realizado;Retail;Panvel
92.665.611/0001-77;DIMED S.A. DISTRIBUIDORA DE MEDICAMENTOS;Conselho de Administração;2007;;22256.64;;;;22256.64;;;;22256.64;;;;2010;so realizado;Retail;Panvel
92.665.611/0001-77;DIMED S.A. DISTRIBUIDORA DE MEDICAMENTOS;Conselho Fiscal;2007;;18210.0;;;;18210.0;;;;18210.0;;;;2010;so realizado;Retail;Panvel
92.665.611/0001-77;DIMED S.A. DISTRIBUIDORA DE MEDICAMENTOS;Diretoria Estatutária;2008;;205743.36;;;;189948.67;;;;186000.0;;;;2011;so realizado;Retail;Panvel
92.665.611/0001-77;DIMED S.A. DISTRIBUIDORA DE MEDICAMENTOS;Conselho de Administração;2008;;22256.64;;;;22256.64;;;;22256.64;;;;2011;so realizado;Retail;Panvel
92.665.611/0001-77;DIMED S.A. DISTRIBUIDORA DE MEDICAMENTOS;Conselho Fiscal;2008;;19560.0;;;;19560.0;;;;19560.0;;;;2011;so realizado;Retail;Panvel
92.665.611/0001-77;DIMED S.A. DISTRIBUIDORA DE MEDICAMENTOS;Diretoria Estatutária;2009;;224844.0;;;;206248.8;;;;201600.0;;;;2012;so realizado;Retail;Panvel
92.665.611/0001-77;DIMED S.A. DISTRIBUIDORA DE MEDICAMENTOS;Conselho de Administração;2009;;22356.0;;;;22356.0;;;;22356.0;;;;2012;so realizado;Retail;Panvel
92.665.611/0001-77;DIMED S.A. DISTRIBUIDORA DE MEDICAMENTOS;Conselho Fiscal;2009;;21450.0;;;;21450.0;;;;21450.0;;;;2012;so realizado;Retail;Panvel
92.665.611/0001-77;DIMED S.A. DISTRIBUIDORA DE MEDICAMENTOS;Diretoria Estatutária;2010;;590144.0;;;;518494.0;;;;460392.0;;;;2013;so realizado;Retail;Panvel
92.665.611/0001-77;DIMED S.A. DISTRIBUIDORA DE MEDICAMENTOS;Conselho de Administração;2010;;60000.0;;;;38400.0;;;;31200.0;;;;2013;so realizado;Retail;Panvel
92.665.611/0001-77;DIMED S.A. DISTRIBUIDORA DE MEDICAMENTOS;Conselho Fiscal;2010;;52363.0;;;;52363.0;;;;52363.0;;;;2013;so realizado;Retail;Panvel
92.665.611/0001-77;DIMED S.A. DISTRIBUIDORA DE MEDICAMENTOS;Diretoria Estatutária;2011;;347232.0;;;;322658.0;;;;313376.0;;;;2014;so realizado;Retail;Panvel
92.665.611/0001-77;DIMED S.A. DISTRIBUIDORA DE MEDICAMENTOS;Conselho de Administração;2011;;96000.0;;;;49038.0;;;;33384.0;;;;2014;so realizado;Retail;Panvel
92.665.611/0001-77;DIMED S.A. DISTRIBUIDORA DE MEDICAMENTOS;Conselho Fiscal;2011;;31779.0;;;;31779.0;;;;31779.0;;;;2014;so realizado;Retail;Panvel
92.665.611/0001-77;DIMED S.A. DISTRIBUIDORA DE MEDICAMENTOS;Diretoria Estatutária;2012;;714992.48;;;;638953.11;;;;610104.88;;;;2015;so realizado;Retail;Panvel
92.665.611/0001-77;DIMED S.A. DISTRIBUIDORA DE MEDICAMENTOS;Conselho de Administração;2012;;97000.0;;;;51761.5;;;;36682.0;;;;2015;so realizado;Retail;Panvel
92.665.611/0001-77;DIMED S.A. DISTRIBUIDORA DE MEDICAMENTOS;Conselho Fiscal;2012;;65729.0;;;;65729.0;;;;65729.0;;;;2015;so realizado;Retail;Panvel
92.665.611/0001-77;DIMED S.A. DISTRIBUIDORA DE MEDICAMENTOS;Diretoria Estatutária;2013;;840432.0;;;;746497.98;;;;709144.0;;;;2016;so realizado;Retail;Panvel
92.665.611/0001-77;DIMED S.A. DISTRIBUIDORA DE MEDICAMENTOS;Conselho de Administração;2013;;97000.0;;;;53608.5;;;;39478.0;;;;2016;so realizado;Retail;Panvel
92.665.611/0001-77;DIMED S.A. DISTRIBUIDORA DE MEDICAMENTOS;Conselho Fiscal;2013;;76606.0;;;;76606.0;;;;76606.0;;;;2016;so realizado;Retail;Panvel
92.665.611/0001-77;DIMED S.A. DISTRIBUIDORA DE MEDICAMENTOS;Diretoria Estatutária;2014;;880039.76;;;;802187.91;;;;744347.48;;;;2017;so realizado;Retail;Panvel
92.665.611/0001-77;DIMED S.A. DISTRIBUIDORA DE MEDICAMENTOS;Conselho de Administração;2014;;91500.0;;;;48122.5;;;;33663.0;;;;2017;so realizado;Retail;Panvel
92.665.611/0001-77;DIMED S.A. DISTRIBUIDORA DE MEDICAMENTOS;Conselho Fiscal;2014;;72000.0;;;;72000.0;;;;72000.0;;;;2017;so realizado;Retail;Panvel
92.665.611/0001-77;DIMED S.A. DISTRIBUIDORA DE MEDICAMENTOS;Diretoria Estatutária;2015;;941921.56;;;;866363.0;;;;697719.68;;;;2018;so realizado;Retail;Panvel
92.665.611/0001-77;DIMED S.A. DISTRIBUIDORA DE MEDICAMENTOS;Conselho de Administração;2015;;98819.0;;;;51972.0;;;;78000.0;;;;2018;so realizado;Retail;Panvel
92.665.611/0001-77;DIMED S.A. DISTRIBUIDORA DE MEDICAMENTOS;Conselho Fiscal;2015;;77760.0;;;;77760.0;;;;77760.0;;;;2018;so realizado;Retail;Panvel
92.665.611/0001-77;DIMED S.A. DISTRIBUIDORA DE MEDICAMENTOS;Diretoria Estatutária;2016;;979890.8;;;;664437.65;;;;417672.0;;;;2019;so realizado;Retail;Panvel
92.665.611/0001-77;DIMED S.A. DISTRIBUIDORA DE MEDICAMENTOS;Conselho de Administração;2016;;823846.52;;;;307652.62;;;;78000.0;;;;2019;so realizado;Retail;Panvel
92.665.611/0001-77;DIMED S.A. DISTRIBUIDORA DE MEDICAMENTOS;Conselho Fiscal;2016;;24000.0;;;;24000.0;;;;24000.0;;;;2019;so realizado;Retail;Panvel
92.665.611/0001-77;DIMED S.A. DISTRIBUIDORA DE MEDICAMENTOS;Diretoria Estatutária;2017;;1944494.76;;;;1423115.55;;;;704223.0;;;;2020;so realizado;Retail;Panvel
92.665.611/0001-77;DIMED S.A. DISTRIBUIDORA DE MEDICAMENTOS;Conselho de Administração;2017;;2253776.0;;;;860535.1;;;;78000.0;;;;2020;so realizado;Retail;Panvel
92.665.611/0001-77;DIMED S.A. DISTRIBUIDORA DE MEDICAMENTOS;Diretoria Estatutária;2018;;2284343.62;;;;1398901.01;;;;822781.0;;;;2020;so realizado;Retail;Panvel
92.665.611/0001-77;DIMED S.A. DISTRIBUIDORA DE MEDICAMENTOS;Conselho de Administração;2018;;1555659.6;;;;629595.24;;;;78000.0;;;;2020;so realizado;Retail;Panvel
92.665.611/0001-77;DIMED S.A. DISTRIBUIDORA DE MEDICAMENTOS;Diretoria Estatutária;2019;;2630714.02;;;;1902041.3;;;;936958.0;;;;2022;so realizado;Retail;Panvel
92.665.611/0001-77;DIMED S.A. DISTRIBUIDORA DE MEDICAMENTOS;Conselho de Administração;2019;;1741992.92;;;;806127.52;;;;78000.0;;;;2022;so realizado;Retail;Panvel
92.665.611/0001-77;DIMED S.A. DISTRIBUIDORA DE MEDICAMENTOS;Diretoria Estatutária;2020;;3715452.71;;;;2428054.53;;;;1518870.84;;;;2023;so realizado;Retail;Panvel
92.665.611/0001-77;DIMED S.A. DISTRIBUIDORA DE MEDICAMENTOS;Conselho de Administração;2020;;948262.7;;;;506395.72;;;;180000.0;;;;2023;so realizado;Retail;Panvel
92.665.611/0001-77;DIMED S.A. DISTRIBUIDORA DE MEDICAMENTOS;Diretoria Estatutária;2021;;2560562.56;;;;1749325.45;;;;1195613.03;;;;2024;so realizado;Retail;Panvel
92.665.611/0001-77;DIMED S.A. DISTRIBUIDORA DE MEDICAMENTOS;Conselho de Administração;2021;;980598.32;;;;534409.63;;;;75000.0;;;;2024;so realizado;Retail;Panvel
92.665.611/0001-77;DIMED S.A. DISTRIBUIDORA DE MEDICAMENTOS;Diretoria Estatutária;2022;;4350023.62;;;;2639517.24;;;;1543594.15;;;;2025;so realizado;Retail;Panvel
92.665.611/0001-77;DIMED S.A. DISTRIBUIDORA DE MEDICAMENTOS;Conselho de Administração;2022;;1062239.0;;;;587601.0;;;;180000.0;;;;2025;so realizado;Retail;Panvel
92.665.611/0001-77;DIMED S.A. DISTRIBUIDORA DE MEDICAMENTOS;Diretoria Estatutária;2023;;5633834.75;;;;2708986.38;;;;298455.0;;;;2026;so realizado;Retail;Panvel
92.665.611/0001-77;DIMED S.A. DISTRIBUIDORA DE MEDICAMENTOS;Conselho de Administração;2023;;1160112.0;;;;634293.2;;;;150000.0;;;;2026;so realizado;Retail;Panvel
92.665.611/0001-77;DIMED S.A. DISTRIBUIDORA DE MEDICAMENTOS;Diretoria Estatutária;2024;;7262119.2;;;;4411016.39;;;;2501098.81;;;;2026;so realizado;Retail;Panvel
92.665.611/0001-77;DIMED S.A. DISTRIBUIDORA DE MEDICAMENTOS;Conselho de Administração;2024;;1227030.0;;;;657338.0;;;;180000.0;;;;2026;so realizado;Retail;Panvel
16.614.075/0001-00;DIRECIONAL ENGENHARIA S.A.;Diretoria Estatutária;2008;;0.0;;;;0.0;;;;0.0;;;;2010;so realizado;RealEstate;Direcional
16.614.075/0001-00;DIRECIONAL ENGENHARIA S.A.;Conselho Fiscal;2008;;0.0;;;;0.0;;;;0.0;;;;2010;so realizado;RealEstate;Direcional
16.614.075/0001-00;DIRECIONAL ENGENHARIA S.A.;Diretoria Estatutária;2009;;2320013.0;;;;1315590.1;;;;240000.0;;;;2012;so realizado;RealEstate;Direcional
16.614.075/0001-00;DIRECIONAL ENGENHARIA S.A.;Conselho de Administração;2009;;120000.0;;;;120000.0;;;;120000.0;;;;2012;so realizado;RealEstate;Direcional
16.614.075/0001-00;DIRECIONAL ENGENHARIA S.A.;Conselho Fiscal;2009;;0.0;;;;0.0;;;;0.0;;;;2012;so realizado;RealEstate;Direcional
16.614.075/0001-00;DIRECIONAL ENGENHARIA S.A.;Diretoria Estatutária;2010;;2880711.0;;;;1289448.0;;;;382000.0;;;;2013;so realizado;RealEstate;Direcional
16.614.075/0001-00;DIRECIONAL ENGENHARIA S.A.;Conselho de Administração;2010;;128030.0;;;;24044.86;;;;38540.0;;;;2013;so realizado;RealEstate;Direcional
16.614.075/0001-00;DIRECIONAL ENGENHARIA S.A.;Conselho Fiscal;2010;;0.0;;;;0.0;;;;0.0;;;;2013;so realizado;RealEstate;Direcional
16.614.075/0001-00;DIRECIONAL ENGENHARIA S.A.;Diretoria Estatutária;2011;;1980000.0;;;;1647248.4;;;;840000.0;;;;2014;so realizado;RealEstate;Direcional
16.614.075/0001-00;DIRECIONAL ENGENHARIA S.A.;Conselho de Administração;2011;;120000.0;;;;23931.43;;;;120000.0;;;;2014;so realizado;RealEstate;Direcional
16.614.075/0001-00;DIRECIONAL ENGENHARIA S.A.;Conselho Fiscal;2011;;0.0;;;;0.0;;;;0.0;;;;2014;so realizado;RealEstate;Direcional
16.614.075/0001-00;DIRECIONAL ENGENHARIA S.A.;Diretoria Estatutária;2012;;960859.0;;;;2089652.82;;;;389400.0;;;;2015;so realizado;RealEstate;Direcional
16.614.075/0001-00;DIRECIONAL ENGENHARIA S.A.;Conselho de Administração;2012;;190075.0;;;;104948.14;;;;108000.0;;;;2015;so realizado;RealEstate;Direcional
16.614.075/0001-00;DIRECIONAL ENGENHARIA S.A.;Conselho Fiscal;2012;;0.0;;;;0.0;;;;0.0;;;;2015;so realizado;RealEstate;Direcional
16.614.075/0001-00;DIRECIONAL ENGENHARIA S.A.;Diretoria Estatutária;2013;;2572360.44;;;;1233729.26;;;;413804.54;;;;2016;so realizado;RealEstate;Direcional
16.614.075/0001-00;DIRECIONAL ENGENHARIA S.A.;Conselho de Administração;2013;;144000.0;;;;141029.52;;;;134408.4;;;;2016;so realizado;RealEstate;Direcional
16.614.075/0001-00;DIRECIONAL ENGENHARIA S.A.;Conselho Fiscal;2013;;0.0;;;;0.0;;;;0.0;;;;2016;so realizado;RealEstate;Direcional
16.614.075/0001-00;DIRECIONAL ENGENHARIA S.A.;Diretoria Estatutária;2014;;1778606.4;;;;1036218.89;;;;472899.61;;;;2017;so realizado;RealEstate;Direcional
16.614.075/0001-00;DIRECIONAL ENGENHARIA S.A.;Conselho de Administração;2014;;234795.67;;;;161387.06;;;;140139.62;;;;2017;so realizado;RealEstate;Direcional
16.614.075/0001-00;DIRECIONAL ENGENHARIA S.A.;Conselho Fiscal;2014;;28799.5;;;;43199.25;;;;28799.5;;;;2017;so realizado;RealEstate;Direcional
16.614.075/0001-00;DIRECIONAL ENGENHARIA S.A.;Diretoria Estatutária;2015;;703052.21;;;;587531.25;;;;476252.21;;;;2018;so realizado;RealEstate;Direcional
16.614.075/0001-00;DIRECIONAL ENGENHARIA S.A.;Conselho de Administração;2015;;231739.1;;;;142684.8;;;;138739.2;;;;2018;so realizado;RealEstate;Direcional
16.614.075/0001-00;DIRECIONAL ENGENHARIA S.A.;Conselho Fiscal;2015;;43380.0;;;;43380.0;;;;43380.0;;;;2018;so realizado;RealEstate;Direcional
16.614.075/0001-00;DIRECIONAL ENGENHARIA S.A.;Diretoria Estatutária;2016;;583295.52;;;;516225.67;;;;481866.39;;;;2019;so realizado;RealEstate;Direcional
16.614.075/0001-00;DIRECIONAL ENGENHARIA S.A.;Conselho de Administração;2016;;220798.49;;;;158305.75;;;;138747.52;;;;2019;so realizado;RealEstate;Direcional
16.614.075/0001-00;DIRECIONAL ENGENHARIA S.A.;Conselho Fiscal;2016;;43385.4;;;;65075.1;;;;43379.4;;;;2019;so realizado;RealEstate;Direcional
16.614.075/0001-00;DIRECIONAL ENGENHARIA S.A.;Diretoria Estatutária;2017;;2607251.49;;;;1268024.88;;;;469232.5;;;;2020;so realizado;RealEstate;Direcional
16.614.075/0001-00;DIRECIONAL ENGENHARIA S.A.;Conselho de Administração;2017;;268854.76;;;;167924.41;;;;138734.28;;;;2020;so realizado;RealEstate;Direcional
16.614.075/0001-00;DIRECIONAL ENGENHARIA S.A.;Conselho Fiscal;2017;;43380.88;;;;43376.56;;;;43373.4;;;;2020;so realizado;RealEstate;Direcional
16.614.075/0001-00;DIRECIONAL ENGENHARIA S.A.;Diretoria Estatutária;2018;;1889925.79;;;;1046456.0;;;;488087.61;;;;2021;so realizado;RealEstate;Direcional
16.614.075/0001-00;DIRECIONAL ENGENHARIA S.A.;Conselho de Administração;2018;;221206.61;;;;132051.0;;;;138832.16;;;;2021;so realizado;RealEstate;Direcional
16.614.075/0001-00;DIRECIONAL ENGENHARIA S.A.;Conselho Fiscal;2018;;43385.4;;;;43385.4;;;;43385.4;;;;2021;so realizado;RealEstate;Direcional
16.614.075/0001-00;DIRECIONAL ENGENHARIA S.A.;Diretoria Estatutária;2019;;1561530.0;;;;1147259.07;;;;921815.07;;;;2022;so realizado;RealEstate;Direcional
16.614.075/0001-00;DIRECIONAL ENGENHARIA S.A.;Conselho de Administração;2019;;339318.52;;;;184788.63;;;;142684.16;;;;2022;so realizado;RealEstate;Direcional
16.614.075/0001-00;DIRECIONAL ENGENHARIA S.A.;Conselho Fiscal;2019;;43736.92;;;;43613.44;;;;43489.96;;;;2022;so realizado;RealEstate;Direcional
16.614.075/0001-00;DIRECIONAL ENGENHARIA S.A.;Diretoria Estatutária;2020;;1465036.91;;;;827506.7;;;;557235.3;;;;2023;so realizado;RealEstate;Direcional
16.614.075/0001-00;DIRECIONAL ENGENHARIA S.A.;Conselho de Administração;2020;;612494.2;;;;260991.37;;;;175996.7;;;;2023;so realizado;RealEstate;Direcional
16.614.075/0001-00;DIRECIONAL ENGENHARIA S.A.;Conselho Fiscal;2020;;47115.85;;;;47114.94;;;;47113.11;;;;2023;so realizado;RealEstate;Direcional
16.614.075/0001-00;DIRECIONAL ENGENHARIA S.A.;Diretoria Estatutária;2021;;1480748.09;;;;1092666.4;;;;851896.61;;;;2024;so realizado;RealEstate;Direcional
16.614.075/0001-00;DIRECIONAL ENGENHARIA S.A.;Conselho de Administração;2021;;986895.95;;;;397761.22;;;;240003.27;;;;2024;so realizado;RealEstate;Direcional
16.614.075/0001-00;DIRECIONAL ENGENHARIA S.A.;Conselho Fiscal;2021;;52362.87;;;;52361.04;;;;52358.93;;;;2024;so realizado;RealEstate;Direcional
16.614.075/0001-00;DIRECIONAL ENGENHARIA S.A.;Diretoria Estatutária;2022;;1401393.72;;;;956778.36;;;;753512.78;;;;2025;so realizado;RealEstate;Direcional
16.614.075/0001-00;DIRECIONAL ENGENHARIA S.A.;Conselho de Administração;2022;;905270.85;;;;380709.02;;;;240000.0;;;;2025;so realizado;RealEstate;Direcional
16.614.075/0001-00;DIRECIONAL ENGENHARIA S.A.;Conselho Fiscal;2022;;52358.16;;;;52358.16;;;;52358.16;;;;2025;so realizado;RealEstate;Direcional
16.614.075/0001-00;DIRECIONAL ENGENHARIA S.A.;Diretoria Estatutária;2023;;2231948.11;;;;1351123.96;;;;461192.41;;;;2026;so realizado;RealEstate;Direcional
16.614.075/0001-00;DIRECIONAL ENGENHARIA S.A.;Conselho de Administração;2023;;977755.7;;;;372959.28;;;;240000.0;;;;2026;so realizado;RealEstate;Direcional
16.614.075/0001-00;DIRECIONAL ENGENHARIA S.A.;Conselho Fiscal;2023;;52358.16;;;;52358.16;;;;52358.16;;;;2026;so realizado;RealEstate;Direcional
16.614.075/0001-00;DIRECIONAL ENGENHARIA S.A.;Diretoria Estatutária;2024;;4045765.26;;;;1726531.34;;;;940893.11;;;;2026;so realizado;RealEstate;Direcional
16.614.075/0001-00;DIRECIONAL ENGENHARIA S.A.;Conselho de Administração;2024;;1522499.67;;;;457083.28;;;;240000.0;;;;2026;so realizado;RealEstate;Direcional
16.614.075/0001-00;DIRECIONAL ENGENHARIA S.A.;Conselho Fiscal;2024;;52358.16;;;;52358.16;;;;52358.16;;;;2026;so realizado;RealEstate;Direcional
16.614.075/0001-00;DIRECIONAL ENGENHARIA S.A.;Diretoria Estatutária;2025;;6107035.47;;;;2676546.63;;;;1717401.02;;;;2026;so realizado;RealEstate;Direcional
16.614.075/0001-00;DIRECIONAL ENGENHARIA S.A.;Conselho de Administração;2025;;2894012.63;;;;682335.44;;;;240000.0;;;;2026;so realizado;RealEstate;Direcional
16.614.075/0001-00;DIRECIONAL ENGENHARIA S.A.;Conselho Fiscal;2025;;63640.83;;;;63640.83;;;;63640.83;;;;2026;so realizado;RealEstate;Direcional
06.626.253/0001-51;EMPREENDIMENTOS PAGUE MENOS S.A.;Diretoria Estatutária;2014;;480000.0;;;;251143.65;;;;166836.8;;;;2017;so realizado;Retail;Pague Menos
06.626.253/0001-51;EMPREENDIMENTOS PAGUE MENOS S.A.;Diretoria Estatutária;2015;;700000.0;;;;345784.19;;;;180183.73;;;;2018;so realizado;Retail;Pague Menos
06.626.253/0001-51;EMPREENDIMENTOS PAGUE MENOS S.A.;Conselho de Administração;2015;;96000.0;;;;96000.0;;;;0.0;;;;2018;so realizado;Retail;Pague Menos
06.626.253/0001-51;EMPREENDIMENTOS PAGUE MENOS S.A.;Diretoria Estatutária;2016;;684306.94;;;;551968.8;;;;328558.82;;;;2019;so realizado;Retail;Pague Menos
06.626.253/0001-51;EMPREENDIMENTOS PAGUE MENOS S.A.;Conselho de Administração;2016;;144000.0;;;;88000.0;;;;24000.0;;;;2018;so realizado;Retail;Pague Menos
06.626.253/0001-51;EMPREENDIMENTOS PAGUE MENOS S.A.;Diretoria Estatutária;2017;;1006264.0;;;;427778.0;;;;188369.0;;;;2020;so realizado;Retail;Pague Menos
06.626.253/0001-51;EMPREENDIMENTOS PAGUE MENOS S.A.;Conselho de Administração;2017;;96000.0;;;;68000.0;;;;48000.0;;;;2020;so realizado;Retail;Pague Menos
06.626.253/0001-51;EMPREENDIMENTOS PAGUE MENOS S.A.;Conselho Fiscal;2017;;0.0;;;;0.0;;;;0.0;;;;2020;so realizado;Retail;Pague Menos
06.626.253/0001-51;EMPREENDIMENTOS PAGUE MENOS S.A.;Diretoria Estatutária;2018;;1832949.0;;;;593766.0;;;;247147.0;;;;2021;so realizado;Retail;Pague Menos
06.626.253/0001-51;EMPREENDIMENTOS PAGUE MENOS S.A.;Conselho de Administração;2018;;180000.0;;;;150000.0;;;;120000.0;;;;2021;so realizado;Retail;Pague Menos
06.626.253/0001-51;EMPREENDIMENTOS PAGUE MENOS S.A.;Conselho Fiscal;2018;;0.0;;;;0.0;;;;0.0;;;;2021;so realizado;Retail;Pague Menos
06.626.253/0001-51;EMPREENDIMENTOS PAGUE MENOS S.A.;Diretoria Estatutária;2019;;1437595.0;;;;548412.0;;;;164764.0;;;;2022;so realizado;Retail;Pague Menos
06.626.253/0001-51;EMPREENDIMENTOS PAGUE MENOS S.A.;Conselho de Administração;2019;;180000.0;;;;180000.0;;;;180000.0;;;;2022;so realizado;Retail;Pague Menos
06.626.253/0001-51;EMPREENDIMENTOS PAGUE MENOS S.A.;Conselho Fiscal;2019;;0.0;;;;0.0;;;;0.0;;;;2022;so realizado;Retail;Pague Menos
06.626.253/0001-51;EMPREENDIMENTOS PAGUE MENOS S.A.;Diretoria Estatutária;2020;;5084249.0;;;;928664.0;;;;62845.0;;;;2023;so realizado;Retail;Pague Menos
06.626.253/0001-51;EMPREENDIMENTOS PAGUE MENOS S.A.;Conselho de Administração;2020;;180000.0;;;;180000.0;;;;180000.0;;;;2023;so realizado;Retail;Pague Menos
06.626.253/0001-51;EMPREENDIMENTOS PAGUE MENOS S.A.;Conselho Fiscal;2020;;0.0;;;;0.0;;;;0.0;;;;2022;so realizado;Retail;Pague Menos
06.626.253/0001-51;EMPREENDIMENTOS PAGUE MENOS S.A.;Diretoria Estatutária;2021;;3253115.0;;;;1569752.4;;;;905083.0;;;;2024;so realizado;Retail;Pague Menos
06.626.253/0001-51;EMPREENDIMENTOS PAGUE MENOS S.A.;Conselho de Administração;2021;;315000.0;;;;315000.0;;;;315000.0;;;;2024;so realizado;Retail;Pague Menos
06.626.253/0001-51;EMPREENDIMENTOS PAGUE MENOS S.A.;Conselho Fiscal;2021;;0.0;;;;0.0;;;;0.0;;;;2022;so realizado;Retail;Pague Menos
06.626.253/0001-51;EMPREENDIMENTOS PAGUE MENOS S.A.;Diretoria Estatutária;2022;;4360442.0;;;;2026098.99;;;;637333.0;;;;2025;so realizado;Retail;Pague Menos
06.626.253/0001-51;EMPREENDIMENTOS PAGUE MENOS S.A.;Conselho de Administração;2022;;378000.0;;;;378000.0;;;;378000.0;;;;2025;so realizado;Retail;Pague Menos
06.626.253/0001-51;EMPREENDIMENTOS PAGUE MENOS S.A.;Diretoria Estatutária;2023;;3765043.9;;;;2043915.72;;;;1126474.19;;;;2026;so realizado;Retail;Pague Menos
06.626.253/0001-51;EMPREENDIMENTOS PAGUE MENOS S.A.;Conselho de Administração;2023;;393750.0;;;;391250.0;;;;240000.0;;;;2026;so realizado;Retail;Pague Menos
06.626.253/0001-51;EMPREENDIMENTOS PAGUE MENOS S.A.;Diretoria Estatutária;2024;;5563243.75;;;;2942462.38;;;;1741991.66;;;;2026;so realizado;Retail;Pague Menos
06.626.253/0001-51;EMPREENDIMENTOS PAGUE MENOS S.A.;Conselho de Administração;2024;;480000.0;;;;559002.02;;;;45006.0;;;;2026;so realizado;Retail;Pague Menos
06.626.253/0001-51;EMPREENDIMENTOS PAGUE MENOS S.A.;Diretoria Estatutária;2025;;13141801.0;;;;4735467.0;;;;2129443.0;;;;2026;so realizado;Retail;Pague Menos
06.626.253/0001-51;EMPREENDIMENTOS PAGUE MENOS S.A.;Conselho de Administração;2025;;504000.0;;;;480000.0;;;;90000.0;;;;2026;so realizado;Retail;Pague Menos
00.864.214/0001-06;ENERGISA S.A.;Diretoria Estatutária;2007;;727479.0;;;;508554.39;;;;173485.26;;;;2010;so realizado;Utilities;Energisa
00.864.214/0001-06;ENERGISA S.A.;Conselho de Administração;2007;;731792.11;;;;222719.49;;;;17061.92;;;;2010;so realizado;Utilities;Energisa
00.864.214/0001-06;ENERGISA S.A.;Diretoria Estatutária;2008;;64533.02;;;;51175.67;;;;42130.89;;;;2011;so realizado;Utilities;Energisa
00.864.214/0001-06;ENERGISA S.A.;Conselho de Administração;2008;;174437.49;;;;54183.32;;;;13009.28;;;;2011;so realizado;Utilities;Energisa
00.864.214/0001-06;ENERGISA S.A.;Diretoria Estatutária;2009;;49651.7;;;;29996.92;;;;11383.62;;;;2012;so realizado;Utilities;Energisa
00.864.214/0001-06;ENERGISA S.A.;Conselho de Administração;2009;;49851.22;;;;27637.42;;;;12286.99;;;;2012;so realizado;Utilities;Energisa
00.864.214/0001-06;ENERGISA S.A.;Diretoria Estatutária;2010;;49955.68;;;;31298.15;;;;15630.79;;;;2013;so realizado;Utilities;Energisa
00.864.214/0001-06;ENERGISA S.A.;Conselho de Administração;2010;;59465.55;;;;37394.92;;;;14805.12;;;;2013;so realizado;Utilities;Energisa
00.864.214/0001-06;ENERGISA S.A.;Diretoria Estatutária;2011;;53141.65;;;;33388.61;;;;16896.08;;;;2014;so realizado;Utilities;Energisa
00.864.214/0001-06;ENERGISA S.A.;Conselho de Administração;2011;;59237.95;;;;46987.16;;;;15593.95;;;;2014;so realizado;Utilities;Energisa
00.864.214/0001-06;ENERGISA S.A.;Diretoria Estatutária;2012;;58343.05;;;;35973.84;;;;17921.29;;;;2015;so realizado;Utilities;Energisa
00.864.214/0001-06;ENERGISA S.A.;Conselho de Administração;2012;;59237.95;;;;48163.14;;;;15887.09;;;;2015;so realizado;Utilities;Energisa
00.864.214/0001-06;ENERGISA S.A.;Diretoria Estatutária;2013;;77534.18;;;;65089.81;;;;15754.21;;;;2016;so realizado;Utilities;Energisa
00.864.214/0001-06;ENERGISA S.A.;Conselho de Administração;2013;;87173.22;;;;61117.05;;;;5452.27;;;;2016;so realizado;Utilities;Energisa
00.864.214/0001-06;ENERGISA S.A.;Diretoria Estatutária;2014;;75500.76;;;;66100.68;;;;27268.79;;;;2017;so realizado;Utilities;Energisa
00.864.214/0001-06;ENERGISA S.A.;Conselho de Administração;2014;;235047.89;;;;81163.28;;;;12845.04;;;;2017;so realizado;Utilities;Energisa
00.864.214/0001-06;ENERGISA S.A.;Diretoria Estatutária;2015;;91758.65;;;;63005.02;;;;32757.07;;;;2018;so realizado;Utilities;Energisa
00.864.214/0001-06;ENERGISA S.A.;Conselho de Administração;2015;;170843.47;;;;111823.03;;;;11344.94;;;;2018;so realizado;Utilities;Energisa
00.864.214/0001-06;ENERGISA S.A.;Diretoria Estatutária;2016;;99216.6;;;;78913.6;;;;34932.36;;;;2019;so realizado;Utilities;Energisa
00.864.214/0001-06;ENERGISA S.A.;Conselho de Administração;2016;;229860.8;;;;138658.99;;;;45516.4;;;;2019;so realizado;Utilities;Energisa
00.864.214/0001-06;ENERGISA S.A.;Diretoria Estatutária;2017;;2784833.76;;;;665308.02;;;;39878.57;;;;2020;so realizado;Utilities;Energisa
00.864.214/0001-06;ENERGISA S.A.;Conselho de Administração;2017;;294888.54;;;;157410.25;;;;74604.66;;;;2020;so realizado;Utilities;Energisa
00.864.214/0001-06;ENERGISA S.A.;Diretoria Estatutária;2018;;4777088.81;;;;1056444.41;;;;38203.71;;;;2021;so realizado;Utilities;Energisa
00.864.214/0001-06;ENERGISA S.A.;Conselho de Administração;2018;;220904.78;;;;129268.53;;;;66798.91;;;;2021;so realizado;Utilities;Energisa
00.864.214/0001-06;ENERGISA S.A.;Conselho Fiscal;2018;;0.0;;;;0.0;;;;0.0;;;;2021;so realizado;Utilities;Energisa
00.864.214/0001-06;ENERGISA S.A.;Diretoria Estatutária;2019;;4517818.24;;;;1134236.65;;;;24594.71;;;;2022;so realizado;Utilities;Energisa
00.864.214/0001-06;ENERGISA S.A.;Conselho de Administração;2019;;235496.98;;;;106551.14;;;;68728.34;;;;2022;so realizado;Utilities;Energisa
00.864.214/0001-06;ENERGISA S.A.;Conselho Fiscal;2019;;26460.0;;;;26460.0;;;;26460.0;;;;2022;so realizado;Utilities;Energisa
00.864.214/0001-06;ENERGISA S.A.;Diretoria Estatutária;2020;;5448263.82;;;;1159731.54;;;;56490.56;;;;2023;so realizado;Utilities;Energisa
00.864.214/0001-06;ENERGISA S.A.;Conselho de Administração;2020;;238671.54;;;;100848.88;;;;54127.67;;;;2023;so realizado;Utilities;Energisa
00.864.214/0001-06;ENERGISA S.A.;Conselho Fiscal;2020;;24726.06;;;;24745.09;;;;24726.06;;;;2023;so realizado;Utilities;Energisa
00.864.214/0001-06;ENERGISA S.A.;Diretoria Estatutária;2021;;6331134.83;;;;1313058.94;;;;62407.67;;;;2024;so realizado;Utilities;Energisa
00.864.214/0001-06;ENERGISA S.A.;Conselho de Administração;2021;;238671.54;;;;158618.48;;;;27766.08;;;;2024;so realizado;Utilities;Energisa
00.864.214/0001-06;ENERGISA S.A.;Conselho Fiscal;2021;;56686.64;;;;56686.64;;;;56686.64;;;;2024;so realizado;Utilities;Energisa
00.864.214/0001-06;ENERGISA S.A.;Diretoria Estatutária;2022;;7094394.15;;;;1485107.55;;;;70652.36;;;;2025;so realizado;Utilities;Energisa
00.864.214/0001-06;ENERGISA S.A.;Conselho de Administração;2022;;277200.0;;;;235160.97;;;;14080.0;;;;2025;so realizado;Utilities;Energisa
00.864.214/0001-06;ENERGISA S.A.;Conselho Fiscal;2022;;75953.74;;;;75953.74;;;;75953.74;;;;2025;so realizado;Utilities;Energisa
00.864.214/0001-06;ENERGISA S.A.;Diretoria Estatutária;2023;;6193600.12;;;;1299983.5;;;;47162.54;;;;2026;so realizado;Utilities;Energisa
00.864.214/0001-06;ENERGISA S.A.;Conselho de Administração;2023;;436260.0;;;;323049.26;;;;14520.0;;;;2026;so realizado;Utilities;Energisa
00.864.214/0001-06;ENERGISA S.A.;Conselho Fiscal;2023;;68865.25;;;;68865.25;;;;68865.25;;;;2026;so realizado;Utilities;Energisa
00.864.214/0001-06;ENERGISA S.A.;Diretoria Estatutária;2024;;5627351.41;;;;1197593.73;;;;64897.32;;;;2026;so realizado;Utilities;Energisa
00.864.214/0001-06;ENERGISA S.A.;Conselho de Administração;2024;;37506000.0;;;;477763.35;;;;105020.0;;;;2026;so realizado;Utilities;Energisa
00.864.214/0001-06;ENERGISA S.A.;Conselho Fiscal;2024;;88240.59;;;;88240.59;;;;88240.59;;;;2026;so realizado;Utilities;Energisa
00.864.214/0001-06;ENERGISA S.A.;Diretoria Estatutária;2025;;3155022.38;;;;687619.33;;;;53167.77;;;;2026;so realizado;Utilities;Energisa
00.864.214/0001-06;ENERGISA S.A.;Conselho de Administração;2025;;685162.0;;;;572288.9;;;;236064.9;;;;2026;so realizado;Utilities;Energisa
00.864.214/0001-06;ENERGISA S.A.;Conselho Fiscal;2025;;29702.12;;;;29702.12;;;;29702.12;;;;2026;so realizado;Utilities;Energisa
04.423.567/0001-21;ENEVA S.A;Diretoria Estatutária;2009;;10122428.92;;;;5134780.79;;;;6026427.06;;;;2010;so realizado;Utilities;Eneva
04.423.567/0001-21;ENEVA S.A;Conselho de Administração;2009;;6854183.2;;;;1766074.35;;;;48000.0;;;;2010;so realizado;Utilities;Eneva
04.423.567/0001-21;ENEVA S.A;Diretoria Estatutária;2010;;10154436.92;;;;5497874.36;;;;5218405.88;;;;2013;so realizado;Utilities;Eneva
04.423.567/0001-21;ENEVA S.A;Conselho de Administração;2010;;6854183.2;;;;1972841.2;;;;51000.0;;;;2013;so realizado;Utilities;Eneva
04.423.567/0001-21;ENEVA S.A;Diretoria Estatutária;2011;;10447472.0;;;;6448673.0;;;;5403587.0;;;;2014;so realizado;Utilities;Eneva
04.423.567/0001-21;ENEVA S.A;Conselho de Administração;2011;;4567588.0;;;;1111668.0;;;;151623.0;;;;2014;so realizado;Utilities;Eneva
04.423.567/0001-21;ENEVA S.A;Conselho Fiscal;2011;;23249.0;;;;23249.0;;;;23249.0;;;;2014;so realizado;Utilities;Eneva
04.423.567/0001-21;ENEVA S.A;Diretoria Estatutária;2012;;7629279.0;;;;4772899.0;;;;4011041.0;;;;2015;so realizado;Utilities;Eneva
04.423.567/0001-21;ENEVA S.A;Conselho de Administração;2012;;3112108.0;;;;602710.0;;;;70000.0;;;;2015;so realizado;Utilities;Eneva
04.423.567/0001-21;ENEVA S.A;Conselho Fiscal;2012;;29801.0;;;;29801.0;;;;29801.0;;;;2015;so realizado;Utilities;Eneva
04.423.567/0001-21;ENEVA S.A;Diretoria Estatutária;2013;;15933138.0;;;;13451453.0;;;;15933138.0;;;;2016;so realizado;Utilities;Eneva
04.423.567/0001-21;ENEVA S.A;Conselho de Administração;2013;;61888.0;;;;65692.0;;;;49500.0;;;;2016;so realizado;Utilities;Eneva
04.423.567/0001-21;ENEVA S.A;Conselho Fiscal;2013;;0.0;;;;0.0;;;;0.0;;;;2016;so realizado;Utilities;Eneva
04.423.567/0001-21;ENEVA S.A;Diretoria Estatutária;2014;;4010152.44;;;;3323944.25;;;;44847.74;;;;2017;so realizado;Utilities;Eneva
04.423.567/0001-21;ENEVA S.A;Conselho de Administração;2014;;240000.0;;;;217877.09;;;;180000.0;;;;2017;so realizado;Utilities;Eneva
04.423.567/0001-21;ENEVA S.A;Conselho Fiscal;2014;;0.0;;;;0.0;;;;0.0;;;;2017;so realizado;Utilities;Eneva
04.423.567/0001-21;ENEVA S.A;Diretoria Estatutária;2015;;7616994.23;;;;7087446.42;;;;7080397.71;;;;2018;so realizado;Utilities;Eneva
04.423.567/0001-21;ENEVA S.A;Conselho de Administração;2015;;21115514.0;;;;7528463.2;;;;471600.0;;;;2018;so realizado;Utilities;Eneva
04.423.567/0001-21;ENEVA S.A;Conselho Fiscal;2015;;38400.0;;;;38400.0;;;;38400.0;;;;2018;so realizado;Utilities;Eneva
04.423.567/0001-21;ENEVA S.A;Diretoria Estatutária;2016;;4700508.0;;;;3681663.0;;;;2662818.0;;;;2019;so realizado;Utilities;Eneva
04.423.567/0001-21;ENEVA S.A;Conselho de Administração;2016;;2447400.0;;;;1406549.93;;;;33000.0;;;;2019;so realizado;Utilities;Eneva
04.423.567/0001-21;ENEVA S.A;Conselho Fiscal;2016;;182400.0;;;;182400.0;;;;182400.0;;;;2019;so realizado;Utilities;Eneva
04.423.567/0001-21;ENEVA S.A;Diretoria Estatutária;2017;;12897534.0;;;;7569476.9;;;;936848.0;;;;2020;so realizado;Utilities;Eneva
04.423.567/0001-21;ENEVA S.A;Conselho de Administração;2017;;662400.0;;;;587971.26;;;;403600.0;;;;2020;so realizado;Utilities;Eneva
04.423.567/0001-21;ENEVA S.A;Conselho Fiscal;2017;;0.0;;;;0.0;;;;0.0;;;;2020;so realizado;Utilities;Eneva
04.423.567/0001-21;ENEVA S.A;Diretoria Estatutária;2018;;4833026.0;;;;3336272.35;;;;381252.0;;;;2021;so realizado;Utilities;Eneva
04.423.567/0001-21;ENEVA S.A;Conselho de Administração;2018;;1296000.0;;;;643606.9;;;;316800.0;;;;2021;so realizado;Utilities;Eneva
04.423.567/0001-21;ENEVA S.A;Conselho Fiscal;2018;;0.0;;;;0.0;;;;0.0;;;;2021;so realizado;Utilities;Eneva
04.423.567/0001-21;ENEVA S.A;Diretoria Estatutária;2019;;14882056.0;;;;8720668.96;;;;1975578.0;;;;2022;so realizado;Utilities;Eneva
04.423.567/0001-21;ENEVA S.A;Conselho de Administração;2019;;8214098.27;;;;1629589.79;;;;475200.0;;;;2022;so realizado;Utilities;Eneva
04.423.567/0001-21;ENEVA S.A;Conselho Fiscal;2019;;0.0;;;;0.0;;;;0.0;;;;2022;so realizado;Utilities;Eneva
04.423.567/0001-21;ENEVA S.A;Diretoria Estatutária;2020;;17852746.91;;;;7524640.99;;;;1749073.64;;;;2023;so realizado;Utilities;Eneva
04.423.567/0001-21;ENEVA S.A;Conselho de Administração;2020;;34977241.66;;;;5365320.24;;;;396000.0;;;;2023;so realizado;Utilities;Eneva
04.423.567/0001-21;ENEVA S.A;Conselho Fiscal;2020;;0.0;;;;0.0;;;;0.0;;;;2023;so realizado;Utilities;Eneva
04.423.567/0001-21;ENEVA S.A;Diretoria Estatutária;2021;;52719896.1;;;;23402619.5;;;;1798322.59;;;;2024;so realizado;Utilities;Eneva
04.423.567/0001-21;ENEVA S.A;Conselho de Administração;2021;;720000.0;;;;451285.71;;;;99000.0;;;;2024;so realizado;Utilities;Eneva
04.423.567/0001-21;ENEVA S.A;Conselho Fiscal;2021;;0.0;;;;0.0;;;;0.0;;;;2024;so realizado;Utilities;Eneva
04.423.567/0001-21;ENEVA S.A;Diretoria Estatutária;2022;;55347020.95;;;;25946591.12;;;;3462313.24;;;;2025;so realizado;Utilities;Eneva
04.423.567/0001-21;ENEVA S.A;Conselho de Administração;2022;;860000.0;;;;551428.57;;;;500000.0;;;;2025;so realizado;Utilities;Eneva
04.423.567/0001-21;ENEVA S.A;Conselho Fiscal;2022;;0.0;;;;0.0;;;;0.0;;;;2025;so realizado;Utilities;Eneva
04.423.567/0001-21;ENEVA S.A;Diretoria Estatutária;2023;;9244440.48;;;;7661849.97;;;;3340396.13;;;;2026;so realizado;Utilities;Eneva
04.423.567/0001-21;ENEVA S.A;Conselho de Administração;2023;;1125250.0;;;;699050.0;;;;580000.0;;;;2026;so realizado;Utilities;Eneva
04.423.567/0001-21;ENEVA S.A;Conselho Fiscal;2023;;0.0;;;;0.0;;;;0.0;;;;2026;so realizado;Utilities;Eneva
04.423.567/0001-21;ENEVA S.A;Diretoria Estatutária;2024;;9228394.88;;;;7352807.53;;;;4439687.25;;;;2026;so realizado;Utilities;Eneva
04.423.567/0001-21;ENEVA S.A;Conselho de Administração;2024;;1504132.41;;;;740243.25;;;;612924.38;;;;2026;so realizado;Utilities;Eneva
04.423.567/0001-21;ENEVA S.A;Conselho Fiscal;2024;;0.0;;;;0.0;;;;0.0;;;;2026;so realizado;Utilities;Eneva
04.423.567/0001-21;ENEVA S.A;Diretoria Estatutária;2025;;11148589.05;;;;7958946.81;;;;5642988.56;;;;2026;so realizado;Utilities;Eneva
04.423.567/0001-21;ENEVA S.A;Conselho de Administração;2025;;1240538.19;;;;870487.04;;;;641364.0;;;;2026;so realizado;Utilities;Eneva
04.423.567/0001-21;ENEVA S.A;Conselho Fiscal;2025;;0.0;;;;0.0;;;;0.0;;;;2026;so realizado;Utilities;Eneva
03.220.438/0001-73;EQUATORIAL S.A.;Diretoria Estatutária;2009;;5448000.0;;;;1839200.0;;;;779000.0;;;;2012;so realizado;Utilities;Equatorial
03.220.438/0001-73;EQUATORIAL S.A.;Conselho de Administração;2009;;203000.0;;;;153714.0;;;;144000.0;;;;2012;so realizado;Utilities;Equatorial
03.220.438/0001-73;EQUATORIAL S.A.;Conselho Fiscal;2009;;50333.0;;;;50333.0;;;;50333.0;;;;2012;so realizado;Utilities;Equatorial
03.220.438/0001-73;EQUATORIAL S.A.;Diretoria Estatutária;2010;;4385000.0;;;;1874891.0;;;;778000.0;;;;2013;so realizado;Utilities;Equatorial
03.220.438/0001-73;EQUATORIAL S.A.;Conselho de Administração;2010;;484023.0;;;;200142.86;;;;144000.0;;;;2013;so realizado;Utilities;Equatorial
03.220.438/0001-73;EQUATORIAL S.A.;Conselho Fiscal;2010;;50333.0;;;;50333.0;;;;50333.0;;;;2013;so realizado;Utilities;Equatorial
03.220.438/0001-73;EQUATORIAL S.A.;Diretoria Estatutária;2011;;2157000.0;;;;1165500.0;;;;164000.0;;;;2014;so realizado;Utilities;Equatorial
03.220.438/0001-73;EQUATORIAL S.A.;Conselho de Administração;2011;;164000.0;;;;146857.14;;;;144000.0;;;;2014;so realizado;Utilities;Equatorial
03.220.438/0001-73;EQUATORIAL S.A.;Conselho Fiscal;2011;;50000.0;;;;50333.33;;;;50000.0;;;;2014;so realizado;Utilities;Equatorial
03.220.438/0001-73;EQUATORIAL S.A.;Diretoria Estatutária;2012;;2079000.0;;;;1573750.0;;;;168000.0;;;;2015;so realizado;Utilities;Equatorial
03.220.438/0001-73;EQUATORIAL S.A.;Conselho de Administração;2012;;198000.0;;;;197857.14;;;;198000.0;;;;2015;so realizado;Utilities;Equatorial
03.220.438/0001-73;EQUATORIAL S.A.;Conselho Fiscal;2012;;69000.0;;;;69333.33;;;;69000.0;;;;2015;so realizado;Utilities;Equatorial
03.220.438/0001-73;EQUATORIAL S.A.;Diretoria Estatutária;2013;;2391000.0;;;;1148571.43;;;;144000.0;;;;2016;so realizado;Utilities;Equatorial
03.220.438/0001-73;EQUATORIAL S.A.;Conselho de Administração;2013;;216000.0;;;;216000.0;;;;216000.0;;;;2016;so realizado;Utilities;Equatorial
03.220.438/0001-73;EQUATORIAL S.A.;Conselho Fiscal;2013;;75666.67;;;;75666.67;;;;75666.67;;;;2016;so realizado;Utilities;Equatorial
03.220.438/0001-73;EQUATORIAL S.A.;Diretoria Estatutária;2014;;2075000.0;;;;1225000.0;;;;60000.0;;;;2017;so realizado;Utilities;Equatorial
03.220.438/0001-73;EQUATORIAL S.A.;Conselho de Administração;2014;;200000.0;;;;200000.0;;;;200000.0;;;;2017;so realizado;Utilities;Equatorial
03.220.438/0001-73;EQUATORIAL S.A.;Conselho Fiscal;2014;;76000.0;;;;76000.0;;;;76000.0;;;;2017;so realizado;Utilities;Equatorial
03.220.438/0001-73;EQUATORIAL S.A.;Diretoria Estatutária;2015;;2882000.0;;;;2038000.0;;;;200000.0;;;;2018;so realizado;Utilities;Equatorial
03.220.438/0001-73;EQUATORIAL S.A.;Conselho de Administração;2015;;240000.0;;;;226000.0;;;;53000.0;;;;2018;so realizado;Utilities;Equatorial
03.220.438/0001-73;EQUATORIAL S.A.;Conselho Fiscal;2015;;73000.0;;;;73000.0;;;;73000.0;;;;2018;so realizado;Utilities;Equatorial
03.220.438/0001-73;EQUATORIAL S.A.;Diretoria Estatutária;2016;;4794150.5;;;;3381835.5;;;;275000.0;;;;2019;so realizado;Utilities;Equatorial
03.220.438/0001-73;EQUATORIAL S.A.;Conselho de Administração;2016;;2971000.0;;;;377390.0;;;;180000.0;;;;2019;so realizado;Utilities;Equatorial
03.220.438/0001-73;EQUATORIAL S.A.;Conselho Fiscal;2016;;73066.67;;;;73066.67;;;;73066.67;;;;2019;so realizado;Utilities;Equatorial
03.220.438/0001-73;EQUATORIAL S.A.;Diretoria Estatutária;2017;;3458386.61;;;;2653104.18;;;;1143770.0;;;;2020;so realizado;Utilities;Equatorial
03.220.438/0001-73;EQUATORIAL S.A.;Conselho de Administração;2017;;2940428.04;;;;712805.55;;;;180000.0;;;;2020;so realizado;Utilities;Equatorial
03.220.438/0001-73;EQUATORIAL S.A.;Conselho Fiscal;2017;;72000.0;;;;72000.0;;;;72000.0;;;;2020;so realizado;Utilities;Equatorial
03.220.438/0001-73;EQUATORIAL S.A.;Diretoria Estatutária;2018;;3571725.02;;;;2190564.33;;;;1908117.53;;;;2021;so realizado;Utilities;Equatorial
03.220.438/0001-73;EQUATORIAL S.A.;Conselho de Administração;2018;;2534398.26;;;;516342.61;;;;180000.0;;;;2021;so realizado;Utilities;Equatorial
03.220.438/0001-73;EQUATORIAL S.A.;Conselho Fiscal;2018;;72000.0;;;;72000.0;;;;72000.0;;;;2021;so realizado;Utilities;Equatorial
03.220.438/0001-73;EQUATORIAL S.A.;Diretoria Estatutária;2019;;5435929.0;;;;3227313.46;;;;1310221.0;;;;2022;so realizado;Utilities;Equatorial
03.220.438/0001-73;EQUATORIAL S.A.;Conselho de Administração;2019;;1105434.0;;;;297856.8;;;;216000.0;;;;2022;so realizado;Utilities;Equatorial
03.220.438/0001-73;EQUATORIAL S.A.;Conselho Fiscal;2019;;72000.0;;;;72000.0;;;;72000.0;;;;2022;so realizado;Utilities;Equatorial
03.220.438/0001-73;EQUATORIAL S.A.;Diretoria Estatutária;2020;;5522966.22;;;;6048485.24;;;;1024516.0;;;;2023;so realizado;Utilities;Equatorial
03.220.438/0001-73;EQUATORIAL S.A.;Conselho de Administração;2020;;1433136.42;;;;682430.91;;;;418677.54;;;;2023;so realizado;Utilities;Equatorial
03.220.438/0001-73;EQUATORIAL S.A.;Conselho Fiscal;2020;;130000.0;;;;130000.0;;;;130000.0;;;;2023;so realizado;Utilities;Equatorial
03.220.438/0001-73;EQUATORIAL S.A.;Diretoria Estatutária;2021;;6119862.16;;;;6119862.16;;;;6119862.16;;;;2024;so realizado;Utilities;Equatorial
03.220.438/0001-73;EQUATORIAL S.A.;Conselho de Administração;2021;;1468405.26;;;;697667.99;;;;540000.0;;;;2024;so realizado;Utilities;Equatorial
03.220.438/0001-73;EQUATORIAL S.A.;Conselho Fiscal;2021;;144000.0;;;;144000.0;;;;144000.0;;;;2024;so realizado;Utilities;Equatorial
03.220.438/0001-73;EQUATORIAL S.A.;Diretoria Estatutária;2022;;11739284.21;;;;11739284.21;;;;11739284.21;;;;2025;so realizado;Utilities;Equatorial
03.220.438/0001-73;EQUATORIAL S.A.;Conselho de Administração;2022;;1484039.91;;;;680621.52;;;;240000.0;;;;2025;so realizado;Utilities;Equatorial
03.220.438/0001-73;EQUATORIAL S.A.;Conselho Fiscal;2022;;144000.0;;;;144000.0;;;;144000.0;;;;2025;so realizado;Utilities;Equatorial
03.220.438/0001-73;EQUATORIAL S.A.;Diretoria Estatutária;2023;;17673208.98;;;;15287489.92;;;;17673208.98;;;;2026;so realizado;Utilities;Equatorial
03.220.438/0001-73;EQUATORIAL S.A.;Conselho de Administração;2023;;3168770.6;;;;1023000.21;;;;660000.0;;;;2026;so realizado;Utilities;Equatorial
03.220.438/0001-73;EQUATORIAL S.A.;Conselho Fiscal;2023;;144000.0;;;;144000.0;;;;144000.0;;;;2026;so realizado;Utilities;Equatorial
03.220.438/0001-73;EQUATORIAL S.A.;Diretoria Estatutária;2024;;19651404.29;;;;9719462.99;;;;2854079.28;;;;2026;so realizado;Utilities;Equatorial
03.220.438/0001-73;EQUATORIAL S.A.;Conselho de Administração;2024;;16477627.68;;;;3399807.95;;;;720000.0;;;;2026;so realizado;Utilities;Equatorial
03.220.438/0001-73;EQUATORIAL S.A.;Conselho Fiscal;2024;;144776.25;;;;144258.75;;;;144000.0;;;;2026;so realizado;Utilities;Equatorial
03.220.438/0001-73;EQUATORIAL S.A.;Diretoria Estatutária;2025;;30999733.79;;;;11109472.16;;;;685111.44;;;;2026;so realizado;Utilities;Equatorial
03.220.438/0001-73;EQUATORIAL S.A.;Conselho de Administração;2025;;4251790.1;;;;1466572.22;;;;745000.0;;;;2026;so realizado;Utilities;Equatorial
03.220.438/0001-73;EQUATORIAL S.A.;Conselho Fiscal;2025;;159000.0;;;;159000.0;;;;159000.0;;;;2026;so realizado;Utilities;Equatorial
33.611.500/0001-19;GERDAU S.A.;Diretoria Estatutária;2015;;621344.24;;;;306493.54;;;;83043.03;;;;2018;so realizado;Metals;Gerdau
33.611.500/0001-19;GERDAU S.A.;Conselho de Administração;2015;;995028.6;;;;1064845.91;;;;681825.32;;;;2018;so realizado;Metals;Gerdau
33.611.500/0001-19;GERDAU S.A.;Conselho Fiscal;2015;;266976.0;;;;164891.08;;;;133488.0;;;;2018;so realizado;Metals;Gerdau
33.611.500/0001-19;GERDAU S.A.;Diretoria Estatutária;2016;;445499.0;;;;282685.0;;;;119648.0;;;;2019;so realizado;Metals;Gerdau
33.611.500/0001-19;GERDAU S.A.;Conselho de Administração;2016;;1158233.0;;;;774011.0;;;;488856.0;;;;2019;so realizado;Metals;Gerdau
33.611.500/0001-19;GERDAU S.A.;Conselho Fiscal;2016;;270864.0;;;;162518.0;;;;135432.0;;;;2019;so realizado;Metals;Gerdau
33.611.500/0001-19;GERDAU S.A.;Diretoria Estatutária;2017;;422294.0;;;;217824.0;;;;52150.0;;;;2020;so realizado;Metals;Gerdau
33.611.500/0001-19;GERDAU S.A.;Conselho de Administração;2017;;849010.0;;;;620221.0;;;;531398.0;;;;2020;so realizado;Metals;Gerdau
33.611.500/0001-19;GERDAU S.A.;Conselho Fiscal;2017;;282288.0;;;;166253.0;;;;141144.0;;;;2020;so realizado;Metals;Gerdau
33.611.500/0001-19;GERDAU S.A.;Diretoria Estatutária;2018;;4574904.0;;;;2363273.0;;;;1181957.0;;;;2021;so realizado;Metals;Gerdau
33.611.500/0001-19;GERDAU S.A.;Conselho de Administração;2018;;9029427.0;;;;3648189.0;;;;519421.0;;;;2021;so realizado;Metals;Gerdau
33.611.500/0001-19;GERDAU S.A.;Conselho Fiscal;2018;;293760.0;;;;186415.0;;;;146880.0;;;;2021;so realizado;Metals;Gerdau
33.611.500/0001-19;GERDAU S.A.;Diretoria Estatutária;2019;;4585691.0;;;;3255257.0;;;;1251375.0;;;;2022;so realizado;Metals;Gerdau
33.611.500/0001-19;GERDAU S.A.;Conselho de Administração;2019;;8491693.0;;;;3279190.0;;;;615719.0;;;;2022;so realizado;Metals;Gerdau
33.611.500/0001-19;GERDAU S.A.;Conselho Fiscal;2019;;306528.0;;;;204352.0;;;;153264.0;;;;2022;so realizado;Metals;Gerdau
33.611.500/0001-19;GERDAU S.A.;Diretoria Estatutária;2020;;8364168.0;;;;4350527.0;;;;1156787.0;;;;2023;so realizado;Metals;Gerdau
33.611.500/0001-19;GERDAU S.A.;Conselho de Administração;2020;;10545919.0;;;;3836486.0;;;;549881.0;;;;2023;so realizado;Metals;Gerdau
33.611.500/0001-19;GERDAU S.A.;Conselho Fiscal;2020;;292008.0;;;;194672.0;;;;146004.0;;;;2023;so realizado;Metals;Gerdau
33.611.500/0001-19;GERDAU S.A.;Diretoria Estatutária;2021;;9360145.0;;;;5377776.0;;;;1515738.0;;;;2024;so realizado;Metals;Gerdau
33.611.500/0001-19;GERDAU S.A.;Conselho de Administração;2021;;4990864.0;;;;2694351.0;;;;573554.0;;;;2024;so realizado;Metals;Gerdau
33.611.500/0001-19;GERDAU S.A.;Conselho Fiscal;2021;;246584.0;;;;167509.0;;;;127972.0;;;;2024;so realizado;Metals;Gerdau
33.611.500/0001-19;GERDAU S.A.;Diretoria Estatutária;2022;;8001933.0;;;;4041190.0;;;;454201.0;;;;2025;so realizado;Metals;Gerdau
33.611.500/0001-19;GERDAU S.A.;Conselho de Administração;2022;;5174090.0;;;;2957772.0;;;;485992.0;;;;2025;so realizado;Metals;Gerdau
33.611.500/0001-19;GERDAU S.A.;Conselho Fiscal;2022;;272520.0;;;;186627.0;;;;143680.0;;;;2025;so realizado;Metals;Gerdau
33.611.500/0001-19;GERDAU S.A.;Diretoria Estatutária;2023;;9078744.0;;;;4699787.0;;;;652274.0;;;;2026;so realizado;Metals;Gerdau
33.611.500/0001-19;GERDAU S.A.;Conselho de Administração;2023;;6296694.0;;;;3397812.0;;;;587952.0;;;;2026;so realizado;Metals;Gerdau
33.611.500/0001-19;GERDAU S.A.;Conselho Fiscal;2023;;289160.0;;;;198093.0;;;;152560.0;;;;2026;so realizado;Metals;Gerdau
33.611.500/0001-19;GERDAU S.A.;Diretoria Estatutária;2024;;9963952.0;;;;4803512.0;;;;1048063.0;;;;2026;so realizado;Metals;Gerdau
33.611.500/0001-19;GERDAU S.A.;Conselho de Administração;2024;;5504448.0;;;;3097176.0;;;;680728.0;;;;2026;so realizado;Metals;Gerdau
33.611.500/0001-19;GERDAU S.A.;Conselho Fiscal;2024;;298080.0;;;;205653.0;;;;298080.0;;;;2026;so realizado;Metals;Gerdau
33.611.500/0001-19;GERDAU S.A.;Diretoria Estatutária;2025;;10058933.0;;;;4690879.0;;;;1298286.0;;;;2026;so realizado;Metals;Gerdau
33.611.500/0001-19;GERDAU S.A.;Conselho de Administração;2025;;5754463.0;;;;3629824.0;;;;775669.0;;;;2026;so realizado;Metals;Gerdau
33.611.500/0001-19;GERDAU S.A.;Conselho Fiscal;2025;;253840.0;;;;211360.0;;;;167040.0;;;;2026;so realizado;Metals;Gerdau
09.229.201/0001-30;GPS PARTICIPAÇÕES E EMPREENDIMENTOS S.A.;Diretoria Estatutária;2018;;110432.94;;;;106261.55;;;;102422.88;;;;2021;so realizado;Industrials;GPS
09.229.201/0001-30;GPS PARTICIPAÇÕES E EMPREENDIMENTOS S.A.;Conselho de Administração;2018;;104160.0;;;;104160.0;;;;104160.0;;;;2021;so realizado;Industrials;GPS
09.229.201/0001-30;GPS PARTICIPAÇÕES E EMPREENDIMENTOS S.A.;Conselho Fiscal;2018;;0.0;;;;0.0;;;;0.0;;;;2021;so realizado;Industrials;GPS
09.229.201/0001-30;GPS PARTICIPAÇÕES E EMPREENDIMENTOS S.A.;Diretoria Estatutária;2019;;15758600.82;;;;7036072.5;;;;1994220.59;;;;2022;so realizado;Industrials;GPS
09.229.201/0001-30;GPS PARTICIPAÇÕES E EMPREENDIMENTOS S.A.;Conselho de Administração;2019;;104160.0;;;;104160.0;;;;104160.0;;;;2022;so realizado;Industrials;GPS
09.229.201/0001-30;GPS PARTICIPAÇÕES E EMPREENDIMENTOS S.A.;Conselho Fiscal;2019;;0.0;;;;0.0;;;;0.0;;;;2022;so realizado;Industrials;GPS
09.229.201/0001-30;GPS PARTICIPAÇÕES E EMPREENDIMENTOS S.A.;Diretoria Estatutária;2020;;25010408.96;;;;10728177.91;;;;2589808.18;;;;2023;so realizado;Industrials;GPS
09.229.201/0001-30;GPS PARTICIPAÇÕES E EMPREENDIMENTOS S.A.;Conselho de Administração;2020;;104160.0;;;;104160.0;;;;104160.0;;;;2023;so realizado;Industrials;GPS
09.229.201/0001-30;GPS PARTICIPAÇÕES E EMPREENDIMENTOS S.A.;Conselho Fiscal;2020;;0.0;;;;0.0;;;;0.0;;;;2023;so realizado;Industrials;GPS
09.229.201/0001-30;GPS PARTICIPAÇÕES E EMPREENDIMENTOS S.A.;Diretoria Estatutária;2021;;27852425.0;;;;11007632.0;;;;1548120.0;;;;2024;so realizado;Industrials;GPS
09.229.201/0001-30;GPS PARTICIPAÇÕES E EMPREENDIMENTOS S.A.;Conselho de Administração;2021;;237860.0;;;;179820.0;;;;145800.0;;;;2024;so realizado;Industrials;GPS
09.229.201/0001-30;GPS PARTICIPAÇÕES E EMPREENDIMENTOS S.A.;Conselho Fiscal;2021;;0.0;;;;0.0;;;;0.0;;;;2024;so realizado;Industrials;GPS
09.229.201/0001-30;GPS PARTICIPAÇÕES E EMPREENDIMENTOS S.A.;Diretoria Estatutária;2022;;28192710.0;;;;11856085.0;;;;1883098.0;;;;2025;so realizado;Industrials;GPS
09.229.201/0001-30;GPS PARTICIPAÇÕES E EMPREENDIMENTOS S.A.;Conselho de Administração;2022;;311622.0;;;;260262.0;;;;234582.0;;;;2025;so realizado;Industrials;GPS
09.229.201/0001-30;GPS PARTICIPAÇÕES E EMPREENDIMENTOS S.A.;Conselho Fiscal;2022;;0.0;;;;0.0;;;;0.0;;;;2025;so realizado;Industrials;GPS
09.229.201/0001-30;GPS PARTICIPAÇÕES E EMPREENDIMENTOS S.A.;Diretoria Estatutária;2023;;37185615.0;;;;14632981.0;;;;2337658.0;;;;2025;so realizado;Industrials;GPS
09.229.201/0001-30;GPS PARTICIPAÇÕES E EMPREENDIMENTOS S.A.;Conselho de Administração;2023;;352639.0;;;;320273.0;;;;266000.0;;;;2026;so realizado;Industrials;GPS
09.229.201/0001-30;GPS PARTICIPAÇÕES E EMPREENDIMENTOS S.A.;Conselho Fiscal;2023;;165360.0;;;;165360.0;;;;165360.0;;;;2026;so realizado;Industrials;GPS
09.229.201/0001-30;GPS PARTICIPAÇÕES E EMPREENDIMENTOS S.A.;Diretoria Estatutária;2024;;30425929.0;;;;12873763.0;;;;2563382.0;;;;2026;so realizado;Industrials;GPS
09.229.201/0001-30;GPS PARTICIPAÇÕES E EMPREENDIMENTOS S.A.;Conselho de Administração;2024;;444960.0;;;;395520.0;;;;370800.0;;;;2026;so realizado;Industrials;GPS
09.229.201/0001-30;GPS PARTICIPAÇÕES E EMPREENDIMENTOS S.A.;Conselho Fiscal;2024;;0.0;;;;0.0;;;;0.0;;;;2026;so realizado;Industrials;GPS
09.229.201/0001-30;GPS PARTICIPAÇÕES E EMPREENDIMENTOS S.A.;Diretoria Estatutária;2025;;25928342.0;;;;11550807.0;;;;2447639.0;;;;2026;so realizado;Industrials;GPS
09.229.201/0001-30;GPS PARTICIPAÇÕES E EMPREENDIMENTOS S.A.;Conselho de Administração;2025;;465592.0;;;;438569.0;;;;387994.0;;;;2026;so realizado;Industrials;GPS
09.229.201/0001-30;GPS PARTICIPAÇÕES E EMPREENDIMENTOS S.A.;Conselho Fiscal;2025;;147982.0;;;;147982.0;;;;147982.0;;;;2026;so realizado;Industrials;GPS
24.990.777/0001-09;GRUPO MATEUS S.A.;Diretoria Estatutária;2017;;14870.0;;;;14870.0;;;;14870.0;;;;2020;so realizado;Retail;Grupo Mateus
24.990.777/0001-09;GRUPO MATEUS S.A.;Conselho de Administração;2017;;0.0;;;;0.0;;;;0.0;;;;2020;so realizado;Retail;Grupo Mateus
24.990.777/0001-09;GRUPO MATEUS S.A.;Conselho Fiscal;2017;;0.0;;;;0.0;;;;0.0;;;;2020;so realizado;Retail;Grupo Mateus
24.990.777/0001-09;GRUPO MATEUS S.A.;Diretoria Estatutária;2018;;16218.82;;;;16218.82;;;;16218.82;;;;2021;so realizado;Retail;Grupo Mateus
24.990.777/0001-09;GRUPO MATEUS S.A.;Conselho de Administração;2018;;0.0;;;;0.0;;;;0.0;;;;2021;so realizado;Retail;Grupo Mateus
24.990.777/0001-09;GRUPO MATEUS S.A.;Conselho Fiscal;2018;;0.0;;;;0.0;;;;0.0;;;;2021;so realizado;Retail;Grupo Mateus
24.990.777/0001-09;GRUPO MATEUS S.A.;Diretoria Estatutária;2019;;18547.02;;;;17073.51;;;;15600.0;;;;2022;so realizado;Retail;Grupo Mateus
24.990.777/0001-09;GRUPO MATEUS S.A.;Conselho de Administração;2019;;0.0;;;;0.0;;;;0.0;;;;2022;so realizado;Retail;Grupo Mateus
24.990.777/0001-09;GRUPO MATEUS S.A.;Conselho Fiscal;2019;;0.0;;;;0.0;;;;0.0;;;;2022;so realizado;Retail;Grupo Mateus
24.990.777/0001-09;GRUPO MATEUS S.A.;Diretoria Estatutária;2020;;94713.6;;;;62343.57;;;;42263.02;;;;2023;so realizado;Retail;Grupo Mateus
24.990.777/0001-09;GRUPO MATEUS S.A.;Conselho de Administração;2020;;76108.0;;;;52278.25;;;;35000.0;;;;2023;so realizado;Retail;Grupo Mateus
24.990.777/0001-09;GRUPO MATEUS S.A.;Conselho Fiscal;2020;;0.0;;;;0.0;;;;0.0;;;;2022;so realizado;Retail;Grupo Mateus
24.990.777/0001-09;GRUPO MATEUS S.A.;Diretoria Estatutária;2021;;1136563.2;;;;748122.8;;;;507156.24;;;;2024;so realizado;Retail;Grupo Mateus
24.990.777/0001-09;GRUPO MATEUS S.A.;Conselho de Administração;2021;;913296.0;;;;1150922.72;;;;420000.0;;;;2024;so realizado;Retail;Grupo Mateus
24.990.777/0001-09;GRUPO MATEUS S.A.;Conselho Fiscal;2021;;21951.05;;;;21951.05;;;;21951.05;;;;2024;so realizado;Retail;Grupo Mateus
24.990.777/0001-09;GRUPO MATEUS S.A.;Diretoria Estatutária;2022;;2019147.44;;;;1742575.74;;;;769819.69;;;;2025;so realizado;Retail;Grupo Mateus
24.990.777/0001-09;GRUPO MATEUS S.A.;Conselho de Administração;2022;;2694502.57;;;;1191387.23;;;;420000.0;;;;2025;so realizado;Retail;Grupo Mateus
24.990.777/0001-09;GRUPO MATEUS S.A.;Conselho Fiscal;2022;;36961.19;;;;36961.19;;;;36961.19;;;;2025;so realizado;Retail;Grupo Mateus
24.990.777/0001-09;GRUPO MATEUS S.A.;Diretoria Estatutária;2023;;11832219.18;;;;10091831.05;;;;1286414.13;;;;2026;so realizado;Retail;Grupo Mateus
24.990.777/0001-09;GRUPO MATEUS S.A.;Conselho de Administração;2023;;1136563.2;;;;683348.6;;;;420000.0;;;;2026;so realizado;Retail;Grupo Mateus
24.990.777/0001-09;GRUPO MATEUS S.A.;Conselho Fiscal;2023;;149902.33;;;;149902.33;;;;149902.33;;;;2026;so realizado;Retail;Grupo Mateus
24.990.777/0001-09;GRUPO MATEUS S.A.;Diretoria Estatutária;2024;;17452016.45;;;;10196259.77;;;;2374878.85;;;;2026;so realizado;Retail;Grupo Mateus
24.990.777/0001-09;GRUPO MATEUS S.A.;Conselho de Administração;2024;;1136563.2;;;;800121.35;;;;488000.0;;;;2026;so realizado;Retail;Grupo Mateus
24.990.777/0001-09;GRUPO MATEUS S.A.;Conselho Fiscal;2024;;198134.4;;;;198134.4;;;;198134.4;;;;2026;so realizado;Retail;Grupo Mateus
24.990.777/0001-09;GRUPO MATEUS S.A.;Diretoria Estatutária;2025;;19879214.52;;;;13044299.89;;;;1368440.56;;;;2026;so realizado;Retail;Grupo Mateus
24.990.777/0001-09;GRUPO MATEUS S.A.;Conselho de Administração;2025;;1136563.2;;;;825640.8;;;;522000.0;;;;2026;so realizado;Retail;Grupo Mateus
24.990.777/0001-09;GRUPO MATEUS S.A.;Conselho Fiscal;2025;;198134.4;;;;198134.4;;;;198134.4;;;;2026;so realizado;Retail;Grupo Mateus
08.402.943/0001-52;GUARARAPES CONFECCOES S.A.;Diretoria Estatutária;2007;;961000.0;;;;955000.0;;;;931000.0;;;;2010;so realizado;Retail;Guararapes
08.402.943/0001-52;GUARARAPES CONFECCOES S.A.;Conselho de Administração;2007;;961000.0;;;;511000.0;;;;96000.0;;;;2010;so realizado;Retail;Guararapes
08.402.943/0001-52;GUARARAPES CONFECCOES S.A.;Conselho Fiscal;2007;;82000.0;;;;82000.0;;;;82000.0;;;;2010;so realizado;Retail;Guararapes
08.402.943/0001-52;GUARARAPES CONFECCOES S.A.;Diretoria Estatutária;2008;;891000.0;;;;886000.0;;;;867000.0;;;;2011;so realizado;Retail;Guararapes
08.402.943/0001-52;GUARARAPES CONFECCOES S.A.;Conselho de Administração;2008;;891000.0;;;;475000.0;;;;89000.0;;;;2011;so realizado;Retail;Guararapes
08.402.943/0001-52;GUARARAPES CONFECCOES S.A.;Conselho Fiscal;2008;;82000.0;;;;82000.0;;;;82000.0;;;;2011;so realizado;Retail;Guararapes
08.402.943/0001-52;GUARARAPES CONFECCOES S.A.;Diretoria Estatutária;2009;;895000.0;;;;889000.0;;;;870000.0;;;;2012;so realizado;Retail;Guararapes
08.402.943/0001-52;GUARARAPES CONFECCOES S.A.;Conselho de Administração;2009;;895000.0;;;;555000.0;;;;326000.0;;;;2012;so realizado;Retail;Guararapes
08.402.943/0001-52;GUARARAPES CONFECCOES S.A.;Conselho Fiscal;2009;;82000.0;;;;82000.0;;;;82000.0;;;;2012;so realizado;Retail;Guararapes
08.402.943/0001-52;GUARARAPES CONFECCOES S.A.;Diretoria Estatutária;2010;;978672.0;;;;991480.47;;;;951552.0;;;;2013;so realizado;Retail;Guararapes
08.402.943/0001-52;GUARARAPES CONFECCOES S.A.;Conselho de Administração;2010;;530400.0;;;;530400.0;;;;530400.0;;;;2013;so realizado;Retail;Guararapes
08.402.943/0001-52;GUARARAPES CONFECCOES S.A.;Conselho Fiscal;2010;;90360.0;;;;90360.0;;;;90360.0;;;;2013;so realizado;Retail;Guararapes
08.402.943/0001-52;GUARARAPES CONFECCOES S.A.;Diretoria Estatutária;2011;;979224.75;;;;992814.57;;;;952104.02;;;;2014;so realizado;Retail;Guararapes
08.402.943/0001-52;GUARARAPES CONFECCOES S.A.;Conselho de Administração;2011;;530949.1;;;;530949.1;;;;530949.1;;;;2014;so realizado;Retail;Guararapes
08.402.943/0001-52;GUARARAPES CONFECCOES S.A.;Conselho Fiscal;2011;;90480.0;;;;90480.0;;;;90480.0;;;;2014;so realizado;Retail;Guararapes
08.402.943/0001-52;GUARARAPES CONFECCOES S.A.;Diretoria Estatutária;2012;;1068509.54;;;;1058647.48;;;;1038923.36;;;;2015;so realizado;Retail;Guararapes
08.402.943/0001-52;GUARARAPES CONFECCOES S.A.;Conselho de Administração;2012;;530578.51;;;;530578.51;;;;530578.51;;;;2015;so realizado;Retail;Guararapes
08.402.943/0001-52;GUARARAPES CONFECCOES S.A.;Conselho Fiscal;2012;;98640.0;;;;98640.0;;;;98640.0;;;;2015;so realizado;Retail;Guararapes
08.402.943/0001-52;GUARARAPES CONFECCOES S.A.;Diretoria Estatutária;2013;;1246576.85;;;;1235071.11;;;;1212059.63;;;;2016;so realizado;Retail;Guararapes
08.402.943/0001-52;GUARARAPES CONFECCOES S.A.;Conselho de Administração;2013;;618990.66;;;;618990.66;;;;618990.66;;;;2016;so realizado;Retail;Guararapes
08.402.943/0001-52;GUARARAPES CONFECCOES S.A.;Conselho Fiscal;2013;;115200.0;;;;115200.0;;;;115200.0;;;;2016;so realizado;Retail;Guararapes
08.402.943/0001-52;GUARARAPES CONFECCOES S.A.;Diretoria Estatutária;2014;;1247293.4;;;;1235787.65;;;;1212776.16;;;;2017;so realizado;Retail;Guararapes
08.402.943/0001-52;GUARARAPES CONFECCOES S.A.;Conselho de Administração;2014;;619707.1;;;;619707.1;;;;619707.1;;;;2017;so realizado;Retail;Guararapes
08.402.943/0001-52;GUARARAPES CONFECCOES S.A.;Conselho Fiscal;2014;;115200.0;;;;115200.0;;;;115200.0;;;;2017;so realizado;Retail;Guararapes
08.402.943/0001-52;GUARARAPES CONFECCOES S.A.;Diretoria Estatutária;2015;;1247117.96;;;;1143034.84;;;;934868.59;;;;2018;so realizado;Retail;Guararapes
08.402.943/0001-52;GUARARAPES CONFECCOES S.A.;Conselho de Administração;2015;;619531.78;;;;619531.78;;;;619531.78;;;;2018;so realizado;Retail;Guararapes
08.402.943/0001-52;GUARARAPES CONFECCOES S.A.;Conselho Fiscal;2015;;115200.0;;;;115200.0;;;;115200.0;;;;2018;so realizado;Retail;Guararapes
08.402.943/0001-52;GUARARAPES CONFECCOES S.A.;Diretoria Estatutária;2016;;1247633.6;;;;1230374.94;;;;1213116.27;;;;2019;so realizado;Retail;Guararapes
08.402.943/0001-52;GUARARAPES CONFECCOES S.A.;Conselho de Administração;2016;;620047.3;;;;620047.3;;;;620047.3;;;;2019;so realizado;Retail;Guararapes
08.402.943/0001-52;GUARARAPES CONFECCOES S.A.;Conselho Fiscal;2016;;115200.0;;;;115200.0;;;;115200.0;;;;2019;so realizado;Retail;Guararapes
08.402.943/0001-52;GUARARAPES CONFECCOES S.A.;Diretoria Estatutária;2017;;1248084.32;;;;1230825.72;;;;1213567.11;;;;2020;so realizado;Retail;Guararapes
08.402.943/0001-52;GUARARAPES CONFECCOES S.A.;Conselho de Administração;2017;;620498.14;;;;620498.14;;;;620498.14;;;;2020;so realizado;Retail;Guararapes
08.402.943/0001-52;GUARARAPES CONFECCOES S.A.;Conselho Fiscal;2017;;115200.0;;;;115200.0;;;;115200.0;;;;2020;so realizado;Retail;Guararapes
08.402.943/0001-52;GUARARAPES CONFECCOES S.A.;Diretoria Estatutária;2018;;1248235.52;;;;1248235.52;;;;1248235.52;;;;2021;so realizado;Retail;Guararapes
08.402.943/0001-52;GUARARAPES CONFECCOES S.A.;Conselho de Administração;2018;;766582.24;;;;766582.24;;;;766582.24;;;;2021;so realizado;Retail;Guararapes
08.402.943/0001-52;GUARARAPES CONFECCOES S.A.;Conselho Fiscal;2018;;121622.32;;;;121622.32;;;;121622.32;;;;2021;so realizado;Retail;Guararapes
08.402.943/0001-52;GUARARAPES CONFECCOES S.A.;Diretoria Estatutária;2019;;1248491.12;;;;1248491.12;;;;1248491.12;;;;2022;so realizado;Retail;Guararapes
08.402.943/0001-52;GUARARAPES CONFECCOES S.A.;Conselho de Administração;2019;;1001000.0;;;;1001000.0;;;;1001000.0;;;;2022;so realizado;Retail;Guararapes
08.402.943/0001-52;GUARARAPES CONFECCOES S.A.;Conselho Fiscal;2019;;124833.48;;;;124833.48;;;;124833.48;;;;2022;so realizado;Retail;Guararapes
08.402.943/0001-52;GUARARAPES CONFECCOES S.A.;Diretoria Estatutária;2020;;728414.27;;;;728414.27;;;;728414.27;;;;2023;so realizado;Retail;Guararapes
08.402.943/0001-52;GUARARAPES CONFECCOES S.A.;Conselho de Administração;2020;;1001000.0;;;;1001000.0;;;;1001000.0;;;;2023;so realizado;Retail;Guararapes
08.402.943/0001-52;GUARARAPES CONFECCOES S.A.;Conselho Fiscal;2020;;124949.14;;;;124949.14;;;;124949.14;;;;2023;so realizado;Retail;Guararapes
08.402.943/0001-52;GUARARAPES CONFECCOES S.A.;Diretoria Estatutária;2021;;0.0;;;;0.0;;;;0.0;;;;2024;so realizado;Retail;Guararapes
08.402.943/0001-52;GUARARAPES CONFECCOES S.A.;Conselho de Administração;2021;;1058000.0;;;;1029374.88;;;;609710.69;;;;2024;so realizado;Retail;Guararapes
08.402.943/0001-52;GUARARAPES CONFECCOES S.A.;Conselho Fiscal;2021;;120000.0;;;;111599.06;;;;41688.88;;;;2024;so realizado;Retail;Guararapes
08.402.943/0001-52;GUARARAPES CONFECCOES S.A.;Diretoria Estatutária;2022;;7919030.75;;;;6418733.16;;;;260281.88;;;;2025;so realizado;Retail;Guararapes
08.402.943/0001-52;GUARARAPES CONFECCOES S.A.;Conselho de Administração;2022;;899024.92;;;;860985.89;;;;749932.32;;;;2025;so realizado;Retail;Guararapes
08.402.943/0001-52;GUARARAPES CONFECCOES S.A.;Conselho Fiscal;2022;;180000.0;;;;131577.24;;;;60000.0;;;;2025;so realizado;Retail;Guararapes
08.402.943/0001-52;GUARARAPES CONFECCOES S.A.;Diretoria Estatutária;2023;;8487228.14;;;;7502302.61;;;;3052160.75;;;;2026;so realizado;Retail;Guararapes
08.402.943/0001-52;GUARARAPES CONFECCOES S.A.;Conselho de Administração;2023;;1344200.0;;;;1279400.0;;;;1084000.0;;;;2026;so realizado;Retail;Guararapes
08.402.943/0001-52;GUARARAPES CONFECCOES S.A.;Conselho Fiscal;2023;;196800.0;;;;196800.0;;;;196800.0;;;;2026;so realizado;Retail;Guararapes
08.402.943/0001-52;GUARARAPES CONFECCOES S.A.;Diretoria Estatutária;2024;;12316054.49;;;;6253226.74;;;;3282441.94;;;;2026;so realizado;Retail;Guararapes
08.402.943/0001-52;GUARARAPES CONFECCOES S.A.;Conselho de Administração;2024;;1344200.0;;;;1238360.0;;;;1280400.0;;;;2026;so realizado;Retail;Guararapes
08.402.943/0001-52;GUARARAPES CONFECCOES S.A.;Conselho Fiscal;2024;;202835.2;;;;202835.2;;;;202835.2;;;;2026;so realizado;Retail;Guararapes
08.402.943/0001-52;GUARARAPES CONFECCOES S.A.;Diretoria Estatutária;2025;;14309244.27;;;;7281337.92;;;;3389126.51;;;;2026;so realizado;Retail;Guararapes
08.402.943/0001-52;GUARARAPES CONFECCOES S.A.;Conselho de Administração;2025;;1344200.0;;;;1310188.32;;;;1188006.0;;;;2026;so realizado;Retail;Guararapes
08.402.943/0001-52;GUARARAPES CONFECCOES S.A.;Conselho Fiscal;2025;;205852.8;;;;205852.8;;;;205852.8;;;;2026;so realizado;Retail;Guararapes
05.197.443/0001-38;HAPVIDA PARTICIPAÇÕES E INVESTIMENTOS S.A.;Diretoria Estatutária;2015;;0.0;;;;0.0;;;;0.0;;;;2018;so realizado;Saude;Hapvida
05.197.443/0001-38;HAPVIDA PARTICIPAÇÕES E INVESTIMENTOS S.A.;Conselho de Administração;2015;;0.0;;;;0.0;;;;0.0;;;;2018;so realizado;Saude;Hapvida
05.197.443/0001-38;HAPVIDA PARTICIPAÇÕES E INVESTIMENTOS S.A.;Conselho Fiscal;2015;;0.0;;;;0.0;;;;0.0;;;;2018;so realizado;Saude;Hapvida
05.197.443/0001-38;HAPVIDA PARTICIPAÇÕES E INVESTIMENTOS S.A.;Diretoria Estatutária;2016;;1051950.09;;;;429628.68;;;;515873.31;;;;2019;so realizado;Saude;Hapvida
05.197.443/0001-38;HAPVIDA PARTICIPAÇÕES E INVESTIMENTOS S.A.;Conselho de Administração;2016;;72000.0;;;;63000.0;;;;54000.0;;;;2019;so realizado;Saude;Hapvida
05.197.443/0001-38;HAPVIDA PARTICIPAÇÕES E INVESTIMENTOS S.A.;Conselho Fiscal;2016;;0.0;;;;0.0;;;;0.0;;;;2018;so realizado;Saude;Hapvida
05.197.443/0001-38;HAPVIDA PARTICIPAÇÕES E INVESTIMENTOS S.A.;Diretoria Estatutária;2017;;6023162.33;;;;2072058.12;;;;0.0;;;;2020;so realizado;Saude;Hapvida
05.197.443/0001-38;HAPVIDA PARTICIPAÇÕES E INVESTIMENTOS S.A.;Conselho de Administração;2017;;219960.0;;;;219465.0;;;;218970.0;;;;2020;so realizado;Saude;Hapvida
05.197.443/0001-38;HAPVIDA PARTICIPAÇÕES E INVESTIMENTOS S.A.;Conselho Fiscal;2017;;0.0;;;;0.0;;;;0.0;;;;2018;so realizado;Saude;Hapvida
05.197.443/0001-38;HAPVIDA PARTICIPAÇÕES E INVESTIMENTOS S.A.;Diretoria Estatutária;2018;;6973876.66;;;;1837271.78;;;;2212482.23;;;;2021;so realizado;Saude;Hapvida
05.197.443/0001-38;HAPVIDA PARTICIPAÇÕES E INVESTIMENTOS S.A.;Conselho de Administração;2018;;2478789.45;;;;381241.35;;;;189900.0;;;;2021;so realizado;Saude;Hapvida
05.197.443/0001-38;HAPVIDA PARTICIPAÇÕES E INVESTIMENTOS S.A.;Diretoria Estatutária;2019;;9507728.31;;;;2289090.29;;;;1937723.15;;;;2022;so realizado;Saude;Hapvida
05.197.443/0001-38;HAPVIDA PARTICIPAÇÕES E INVESTIMENTOS S.A.;Conselho de Administração;2019;;2809294.71;;;;444325.14;;;;189900.0;;;;2022;so realizado;Saude;Hapvida
05.197.443/0001-38;HAPVIDA PARTICIPAÇÕES E INVESTIMENTOS S.A.;Diretoria Estatutária;2020;;7911169.27;;;;4024126.91;;;;1789680.6;;;;2023;so realizado;Saude;Hapvida
05.197.443/0001-38;HAPVIDA PARTICIPAÇÕES E INVESTIMENTOS S.A.;Conselho de Administração;2020;;2426336.82;;;;917207.16;;;;247425.0;;;;2023;so realizado;Saude;Hapvida
05.197.443/0001-38;HAPVIDA PARTICIPAÇÕES E INVESTIMENTOS S.A.;Diretoria Estatutária;2021;;12225771.4;;;;9519726.73;;;;6555351.88;;;;2024;so realizado;Saude;Hapvida
05.197.443/0001-38;HAPVIDA PARTICIPAÇÕES E INVESTIMENTOS S.A.;Conselho de Administração;2021;;2967564.89;;;;1477853.04;;;;846666.67;;;;2024;so realizado;Saude;Hapvida
05.197.443/0001-38;HAPVIDA PARTICIPAÇÕES E INVESTIMENTOS S.A.;Diretoria Estatutária;2022;;82169144.04;;;;39183916.7;;;;18174661.67;;;;2025;so realizado;Saude;Hapvida
05.197.443/0001-38;HAPVIDA PARTICIPAÇÕES E INVESTIMENTOS S.A.;Conselho de Administração;2022;;12536752.16;;;;4475662.87;;;;1258327.18;;;;2025;so realizado;Saude;Hapvida
05.197.443/0001-38;HAPVIDA PARTICIPAÇÕES E INVESTIMENTOS S.A.;Conselho Fiscal;2022;;192391.68;;;;192391.68;;;;192391.68;;;;2025;so realizado;Saude;Hapvida
05.197.443/0001-38;HAPVIDA PARTICIPAÇÕES E INVESTIMENTOS S.A.;Diretoria Estatutária;2023;;67413422.63;;;;26583903.77;;;;16021783.85;;;;2026;so realizado;Saude;Hapvida
05.197.443/0001-38;HAPVIDA PARTICIPAÇÕES E INVESTIMENTOS S.A.;Conselho de Administração;2023;;29247780.33;;;;7459744.96;;;;2314077.03;;;;2026;so realizado;Saude;Hapvida
05.197.443/0001-38;HAPVIDA PARTICIPAÇÕES E INVESTIMENTOS S.A.;Conselho Fiscal;2023;;197379.0;;;;197379.0;;;;197379.0;;;;2026;so realizado;Saude;Hapvida
05.197.443/0001-38;HAPVIDA PARTICIPAÇÕES E INVESTIMENTOS S.A.;Diretoria Estatutária;2024;;43433811.54;;;;17814647.33;;;;6810016.86;;;;2026;so realizado;Saude;Hapvida
05.197.443/0001-38;HAPVIDA PARTICIPAÇÕES E INVESTIMENTOS S.A.;Conselho de Administração;2024;;13471879.41;;;;6715760.94;;;;3166781.46;;;;2026;so realizado;Saude;Hapvida
05.197.443/0001-38;HAPVIDA PARTICIPAÇÕES E INVESTIMENTOS S.A.;Conselho Fiscal;2024;;453849.6;;;;453849.6;;;;453849.6;;;;2026;so realizado;Saude;Hapvida
05.197.443/0001-38;HAPVIDA PARTICIPAÇÕES E INVESTIMENTOS S.A.;Diretoria Estatutária;2025;;14903090.07;;;;8502371.16;;;;3331649.96;;;;2026;so realizado;Saude;Hapvida
05.197.443/0001-38;HAPVIDA PARTICIPAÇÕES E INVESTIMENTOS S.A.;Conselho de Administração;2025;;6406516.28;;;;2578998.77;;;;1525516.4;;;;2026;so realizado;Saude;Hapvida
05.197.443/0001-38;HAPVIDA PARTICIPAÇÕES E INVESTIMENTOS S.A.;Conselho Fiscal;2025;;110103.48;;;;110103.48;;;;110103.48;;;;2026;so realizado;Saude;Hapvida
12.648.327/0001-53;HIDROVIAS DO BRASIL S.A.;Diretoria Estatutária;2010;;70000.0;;;;35000.0;;;;0.0;;;;2013;so realizado;Logistics;Hidrovias
12.648.327/0001-53;HIDROVIAS DO BRASIL S.A.;Diretoria Estatutária;2011;;420000.0;;;;390000.0;;;;360000.0;;;;2014;so realizado;Logistics;Hidrovias
12.648.327/0001-53;HIDROVIAS DO BRASIL S.A.;Conselho de Administração;2011;;0.0;;;;0.0;;;;0.0;;;;2014;so realizado;Logistics;Hidrovias
12.648.327/0001-53;HIDROVIAS DO BRASIL S.A.;Diretoria Estatutária;2012;;462000.0;;;;391500.0;;;;300000.0;;;;2015;so realizado;Logistics;Hidrovias
12.648.327/0001-53;HIDROVIAS DO BRASIL S.A.;Conselho de Administração;2012;;0.0;;;;0.0;;;;0.0;;;;2015;so realizado;Logistics;Hidrovias
12.648.327/0001-53;HIDROVIAS DO BRASIL S.A.;Diretoria Estatutária;2013;;493500.0;;;;185420.83;;;;248183.33;;;;2016;so realizado;Logistics;Hidrovias
12.648.327/0001-53;HIDROVIAS DO BRASIL S.A.;Conselho de Administração;2013;;126000.0;;;;126000.0;;;;126000.0;;;;2016;so realizado;Logistics;Hidrovias
12.648.327/0001-53;HIDROVIAS DO BRASIL S.A.;Diretoria Estatutária;2014;;592000.0;;;;247000.57;;;;396002.29;;;;2017;so realizado;Logistics;Hidrovias
12.648.327/0001-53;HIDROVIAS DO BRASIL S.A.;Conselho de Administração;2014;;108000.0;;;;108000.0;;;;108000.0;;;;2017;so realizado;Logistics;Hidrovias
12.648.327/0001-53;HIDROVIAS DO BRASIL S.A.;Diretoria Estatutária;2015;;700000.0;;;;597427.71;;;;524471.43;;;;2018;so realizado;Logistics;Hidrovias
12.648.327/0001-53;HIDROVIAS DO BRASIL S.A.;Conselho de Administração;2015;;108000.0;;;;108000.0;;;;108000.0;;;;2018;so realizado;Logistics;Hidrovias
12.648.327/0001-53;HIDROVIAS DO BRASIL S.A.;Diretoria Estatutária;2016;;2290000.0;;;;1471548.7;;;;1045161.98;;;;2019;so realizado;Logistics;Hidrovias
12.648.327/0001-53;HIDROVIAS DO BRASIL S.A.;Conselho de Administração;2016;;108000.0;;;;108000.0;;;;108000.0;;;;2019;so realizado;Logistics;Hidrovias
12.648.327/0001-53;HIDROVIAS DO BRASIL S.A.;Diretoria Estatutária;2017;;2719531.94;;;;1628611.17;;;;732685.39;;;;2020;so realizado;Logistics;Hidrovias
12.648.327/0001-53;HIDROVIAS DO BRASIL S.A.;Conselho de Administração;2017;;144000.0;;;;134300.0;;;;124600.0;;;;2020;so realizado;Logistics;Hidrovias
12.648.327/0001-53;HIDROVIAS DO BRASIL S.A.;Conselho Fiscal;2017;;0.0;;;;0.0;;;;0.0;;;;2020;so realizado;Logistics;Hidrovias
12.648.327/0001-53;HIDROVIAS DO BRASIL S.A.;Diretoria Estatutária;2018;;3506733.08;;;;2062442.0;;;;883514.32;;;;2021;so realizado;Logistics;Hidrovias
12.648.327/0001-53;HIDROVIAS DO BRASIL S.A.;Conselho de Administração;2018;;144000.0;;;;144000.0;;;;144000.0;;;;2021;so realizado;Logistics;Hidrovias
12.648.327/0001-53;HIDROVIAS DO BRASIL S.A.;Conselho Fiscal;2018;;0.0;;;;0.0;;;;0.0;;;;2021;so realizado;Logistics;Hidrovias
12.648.327/0001-53;HIDROVIAS DO BRASIL S.A.;Diretoria Estatutária;2019;;4337334.15;;;;2419566.0;;;;1216188.61;;;;2022;so realizado;Logistics;Hidrovias
12.648.327/0001-53;HIDROVIAS DO BRASIL S.A.;Conselho de Administração;2019;;144000.0;;;;144000.0;;;;144000.0;;;;2022;so realizado;Logistics;Hidrovias
12.648.327/0001-53;HIDROVIAS DO BRASIL S.A.;Conselho Fiscal;2019;;0.0;;;;0.0;;;;0.0;;;;2022;so realizado;Logistics;Hidrovias
12.648.327/0001-53;HIDROVIAS DO BRASIL S.A.;Diretoria Estatutária;2020;;6627923.28;;;;4276931.99;;;;6627923.28;;;;2023;so realizado;Logistics;Hidrovias
12.648.327/0001-53;HIDROVIAS DO BRASIL S.A.;Conselho de Administração;2020;;7794460.86;;;;2927870.95;;;;178025.56;;;;2023;so realizado;Logistics;Hidrovias
12.648.327/0001-53;HIDROVIAS DO BRASIL S.A.;Conselho Fiscal;2020;;0.0;;;;0.0;;;;0.0;;;;2023;so realizado;Logistics;Hidrovias
12.648.327/0001-53;HIDROVIAS DO BRASIL S.A.;Diretoria Estatutária;2021;;2784050.81;;;;1697846.16;;;;1079420.1;;;;2024;so realizado;Logistics;Hidrovias
12.648.327/0001-53;HIDROVIAS DO BRASIL S.A.;Conselho de Administração;2021;;3432260.5;;;;929652.1;;;;304000.0;;;;2024;so realizado;Logistics;Hidrovias
12.648.327/0001-53;HIDROVIAS DO BRASIL S.A.;Conselho Fiscal;2021;;0.0;;;;0.0;;;;0.0;;;;2024;so realizado;Logistics;Hidrovias
12.648.327/0001-53;HIDROVIAS DO BRASIL S.A.;Diretoria Estatutária;2022;;3739302.0;;;;3739302.0;;;;3739302.0;;;;2025;so realizado;Logistics;Hidrovias
12.648.327/0001-53;HIDROVIAS DO BRASIL S.A.;Conselho de Administração;2022;;1224499.0;;;;572852.36;;;;336000.0;;;;2025;so realizado;Logistics;Hidrovias
12.648.327/0001-53;HIDROVIAS DO BRASIL S.A.;Conselho Fiscal;2022;;0.0;;;;0.0;;;;0.0;;;;2024;so realizado;Logistics;Hidrovias
12.648.327/0001-53;HIDROVIAS DO BRASIL S.A.;Diretoria Estatutária;2023;;3917820.0;;;;2231948.33;;;;1394154.0;;;;2026;so realizado;Logistics;Hidrovias
12.648.327/0001-53;HIDROVIAS DO BRASIL S.A.;Conselho de Administração;2023;;336000.0;;;;224280.25;;;;84000.0;;;;2026;so realizado;Logistics;Hidrovias
12.648.327/0001-53;HIDROVIAS DO BRASIL S.A.;Conselho Fiscal;2023;;71700.0;;;;71700.0;;;;71700.0;;;;2026;so realizado;Logistics;Hidrovias
12.648.327/0001-53;HIDROVIAS DO BRASIL S.A.;Diretoria Estatutária;2024;;2786450.0;;;;2786450.0;;;;2786450.0;;;;2026;so realizado;Logistics;Hidrovias
12.648.327/0001-53;HIDROVIAS DO BRASIL S.A.;Conselho de Administração;2024;;336000.0;;;;336000.0;;;;336000.0;;;;2026;so realizado;Logistics;Hidrovias
12.648.327/0001-53;HIDROVIAS DO BRASIL S.A.;Conselho Fiscal;2024;;108000.0;;;;108000.0;;;;108000.0;;;;2026;so realizado;Logistics;Hidrovias
12.648.327/0001-53;HIDROVIAS DO BRASIL S.A.;Diretoria Estatutária;2025;;3707976.0;;;;3707976.0;;;;3707976.0;;;;2026;so realizado;Logistics;Hidrovias
12.648.327/0001-53;HIDROVIAS DO BRASIL S.A.;Conselho de Administração;2025;;336000.0;;;;336000.0;;;;336000.0;;;;2026;so realizado;Logistics;Hidrovias
12.648.327/0001-53;HIDROVIAS DO BRASIL S.A.;Conselho Fiscal;2025;;156000.0;;;;156000.0;;;;156000.0;;;;2026;so realizado;Logistics;Hidrovias
16.676.520/0001-59;HOSPITAL MATER DEI S.A.;Diretoria Estatutária;2018;;2940983.4;;;;2549932.01;;;;585000.0;;;;2021;so realizado;Saude;Mater Dei
16.676.520/0001-59;HOSPITAL MATER DEI S.A.;Conselho de Administração;2018;;84292.0;;;;84292.0;;;;84292.0;;;;2021;so realizado;Saude;Mater Dei
16.676.520/0001-59;HOSPITAL MATER DEI S.A.;Conselho Fiscal;2018;;0.0;;;;0.0;;;;0.0;;;;2021;so realizado;Saude;Mater Dei
16.676.520/0001-59;HOSPITAL MATER DEI S.A.;Diretoria Estatutária;2019;;3097728.84;;;;2318128.36;;;;679800.0;;;;2022;so realizado;Saude;Mater Dei
16.676.520/0001-59;HOSPITAL MATER DEI S.A.;Conselho de Administração;2019;;86856.0;;;;86856.0;;;;86856.0;;;;2022;so realizado;Saude;Mater Dei
16.676.520/0001-59;HOSPITAL MATER DEI S.A.;Conselho Fiscal;2019;;0.0;;;;0.0;;;;0.0;;;;2022;so realizado;Saude;Mater Dei
16.676.520/0001-59;HOSPITAL MATER DEI S.A.;Diretoria Estatutária;2020;;3099298.24;;;;1738932.74;;;;775450.0;;;;2023;so realizado;Saude;Mater Dei
16.676.520/0001-59;HOSPITAL MATER DEI S.A.;Conselho de Administração;2020;;1878958.78;;;;292205.96;;;;87984.0;;;;2023;so realizado;Saude;Mater Dei
16.676.520/0001-59;HOSPITAL MATER DEI S.A.;Conselho Fiscal;2020;;0.0;;;;0.0;;;;0.0;;;;2023;so realizado;Saude;Mater Dei
16.676.520/0001-59;HOSPITAL MATER DEI S.A.;Diretoria Estatutária;2021;;2475597.94;;;;2090075.85;;;;786455.0;;;;2024;so realizado;Saude;Mater Dei
16.676.520/0001-59;HOSPITAL MATER DEI S.A.;Conselho de Administração;2021;;1920733.48;;;;300707.54;;;;92754.7;;;;2024;so realizado;Saude;Mater Dei
16.676.520/0001-59;HOSPITAL MATER DEI S.A.;Conselho Fiscal;2021;;0.0;;;;0.0;;;;0.0;;;;2024;so realizado;Saude;Mater Dei
16.676.520/0001-59;HOSPITAL MATER DEI S.A.;Diretoria Estatutária;2022;;5989545.49;;;;2090928.95;;;;612000.0;;;;2025;so realizado;Saude;Mater Dei
16.676.520/0001-59;HOSPITAL MATER DEI S.A.;Conselho de Administração;2022;;3210901.37;;;;542336.86;;;;175790.05;;;;2025;so realizado;Saude;Mater Dei
16.676.520/0001-59;HOSPITAL MATER DEI S.A.;Conselho Fiscal;2022;;0.0;;;;0.0;;;;0.0;;;;2025;so realizado;Saude;Mater Dei
16.676.520/0001-59;HOSPITAL MATER DEI S.A.;Diretoria Estatutária;2023;;5720861.59;;;;3256761.31;;;;1582986.19;;;;2026;so realizado;Saude;Mater Dei
16.676.520/0001-59;HOSPITAL MATER DEI S.A.;Conselho de Administração;2023;;3586674.7;;;;678150.5;;;;140000.0;;;;2026;so realizado;Saude;Mater Dei
16.676.520/0001-59;HOSPITAL MATER DEI S.A.;Conselho Fiscal;2023;;121527.77;;;;121527.77;;;;121527.77;;;;2026;so realizado;Saude;Mater Dei
16.676.520/0001-59;HOSPITAL MATER DEI S.A.;Diretoria Estatutária;2024;;3646606.44;;;;2363796.11;;;;1116201.2;;;;2026;so realizado;Saude;Mater Dei
16.676.520/0001-59;HOSPITAL MATER DEI S.A.;Conselho de Administração;2024;;5822119.44;;;;2044867.43;;;;200000.0;;;;2026;so realizado;Saude;Mater Dei
16.676.520/0001-59;HOSPITAL MATER DEI S.A.;Conselho Fiscal;2024;;192799.76;;;;192799.76;;;;192799.76;;;;2026;so realizado;Saude;Mater Dei
16.676.520/0001-59;HOSPITAL MATER DEI S.A.;Diretoria Estatutária;2025;;3244765.18;;;;2021872.01;;;;936220.67;;;;2026;so realizado;Saude;Mater Dei
16.676.520/0001-59;HOSPITAL MATER DEI S.A.;Conselho de Administração;2025;;4465366.66;;;;1849366.04;;;;140000.0;;;;2026;so realizado;Saude;Mater Dei
16.676.520/0001-59;HOSPITAL MATER DEI S.A.;Conselho Fiscal;2025;;197522.92;;;;197522.92;;;;197522.92;;;;2026;so realizado;Saude;Mater Dei
60.543.816/0001-93;IGUATEMI S.A.;Diretoria Estatutária;2009;;0.0;;;;0.0;;;;0.0;;;;2012;so realizado;Malls;Iguatemi
60.543.816/0001-93;IGUATEMI S.A.;Conselho de Administração;2009;;0.0;;;;0.0;;;;0.0;;;;2012;so realizado;Malls;Iguatemi
60.543.816/0001-93;IGUATEMI S.A.;Conselho Fiscal;2009;;0.0;;;;0.0;;;;0.0;;;;2012;so realizado;Malls;Iguatemi
60.543.816/0001-93;IGUATEMI S.A.;Diretoria Estatutária;2010;;0.0;;;;0.0;;;;0.0;;;;2012;so realizado;Malls;Iguatemi
60.543.816/0001-93;IGUATEMI S.A.;Conselho de Administração;2010;;0.0;;;;0.0;;;;0.0;;;;2012;so realizado;Malls;Iguatemi
60.543.816/0001-93;IGUATEMI S.A.;Conselho Fiscal;2010;;0.0;;;;0.0;;;;0.0;;;;2012;so realizado;Malls;Iguatemi
60.543.816/0001-93;IGUATEMI S.A.;Diretoria Estatutária;2015;;1139439.25;;;;611832.0;;;;601041.5;;;;2018;so realizado;Malls;Iguatemi
60.543.816/0001-93;IGUATEMI S.A.;Conselho de Administração;2015;;180000.0;;;;90666.67;;;;92000.0;;;;2018;so realizado;Malls;Iguatemi
60.543.816/0001-93;IGUATEMI S.A.;Conselho Fiscal;2015;;56869.6;;;;49321.8;;;;44000.0;;;;2018;so realizado;Malls;Iguatemi
60.543.816/0001-93;IGUATEMI S.A.;Diretoria Estatutária;2016;;1789793.14;;;;803906.0;;;;684870.84;;;;2019;so realizado;Malls;Iguatemi
60.543.816/0001-93;IGUATEMI S.A.;Conselho de Administração;2016;;140000.0;;;;98389.46;;;;92000.0;;;;2019;so realizado;Malls;Iguatemi
60.543.816/0001-93;IGUATEMI S.A.;Conselho Fiscal;2016;;60000.0;;;;55200.0;;;;48000.0;;;;2019;so realizado;Malls;Iguatemi
60.543.816/0001-93;IGUATEMI S.A.;Diretoria Estatutária;2017;;2996389.26;;;;882805.6;;;;821041.33;;;;2020;so realizado;Malls;Iguatemi
60.543.816/0001-93;IGUATEMI S.A.;Conselho de Administração;2017;;120000.0;;;;94786.73;;;;96000.0;;;;2020;so realizado;Malls;Iguatemi
60.543.816/0001-93;IGUATEMI S.A.;Conselho Fiscal;2017;;60000.0;;;;69284.06;;;;48000.0;;;;2020;so realizado;Malls;Iguatemi
60.543.816/0001-93;IGUATEMI S.A.;Diretoria Estatutária;2018;;3405235.11;;;;1076000.0;;;;947435.67;;;;2021;so realizado;Malls;Iguatemi
60.543.816/0001-93;IGUATEMI S.A.;Conselho de Administração;2018;;120000.0;;;;120000.0;;;;96000.0;;;;2021;so realizado;Malls;Iguatemi
60.543.816/0001-93;IGUATEMI S.A.;Conselho Fiscal;2018;;60000.0;;;;61888.94;;;;56000.0;;;;2021;so realizado;Malls;Iguatemi
60.543.816/0001-93;IGUATEMI S.A.;Diretoria Estatutária;2019;;3889926.73;;;;1462310.93;;;;998509.27;;;;2022;so realizado;Malls;Iguatemi
60.543.816/0001-93;IGUATEMI S.A.;Conselho de Administração;2019;;144000.0;;;;120600.0;;;;115200.0;;;;2022;so realizado;Malls;Iguatemi
60.543.816/0001-93;IGUATEMI S.A.;Conselho Fiscal;2019;;70666.67;;;;70666.67;;;;70666.67;;;;2022;so realizado;Malls;Iguatemi
60.543.816/0001-93;IGUATEMI S.A.;Diretoria Estatutária;2020;;4777446.0;;;;1176317.0;;;;232895.0;;;;2023;so realizado;Malls;Iguatemi
60.543.816/0001-93;IGUATEMI S.A.;Conselho de Administração;2020;;144000.0;;;;120960.0;;;;115200.0;;;;2023;so realizado;Malls;Iguatemi
60.543.816/0001-93;IGUATEMI S.A.;Conselho Fiscal;2020;;72000.0;;;;72000.0;;;;72000.0;;;;2023;so realizado;Malls;Iguatemi
60.543.816/0001-93;IGUATEMI S.A.;Diretoria Estatutária;2021;;4686621.0;;;;1369892.0;;;;456810.0;;;;2024;so realizado;Malls;Iguatemi
60.543.816/0001-93;IGUATEMI S.A.;Conselho de Administração;2021;;144000.0;;;;120960.0;;;;115200.0;;;;2024;so realizado;Malls;Iguatemi
60.543.816/0001-93;IGUATEMI S.A.;Conselho Fiscal;2021;;92923.0;;;;78974.0;;;;72000.0;;;;2024;so realizado;Malls;Iguatemi
60.543.816/0001-93;IGUATEMI S.A.;Diretoria Estatutária;2022;;2361093.0;;;;1389613.0;;;;626857.0;;;;2025;so realizado;Malls;Iguatemi
60.543.816/0001-93;IGUATEMI S.A.;Conselho de Administração;2022;;659500.0;;;;465713.0;;;;228000.0;;;;2025;so realizado;Malls;Iguatemi
60.543.816/0001-93;IGUATEMI S.A.;Conselho Fiscal;2022;;108000.0;;;;107341.0;;;;72000.0;;;;2025;so realizado;Malls;Iguatemi
60.543.816/0001-93;IGUATEMI S.A.;Diretoria Estatutária;2023;;1734621.0;;;;1433662.0;;;;468204.0;;;;2026;so realizado;Malls;Iguatemi
60.543.816/0001-93;IGUATEMI S.A.;Conselho de Administração;2023;;4141655.0;;;;1486767.0;;;;240000.0;;;;2026;so realizado;Malls;Iguatemi
60.543.816/0001-93;IGUATEMI S.A.;Conselho Fiscal;2023;;144000.0;;;;128000.0;;;;108000.0;;;;2026;so realizado;Malls;Iguatemi
60.543.816/0001-93;IGUATEMI S.A.;Diretoria Estatutária;2024;;1953333.0;;;;2005400.0;;;;444069.0;;;;2026;so realizado;Malls;Iguatemi
60.543.816/0001-93;IGUATEMI S.A.;Conselho de Administração;2024;;2585780.0;;;;1744603.0;;;;300000.0;;;;2026;so realizado;Malls;Iguatemi
60.543.816/0001-93;IGUATEMI S.A.;Conselho Fiscal;2024;;144000.0;;;;96000.0;;;;81000.0;;;;2026;so realizado;Malls;Iguatemi
60.543.816/0001-93;IGUATEMI S.A.;Diretoria Estatutária;2025;;2192000.0;;;;2005350.0;;;;544000.0;;;;2026;so realizado;Malls;Iguatemi
60.543.816/0001-93;IGUATEMI S.A.;Conselho de Administração;2025;;5398975.0;;;;1855840.0;;;;3200.0;;;;2026;so realizado;Malls;Iguatemi
60.543.816/0001-93;IGUATEMI S.A.;Conselho Fiscal;2025;;144000.0;;;;128000.0;;;;132000.0;;;;2026;so realizado;Malls;Iguatemi
82.901.000/0001-27;INTELBRAS S.A. IND. DE TELECOMUNICAÇÃO ELETRÔNICA BRASILEIRA;Diretoria Estatutária;2017;;3322565.0;;;;2309955.44;;;;1297346.0;;;;2020;so realizado;TMT;Intelbras
82.901.000/0001-27;INTELBRAS S.A. IND. DE TELECOMUNICAÇÃO ELETRÔNICA BRASILEIRA;Conselho de Administração;2017;;2556398.0;;;;680023.41;;;;154961.0;;;;2020;so realizado;TMT;Intelbras
82.901.000/0001-27;INTELBRAS S.A. IND. DE TELECOMUNICAÇÃO ELETRÔNICA BRASILEIRA;Diretoria Estatutária;2018;;3690882.0;;;;2530757.9;;;;1370634.0;;;;2021;so realizado;TMT;Intelbras
82.901.000/0001-27;INTELBRAS S.A. IND. DE TELECOMUNICAÇÃO ELETRÔNICA BRASILEIRA;Conselho de Administração;2018;;2592202.0;;;;709574.36;;;;157178.0;;;;2021;so realizado;TMT;Intelbras
82.901.000/0001-27;INTELBRAS S.A. IND. DE TELECOMUNICAÇÃO ELETRÔNICA BRASILEIRA;Diretoria Estatutária;2019;;4379371.0;;;;2976147.38;;;;1572924.0;;;;2022;so realizado;TMT;Intelbras
82.901.000/0001-27;INTELBRAS S.A. IND. DE TELECOMUNICAÇÃO ELETRÔNICA BRASILEIRA;Conselho de Administração;2019;;2699725.0;;;;753494.82;;;;163711.0;;;;2022;so realizado;TMT;Intelbras
82.901.000/0001-27;INTELBRAS S.A. IND. DE TELECOMUNICAÇÃO ELETRÔNICA BRASILEIRA;Diretoria Estatutária;2020;;3480888.24;;;;2417283.0;;;;1353678.76;;;;2023;so realizado;TMT;Intelbras
82.901.000/0001-27;INTELBRAS S.A. IND. DE TELECOMUNICAÇÃO ELETRÔNICA BRASILEIRA;Conselho de Administração;2020;;2824125.0;;;;780710.12;;;;178445.0;;;;2023;so realizado;TMT;Intelbras
82.901.000/0001-27;INTELBRAS S.A. IND. DE TELECOMUNICAÇÃO ELETRÔNICA BRASILEIRA;Diretoria Estatutária;2021;;8480392.0;;;;5686560.0;;;;2403669.0;;;;2024;so realizado;TMT;Intelbras
82.901.000/0001-27;INTELBRAS S.A. IND. DE TELECOMUNICAÇÃO ELETRÔNICA BRASILEIRA;Conselho de Administração;2021;;4042606.0;;;;1287821.29;;;;400671.0;;;;2024;so realizado;TMT;Intelbras
82.901.000/0001-27;INTELBRAS S.A. IND. DE TELECOMUNICAÇÃO ELETRÔNICA BRASILEIRA;Diretoria Estatutária;2022;;7838828.41;;;;5002149.45;;;;2165470.49;;;;2025;so realizado;TMT;Intelbras
82.901.000/0001-27;INTELBRAS S.A. IND. DE TELECOMUNICAÇÃO ELETRÔNICA BRASILEIRA;Conselho de Administração;2022;;3952666.35;;;;1230821.6;;;;270082.64;;;;2025;so realizado;TMT;Intelbras
82.901.000/0001-27;INTELBRAS S.A. IND. DE TELECOMUNICAÇÃO ELETRÔNICA BRASILEIRA;Diretoria Estatutária;2023;;8111677.01;;;;3250489.92;;;;564694.06;;;;2026;so realizado;TMT;Intelbras
82.901.000/0001-27;INTELBRAS S.A. IND. DE TELECOMUNICAÇÃO ELETRÔNICA BRASILEIRA;Conselho de Administração;2023;;4316099.34;;;;1543698.29;;;;474815.39;;;;2026;so realizado;TMT;Intelbras
82.901.000/0001-27;INTELBRAS S.A. IND. DE TELECOMUNICAÇÃO ELETRÔNICA BRASILEIRA;Diretoria Estatutária;2024;;7931950.33;;;;3108450.54;;;;1742958.06;;;;2026;so realizado;TMT;Intelbras
82.901.000/0001-27;INTELBRAS S.A. IND. DE TELECOMUNICAÇÃO ELETRÔNICA BRASILEIRA;Conselho de Administração;2024;;4333189.32;;;;1428638.28;;;;794942.9;;;;2026;so realizado;TMT;Intelbras
82.901.000/0001-27;INTELBRAS S.A. IND. DE TELECOMUNICAÇÃO ELETRÔNICA BRASILEIRA;Diretoria Estatutária;2025;;4393313.53;;;;2403803.69;;;;1735108.01;;;;2026;so realizado;TMT;Intelbras
82.901.000/0001-27;INTELBRAS S.A. IND. DE TELECOMUNICAÇÃO ELETRÔNICA BRASILEIRA;Conselho de Administração;2025;;2087435.48;;;;1041591.61;;;;669703.83;;;;2026;so realizado;TMT;Intelbras
60.872.504/0001-23;ITAU UNIBANCO HOLDING S.A.;Diretoria Estatutária;2015;;52027000.0;;;;14540073.0;;;;2069000.0;;;;2018;so realizado;Financials;Itau
60.872.504/0001-23;ITAU UNIBANCO HOLDING S.A.;Conselho de Administração;2015;;14348000.0;;;;4198949.0;;;;2109000.0;;;;2018;so realizado;Financials;Itau
60.872.504/0001-23;ITAU UNIBANCO HOLDING S.A.;Conselho Fiscal;2015;;220500.0;;;;154350.0;;;;88200.0;;;;2018;so realizado;Financials;Itau
60.872.504/0001-23;ITAU UNIBANCO HOLDING S.A.;Diretoria Estatutária;2016;;72935000.0;;;;13341960.0;;;;1903000.0;;;;2019;so realizado;Financials;Itau
60.872.504/0001-23;ITAU UNIBANCO HOLDING S.A.;Conselho de Administração;2016;;11709000.0;;;;3369550.0;;;;2109000.0;;;;2019;so realizado;Financials;Itau
60.872.504/0001-23;ITAU UNIBANCO HOLDING S.A.;Conselho Fiscal;2016;;220500.0;;;;159584.0;;;;88200.0;;;;2019;so realizado;Financials;Itau
60.872.504/0001-23;ITAU UNIBANCO HOLDING S.A.;Diretoria Estatutária;2017;;40918000.0;;;;13505633.0;;;;2309000.0;;;;2020;so realizado;Financials;Itau
60.872.504/0001-23;ITAU UNIBANCO HOLDING S.A.;Conselho de Administração;2017;;12228000.0;;;;4822777.0;;;;2567000.0;;;;2020;so realizado;Financials;Itau
60.872.504/0001-23;ITAU UNIBANCO HOLDING S.A.;Conselho Fiscal;2017;;220500.0;;;;155642.0;;;;88200.0;;;;2020;so realizado;Financials;Itau
60.872.504/0001-23;ITAU UNIBANCO HOLDING S.A.;Diretoria Estatutária;2018;;46880000.0;;;;13316714.0;;;;2604000.0;;;;2021;so realizado;Financials;Itau
60.872.504/0001-23;ITAU UNIBANCO HOLDING S.A.;Conselho de Administração;2018;;12941000.0;;;;5218146.0;;;;2652000.0;;;;2021;so realizado;Financials;Itau
60.872.504/0001-23;ITAU UNIBANCO HOLDING S.A.;Conselho Fiscal;2018;;220500.0;;;;154500.0;;;;88200.0;;;;2021;so realizado;Financials;Itau
60.872.504/0001-23;ITAU UNIBANCO HOLDING S.A.;Diretoria Estatutária;2019;;52060000.0;;;;16930128.0;;;;2953000.0;;;;2022;so realizado;Financials;Itau
60.872.504/0001-23;ITAU UNIBANCO HOLDING S.A.;Conselho de Administração;2019;;14560000.0;;;;5236316.0;;;;2643000.0;;;;2022;so realizado;Financials;Itau
60.872.504/0001-23;ITAU UNIBANCO HOLDING S.A.;Conselho Fiscal;2019;;220500.0;;;;154350.0;;;;88200.0;;;;2022;so realizado;Financials;Itau
60.872.504/0001-23;ITAU UNIBANCO HOLDING S.A.;Diretoria Estatutária;2020;;34737000.0;;;;11598141.0;;;;2588000.0;;;;2023;so realizado;Financials;Itau
60.872.504/0001-23;ITAU UNIBANCO HOLDING S.A.;Conselho de Administração;2020;;10392000.0;;;;4483015.0;;;;2643000.0;;;;2023;so realizado;Financials;Itau
60.872.504/0001-23;ITAU UNIBANCO HOLDING S.A.;Conselho Fiscal;2020;;220500.0;;;;154105.0;;;;88200.0;;;;2023;so realizado;Financials;Itau
60.872.504/0001-23;ITAU UNIBANCO HOLDING S.A.;Diretoria Estatutária;2021;;52966000.0;;;;16604654.0;;;;3150000.0;;;;2024;so realizado;Financials;Itau
60.872.504/0001-23;ITAU UNIBANCO HOLDING S.A.;Conselho de Administração;2021;;14256000.0;;;;4778137.0;;;;2392000.0;;;;2024;so realizado;Financials;Itau
60.872.504/0001-23;ITAU UNIBANCO HOLDING S.A.;Conselho Fiscal;2021;;180000.0;;;;126000.0;;;;72000.0;;;;2024;so realizado;Financials;Itau
60.872.504/0001-23;ITAU UNIBANCO HOLDING S.A.;Diretoria Estatutária;2022;;59188000.0;;;;16812675.0;;;;3758000.0;;;;2025;so realizado;Financials;Itau
60.872.504/0001-23;ITAU UNIBANCO HOLDING S.A.;Conselho de Administração;2022;;15648000.0;;;;5201038.0;;;;2442000.0;;;;2025;so realizado;Financials;Itau
60.872.504/0001-23;ITAU UNIBANCO HOLDING S.A.;Conselho Fiscal;2022;;236000.0;;;;161333.0;;;;96000.0;;;;2025;so realizado;Financials;Itau
60.872.504/0001-23;ITAU UNIBANCO HOLDING S.A.;Diretoria Estatutária;2023;;67705174.0;;;;18161622.0;;;;3305003.0;;;;2026;so realizado;Financials;Itau
60.872.504/0001-23;ITAU UNIBANCO HOLDING S.A.;Conselho de Administração;2023;;18509021.0;;;;5790512.0;;;;2522283.0;;;;2026;so realizado;Financials;Itau
60.872.504/0001-23;ITAU UNIBANCO HOLDING S.A.;Conselho Fiscal;2023;;264000.0;;;;186122.0;;;;108000.0;;;;2026;so realizado;Financials;Itau
60.872.504/0001-23;ITAU UNIBANCO HOLDING S.A.;Diretoria Estatutária;2024;;81727411.0;;;;18103171.0;;;;3277133.0;;;;2026;so realizado;Financials;Itau
60.872.504/0001-23;ITAU UNIBANCO HOLDING S.A.;Conselho de Administração;2024;;9600993.0;;;;3732576.0;;;;2280000.0;;;;2026;so realizado;Financials;Itau
60.872.504/0001-23;ITAU UNIBANCO HOLDING S.A.;Conselho Fiscal;2024;;264000.0;;;;186000.0;;;;108000.0;;;;2026;so realizado;Financials;Itau
60.872.504/0001-23;ITAU UNIBANCO HOLDING S.A.;Diretoria Estatutária;2025;;87001376.0;;;;17866704.0;;;;2623383.0;;;;2026;so realizado;Financials;Itau
60.872.504/0001-23;ITAU UNIBANCO HOLDING S.A.;Conselho de Administração;2025;;9620782.0;;;;3860243.0;;;;2600000.0;;;;2026;so realizado;Financials;Itau
60.872.504/0001-23;ITAU UNIBANCO HOLDING S.A.;Conselho Fiscal;2025;;264000.0;;;;186000.0;;;;108000.0;;;;2026;so realizado;Financials;Itau
89.637.490/0001-45;KLABIN S.A.;Diretoria Estatutária;2009;;1942580.19;;;;1464917.87;;;;904081.14;;;;2012;so realizado;Pulp;Klabin
89.637.490/0001-45;KLABIN S.A.;Conselho de Administração;2009;;1229631.21;;;;1127594.01;;;;564060.78;;;;2012;so realizado;Pulp;Klabin
89.637.490/0001-45;KLABIN S.A.;Conselho Fiscal;2009;;351397.79;;;;351610.11;;;;171055.68;;;;2012;so realizado;Pulp;Klabin
89.637.490/0001-45;KLABIN S.A.;Diretoria Estatutária;2010;;6285386.73;;;;3335551.27;;;;1342540.15;;;;2013;so realizado;Pulp;Klabin
89.637.490/0001-45;KLABIN S.A.;Conselho de Administração;2010;;1232932.03;;;;1127754.19;;;;645637.41;;;;2013;so realizado;Pulp;Klabin
89.637.490/0001-45;KLABIN S.A.;Conselho Fiscal;2010;;377202.01;;;;375367.01;;;;272831.02;;;;2013;so realizado;Pulp;Klabin
89.637.490/0001-45;KLABIN S.A.;Diretoria Estatutária;2011;;2872786.75;;;;2020174.05;;;;665817.58;;;;2014;so realizado;Pulp;Klabin
89.637.490/0001-45;KLABIN S.A.;Conselho de Administração;2011;;1243646.06;;;;1138768.56;;;;656836.72;;;;2014;so realizado;Pulp;Klabin
89.637.490/0001-45;KLABIN S.A.;Conselho Fiscal;2011;;410289.42;;;;402827.68;;;;399159.12;;;;2014;so realizado;Pulp;Klabin
89.637.490/0001-45;KLABIN S.A.;Diretoria Estatutária;2012;;4832316.34;;;;3471178.72;;;;1056772.77;;;;2015;so realizado;Pulp;Klabin
89.637.490/0001-45;KLABIN S.A.;Conselho de Administração;2012;;1049806.79;;;;1145071.35;;;;553459.18;;;;2015;so realizado;Pulp;Klabin
89.637.490/0001-45;KLABIN S.A.;Conselho Fiscal;2012;;351991.82;;;;414336.81;;;;333477.52;;;;2015;so realizado;Pulp;Klabin
89.637.490/0001-45;KLABIN S.A.;Diretoria Estatutária;2013;;5430776.44;;;;3526986.57;;;;1568739.19;;;;2016;so realizado;Pulp;Klabin
89.637.490/0001-45;KLABIN S.A.;Conselho de Administração;2013;;1897184.29;;;;1077963.95;;;;516491.02;;;;2016;so realizado;Pulp;Klabin
89.637.490/0001-45;KLABIN S.A.;Conselho Fiscal;2013;;336980.95;;;;393298.0;;;;308505.22;;;;2016;so realizado;Pulp;Klabin
89.637.490/0001-45;KLABIN S.A.;Diretoria Estatutária;2014;;6395339.49;;;;4266970.88;;;;1716192.18;;;;2017;so realizado;Pulp;Klabin
89.637.490/0001-45;KLABIN S.A.;Conselho de Administração;2014;;1241333.06;;;;1163544.87;;;;475886.04;;;;2017;so realizado;Pulp;Klabin
89.637.490/0001-45;KLABIN S.A.;Conselho Fiscal;2014;;406693.68;;;;365503.96;;;;85163.56;;;;2017;so realizado;Pulp;Klabin
89.637.490/0001-45;KLABIN S.A.;Diretoria Estatutária;2015;;10545221.99;;;;5122450.25;;;;558872.72;;;;2018;so realizado;Pulp;Klabin
89.637.490/0001-45;KLABIN S.A.;Conselho de Administração;2015;;1335778.06;;;;1160526.11;;;;610312.66;;;;2018;so realizado;Pulp;Klabin
89.637.490/0001-45;KLABIN S.A.;Conselho Fiscal;2015;;438346.23;;;;415407.7;;;;401116.06;;;;2018;so realizado;Pulp;Klabin
89.637.490/0001-45;KLABIN S.A.;Diretoria Estatutária;2016;;11152363.26;;;;4628880.27;;;;2772766.25;;;;2019;so realizado;Pulp;Klabin
89.637.490/0001-45;KLABIN S.A.;Conselho de Administração;2016;;1472830.67;;;;1173318.76;;;;609526.04;;;;2019;so realizado;Pulp;Klabin
89.637.490/0001-45;KLABIN S.A.;Conselho Fiscal;2016;;422290.99;;;;417208.8;;;;138923.91;;;;2019;so realizado;Pulp;Klabin
89.637.490/0001-45;KLABIN S.A.;Diretoria Estatutária;2017;;10740321.66;;;;8689454.09;;;;3685325.64;;;;2020;so realizado;Pulp;Klabin
89.637.490/0001-45;KLABIN S.A.;Conselho de Administração;2017;;2893819.55;;;;1353817.04;;;;676026.18;;;;2020;so realizado;Pulp;Klabin
89.637.490/0001-45;KLABIN S.A.;Conselho Fiscal;2017;;446420.36;;;;417996.37;;;;398629.56;;;;2020;so realizado;Pulp;Klabin
89.637.490/0001-45;KLABIN S.A.;Diretoria Estatutária;2018;;8261775.98;;;;5464937.2;;;;66394.87;;;;2021;so realizado;Pulp;Klabin
89.637.490/0001-45;KLABIN S.A.;Conselho de Administração;2018;;1147586.19;;;;1041110.67;;;;568325.88;;;;2021;so realizado;Pulp;Klabin
89.637.490/0001-45;KLABIN S.A.;Conselho Fiscal;2018;;369984.6;;;;351524.96;;;;332189.0;;;;2021;so realizado;Pulp;Klabin
89.637.490/0001-45;KLABIN S.A.;Diretoria Estatutária;2019;;9207532.53;;;;5725466.61;;;;4248387.49;;;;2022;so realizado;Pulp;Klabin
89.637.490/0001-45;KLABIN S.A.;Conselho de Administração;2019;;1119574.8;;;;1021887.83;;;;913152.74;;;;2022;so realizado;Pulp;Klabin
89.637.490/0001-45;KLABIN S.A.;Conselho Fiscal;2019;;400080.15;;;;352169.06;;;;332189.0;;;;2022;so realizado;Pulp;Klabin
89.637.490/0001-45;KLABIN S.A.;Diretoria Estatutária;2020;;13559297.11;;;;7432186.61;;;;3231781.72;;;;2023;so realizado;Pulp;Klabin
89.637.490/0001-45;KLABIN S.A.;Conselho de Administração;2020;;1094178.62;;;;1009323.33;;;;979021.04;;;;2023;so realizado;Pulp;Klabin
89.637.490/0001-45;KLABIN S.A.;Conselho Fiscal;2020;;406313.09;;;;347013.82;;;;332189.0;;;;2023;so realizado;Pulp;Klabin
89.637.490/0001-45;KLABIN S.A.;Diretoria Estatutária;2021;;17386354.81;;;;8865744.28;;;;4825405.58;;;;2024;so realizado;Pulp;Klabin
89.637.490/0001-45;KLABIN S.A.;Conselho de Administração;2021;;1345368.78;;;;1062380.79;;;;938674.23;;;;2024;so realizado;Pulp;Klabin
89.637.490/0001-45;KLABIN S.A.;Conselho Fiscal;2021;;405787.26;;;;356878.76;;;;332189.0;;;;2024;so realizado;Pulp;Klabin
89.637.490/0001-45;KLABIN S.A.;Diretoria Estatutária;2022;;13109898.7;;;;8092387.34;;;;4258066.16;;;;2025;so realizado;Pulp;Klabin
89.637.490/0001-45;KLABIN S.A.;Conselho de Administração;2022;;1166769.61;;;;1013759.39;;;;887098.73;;;;2025;so realizado;Pulp;Klabin
89.637.490/0001-45;KLABIN S.A.;Conselho Fiscal;2022;;417859.6;;;;359791.45;;;;334105.51;;;;2025;so realizado;Pulp;Klabin
89.637.490/0001-45;KLABIN S.A.;Diretoria Estatutária;2023;;16630631.33;;;;7830986.37;;;;5545000.36;;;;2026;so realizado;Pulp;Klabin
89.637.490/0001-45;KLABIN S.A.;Conselho de Administração;2023;;1176193.6;;;;999092.94;;;;871634.56;;;;2026;so realizado;Pulp;Klabin
89.637.490/0001-45;KLABIN S.A.;Conselho Fiscal;2023;;397495.73;;;;351492.23;;;;332189.0;;;;2026;so realizado;Pulp;Klabin
89.637.490/0001-45;KLABIN S.A.;Diretoria Estatutária;2024;;26417353.46;;;;10791805.54;;;;7313247.86;;;;2026;so realizado;Pulp;Klabin
89.637.490/0001-45;KLABIN S.A.;Conselho de Administração;2024;;1391547.15;;;;971372.96;;;;840684.7;;;;2026;so realizado;Pulp;Klabin
89.637.490/0001-45;KLABIN S.A.;Conselho Fiscal;2024;;417859.6;;;;359791.45;;;;334105.51;;;;2026;so realizado;Pulp;Klabin
89.637.490/0001-45;KLABIN S.A.;Diretoria Estatutária;2025;;22445462.53;;;;8878840.34;;;;5874398.4;;;;2026;so realizado;Pulp;Klabin
89.637.490/0001-45;KLABIN S.A.;Conselho de Administração;2025;;1379886.63;;;;994974.58;;;;855646.29;;;;2026;so realizado;Pulp;Klabin
89.637.490/0001-45;KLABIN S.A.;Conselho Fiscal;2025;;412004.58;;;;358384.24;;;;333111.79;;;;2026;so realizado;Pulp;Klabin
16.670.085/0001-55;LOCALIZA RENT A CAR S.A.;Diretoria Estatutária;2009;;3007630.0;;;;1671869.24;;;;773910.0;;;;2012;so realizado;Locadoras;Localiza
16.670.085/0001-55;LOCALIZA RENT A CAR S.A.;Conselho de Administração;2009;;175200.0;;;;175200.0;;;;175200.0;;;;2012;so realizado;Locadoras;Localiza
16.670.085/0001-55;LOCALIZA RENT A CAR S.A.;Diretoria Estatutária;2010;;4839793.0;;;;2268944.0;;;;699678.0;;;;2013;so realizado;Locadoras;Localiza
16.670.085/0001-55;LOCALIZA RENT A CAR S.A.;Conselho de Administração;2010;;272508.0;;;;272508.0;;;;272508.0;;;;2013;so realizado;Locadoras;Localiza
16.670.085/0001-55;LOCALIZA RENT A CAR S.A.;Diretoria Estatutária;2011;;6267247.18;;;;3217992.52;;;;1012924.39;;;;2014;so realizado;Locadoras;Localiza
16.670.085/0001-55;LOCALIZA RENT A CAR S.A.;Conselho de Administração;2011;;366670.0;;;;336670.0;;;;314170.0;;;;2014;so realizado;Locadoras;Localiza
16.670.085/0001-55;LOCALIZA RENT A CAR S.A.;Diretoria Estatutária;2012;;7145924.18;;;;3256199.42;;;;1208002.07;;;;2015;so realizado;Locadoras;Localiza
16.670.085/0001-55;LOCALIZA RENT A CAR S.A.;Conselho de Administração;2012;;450000.0;;;;420000.0;;;;360000.0;;;;2015;so realizado;Locadoras;Localiza
16.670.085/0001-55;LOCALIZA RENT A CAR S.A.;Diretoria Estatutária;2013;;9430507.39;;;;3930563.03;;;;1307182.43;;;;2016;so realizado;Locadoras;Localiza
16.670.085/0001-55;LOCALIZA RENT A CAR S.A.;Conselho de Administração;2013;;5235358.54;;;;1384028.0;;;;625089.55;;;;2016;so realizado;Locadoras;Localiza
16.670.085/0001-55;LOCALIZA RENT A CAR S.A.;Diretoria Estatutária;2014;;13993306.75;;;;4459261.03;;;;916719.38;;;;2017;so realizado;Locadoras;Localiza
16.670.085/0001-55;LOCALIZA RENT A CAR S.A.;Conselho de Administração;2014;;10214055.33;;;;1859837.79;;;;690768.58;;;;2017;so realizado;Locadoras;Localiza
16.670.085/0001-55;LOCALIZA RENT A CAR S.A.;Diretoria Estatutária;2015;;14441931.71;;;;4774235.16;;;;925314.04;;;;2018;so realizado;Locadoras;Localiza
16.670.085/0001-55;LOCALIZA RENT A CAR S.A.;Conselho de Administração;2015;;9147213.67;;;;1975512.97;;;;752170.66;;;;2018;so realizado;Locadoras;Localiza
16.670.085/0001-55;LOCALIZA RENT A CAR S.A.;Diretoria Estatutária;2016;;12845307.12;;;;4195188.7;;;;937632.48;;;;2019;so realizado;Locadoras;Localiza
16.670.085/0001-55;LOCALIZA RENT A CAR S.A.;Conselho de Administração;2016;;9567053.42;;;;2052954.44;;;;772356.82;;;;2019;so realizado;Locadoras;Localiza
16.670.085/0001-55;LOCALIZA RENT A CAR S.A.;Diretoria Estatutária;2017;;14734656.55;;;;6190567.59;;;;1870303.81;;;;2020;so realizado;Locadoras;Localiza
16.670.085/0001-55;LOCALIZA RENT A CAR S.A.;Conselho de Administração;2017;;9059363.88;;;;1972110.87;;;;759964.76;;;;2020;so realizado;Locadoras;Localiza
16.670.085/0001-55;LOCALIZA RENT A CAR S.A.;Diretoria Estatutária;2018;;10954730.47;;;;5441457.33;;;;2911944.41;;;;2021;so realizado;Locadoras;Localiza
16.670.085/0001-55;LOCALIZA RENT A CAR S.A.;Conselho de Administração;2018;;9059882.38;;;;2362740.0;;;;964543.57;;;;2021;so realizado;Locadoras;Localiza
16.670.085/0001-55;LOCALIZA RENT A CAR S.A.;Conselho Fiscal;2018;;96000.0;;;;96000.0;;;;96000.0;;;;2021;so realizado;Locadoras;Localiza
16.670.085/0001-55;LOCALIZA RENT A CAR S.A.;Diretoria Estatutária;2019;;18121558.04;;;;5139728.98;;;;2095591.25;;;;2022;so realizado;Locadoras;Localiza
16.670.085/0001-55;LOCALIZA RENT A CAR S.A.;Conselho de Administração;2019;;3904000.0;;;;1842817.54;;;;1350000.0;;;;2022;so realizado;Locadoras;Localiza
16.670.085/0001-55;LOCALIZA RENT A CAR S.A.;Conselho Fiscal;2019;;45637.75;;;;45637.75;;;;45637.75;;;;2022;so realizado;Locadoras;Localiza
16.670.085/0001-55;LOCALIZA RENT A CAR S.A.;Diretoria Estatutária;2020;;15808563.32;;;;4665521.49;;;;1535550.29;;;;2023;so realizado;Locadoras;Localiza
16.670.085/0001-55;LOCALIZA RENT A CAR S.A.;Conselho de Administração;2020;;3840000.0;;;;1648203.26;;;;1125000.0;;;;2023;so realizado;Locadoras;Localiza
16.670.085/0001-55;LOCALIZA RENT A CAR S.A.;Diretoria Estatutária;2021;;28676957.18;;;;7351542.2;;;;2382863.81;;;;2024;so realizado;Locadoras;Localiza
16.670.085/0001-55;LOCALIZA RENT A CAR S.A.;Conselho de Administração;2021;;8189067.91;;;;2584932.49;;;;1156875.04;;;;2024;so realizado;Locadoras;Localiza
16.670.085/0001-55;LOCALIZA RENT A CAR S.A.;Conselho Fiscal;2021;;107464.0;;;;107464.0;;;;107464.0;;;;2024;so realizado;Locadoras;Localiza
16.670.085/0001-55;LOCALIZA RENT A CAR S.A.;Diretoria Estatutária;2022;;37617910.17;;;;8227525.79;;;;2196139.0;;;;2025;so realizado;Locadoras;Localiza
16.670.085/0001-55;LOCALIZA RENT A CAR S.A.;Conselho de Administração;2022;;13376693.6;;;;3174229.8;;;;1066477.52;;;;2025;so realizado;Locadoras;Localiza
16.670.085/0001-55;LOCALIZA RENT A CAR S.A.;Conselho Fiscal;2022;;201099.04;;;;201099.04;;;;201099.04;;;;2025;so realizado;Locadoras;Localiza
16.670.085/0001-55;LOCALIZA RENT A CAR S.A.;Diretoria Estatutária;2023;;38558232.01;;;;9273432.48;;;;3127982.15;;;;2026;so realizado;Locadoras;Localiza
16.670.085/0001-55;LOCALIZA RENT A CAR S.A.;Conselho de Administração;2023;;12681423.61;;;;3174139.31;;;;1013310.0;;;;2026;so realizado;Locadoras;Localiza
16.670.085/0001-55;LOCALIZA RENT A CAR S.A.;Conselho Fiscal;2023;;205888.56;;;;205888.56;;;;205888.56;;;;2026;so realizado;Locadoras;Localiza
16.670.085/0001-55;LOCALIZA RENT A CAR S.A.;Diretoria Estatutária;2024;;52585784.78;;;;12958194.95;;;;3229506.45;;;;2026;so realizado;Locadoras;Localiza
16.670.085/0001-55;LOCALIZA RENT A CAR S.A.;Conselho de Administração;2024;;9630976.08;;;;2920145.2;;;;1013310.0;;;;2026;so realizado;Locadoras;Localiza
16.670.085/0001-55;LOCALIZA RENT A CAR S.A.;Conselho Fiscal;2024;;205888.56;;;;205888.56;;;;205888.56;;;;2026;so realizado;Locadoras;Localiza
16.670.085/0001-55;LOCALIZA RENT A CAR S.A.;Diretoria Estatutária;2025;;60861487.85;;;;15856258.88;;;;3718039.14;;;;2026;so realizado;Locadoras;Localiza
16.670.085/0001-55;LOCALIZA RENT A CAR S.A.;Conselho de Administração;2025;;9692495.0;;;;3101613.1;;;;1266637.56;;;;2026;so realizado;Locadoras;Localiza
16.670.085/0001-55;LOCALIZA RENT A CAR S.A.;Conselho Fiscal;2025;;175232.0;;;;175232.0;;;;175232.0;;;;2026;so realizado;Locadoras;Localiza
92.754.738/0001-62;LOJAS RENNER S.A.;Diretoria Estatutária;2007;;8090223.35;;;;3498511.94;;;;1290513.28;;;;2010;so realizado;Retail;Renner
92.754.738/0001-62;LOJAS RENNER S.A.;Conselho de Administração;2007;;200000.0;;;;170448.95;;;;135000.0;;;;2010;so realizado;Retail;Renner
92.754.738/0001-62;LOJAS RENNER S.A.;Conselho Fiscal;2007;;72150.0;;;;72283.61;;;;72150.0;;;;2010;so realizado;Retail;Renner
92.754.738/0001-62;LOJAS RENNER S.A.;Diretoria Estatutária;2008;;8384790.65;;;;2965694.08;;;;976727.68;;;;2011;so realizado;Retail;Renner
92.754.738/0001-62;LOJAS RENNER S.A.;Conselho de Administração;2008;;210000.0;;;;176286.45;;;;140000.0;;;;2011;so realizado;Retail;Renner
92.754.738/0001-62;LOJAS RENNER S.A.;Conselho Fiscal;2008;;68607.92;;;;68607.92;;;;68607.92;;;;2011;so realizado;Retail;Renner
92.754.738/0001-62;LOJAS RENNER S.A.;Diretoria Estatutária;2009;;15633155.94;;;;4082172.15;;;;1133900.41;;;;2012;so realizado;Retail;Renner
92.754.738/0001-62;LOJAS RENNER S.A.;Conselho de Administração;2009;;210000.0;;;;174166.67;;;;135000.0;;;;2012;so realizado;Retail;Renner
92.754.738/0001-62;LOJAS RENNER S.A.;Conselho Fiscal;2009;;67812.48;;;;67812.48;;;;67812.48;;;;2012;so realizado;Retail;Renner
92.754.738/0001-62;LOJAS RENNER S.A.;Diretoria Estatutária;2010;;15975117.9;;;;4263763.66;;;;1271658.84;;;;2013;so realizado;Retail;Renner
92.754.738/0001-62;LOJAS RENNER S.A.;Conselho de Administração;2010;;258700.0;;;;184261.99;;;;130000.0;;;;2013;so realizado;Retail;Renner
92.754.738/0001-62;LOJAS RENNER S.A.;Conselho Fiscal;2010;;69656.76;;;;69656.76;;;;69656.76;;;;2013;so realizado;Retail;Renner
92.754.738/0001-62;LOJAS RENNER S.A.;Diretoria Estatutária;2011;;10843562.42;;;;3230456.84;;;;1040757.61;;;;2014;so realizado;Retail;Renner
92.754.738/0001-62;LOJAS RENNER S.A.;Conselho de Administração;2011;;312700.0;;;;226428.98;;;;179700.0;;;;2014;so realizado;Retail;Renner
92.754.738/0001-62;LOJAS RENNER S.A.;Conselho Fiscal;2011;;115196.49;;;;98996.49;;;;90896.49;;;;2014;so realizado;Retail;Renner
92.754.738/0001-62;LOJAS RENNER S.A.;Diretoria Estatutária;2012;;9050783.78;;;;3365048.75;;;;2223965.77;;;;2015;so realizado;Retail;Renner
92.754.738/0001-62;LOJAS RENNER S.A.;Conselho de Administração;2012;;315630.0;;;;265959.51;;;;194550.0;;;;2015;so realizado;Retail;Renner
92.754.738/0001-62;LOJAS RENNER S.A.;Conselho Fiscal;2012;;136200.0;;;;113320.0;;;;101880.0;;;;2015;so realizado;Retail;Renner
92.754.738/0001-62;LOJAS RENNER S.A.;Diretoria Estatutária;2013;;7386430.76;;;;2788500.17;;;;1483192.5;;;;2016;so realizado;Retail;Renner
92.754.738/0001-62;LOJAS RENNER S.A.;Conselho de Administração;2013;;350814.0;;;;292144.29;;;;199620.0;;;;2016;so realizado;Retail;Renner
92.754.738/0001-62;LOJAS RENNER S.A.;Conselho Fiscal;2013;;144720.0;;;;120400.0;;;;108240.0;;;;2016;so realizado;Retail;Renner
92.754.738/0001-62;LOJAS RENNER S.A.;Diretoria Estatutária;2014;;21616502.98;;;;6369387.28;;;;2536140.91;;;;2017;so realizado;Retail;Renner
92.754.738/0001-62;LOJAS RENNER S.A.;Conselho de Administração;2014;;582600.0;;;;362455.43;;;;330870.0;;;;2017;so realizado;Retail;Renner
92.754.738/0001-62;LOJAS RENNER S.A.;Conselho Fiscal;2014;;163990.0;;;;136591.0;;;;122720.0;;;;2017;so realizado;Retail;Renner
92.754.738/0001-62;LOJAS RENNER S.A.;Diretoria Estatutária;2015;;21629238.35;;;;5647131.77;;;;2166614.93;;;;2018;so realizado;Retail;Renner
92.754.738/0001-62;LOJAS RENNER S.A.;Conselho de Administração;2015;;724530.0;;;;429090.57;;;;317160.0;;;;2018;so realizado;Retail;Renner
92.754.738/0001-62;LOJAS RENNER S.A.;Conselho Fiscal;2015;;189380.0;;;;157600.0;;;;141720.0;;;;2018;so realizado;Retail;Renner
92.754.738/0001-62;LOJAS RENNER S.A.;Diretoria Estatutária;2016;;14700544.28;;;;4501269.76;;;;2464923.46;;;;2019;so realizado;Retail;Renner
92.754.738/0001-62;LOJAS RENNER S.A.;Conselho de Administração;2016;;831240.0;;;;495602.86;;;;394680.0;;;;2019;so realizado;Retail;Renner
92.754.738/0001-62;LOJAS RENNER S.A.;Conselho Fiscal;2016;;210720.0;;;;175440.0;;;;157800.0;;;;2019;so realizado;Retail;Renner
92.754.738/0001-62;LOJAS RENNER S.A.;Diretoria Estatutária;2017;;21484446.3;;;;6114228.7;;;;2955993.99;;;;2020;so realizado;Retail;Renner
92.754.738/0001-62;LOJAS RENNER S.A.;Conselho de Administração;2017;;889200.0;;;;557430.48;;;;466800.0;;;;2020;so realizado;Retail;Renner
92.754.738/0001-62;LOJAS RENNER S.A.;Conselho Fiscal;2017;;225600.0;;;;188000.0;;;;169200.0;;;;2020;so realizado;Retail;Renner
92.754.738/0001-62;LOJAS RENNER S.A.;Diretoria Estatutária;2018;;12515208.11;;;;4560016.15;;;;2523002.47;;;;2021;so realizado;Retail;Renner
92.754.738/0001-62;LOJAS RENNER S.A.;Conselho de Administração;2018;;912000.0;;;;584738.57;;;;467400.0;;;;2021;so realizado;Retail;Renner
92.754.738/0001-62;LOJAS RENNER S.A.;Conselho Fiscal;2018;;230400.0;;;;192000.0;;;;172800.0;;;;2021;so realizado;Retail;Renner
92.754.738/0001-62;LOJAS RENNER S.A.;Diretoria Estatutária;2019;;4028573.56;;;;3765683.27;;;;2225155.87;;;;2022;so realizado;Retail;Renner
92.754.738/0001-62;LOJAS RENNER S.A.;Conselho de Administração;2019;;11744796.61;;;;2117791.77;;;;533000.0;;;;2022;so realizado;Retail;Renner
92.754.738/0001-62;LOJAS RENNER S.A.;Conselho Fiscal;2019;;196800.0;;;;219043.33;;;;196800.0;;;;2022;so realizado;Retail;Renner
92.754.738/0001-62;LOJAS RENNER S.A.;Diretoria Estatutária;2020;;4021246.54;;;;3156234.87;;;;2497765.79;;;;2023;so realizado;Retail;Renner
92.754.738/0001-62;LOJAS RENNER S.A.;Conselho de Administração;2020;;14903025.74;;;;2415639.45;;;;524393.32;;;;2023;so realizado;Retail;Renner
92.754.738/0001-62;LOJAS RENNER S.A.;Conselho Fiscal;2020;;252281.66;;;;210418.33;;;;122836.66;;;;2023;so realizado;Retail;Renner
92.754.738/0001-62;LOJAS RENNER S.A.;Diretoria Estatutária;2021;;8433536.02;;;;4856403.63;;;;1629322.35;;;;2024;so realizado;Retail;Renner
92.754.738/0001-62;LOJAS RENNER S.A.;Conselho de Administração;2021;;10548668.75;;;;1917766.09;;;;568280.0;;;;2024;so realizado;Retail;Renner
92.754.738/0001-62;LOJAS RENNER S.A.;Conselho Fiscal;2021;;273350.0;;;;227996.67;;;;205320.0;;;;2024;so realizado;Retail;Renner
92.754.738/0001-62;LOJAS RENNER S.A.;Diretoria Estatutária;2022;;7057703.57;;;;4149426.57;;;;2202075.69;;;;2025;so realizado;Retail;Renner
92.754.738/0001-62;LOJAS RENNER S.A.;Conselho de Administração;2022;;10249111.6;;;;1969617.7;;;;638910.0;;;;2025;so realizado;Retail;Renner
92.754.738/0001-62;LOJAS RENNER S.A.;Conselho Fiscal;2022;;314880.0;;;;262693.33;;;;236600.0;;;;2025;so realizado;Retail;Renner
92.754.738/0001-62;LOJAS RENNER S.A.;Diretoria Estatutária;2023;;7727347.44;;;;4643532.85;;;;2707027.27;;;;2026;so realizado;Retail;Renner
92.754.738/0001-62;LOJAS RENNER S.A.;Conselho de Administração;2023;;10065796.5;;;;1987548.35;;;;673564.0;;;;2026;so realizado;Retail;Renner
92.754.738/0001-62;LOJAS RENNER S.A.;Conselho Fiscal;2023;;339600.0;;;;286203.33;;;;255600.0;;;;2026;so realizado;Retail;Renner
92.754.738/0001-62;LOJAS RENNER S.A.;Diretoria Estatutária;2024;;14175771.91;;;;6747878.56;;;;4664531.18;;;;2026;so realizado;Retail;Renner
92.754.738/0001-62;LOJAS RENNER S.A.;Conselho de Administração;2024;;3138280.0;;;;1275434.33;;;;871600.0;;;;2026;so realizado;Retail;Renner
92.754.738/0001-62;LOJAS RENNER S.A.;Conselho Fiscal;2024;;352800.0;;;;294645.67;;;;265200.0;;;;2026;so realizado;Retail;Renner
92.754.738/0001-62;LOJAS RENNER S.A.;Diretoria Estatutária;2025;;15353215.57;;;;7221335.38;;;;5121308.75;;;;2026;so realizado;Retail;Renner
92.754.738/0001-62;LOJAS RENNER S.A.;Conselho de Administração;2025;;1711260.0;;;;1061515.92;;;;784560.0;;;;2026;so realizado;Retail;Renner
92.754.738/0001-62;LOJAS RENNER S.A.;Conselho Fiscal;2025;;352800.0;;;;294645.67;;;;265200.0;;;;2026;so realizado;Retail;Renner
02.351.877/0001-52;LWSA S/A;Diretoria Estatutária;2016;;6455481.32;;;;1447080.97;;;;94677.97;;;;2019;so realizado;TMT;Locaweb
02.351.877/0001-52;LWSA S/A;Conselho de Administração;2016;;243378.22;;;;190294.93;;;;130299.63;;;;2019;so realizado;TMT;Locaweb
02.351.877/0001-52;LWSA S/A;Diretoria Estatutária;2017;;1993555.46;;;;1104389.0;;;;103984.13;;;;2020;so realizado;TMT;Locaweb
02.351.877/0001-52;LWSA S/A;Conselho de Administração;2017;;266962.19;;;;260840.52;;;;143333.85;;;;2020;so realizado;TMT;Locaweb
02.351.877/0001-52;LWSA S/A;Diretoria Estatutária;2018;;1565444.53;;;;1065766.82;;;;104081.25;;;;2021;so realizado;TMT;Locaweb
02.351.877/0001-52;LWSA S/A;Conselho de Administração;2018;;137611.48;;;;233760.73;;;;89659.65;;;;2021;so realizado;TMT;Locaweb
02.351.877/0001-52;LWSA S/A;Diretoria Estatutária;2019;;1251934.18;;;;872109.52;;;;143363.99;;;;2022;so realizado;TMT;Locaweb
02.351.877/0001-52;LWSA S/A;Conselho de Administração;2019;;0.0;;;;0.0;;;;0.0;;;;2022;so realizado;TMT;Locaweb
02.351.877/0001-52;LWSA S/A;Diretoria Estatutária;2020;;4156252.9;;;;3915669.0;;;;289913.25;;;;2023;so realizado;TMT;Locaweb
02.351.877/0001-52;LWSA S/A;Conselho de Administração;2020;;506997.42;;;;375367.25;;;;52018.99;;;;2023;so realizado;TMT;Locaweb
02.351.877/0001-52;LWSA S/A;Diretoria Estatutária;2021;;5121008.3;;;;2503117.0;;;;290102.95;;;;2024;so realizado;TMT;Locaweb
02.351.877/0001-52;LWSA S/A;Conselho de Administração;2021;;513225.31;;;;302407.0;;;;118856.15;;;;2024;so realizado;TMT;Locaweb
02.351.877/0001-52;LWSA S/A;Conselho Fiscal;2021;;51532.0;;;;51560.0;;;;51532.0;;;;2024;so realizado;TMT;Locaweb
02.351.877/0001-52;LWSA S/A;Diretoria Estatutária;2022;;2636008.0;;;;1667527.0;;;;649693.0;;;;2025;so realizado;TMT;Locaweb
02.351.877/0001-52;LWSA S/A;Conselho de Administração;2022;;522508.0;;;;252165.0;;;;139639.0;;;;2025;so realizado;TMT;Locaweb
02.351.877/0001-52;LWSA S/A;Conselho Fiscal;2022;;88341.0;;;;78525.0;;;;58894.0;;;;2025;so realizado;TMT;Locaweb
02.351.877/0001-52;LWSA S/A;Diretoria Estatutária;2023;;4079149.0;;;;2021403.0;;;;879428.0;;;;2026;so realizado;TMT;Locaweb
02.351.877/0001-52;LWSA S/A;Conselho de Administração;2023;;603649.0;;;;270725.0;;;;133231.0;;;;2026;so realizado;TMT;Locaweb
02.351.877/0001-52;LWSA S/A;Conselho Fiscal;2023;;29447.0;;;;29447.0;;;;29447.0;;;;2026;so realizado;TMT;Locaweb
02.351.877/0001-52;LWSA S/A;Diretoria Estatutária;2024;;4361065.0;;;;2572699.0;;;;727663.0;;;;2026;so realizado;TMT;Locaweb
02.351.877/0001-52;LWSA S/A;Conselho de Administração;2024;;561459.0;;;;361547.0;;;;165209.0;;;;2026;so realizado;TMT;Locaweb
02.351.877/0001-52;LWSA S/A;Diretoria Estatutária;2025;;3268944.0;;;;2817563.0;;;;1514256.0;;;;2026;so realizado;TMT;Locaweb
02.351.877/0001-52;LWSA S/A;Conselho de Administração;2025;;726856.0;;;;382418.0;;;;191556.0;;;;2026;so realizado;TMT;Locaweb
47.960.950/0001-21;MAGAZINE LUIZA S.A.;Diretoria Estatutária;2009;;1200000.0;;;;401000.0;;;;378000.0;;;;2012;so realizado;Retail;Magalu
47.960.950/0001-21;MAGAZINE LUIZA S.A.;Conselho de Administração;2009;;120000.0;;;;75000.0;;;;30000.0;;;;2012;so realizado;Retail;Magalu
47.960.950/0001-21;MAGAZINE LUIZA S.A.;Diretoria Estatutária;2010;;3250480.0;;;;1548686.58;;;;692503.0;;;;2013;so realizado;Retail;Magalu
47.960.950/0001-21;MAGAZINE LUIZA S.A.;Conselho de Administração;2010;;144000.0;;;;87000.0;;;;30000.0;;;;2013;so realizado;Retail;Magalu
47.960.950/0001-21;MAGAZINE LUIZA S.A.;Diretoria Estatutária;2011;;2139227.0;;;;1235102.5;;;;935861.0;;;;2014;so realizado;Retail;Magalu
47.960.950/0001-21;MAGAZINE LUIZA S.A.;Conselho de Administração;2011;;144000.0;;;;97000.0;;;;50000.0;;;;2014;so realizado;Retail;Magalu
47.960.950/0001-21;MAGAZINE LUIZA S.A.;Diretoria Estatutária;2012;;2356356.0;;;;1720129.61;;;;998775.0;;;;2015;so realizado;Retail;Magalu
47.960.950/0001-21;MAGAZINE LUIZA S.A.;Conselho de Administração;2012;;144000.0;;;;110128.75;;;;93257.5;;;;2015;so realizado;Retail;Magalu
47.960.950/0001-21;MAGAZINE LUIZA S.A.;Conselho Fiscal;2012;;58500.0;;;;58500.0;;;;58500.0;;;;2015;so realizado;Retail;Magalu
47.960.950/0001-21;MAGAZINE LUIZA S.A.;Diretoria Estatutária;2013;;3698499.67;;;;2625588.48;;;;1582956.67;;;;2016;so realizado;Retail;Magalu
47.960.950/0001-21;MAGAZINE LUIZA S.A.;Conselho de Administração;2013;;210000.0;;;;143128.75;;;;126000.0;;;;2016;so realizado;Retail;Magalu
47.960.950/0001-21;MAGAZINE LUIZA S.A.;Conselho Fiscal;2013;;100353.84;;;;100353.84;;;;100353.84;;;;2016;so realizado;Retail;Magalu
47.960.950/0001-21;MAGAZINE LUIZA S.A.;Diretoria Estatutária;2014;;3824375.02;;;;2883548.38;;;;1629811.27;;;;2017;so realizado;Retail;Magalu
47.960.950/0001-21;MAGAZINE LUIZA S.A.;Conselho de Administração;2014;;264000.0;;;;201350.57;;;;144000.0;;;;2017;so realizado;Retail;Magalu
47.960.950/0001-21;MAGAZINE LUIZA S.A.;Conselho Fiscal;2014;;106392.0;;;;106392.0;;;;106392.0;;;;2017;so realizado;Retail;Magalu
47.960.950/0001-21;MAGAZINE LUIZA S.A.;Diretoria Estatutária;2015;;2433013.62;;;;1952946.1;;;;1037701.44;;;;2018;so realizado;Retail;Magalu
47.960.950/0001-21;MAGAZINE LUIZA S.A.;Conselho de Administração;2015;;264000.0;;;;201350.57;;;;144000.0;;;;2018;so realizado;Retail;Magalu
47.960.950/0001-21;MAGAZINE LUIZA S.A.;Conselho Fiscal;2015;;111554.0;;;;111554.0;;;;111554.0;;;;2018;so realizado;Retail;Magalu
47.960.950/0001-21;MAGAZINE LUIZA S.A.;Diretoria Estatutária;2016;;3011644.31;;;;2865499.83;;;;2089106.01;;;;2019;so realizado;Retail;Magalu
47.960.950/0001-21;MAGAZINE LUIZA S.A.;Conselho de Administração;2016;;1536000.0;;;;766637.07;;;;158400.0;;;;2019;so realizado;Retail;Magalu
47.960.950/0001-21;MAGAZINE LUIZA S.A.;Conselho Fiscal;2016;;121976.42;;;;212976.42;;;;121976.42;;;;2019;so realizado;Retail;Magalu
47.960.950/0001-21;MAGAZINE LUIZA S.A.;Diretoria Estatutária;2017;;5615138.84;;;;4043381.03;;;;2811045.48;;;;2020;so realizado;Retail;Magalu
47.960.950/0001-21;MAGAZINE LUIZA S.A.;Conselho de Administração;2017;;1584000.0;;;;450829.77;;;;176000.0;;;;2020;so realizado;Retail;Magalu
47.960.950/0001-21;MAGAZINE LUIZA S.A.;Conselho Fiscal;2017;;120907.68;;;;120907.68;;;;120907.68;;;;2020;so realizado;Retail;Magalu
47.960.950/0001-21;MAGAZINE LUIZA S.A.;Diretoria Estatutária;2018;;18455919.96;;;;6941482.0;;;;2905153.76;;;;2021;so realizado;Retail;Magalu
47.960.950/0001-21;MAGAZINE LUIZA S.A.;Conselho de Administração;2018;;1584000.0;;;;560947.86;;;;316800.0;;;;2021;so realizado;Retail;Magalu
47.960.950/0001-21;MAGAZINE LUIZA S.A.;Conselho Fiscal;2018;;120880.67;;;;120880.67;;;;120880.67;;;;2021;so realizado;Retail;Magalu
47.960.950/0001-21;MAGAZINE LUIZA S.A.;Diretoria Estatutária;2019;;36263283.21;;;;14853512.42;;;;3430890.35;;;;2022;so realizado;Retail;Magalu
47.960.950/0001-21;MAGAZINE LUIZA S.A.;Conselho de Administração;2019;;1886400.0;;;;668604.99;;;;374400.0;;;;2022;so realizado;Retail;Magalu
47.960.950/0001-21;MAGAZINE LUIZA S.A.;Conselho Fiscal;2019;;121354.77;;;;121354.77;;;;121354.77;;;;2022;so realizado;Retail;Magalu
47.960.950/0001-21;MAGAZINE LUIZA S.A.;Diretoria Estatutária;2020;;30347473.58;;;;10797216.0;;;;6775480.05;;;;2023;so realizado;Retail;Magalu
47.960.950/0001-21;MAGAZINE LUIZA S.A.;Conselho de Administração;2020;;1738800.0;;;;608400.0;;;;352800.0;;;;2023;so realizado;Retail;Magalu
47.960.950/0001-21;MAGAZINE LUIZA S.A.;Conselho Fiscal;2020;;120530.76;;;;120530.76;;;;120530.76;;;;2023;so realizado;Retail;Magalu
47.960.950/0001-21;MAGAZINE LUIZA S.A.;Diretoria Estatutária;2021;;13672873.46;;;;6785067.58;;;;4829324.93;;;;2024;so realizado;Retail;Magalu
47.960.950/0001-21;MAGAZINE LUIZA S.A.;Conselho de Administração;2021;;21665388.83;;;;3093114.58;;;;403200.0;;;;2024;so realizado;Retail;Magalu
47.960.950/0001-21;MAGAZINE LUIZA S.A.;Conselho Fiscal;2021;;116113.29;;;;116113.29;;;;116113.29;;;;2024;so realizado;Retail;Magalu
47.960.950/0001-21;MAGAZINE LUIZA S.A.;Diretoria Estatutária;2022;;11032506.52;;;;6101507.96;;;;4434597.65;;;;2025;so realizado;Retail;Magalu
47.960.950/0001-21;MAGAZINE LUIZA S.A.;Conselho de Administração;2022;;14361793.88;;;;2143824.24;;;;336000.0;;;;2025;so realizado;Retail;Magalu
47.960.950/0001-21;MAGAZINE LUIZA S.A.;Conselho Fiscal;2022;;116358.0;;;;116358.0;;;;116358.0;;;;2025;so realizado;Retail;Magalu
47.960.950/0001-21;MAGAZINE LUIZA S.A.;Diretoria Estatutária;2023;;2474441.79;;;;1772423.9;;;;1385062.44;;;;2026;so realizado;Retail;Magalu
47.960.950/0001-21;MAGAZINE LUIZA S.A.;Conselho de Administração;2023;;1656000.0;;;;651910.17;;;;336000.0;;;;2026;so realizado;Retail;Magalu
47.960.950/0001-21;MAGAZINE LUIZA S.A.;Conselho Fiscal;2023;;118668.0;;;;118668.0;;;;118668.0;;;;2026;so realizado;Retail;Magalu
47.960.950/0001-21;MAGAZINE LUIZA S.A.;Diretoria Estatutária;2024;;6376620.19;;;;4128800.33;;;;3232060.12;;;;2026;so realizado;Retail;Magalu
47.960.950/0001-21;MAGAZINE LUIZA S.A.;Conselho de Administração;2024;;1764000.0;;;;896207.71;;;;432000.0;;;;2026;so realizado;Retail;Magalu
47.960.950/0001-21;MAGAZINE LUIZA S.A.;Conselho Fiscal;2024;;119796.0;;;;119796.0;;;;119796.0;;;;2026;so realizado;Retail;Magalu
47.960.950/0001-21;MAGAZINE LUIZA S.A.;Diretoria Estatutária;2025;;4056351.0;;;;3160049.53;;;;2142358.0;;;;2026;so realizado;Retail;Magalu
47.960.950/0001-21;MAGAZINE LUIZA S.A.;Conselho de Administração;2025;;2698166.0;;;;1195669.62;;;;400000.0;;;;2026;so realizado;Retail;Magalu
47.960.950/0001-21;MAGAZINE LUIZA S.A.;Conselho Fiscal;2025;;143755.33;;;;143755.33;;;;143755.33;;;;2026;so realizado;Retail;Magalu
02.846.056/0001-97;MOTIVA INFRAESTRUTURA DE MOBILIDADE S.A.;Diretoria Estatutária;2015;;9956828.59;;;;4005368.54;;;;2170978.75;;;;2018;so realizado;Logistics;Motiva
02.846.056/0001-97;MOTIVA INFRAESTRUTURA DE MOBILIDADE S.A.;Conselho de Administração;2015;;319942.0;;;;173283.55;;;;125025.6;;;;2018;so realizado;Logistics;Motiva
02.846.056/0001-97;MOTIVA INFRAESTRUTURA DE MOBILIDADE S.A.;Conselho Fiscal;2015;;113877.0;;;;113877.0;;;;113877.0;;;;2018;so realizado;Logistics;Motiva
02.846.056/0001-97;MOTIVA INFRAESTRUTURA DE MOBILIDADE S.A.;Diretoria Estatutária;2016;;7859846.02;;;;3158633.34;;;;1375273.95;;;;2019;so realizado;Logistics;Motiva
02.846.056/0001-97;MOTIVA INFRAESTRUTURA DE MOBILIDADE S.A.;Conselho de Administração;2016;;359490.0;;;;180468.11;;;;129261.6;;;;2019;so realizado;Logistics;Motiva
02.846.056/0001-97;MOTIVA INFRAESTRUTURA DE MOBILIDADE S.A.;Conselho Fiscal;2016;;117741.6;;;;117741.6;;;;117741.6;;;;2019;so realizado;Logistics;Motiva
02.846.056/0001-97;MOTIVA INFRAESTRUTURA DE MOBILIDADE S.A.;Diretoria Estatutária;2017;;12814521.11;;;;4547654.96;;;;2121565.9;;;;2020;so realizado;Logistics;Motiva
02.846.056/0001-97;MOTIVA INFRAESTRUTURA DE MOBILIDADE S.A.;Conselho de Administração;2017;;385652.1;;;;199000.0;;;;138714.3;;;;2020;so realizado;Logistics;Motiva
02.846.056/0001-97;MOTIVA INFRAESTRUTURA DE MOBILIDADE S.A.;Conselho Fiscal;2017;;126632.7;;;;126632.7;;;;126632.7;;;;2020;so realizado;Logistics;Motiva
02.846.056/0001-97;MOTIVA INFRAESTRUTURA DE MOBILIDADE S.A.;Diretoria Estatutária;2018;;13392633.12;;;;4734253.28;;;;2069720.97;;;;2021;so realizado;Logistics;Motiva
02.846.056/0001-97;MOTIVA INFRAESTRUTURA DE MOBILIDADE S.A.;Conselho de Administração;2018;;556686.0;;;;243250.0;;;;143369.4;;;;2021;so realizado;Logistics;Motiva
02.846.056/0001-97;MOTIVA INFRAESTRUTURA DE MOBILIDADE S.A.;Conselho Fiscal;2018;;130989.0;;;;130989.0;;;;130989.0;;;;2021;so realizado;Logistics;Motiva
02.846.056/0001-97;MOTIVA INFRAESTRUTURA DE MOBILIDADE S.A.;Diretoria Estatutária;2019;;9516717.0;;;;3415418.41;;;;1432417.0;;;;2022;so realizado;Logistics;Motiva
02.846.056/0001-97;MOTIVA INFRAESTRUTURA DE MOBILIDADE S.A.;Conselho de Administração;2019;;1285504.0;;;;609611.11;;;;475996.0;;;;2022;so realizado;Logistics;Motiva
02.846.056/0001-97;MOTIVA INFRAESTRUTURA DE MOBILIDADE S.A.;Conselho Fiscal;2019;;135594.0;;;;134501.05;;;;135594.0;;;;2022;so realizado;Logistics;Motiva
02.846.056/0001-97;MOTIVA INFRAESTRUTURA DE MOBILIDADE S.A.;Diretoria Estatutária;2020;;19019417.33;;;;4715732.7;;;;1094795.57;;;;2023;so realizado;Logistics;Motiva
02.846.056/0001-97;MOTIVA INFRAESTRUTURA DE MOBILIDADE S.A.;Conselho de Administração;2020;;722230.07;;;;592820.57;;;;583798.22;;;;2023;so realizado;Logistics;Motiva
02.846.056/0001-97;MOTIVA INFRAESTRUTURA DE MOBILIDADE S.A.;Conselho Fiscal;2020;;135875.0;;;;135875.0;;;;135875.0;;;;2023;so realizado;Logistics;Motiva
02.846.056/0001-97;MOTIVA INFRAESTRUTURA DE MOBILIDADE S.A.;Diretoria Estatutária;2021;;7370329.12;;;;2772342.65;;;;1761202.37;;;;2024;so realizado;Logistics;Motiva
02.846.056/0001-97;MOTIVA INFRAESTRUTURA DE MOBILIDADE S.A.;Conselho de Administração;2021;;642800.64;;;;488500.68;;;;519718.7;;;;2024;so realizado;Logistics;Motiva
02.846.056/0001-97;MOTIVA INFRAESTRUTURA DE MOBILIDADE S.A.;Conselho Fiscal;2021;;122254.54;;;;122254.54;;;;122254.54;;;;2024;so realizado;Logistics;Motiva
02.846.056/0001-97;MOTIVA INFRAESTRUTURA DE MOBILIDADE S.A.;Diretoria Estatutária;2022;;8750690.0;;;;3174324.0;;;;1731743.0;;;;2025;so realizado;Logistics;Motiva
02.846.056/0001-97;MOTIVA INFRAESTRUTURA DE MOBILIDADE S.A.;Conselho de Administração;2022;;877184.0;;;;137680.0;;;;616167.0;;;;2025;so realizado;Logistics;Motiva
02.846.056/0001-97;MOTIVA INFRAESTRUTURA DE MOBILIDADE S.A.;Conselho Fiscal;2022;;138311.71;;;;138311.71;;;;138311.71;;;;2025;so realizado;Logistics;Motiva
02.846.056/0001-97;MOTIVA INFRAESTRUTURA DE MOBILIDADE S.A.;Diretoria Estatutária;2023;;7493660.0;;;;5119355.0;;;;3978667.0;;;;2026;so realizado;Logistics;Motiva
02.846.056/0001-97;MOTIVA INFRAESTRUTURA DE MOBILIDADE S.A.;Conselho de Administração;2023;;994649.0;;;;694222.0;;;;660383.0;;;;2026;so realizado;Logistics;Motiva
02.846.056/0001-97;MOTIVA INFRAESTRUTURA DE MOBILIDADE S.A.;Conselho Fiscal;2023;;157132.0;;;;157132.0;;;;157132.0;;;;2026;so realizado;Logistics;Motiva
02.846.056/0001-97;MOTIVA INFRAESTRUTURA DE MOBILIDADE S.A.;Diretoria Estatutária;2024;;10061396.73;;;;5741156.57;;;;4815895.08;;;;2026;so realizado;Logistics;Motiva
02.846.056/0001-97;MOTIVA INFRAESTRUTURA DE MOBILIDADE S.A.;Conselho de Administração;2024;;989383.8;;;;792808.06;;;;722983.8;;;;2026;so realizado;Logistics;Motiva
02.846.056/0001-97;MOTIVA INFRAESTRUTURA DE MOBILIDADE S.A.;Conselho Fiscal;2024;;178567.8;;;;178567.8;;;;178567.8;;;;2026;so realizado;Logistics;Motiva
02.846.056/0001-97;MOTIVA INFRAESTRUTURA DE MOBILIDADE S.A.;Diretoria Estatutária;2025;;13503552.0;;;;6718420.0;;;;3730918.0;;;;2026;so realizado;Logistics;Motiva
02.846.056/0001-97;MOTIVA INFRAESTRUTURA DE MOBILIDADE S.A.;Conselho de Administração;2025;;1146906.0;;;;834319.0;;;;747306.0;;;;2026;so realizado;Logistics;Motiva
02.846.056/0001-97;MOTIVA INFRAESTRUTURA DE MOBILIDADE S.A.;Conselho Fiscal;2025;;185345.0;;;;185345.0;;;;185345.0;;;;2026;so realizado;Logistics;Motiva
21.314.559/0001-66;MOVIDA PARTICIPACOES SA;Diretoria Estatutária;2014;;0.0;;;;0.0;;;;0.0;;;;2015;so realizado;Locadoras;Movida
21.314.559/0001-66;MOVIDA PARTICIPACOES SA;Conselho de Administração;2014;;0.0;;;;0.0;;;;0.0;;;;2015;so realizado;Locadoras;Movida
21.314.559/0001-66;MOVIDA PARTICIPACOES SA;Conselho Fiscal;2014;;0.0;;;;0.0;;;;0.0;;;;2015;so realizado;Locadoras;Movida
21.314.559/0001-66;MOVIDA PARTICIPACOES SA;Diretoria Estatutária;2015;;633000.0;;;;2108778.08;;;;633000.0;;;;2018;so realizado;Locadoras;Movida
21.314.559/0001-66;MOVIDA PARTICIPACOES SA;Conselho de Administração;2015;;0.0;;;;0.0;;;;0.0;;;;2018;so realizado;Locadoras;Movida
21.314.559/0001-66;MOVIDA PARTICIPACOES SA;Conselho Fiscal;2015;;0.0;;;;0.0;;;;0.0;;;;2018;so realizado;Locadoras;Movida
21.314.559/0001-66;MOVIDA PARTICIPACOES SA;Diretoria Estatutária;2016;;771000.0;;;;1315336.98;;;;240000.0;;;;2019;so realizado;Locadoras;Movida
21.314.559/0001-66;MOVIDA PARTICIPACOES SA;Conselho de Administração;2016;;0.0;;;;0.0;;;;0.0;;;;2019;so realizado;Locadoras;Movida
21.314.559/0001-66;MOVIDA PARTICIPACOES SA;Conselho Fiscal;2016;;0.0;;;;0.0;;;;0.0;;;;2019;so realizado;Locadoras;Movida
21.314.559/0001-66;MOVIDA PARTICIPACOES SA;Diretoria Estatutária;2017;;966000.0;;;;3666737.18;;;;907000.0;;;;2020;so realizado;Locadoras;Movida
21.314.559/0001-66;MOVIDA PARTICIPACOES SA;Conselho de Administração;2017;;520000.0;;;;410046.0;;;;325000.0;;;;2020;so realizado;Locadoras;Movida
21.314.559/0001-66;MOVIDA PARTICIPACOES SA;Conselho Fiscal;2017;;124667300.0;;;;98329.33;;;;64950.0;;;;2020;so realizado;Locadoras;Movida
21.314.559/0001-66;MOVIDA PARTICIPACOES SA;Diretoria Estatutária;2018;;1185000.0;;;;2265854.73;;;;625000.0;;;;2021;so realizado;Locadoras;Movida
21.314.559/0001-66;MOVIDA PARTICIPACOES SA;Conselho de Administração;2018;;480000.0;;;;378504.0;;;;300000.0;;;;2021;so realizado;Locadoras;Movida
21.314.559/0001-66;MOVIDA PARTICIPACOES SA;Conselho Fiscal;2018;;86169.45;;;;86169.45;;;;86169.45;;;;2021;so realizado;Locadoras;Movida
21.314.559/0001-66;MOVIDA PARTICIPACOES SA;Diretoria Estatutária;2019;;1544100.0;;;;1046850.75;;;;729101.0;;;;2022;so realizado;Locadoras;Movida
21.314.559/0001-66;MOVIDA PARTICIPACOES SA;Conselho de Administração;2019;;669777.0;;;;526078.0;;;;300000.0;;;;2022;so realizado;Locadoras;Movida
21.314.559/0001-66;MOVIDA PARTICIPACOES SA;Conselho Fiscal;2019;;88073.33;;;;88073.33;;;;88073.33;;;;2022;so realizado;Locadoras;Movida
21.314.559/0001-66;MOVIDA PARTICIPACOES SA;Diretoria Estatutária;2020;;4921561.33;;;;1805682.41;;;;801738.39;;;;2023;so realizado;Locadoras;Movida
21.314.559/0001-66;MOVIDA PARTICIPACOES SA;Conselho de Administração;2020;;739777.0;;;;494863.0;;;;300000.0;;;;2023;so realizado;Locadoras;Movida
21.314.559/0001-66;MOVIDA PARTICIPACOES SA;Conselho Fiscal;2020;;65946.02;;;;65946.02;;;;65946.02;;;;2023;so realizado;Locadoras;Movida
21.314.559/0001-66;MOVIDA PARTICIPACOES SA;Diretoria Estatutária;2021;;4930071.0;;;;2679916.65;;;;1443324.0;;;;2024;so realizado;Locadoras;Movida
21.314.559/0001-66;MOVIDA PARTICIPACOES SA;Conselho de Administração;2021;;654536.0;;;;494862.58;;;;300000.0;;;;2024;so realizado;Locadoras;Movida
21.314.559/0001-66;MOVIDA PARTICIPACOES SA;Conselho Fiscal;2021;;65946.02;;;;98919.03;;;;65946.02;;;;2024;so realizado;Locadoras;Movida
21.314.559/0001-66;MOVIDA PARTICIPACOES SA;Diretoria Estatutária;2022;;9423862.0;;;;3317901.0;;;;1006089.0;;;;2025;so realizado;Locadoras;Movida
21.314.559/0001-66;MOVIDA PARTICIPACOES SA;Conselho de Administração;2022;;654536.0;;;;494862.58;;;;300000.0;;;;2025;so realizado;Locadoras;Movida
21.314.559/0001-66;MOVIDA PARTICIPACOES SA;Conselho Fiscal;2022;;102849.0;;;;100267.84;;;;102849.0;;;;2025;so realizado;Locadoras;Movida
21.314.559/0001-66;MOVIDA PARTICIPACOES SA;Diretoria Estatutária;2023;;5423139.0;;;;2492499.0;;;;1573018.0;;;;2026;so realizado;Locadoras;Movida
21.314.559/0001-66;MOVIDA PARTICIPACOES SA;Conselho de Administração;2023;;654536.0;;;;467235.0;;;;300000.0;;;;2026;so realizado;Locadoras;Movida
21.314.559/0001-66;MOVIDA PARTICIPACOES SA;Conselho Fiscal;2023;;108710.0;;;;107976.0;;;;108710.0;;;;2026;so realizado;Locadoras;Movida
21.314.559/0001-66;MOVIDA PARTICIPACOES SA;Diretoria Estatutária;2024;;4933184.0;;;;2438222.0;;;;1476914.0;;;;2026;so realizado;Locadoras;Movida
21.314.559/0001-66;MOVIDA PARTICIPACOES SA;Conselho de Administração;2024;;654536.0;;;;461759.0;;;;300000.0;;;;2026;so realizado;Locadoras;Movida
21.314.559/0001-66;MOVIDA PARTICIPACOES SA;Conselho Fiscal;2024;;37246.0;;;;37246.0;;;;37246.0;;;;2026;so realizado;Locadoras;Movida
21.314.559/0001-66;MOVIDA PARTICIPACOES SA;Diretoria Estatutária;2025;;8335999.0;;;;3669737.0;;;;2444295.0;;;;2026;so realizado;Locadoras;Movida
21.314.559/0001-66;MOVIDA PARTICIPACOES SA;Conselho de Administração;2025;;654536.0;;;;461759.0;;;;300000.0;;;;2026;so realizado;Locadoras;Movida
21.314.559/0001-66;MOVIDA PARTICIPACOES SA;Conselho Fiscal;2025;;0.0;;;;0.0;;;;0.0;;;;2026;so realizado;Locadoras;Movida
08.343.492/0001-20;MRV ENGENHARIA E PARTICIPACOES S.A.;Diretoria Estatutária;2008;;1554000.0;;;;833000.0;;;;440000.0;;;;2011;so realizado;RealEstate;MRV
08.343.492/0001-20;MRV ENGENHARIA E PARTICIPACOES S.A.;Conselho de Administração;2008;;253000.0;;;;68000.0;;;;0.0;;;;2011;so realizado;RealEstate;MRV
08.343.492/0001-20;MRV ENGENHARIA E PARTICIPACOES S.A.;Diretoria Estatutária;2009;;1610000.0;;;;855571.43;;;;605000.0;;;;2012;so realizado;RealEstate;MRV
08.343.492/0001-20;MRV ENGENHARIA E PARTICIPACOES S.A.;Conselho de Administração;2009;;276000.0;;;;79285.71;;;;65000.0;;;;2012;so realizado;RealEstate;MRV
08.343.492/0001-20;MRV ENGENHARIA E PARTICIPACOES S.A.;Diretoria Estatutária;2010;;1890000.0;;;;821508.14;;;;722000.0;;;;2013;so realizado;RealEstate;MRV
08.343.492/0001-20;MRV ENGENHARIA E PARTICIPACOES S.A.;Conselho de Administração;2010;;189000.0;;;;115142.86;;;;92000.0;;;;2013;so realizado;RealEstate;MRV
08.343.492/0001-20;MRV ENGENHARIA E PARTICIPACOES S.A.;Diretoria Estatutária;2011;;2539200.0;;;;990267.0;;;;580800.0;;;;2014;so realizado;RealEstate;MRV
08.343.492/0001-20;MRV ENGENHARIA E PARTICIPACOES S.A.;Conselho de Administração;2011;;201600.0;;;;144000.0;;;;115200.0;;;;2014;so realizado;RealEstate;MRV
08.343.492/0001-20;MRV ENGENHARIA E PARTICIPACOES S.A.;Diretoria Estatutária;2012;;1442400.0;;;;735271.0;;;;318000.0;;;;2015;so realizado;RealEstate;MRV
08.343.492/0001-20;MRV ENGENHARIA E PARTICIPACOES S.A.;Conselho de Administração;2012;;217200.0;;;;154971.0;;;;124800.0;;;;2015;so realizado;RealEstate;MRV
08.343.492/0001-20;MRV ENGENHARIA E PARTICIPACOES S.A.;Diretoria Estatutária;2013;;2989200.0;;;;1239600.0;;;;772938.0;;;;2016;so realizado;RealEstate;MRV
08.343.492/0001-20;MRV ENGENHARIA E PARTICIPACOES S.A.;Conselho de Administração;2013;;191000.0;;;;164576.0;;;;110000.0;;;;2016;so realizado;RealEstate;MRV
08.343.492/0001-20;MRV ENGENHARIA E PARTICIPACOES S.A.;Diretoria Estatutária;2014;;1882140.0;;;;1308360.0;;;;653554.0;;;;2017;so realizado;RealEstate;MRV
08.343.492/0001-20;MRV ENGENHARIA E PARTICIPACOES S.A.;Conselho de Administração;2014;;3404006.0;;;;584783.0;;;;110015.0;;;;2017;so realizado;RealEstate;MRV
08.343.492/0001-20;MRV ENGENHARIA E PARTICIPACOES S.A.;Diretoria Estatutária;2015;;2127216.0;;;;1455813.0;;;;734016.0;;;;2018;so realizado;RealEstate;MRV
08.343.492/0001-20;MRV ENGENHARIA E PARTICIPACOES S.A.;Conselho de Administração;2015;;4544226.0;;;;839301.0;;;;186600.0;;;;2018;so realizado;RealEstate;MRV
08.343.492/0001-20;MRV ENGENHARIA E PARTICIPACOES S.A.;Diretoria Estatutária;2016;;2389898.0;;;;1569252.0;;;;1029116.0;;;;2019;so realizado;RealEstate;MRV
08.343.492/0001-20;MRV ENGENHARIA E PARTICIPACOES S.A.;Conselho de Administração;2016;;5404896.0;;;;1025375.0;;;;105000.0;;;;2019;so realizado;RealEstate;MRV
08.343.492/0001-20;MRV ENGENHARIA E PARTICIPACOES S.A.;Diretoria Estatutária;2017;;2985812.0;;;;1932310.0;;;;1341927.0;;;;2020;so realizado;RealEstate;MRV
08.343.492/0001-20;MRV ENGENHARIA E PARTICIPACOES S.A.;Conselho de Administração;2017;;6707867.0;;;;1197410.0;;;;213000.0;;;;2020;so realizado;RealEstate;MRV
08.343.492/0001-20;MRV ENGENHARIA E PARTICIPACOES S.A.;Diretoria Estatutária;2018;;3128907.0;;;;2098700.0;;;;1362788.0;;;;2021;so realizado;RealEstate;MRV
08.343.492/0001-20;MRV ENGENHARIA E PARTICIPACOES S.A.;Conselho de Administração;2018;;6465781.0;;;;1146061.0;;;;225000.0;;;;2021;so realizado;RealEstate;MRV
08.343.492/0001-20;MRV ENGENHARIA E PARTICIPACOES S.A.;Diretoria Estatutária;2019;;3924928.0;;;;2402660.0;;;;1257963.0;;;;2022;so realizado;RealEstate;MRV
08.343.492/0001-20;MRV ENGENHARIA E PARTICIPACOES S.A.;Conselho de Administração;2019;;8758969.0;;;;1754005.0;;;;240000.0;;;;2022;so realizado;RealEstate;MRV
08.343.492/0001-20;MRV ENGENHARIA E PARTICIPACOES S.A.;Conselho Fiscal;2019;;100861.0;;;;100861.0;;;;100861.0;;;;2022;so realizado;RealEstate;MRV
08.343.492/0001-20;MRV ENGENHARIA E PARTICIPACOES S.A.;Diretoria Estatutária;2020;;4464174.0;;;;2390124.0;;;;1228060.0;;;;2023;so realizado;RealEstate;MRV
08.343.492/0001-20;MRV ENGENHARIA E PARTICIPACOES S.A.;Conselho de Administração;2020;;11303919.0;;;;1889143.0;;;;240000.0;;;;2023;so realizado;RealEstate;MRV
08.343.492/0001-20;MRV ENGENHARIA E PARTICIPACOES S.A.;Conselho Fiscal;2020;;84000.0;;;;84000.0;;;;84000.0;;;;2023;so realizado;RealEstate;MRV
08.343.492/0001-20;MRV ENGENHARIA E PARTICIPACOES S.A.;Diretoria Estatutária;2021;;5637088.0;;;;3038438.0;;;;1280210.0;;;;2024;so realizado;RealEstate;MRV
08.343.492/0001-20;MRV ENGENHARIA E PARTICIPACOES S.A.;Conselho de Administração;2021;;9031747.0;;;;1654824.0;;;;266726.0;;;;2024;so realizado;RealEstate;MRV
08.343.492/0001-20;MRV ENGENHARIA E PARTICIPACOES S.A.;Conselho Fiscal;2021;;84000.0;;;;84000.0;;;;84000.0;;;;2024;so realizado;RealEstate;MRV
08.343.492/0001-20;MRV ENGENHARIA E PARTICIPACOES S.A.;Diretoria Estatutária;2022;;5241194.0;;;;2679811.0;;;;1124493.0;;;;2025;so realizado;RealEstate;MRV
08.343.492/0001-20;MRV ENGENHARIA E PARTICIPACOES S.A.;Conselho de Administração;2022;;9799878.0;;;;2015421.0;;;;108033.0;;;;2025;so realizado;RealEstate;MRV
08.343.492/0001-20;MRV ENGENHARIA E PARTICIPACOES S.A.;Conselho Fiscal;2022;;84078.0;;;;82078.0;;;;78078.0;;;;2025;so realizado;RealEstate;MRV
08.343.492/0001-20;MRV ENGENHARIA E PARTICIPACOES S.A.;Diretoria Estatutária;2023;;5831559.0;;;;4072715.0;;;;1299987.0;;;;2026;so realizado;RealEstate;MRV
08.343.492/0001-20;MRV ENGENHARIA E PARTICIPACOES S.A.;Conselho de Administração;2023;;10325122.0;;;;2144385.0;;;;120078.0;;;;2026;so realizado;RealEstate;MRV
08.343.492/0001-20;MRV ENGENHARIA E PARTICIPACOES S.A.;Conselho Fiscal;2023;;84708.0;;;;84078.0;;;;84078.0;;;;2026;so realizado;RealEstate;MRV
08.343.492/0001-20;MRV ENGENHARIA E PARTICIPACOES S.A.;Diretoria Estatutária;2024;;8767989.0;;;;4256366.0;;;;2065185.0;;;;2026;so realizado;RealEstate;MRV
08.343.492/0001-20;MRV ENGENHARIA E PARTICIPACOES S.A.;Conselho de Administração;2024;;10091484.0;;;;2017125.0;;;;100089.0;;;;2026;so realizado;RealEstate;MRV
08.343.492/0001-20;MRV ENGENHARIA E PARTICIPACOES S.A.;Conselho Fiscal;2024;;84089.0;;;;84089.0;;;;84089.0;;;;2026;so realizado;RealEstate;MRV
08.343.492/0001-20;MRV ENGENHARIA E PARTICIPACOES S.A.;Diretoria Estatutária;2025;;10390027.0;;;;4214867.0;;;;2378089.0;;;;2026;so realizado;RealEstate;MRV
08.343.492/0001-20;MRV ENGENHARIA E PARTICIPACOES S.A.;Conselho de Administração;2025;;9911534.0;;;;1904796.0;;;;120090.0;;;;2026;so realizado;RealEstate;MRV
08.343.492/0001-20;MRV ENGENHARIA E PARTICIPACOES S.A.;Conselho Fiscal;2025;;98690.0;;;;98690.0;;;;98690.0;;;;2026;so realizado;RealEstate;MRV
07.816.890/0001-53;MULTIPLAN - EMPREEND IMOBILIARIOS S.A.;Diretoria Estatutária;2009;;2499000.0;;;;2128000.0;;;;1719000.0;;;;2012;so realizado;Malls;Multiplan
07.816.890/0001-53;MULTIPLAN - EMPREEND IMOBILIARIOS S.A.;Conselho de Administração;2009;;1388000.0;;;;619000.0;;;;120000.0;;;;2012;so realizado;Malls;Multiplan
07.816.890/0001-53;MULTIPLAN - EMPREEND IMOBILIARIOS S.A.;Diretoria Estatutária;2010;;4507327.97;;;;3075292.47;;;;2194605.18;;;;2013;so realizado;Malls;Multiplan
07.816.890/0001-53;MULTIPLAN - EMPREEND IMOBILIARIOS S.A.;Conselho de Administração;2010;;1456829.04;;;;826308.35;;;;108000.0;;;;2013;so realizado;Malls;Multiplan
07.816.890/0001-53;MULTIPLAN - EMPREEND IMOBILIARIOS S.A.;Diretoria Estatutária;2011;;5008778.11;;;;3659317.37;;;;2556890.93;;;;2014;so realizado;Malls;Multiplan
07.816.890/0001-53;MULTIPLAN - EMPREEND IMOBILIARIOS S.A.;Conselho de Administração;2011;;1970818.38;;;;914546.64;;;;180000.0;;;;2014;so realizado;Malls;Multiplan
07.816.890/0001-53;MULTIPLAN - EMPREEND IMOBILIARIOS S.A.;Diretoria Estatutária;2012;;6231745.39;;;;3970547.11;;;;2726552.5;;;;2015;so realizado;Malls;Multiplan
07.816.890/0001-53;MULTIPLAN - EMPREEND IMOBILIARIOS S.A.;Conselho de Administração;2012;;2080195.26;;;;927989.1;;;;108000.0;;;;2015;so realizado;Malls;Multiplan
07.816.890/0001-53;MULTIPLAN - EMPREEND IMOBILIARIOS S.A.;Diretoria Estatutária;2013;;6571791.41;;;;4702142.46;;;;3295796.76;;;;2016;so realizado;Malls;Multiplan
07.816.890/0001-53;MULTIPLAN - EMPREEND IMOBILIARIOS S.A.;Conselho de Administração;2013;;2208271.87;;;;903323.08;;;;360000.0;;;;2016;so realizado;Malls;Multiplan
07.816.890/0001-53;MULTIPLAN - EMPREEND IMOBILIARIOS S.A.;Diretoria Estatutária;2014;;7855105.37;;;;5174184.59;;;;3446088.53;;;;2017;so realizado;Malls;Multiplan
07.816.890/0001-53;MULTIPLAN - EMPREEND IMOBILIARIOS S.A.;Conselho de Administração;2014;;800233.94;;;;508955.7;;;;360000.0;;;;2017;so realizado;Malls;Multiplan
07.816.890/0001-53;MULTIPLAN - EMPREEND IMOBILIARIOS S.A.;Diretoria Estatutária;2015;;9568995.56;;;;5751072.98;;;;3654081.99;;;;2018;so realizado;Malls;Multiplan
07.816.890/0001-53;MULTIPLAN - EMPREEND IMOBILIARIOS S.A.;Conselho de Administração;2015;;600000.0;;;;450021.05;;;;360000.0;;;;2018;so realizado;Malls;Multiplan
07.816.890/0001-53;MULTIPLAN - EMPREEND IMOBILIARIOS S.A.;Diretoria Estatutária;2016;;10940573.59;;;;6157391.74;;;;3803601.66;;;;2019;so realizado;Malls;Multiplan
07.816.890/0001-53;MULTIPLAN - EMPREEND IMOBILIARIOS S.A.;Conselho de Administração;2016;;720000.0;;;;480000.0;;;;360000.0;;;;2019;so realizado;Malls;Multiplan
07.816.890/0001-53;MULTIPLAN - EMPREEND IMOBILIARIOS S.A.;Diretoria Estatutária;2017;;19754789.06;;;;9826038.63;;;;5123041.15;;;;2020;so realizado;Malls;Multiplan
07.816.890/0001-53;MULTIPLAN - EMPREEND IMOBILIARIOS S.A.;Conselho de Administração;2017;;720000.0;;;;480000.0;;;;360000.0;;;;2020;so realizado;Malls;Multiplan
07.816.890/0001-53;MULTIPLAN - EMPREEND IMOBILIARIOS S.A.;Diretoria Estatutária;2018;;10631456.95;;;;4888209.44;;;;3697053.29;;;;2021;so realizado;Malls;Multiplan
07.816.890/0001-53;MULTIPLAN - EMPREEND IMOBILIARIOS S.A.;Conselho de Administração;2018;;720000.0;;;;416666.67;;;;210000.0;;;;2021;so realizado;Malls;Multiplan
07.816.890/0001-53;MULTIPLAN - EMPREEND IMOBILIARIOS S.A.;Conselho Fiscal;2018;;190400.0;;;;237666.67;;;;189600.0;;;;2021;so realizado;Malls;Multiplan
07.816.890/0001-53;MULTIPLAN - EMPREEND IMOBILIARIOS S.A.;Diretoria Estatutária;2019;;20150773.26;;;;8882395.77;;;;5239530.03;;;;2022;so realizado;Malls;Multiplan
07.816.890/0001-53;MULTIPLAN - EMPREEND IMOBILIARIOS S.A.;Conselho de Administração;2019;;600000.0;;;;450000.0;;;;300000.0;;;;2022;so realizado;Malls;Multiplan
07.816.890/0001-53;MULTIPLAN - EMPREEND IMOBILIARIOS S.A.;Conselho Fiscal;2019;;240000.0;;;;240000.0;;;;240000.0;;;;2022;so realizado;Malls;Multiplan
07.816.890/0001-53;MULTIPLAN - EMPREEND IMOBILIARIOS S.A.;Diretoria Estatutária;2020;;7290812.51;;;;5400614.55;;;;1750229.99;;;;2023;so realizado;Malls;Multiplan
07.816.890/0001-53;MULTIPLAN - EMPREEND IMOBILIARIOS S.A.;Conselho de Administração;2020;;500000.0;;;;400000.0;;;;100000.0;;;;2023;so realizado;Malls;Multiplan
07.816.890/0001-53;MULTIPLAN - EMPREEND IMOBILIARIOS S.A.;Conselho Fiscal;2020;;200000.0;;;;200000.0;;;;200000.0;;;;2023;so realizado;Malls;Multiplan
07.816.890/0001-53;MULTIPLAN - EMPREEND IMOBILIARIOS S.A.;Diretoria Estatutária;2021;;13668021.27;;;;6559573.67;;;;3034921.18;;;;2024;so realizado;Malls;Multiplan
07.816.890/0001-53;MULTIPLAN - EMPREEND IMOBILIARIOS S.A.;Conselho de Administração;2021;;600000.0;;;;450000.0;;;;300000.0;;;;2024;so realizado;Malls;Multiplan
07.816.890/0001-53;MULTIPLAN - EMPREEND IMOBILIARIOS S.A.;Conselho Fiscal;2021;;240000.0;;;;240000.0;;;;240000.0;;;;2024;so realizado;Malls;Multiplan
07.816.890/0001-53;MULTIPLAN - EMPREEND IMOBILIARIOS S.A.;Diretoria Estatutária;2022;;14429865.07;;;;7192144.06;;;;3570392.34;;;;2025;so realizado;Malls;Multiplan
07.816.890/0001-53;MULTIPLAN - EMPREEND IMOBILIARIOS S.A.;Conselho de Administração;2022;;640000.0;;;;480000.0;;;;320000.0;;;;2025;so realizado;Malls;Multiplan
07.816.890/0001-53;MULTIPLAN - EMPREEND IMOBILIARIOS S.A.;Conselho Fiscal;2022;;80000.0;;;;80000.0;;;;80000.0;;;;2025;so realizado;Malls;Multiplan
07.816.890/0001-53;MULTIPLAN - EMPREEND IMOBILIARIOS S.A.;Diretoria Estatutária;2023;;12457507.33;;;;8447518.94;;;;2634426.57;;;;2026;so realizado;Malls;Multiplan
07.816.890/0001-53;MULTIPLAN - EMPREEND IMOBILIARIOS S.A.;Conselho de Administração;2023;;6398919.65;;;;2336643.8;;;;72000.0;;;;2026;so realizado;Malls;Multiplan
07.816.890/0001-53;MULTIPLAN - EMPREEND IMOBILIARIOS S.A.;Conselho Fiscal;2023;;109632.15;;;;164448.23;;;;109632.15;;;;2026;so realizado;Malls;Multiplan
07.816.890/0001-53;MULTIPLAN - EMPREEND IMOBILIARIOS S.A.;Diretoria Estatutária;2024;;22122332.91;;;;10961877.85;;;;5526870.46;;;;2026;so realizado;Malls;Multiplan
07.816.890/0001-53;MULTIPLAN - EMPREEND IMOBILIARIOS S.A.;Conselho de Administração;2024;;4205846.9;;;;1321461.72;;;;120000.0;;;;2026;so realizado;Malls;Multiplan
07.816.890/0001-53;MULTIPLAN - EMPREEND IMOBILIARIOS S.A.;Conselho Fiscal;2024;;194881.2;;;;194881.2;;;;129920.8;;;;2026;so realizado;Malls;Multiplan
07.816.890/0001-53;MULTIPLAN - EMPREEND IMOBILIARIOS S.A.;Diretoria Estatutária;2025;;24631723.03;;;;12118541.35;;;;6124942.35;;;;2026;so realizado;Malls;Multiplan
07.816.890/0001-53;MULTIPLAN - EMPREEND IMOBILIARIOS S.A.;Conselho de Administração;2025;;2370102.0;;;;865284.63;;;;360000.0;;;;2026;so realizado;Malls;Multiplan
07.816.890/0001-53;MULTIPLAN - EMPREEND IMOBILIARIOS S.A.;Conselho Fiscal;2025;;199669.1;;;;199669.1;;;;199669.1;;;;2026;so realizado;Malls;Multiplan
71.673.990/0001-77;NATURA COSMÉTICOS S.A.;Diretoria Estatutária;2009;;3056900.0;;;;1997200.0;;;;789600.0;;;;2012;so realizado;Consumo;Natura
71.673.990/0001-77;NATURA COSMÉTICOS S.A.;Conselho de Administração;2009;;1595300.0;;;;785414.0;;;;303500.0;;;;2012;so realizado;Consumo;Natura
71.673.990/0001-77;NATURA COSMÉTICOS S.A.;Diretoria Estatutária;2010;;3962500.0;;;;2271100.0;;;;876700.0;;;;2013;so realizado;Consumo;Natura
71.673.990/0001-77;NATURA COSMÉTICOS S.A.;Conselho de Administração;2010;;1689800.0;;;;761800.0;;;;379000.0;;;;2013;so realizado;Consumo;Natura
71.673.990/0001-77;NATURA COSMÉTICOS S.A.;Diretoria Estatutária;2011;;3998750.0;;;;2346350.0;;;;894950.0;;;;2014;so realizado;Consumo;Natura
71.673.990/0001-77;NATURA COSMÉTICOS S.A.;Conselho de Administração;2011;;814900.0;;;;554400.0;;;;318900.0;;;;2014;so realizado;Consumo;Natura
71.673.990/0001-77;NATURA COSMÉTICOS S.A.;Diretoria Estatutária;2012;;6092300.0;;;;3801700.0;;;;1654900.0;;;;2015;so realizado;Consumo;Natura
71.673.990/0001-77;NATURA COSMÉTICOS S.A.;Conselho de Administração;2012;;1239100.0;;;;888600.0;;;;628400.0;;;;2015;so realizado;Consumo;Natura
71.673.990/0001-77;NATURA COSMÉTICOS S.A.;Diretoria Estatutária;2013;;6255260.0;;;;3478130.0;;;;1381420.0;;;;2016;so realizado;Consumo;Natura
71.673.990/0001-77;NATURA COSMÉTICOS S.A.;Conselho de Administração;2013;;1274500.0;;;;726800.0;;;;504000.0;;;;2016;so realizado;Consumo;Natura
71.673.990/0001-77;NATURA COSMÉTICOS S.A.;Diretoria Estatutária;2014;;6144400.0;;;;3731700.0;;;;2053400.0;;;;2017;so realizado;Consumo;Natura
71.673.990/0001-77;NATURA COSMÉTICOS S.A.;Conselho de Administração;2014;;1213600.0;;;;774200.0;;;;534200.0;;;;2017;so realizado;Consumo;Natura
71.673.990/0001-77;NATURA COSMÉTICOS S.A.;Diretoria Estatutária;2015;;6779000.0;;;;2927500.0;;;;1266600.0;;;;2018;so realizado;Consumo;Natura
71.673.990/0001-77;NATURA COSMÉTICOS S.A.;Conselho de Administração;2015;;1392900.0;;;;574500.0;;;;190800.0;;;;2018;so realizado;Consumo;Natura
71.673.990/0001-77;NATURA COSMÉTICOS S.A.;Diretoria Estatutária;2016;;5484900.0;;;;4548000.0;;;;3363800.0;;;;2019;so realizado;Consumo;Natura
71.673.990/0001-77;NATURA COSMÉTICOS S.A.;Conselho de Administração;2016;;1179100.0;;;;899200.0;;;;815600.0;;;;2019;so realizado;Consumo;Natura
71.673.990/0001-77;NATURA COSMÉTICOS S.A.;Diretoria Estatutária;2017;;8989300.0;;;;7383100.0;;;;4664400.0;;;;2019;so realizado;Consumo;Natura
71.673.990/0001-77;NATURA COSMÉTICOS S.A.;Conselho de Administração;2017;;5367900.0;;;;1720500.0;;;;1133700.0;;;;2019;so realizado;Consumo;Natura
71.673.990/0001-77;NATURA COSMÉTICOS S.A.;Diretoria Estatutária;2018;;11362400.0;;;;6789100.0;;;;3367200.0;;;;2019;so realizado;Consumo;Natura
71.673.990/0001-77;NATURA COSMÉTICOS S.A.;Conselho de Administração;2018;;28784300.0;;;;4224000.0;;;;1236300.0;;;;2019;so realizado;Consumo;Natura
71.673.990/0001-77;NATURA COSMÉTICOS S.A.;Diretoria Estatutária;2022;;13164144.0;;;;7045527.88;;;;4053440.0;;;;2025;so realizado;Consumo;Natura
71.673.990/0001-77;NATURA COSMÉTICOS S.A.;Conselho de Administração;2022;;0.0;;;;0.0;;;;0.0;;;;2025;so realizado;Consumo;Natura
71.673.990/0001-77;NATURA COSMÉTICOS S.A.;Diretoria Estatutária;2023;;20060537.97;;;;7621594.57;;;;3966597.76;;;;2026;so realizado;Consumo;Natura
71.673.990/0001-77;NATURA COSMÉTICOS S.A.;Conselho de Administração;2023;;0.0;;;;0.0;;;;0.0;;;;2026;so realizado;Consumo;Natura
71.673.990/0001-77;NATURA COSMÉTICOS S.A.;Diretoria Estatutária;2024;;17605843.74;;;;9888702.63;;;;5367075.35;;;;2026;so realizado;Consumo;Natura
71.673.990/0001-77;NATURA COSMÉTICOS S.A.;Conselho de Administração;2024;;0.0;;;;0.0;;;;0.0;;;;2026;so realizado;Consumo;Natura
71.673.990/0001-77;NATURA COSMÉTICOS S.A.;Diretoria Estatutária;2025;;22531228.72;;;;9920944.49;;;;4522139.06;;;;2026;so realizado;Consumo;Natura
71.673.990/0001-77;NATURA COSMÉTICOS S.A.;Conselho de Administração;2025;;2126250.0;;;;2055639.81;;;;6415.37;;;;2026;so realizado;Consumo;Natura
33.000.167/0001-01;PETROLEO BRASILEIRO S.A. PETROBRAS;Diretoria Estatutária;2009;;975175.81;;;;939995.98;;;;884494.73;;;;2012;so realizado;Oil;Petrobras
33.000.167/0001-01;PETROLEO BRASILEIRO S.A. PETROBRAS;Conselho de Administração;2009;;89132.55;;;;76154.5;;;;74423.57;;;;2012;so realizado;Oil;Petrobras
33.000.167/0001-01;PETROLEO BRASILEIRO S.A. PETROBRAS;Conselho Fiscal;2009;;74423.57;;;;74423.57;;;;74423.57;;;;2012;so realizado;Oil;Petrobras
33.000.167/0001-01;PETROLEO BRASILEIRO S.A. PETROBRAS;Diretoria Estatutária;2010;;1210747.93;;;;1167989.42;;;;1123019.83;;;;2013;so realizado;Oil;Petrobras
33.000.167/0001-01;PETROLEO BRASILEIRO S.A. PETROBRAS;Conselho de Administração;2010;;100179.1;;;;86357.27;;;;83875.37;;;;2013;so realizado;Oil;Petrobras
33.000.167/0001-01;PETROLEO BRASILEIRO S.A. PETROBRAS;Conselho Fiscal;2010;;83875.37;;;;83875.37;;;;83875.37;;;;2013;so realizado;Oil;Petrobras
33.000.167/0001-01;PETROLEO BRASILEIRO S.A. PETROBRAS;Diretoria Estatutária;2011;;2106242.35;;;;1746051.21;;;;1463957.8;;;;2014;so realizado;Oil;Petrobras
33.000.167/0001-01;PETROLEO BRASILEIRO S.A. PETROBRAS;Conselho de Administração;2011;;91785.94;;;;89646.52;;;;90912.41;;;;2014;so realizado;Oil;Petrobras
33.000.167/0001-01;PETROLEO BRASILEIRO S.A. PETROBRAS;Conselho Fiscal;2011;;90912.41;;;;90912.41;;;;90912.41;;;;2014;so realizado;Oil;Petrobras
33.000.167/0001-01;PETROLEO BRASILEIRO S.A. PETROBRAS;Diretoria Estatutária;2012;;1692854.46;;;;1423094.43;;;;1389196.91;;;;2015;so realizado;Oil;Petrobras
33.000.167/0001-01;PETROLEO BRASILEIRO S.A. PETROBRAS;Conselho de Administração;2012;;112530.82;;;;108352.73;;;;107972.19;;;;2015;so realizado;Oil;Petrobras
33.000.167/0001-01;PETROLEO BRASILEIRO S.A. PETROBRAS;Conselho Fiscal;2012;;108679.08;;;;108656.25;;;;108679.08;;;;2015;so realizado;Oil;Petrobras
33.000.167/0001-01;PETROLEO BRASILEIRO S.A. PETROBRAS;Diretoria Estatutária;2013;;2183133.37;;;;1873337.43;;;;1608757.95;;;;2016;so realizado;Oil;Petrobras
33.000.167/0001-01;PETROLEO BRASILEIRO S.A. PETROBRAS;Conselho de Administração;2013;;155457.81;;;;140961.99;;;;137657.81;;;;2016;so realizado;Oil;Petrobras
33.000.167/0001-01;PETROLEO BRASILEIRO S.A. PETROBRAS;Conselho Fiscal;2013;;137657.82;;;;142044.53;;;;137657.82;;;;2016;so realizado;Oil;Petrobras
33.000.167/0001-01;PETROLEO BRASILEIRO S.A. PETROBRAS;Diretoria Estatutária;2014;;2649793.98;;;;2204041.27;;;;2030751.74;;;;2017;so realizado;Oil;Petrobras
33.000.167/0001-01;PETROLEO BRASILEIRO S.A. PETROBRAS;Conselho de Administração;2014;;186019.09;;;;156237.4;;;;145014.77;;;;2017;so realizado;Oil;Petrobras
33.000.167/0001-01;PETROLEO BRASILEIRO S.A. PETROBRAS;Conselho Fiscal;2014;;145014.77;;;;145014.77;;;;145014.77;;;;2017;so realizado;Oil;Petrobras
33.000.167/0001-01;PETROLEO BRASILEIRO S.A. PETROBRAS;Diretoria Estatutária;2015;;2168850.76;;;;2124912.84;;;;305461.68;;;;2018;so realizado;Oil;Petrobras
33.000.167/0001-01;PETROLEO BRASILEIRO S.A. PETROBRAS;Conselho de Administração;2015;;156602.47;;;;153277.24;;;;156602.47;;;;2018;so realizado;Oil;Petrobras
33.000.167/0001-01;PETROLEO BRASILEIRO S.A. PETROBRAS;Conselho Fiscal;2015;;156602.47;;;;156602.47;;;;156602.47;;;;2018;so realizado;Oil;Petrobras
33.000.167/0001-01;PETROLEO BRASILEIRO S.A. PETROBRAS;Diretoria Estatutária;2016;;2240007.4;;;;2212752.14;;;;1994839.17;;;;2019;so realizado;Oil;Petrobras
33.000.167/0001-01;PETROLEO BRASILEIRO S.A. PETROBRAS;Conselho de Administração;2016;;171361.46;;;;168338.59;;;;149039.98;;;;2019;so realizado;Oil;Petrobras
33.000.167/0001-01;PETROLEO BRASILEIRO S.A. PETROBRAS;Conselho Fiscal;2016;;170868.54;;;;163341.28;;;;170868.54;;;;2019;so realizado;Oil;Petrobras
33.000.167/0001-01;PETROLEO BRASILEIRO S.A. PETROBRAS;Diretoria Estatutária;2017;;2347432.34;;;;2112962.39;;;;1860873.09;;;;2020;so realizado;Oil;Petrobras
33.000.167/0001-01;PETROLEO BRASILEIRO S.A. PETROBRAS;Conselho de Administração;2017;;210653.11;;;;169538.52;;;;137072.73;;;;2020;so realizado;Oil;Petrobras
33.000.167/0001-01;PETROLEO BRASILEIRO S.A. PETROBRAS;Conselho Fiscal;2017;;164487.28;;;;160068.62;;;;164487.28;;;;2020;so realizado;Oil;Petrobras
33.000.167/0001-01;PETROLEO BRASILEIRO S.A. PETROBRAS;Diretoria Estatutária;2018;;2345948.12;;;;2225262.75;;;;2017773.48;;;;2021;so realizado;Oil;Petrobras
33.000.167/0001-01;PETROLEO BRASILEIRO S.A. PETROBRAS;Conselho de Administração;2018;;225339.87;;;;186514.27;;;;180152.78;;;;2021;so realizado;Oil;Petrobras
33.000.167/0001-01;PETROLEO BRASILEIRO S.A. PETROBRAS;Conselho Fiscal;2018;;184628.63;;;;178351.3;;;;153857.19;;;;2021;so realizado;Oil;Petrobras
33.000.167/0001-01;PETROLEO BRASILEIRO S.A. PETROBRAS;Diretoria Estatutária;2019;;2711572.79;;;;2929586.16;;;;2023422.94;;;;2022;so realizado;Oil;Petrobras
33.000.167/0001-01;PETROLEO BRASILEIRO S.A. PETROBRAS;Conselho de Administração;2019;;173558.09;;;;194282.26;;;;173558.09;;;;2022;so realizado;Oil;Petrobras
33.000.167/0001-01;PETROLEO BRASILEIRO S.A. PETROBRAS;Conselho Fiscal;2019;;138186.7;;;;132369.1;;;;138186.7;;;;2022;so realizado;Oil;Petrobras
33.000.167/0001-01;PETROLEO BRASILEIRO S.A. PETROBRAS;Diretoria Estatutária;2020;;2937733.28;;;;2738492.19;;;;2166779.72;;;;2023;so realizado;Oil;Petrobras
33.000.167/0001-01;PETROLEO BRASILEIRO S.A. PETROBRAS;Conselho de Administração;2020;;174437.57;;;;177728.84;;;;174437.57;;;;2023;so realizado;Oil;Petrobras
33.000.167/0001-01;PETROLEO BRASILEIRO S.A. PETROBRAS;Conselho Fiscal;2020;;174437.57;;;;172983.92;;;;174437.57;;;;2023;so realizado;Oil;Petrobras
33.000.167/0001-01;PETROLEO BRASILEIRO S.A. PETROBRAS;Diretoria Estatutária;2021;;3079232.01;;;;3939645.02;;;;3034506.31;;;;2024;so realizado;Oil;Petrobras
33.000.167/0001-01;PETROLEO BRASILEIRO S.A. PETROBRAS;Conselho de Administração;2021;;174437.57;;;;170022.79;;;;174437.57;;;;2024;so realizado;Oil;Petrobras
33.000.167/0001-01;PETROLEO BRASILEIRO S.A. PETROBRAS;Conselho Fiscal;2021;;174437.57;;;;164402.72;;;;174437.57;;;;2024;so realizado;Oil;Petrobras
33.000.167/0001-01;PETROLEO BRASILEIRO S.A. PETROBRAS;Diretoria Estatutária;2022;;2295729.68;;;;3073743.86;;;;1691555.66;;;;2025;so realizado;Oil;Petrobras
33.000.167/0001-01;PETROLEO BRASILEIRO S.A. PETROBRAS;Conselho de Administração;2022;;145364.64;;;;144539.5;;;;145364.64;;;;2025;so realizado;Oil;Petrobras
33.000.167/0001-01;PETROLEO BRASILEIRO S.A. PETROBRAS;Conselho Fiscal;2022;;145364.64;;;;145364.64;;;;145364.64;;;;2025;so realizado;Oil;Petrobras
33.000.167/0001-01;PETROLEO BRASILEIRO S.A. PETROBRAS;Diretoria Estatutária;2023;;2754629.8;;;;3748138.85;;;;148387.62;;;;2026;so realizado;Oil;Petrobras
33.000.167/0001-01;PETROLEO BRASILEIRO S.A. PETROBRAS;Conselho de Administração;2023;;155176.71;;;;156282.25;;;;155176.71;;;;2026;so realizado;Oil;Petrobras
33.000.167/0001-01;PETROLEO BRASILEIRO S.A. PETROBRAS;Conselho Fiscal;2023;;155176.71;;;;156203.27;;;;155176.71;;;;2026;so realizado;Oil;Petrobras
33.000.167/0001-01;PETROLEO BRASILEIRO S.A. PETROBRAS;Diretoria Estatutária;2024;;3035922.96;;;;3317994.68;;;;2436930.38;;;;2026;so realizado;Oil;Petrobras
33.000.167/0001-01;PETROLEO BRASILEIRO S.A. PETROBRAS;Conselho de Administração;2024;;163937.58;;;;167702.64;;;;158435.94;;;;2026;so realizado;Oil;Petrobras
33.000.167/0001-01;PETROLEO BRASILEIRO S.A. PETROBRAS;Conselho Fiscal;2024;;180331.38;;;;167216.32;;;;163937.58;;;;2026;so realizado;Oil;Petrobras
33.000.167/0001-01;PETROLEO BRASILEIRO S.A. PETROBRAS;Diretoria Estatutária;2025;;3027442.37;;;;3310628.63;;;;2392594.07;;;;2026;so realizado;Oil;Petrobras
33.000.167/0001-01;PETROLEO BRASILEIRO S.A. PETROBRAS;Conselho de Administração;2025;;188948.8;;;;173620.07;;;;171772.62;;;;2026;so realizado;Oil;Petrobras
33.000.167/0001-01;PETROLEO BRASILEIRO S.A. PETROBRAS;Conselho Fiscal;2025;;171772.62;;;;172237.96;;;;171772.62;;;;2026;so realizado;Oil;Petrobras
03.342.704/0001-30;PETRORECÔNCAVO S.A.;Diretoria Estatutária;2018;;2576666.18;;;;2247000.0;;;;1917333.82;;;;2021;so realizado;Oil;PetroReconcavo
03.342.704/0001-30;PETRORECÔNCAVO S.A.;Conselho de Administração;2018;;180000.0;;;;180000.0;;;;180000.0;;;;2021;so realizado;Oil;PetroReconcavo
03.342.704/0001-30;PETRORECÔNCAVO S.A.;Conselho Fiscal;2018;;0.0;;;;0.0;;;;0.0;;;;2021;so realizado;Oil;PetroReconcavo
03.342.704/0001-30;PETRORECÔNCAVO S.A.;Diretoria Estatutária;2019;;2121946.26;;;;1812000.0;;;;1480538.5;;;;2022;so realizado;Oil;PetroReconcavo
03.342.704/0001-30;PETRORECÔNCAVO S.A.;Conselho de Administração;2019;;180000.0;;;;180000.0;;;;180000.0;;;;2022;so realizado;Oil;PetroReconcavo
03.342.704/0001-30;PETRORECÔNCAVO S.A.;Conselho Fiscal;2019;;0.0;;;;0.0;;;;0.0;;;;2022;so realizado;Oil;PetroReconcavo
03.342.704/0001-30;PETRORECÔNCAVO S.A.;Diretoria Estatutária;2020;;4331001.5;;;;3624840.94;;;;3084464.4;;;;2023;so realizado;Oil;PetroReconcavo
03.342.704/0001-30;PETRORECÔNCAVO S.A.;Conselho de Administração;2020;;180000.0;;;;180000.0;;;;180000.0;;;;2023;so realizado;Oil;PetroReconcavo
03.342.704/0001-30;PETRORECÔNCAVO S.A.;Conselho Fiscal;2020;;0.0;;;;0.0;;;;0.0;;;;2023;so realizado;Oil;PetroReconcavo
03.342.704/0001-30;PETRORECÔNCAVO S.A.;Diretoria Estatutária;2021;;5519200.66;;;;4989055.28;;;;3889129.64;;;;2024;so realizado;Oil;PetroReconcavo
03.342.704/0001-30;PETRORECÔNCAVO S.A.;Conselho de Administração;2021;;348333.31;;;;322695.03;;;;265000.0;;;;2024;so realizado;Oil;PetroReconcavo
03.342.704/0001-30;PETRORECÔNCAVO S.A.;Conselho Fiscal;2021;;0.0;;;;0.0;;;;0.0;;;;2024;so realizado;Oil;PetroReconcavo
03.342.704/0001-30;PETRORECÔNCAVO S.A.;Diretoria Estatutária;2022;;7399679.6;;;;6450962.15;;;;4727163.6;;;;2025;so realizado;Oil;PetroReconcavo
03.342.704/0001-30;PETRORECÔNCAVO S.A.;Conselho de Administração;2022;;540000.0;;;;540000.0;;;;540000.0;;;;2025;so realizado;Oil;PetroReconcavo
03.342.704/0001-30;PETRORECÔNCAVO S.A.;Conselho Fiscal;2022;;0.0;;;;0.0;;;;0.0;;;;2025;so realizado;Oil;PetroReconcavo
03.342.704/0001-30;PETRORECÔNCAVO S.A.;Diretoria Estatutária;2023;;6792363.24;;;;4342180.83;;;;2237959.4;;;;2026;so realizado;Oil;PetroReconcavo
03.342.704/0001-30;PETRORECÔNCAVO S.A.;Conselho de Administração;2023;;571500.0;;;;571500.0;;;;571500.0;;;;2026;so realizado;Oil;PetroReconcavo
03.342.704/0001-30;PETRORECÔNCAVO S.A.;Conselho Fiscal;2023;;0.0;;;;0.0;;;;0.0;;;;2026;so realizado;Oil;PetroReconcavo
03.342.704/0001-30;PETRORECÔNCAVO S.A.;Diretoria Estatutária;2024;;5916701.58;;;;4169822.75;;;;2460860.32;;;;2026;so realizado;Oil;PetroReconcavo
03.342.704/0001-30;PETRORECÔNCAVO S.A.;Conselho de Administração;2024;;717750.0;;;;693964.29;;;;594000.0;;;;2026;so realizado;Oil;PetroReconcavo
03.342.704/0001-30;PETRORECÔNCAVO S.A.;Conselho Fiscal;2024;;0.0;;;;0.0;;;;0.0;;;;2026;so realizado;Oil;PetroReconcavo
03.342.704/0001-30;PETRORECÔNCAVO S.A.;Diretoria Estatutária;2025;;6619285.26;;;;4358451.05;;;;2596855.95;;;;2026;so realizado;Oil;PetroReconcavo
03.342.704/0001-30;PETRORECÔNCAVO S.A.;Conselho de Administração;2025;;742500.0;;;;615450.0;;;;594000.0;;;;2026;so realizado;Oil;PetroReconcavo
03.342.704/0001-30;PETRORECÔNCAVO S.A.;Conselho Fiscal;2025;;0.0;;;;0.0;;;;0.0;;;;2026;so realizado;Oil;PetroReconcavo
10.629.105/0001-68;PRIO S.A.;Diretoria Estatutária;2009;;0.0;;;;0.0;;;;0.0;;;;2010;so realizado;Oil;PetroRio
10.629.105/0001-68;PRIO S.A.;Conselho de Administração;2009;;90000.0;;;;49595.0;;;;0.0;;;;2010;so realizado;Oil;PetroRio
10.629.105/0001-68;PRIO S.A.;Conselho Fiscal;2009;;0.0;;;;0.0;;;;0.0;;;;2010;so realizado;Oil;PetroRio
10.629.105/0001-68;PRIO S.A.;Diretoria Estatutária;2010;;7493160.0;;;;7994829.0;;;;6213841.0;;;;2013;so realizado;Oil;PetroRio
10.629.105/0001-68;PRIO S.A.;Conselho de Administração;2010;;6000.0;;;;3600.0;;;;2400.0;;;;2013;so realizado;Oil;PetroRio
10.629.105/0001-68;PRIO S.A.;Conselho Fiscal;2010;;0.0;;;;0.0;;;;0.0;;;;2013;so realizado;Oil;PetroRio
10.629.105/0001-68;PRIO S.A.;Diretoria Estatutária;2011;;3893408.0;;;;2563305.0;;;;2335043.0;;;;2014;so realizado;Oil;PetroRio
10.629.105/0001-68;PRIO S.A.;Conselho de Administração;2011;;513292.0;;;;297255.0;;;;163141.0;;;;2014;so realizado;Oil;PetroRio
10.629.105/0001-68;PRIO S.A.;Conselho Fiscal;2011;;0.0;;;;0.0;;;;0.0;;;;2014;so realizado;Oil;PetroRio
10.629.105/0001-68;PRIO S.A.;Diretoria Estatutária;2012;;11063637.0;;;;7532326.0;;;;3464086.0;;;;2015;so realizado;Oil;PetroRio
10.629.105/0001-68;PRIO S.A.;Conselho de Administração;2012;;936000.0;;;;558201.0;;;;130500.0;;;;2015;so realizado;Oil;PetroRio
10.629.105/0001-68;PRIO S.A.;Conselho Fiscal;2012;;0.0;;;;0.0;;;;0.0;;;;2015;so realizado;Oil;PetroRio
10.629.105/0001-68;PRIO S.A.;Diretoria Estatutária;2013;;17104314.0;;;;9763323.0;;;;1463058.0;;;;2016;so realizado;Oil;PetroRio
10.629.105/0001-68;PRIO S.A.;Conselho de Administração;2013;;521250.0;;;;416734.0;;;;347500.0;;;;2016;so realizado;Oil;PetroRio
10.629.105/0001-68;PRIO S.A.;Conselho Fiscal;2013;;124850.0;;;;299200.0;;;;49500.0;;;;2016;so realizado;Oil;PetroRio
10.629.105/0001-68;PRIO S.A.;Diretoria Estatutária;2014;;2800418.0;;;;1672997.0;;;;2279823.0;;;;2017;so realizado;Oil;PetroRio
10.629.105/0001-68;PRIO S.A.;Conselho de Administração;2014;;190125.0;;;;58321.0;;;;68027.0;;;;2017;so realizado;Oil;PetroRio
10.629.105/0001-68;PRIO S.A.;Conselho Fiscal;2014;;102700.0;;;;102700.0;;;;102700.0;;;;2017;so realizado;Oil;PetroRio
10.629.105/0001-68;PRIO S.A.;Diretoria Estatutária;2015;;2008948.0;;;;1435232.0;;;;922679.0;;;;2018;so realizado;Oil;PetroRio
10.629.105/0001-68;PRIO S.A.;Conselho de Administração;2015;;144000.0;;;;144000.0;;;;144000.0;;;;2018;so realizado;Oil;PetroRio
10.629.105/0001-68;PRIO S.A.;Conselho Fiscal;2015;;131400.0;;;;131400.0;;;;131400.0;;;;2018;so realizado;Oil;PetroRio
10.629.105/0001-68;PRIO S.A.;Diretoria Estatutária;2016;;1379720.0;;;;1360295.0;;;;160000.0;;;;2019;so realizado;Oil;PetroRio
10.629.105/0001-68;PRIO S.A.;Conselho de Administração;2016;;216000.0;;;;215867.0;;;;90000.0;;;;2019;so realizado;Oil;PetroRio
10.629.105/0001-68;PRIO S.A.;Conselho Fiscal;2016;;144000.0;;;;144000.0;;;;144000.0;;;;2019;so realizado;Oil;PetroRio
10.629.105/0001-68;PRIO S.A.;Diretoria Estatutária;2017;;3760981.0;;;;3082343.0;;;;2403708.0;;;;2020;so realizado;Oil;PetroRio
10.629.105/0001-68;PRIO S.A.;Conselho de Administração;2017;;216000.0;;;;216000.0;;;;216000.0;;;;2020;so realizado;Oil;PetroRio
10.629.105/0001-68;PRIO S.A.;Conselho Fiscal;2017;;48000.0;;;;48000.0;;;;48000.0;;;;2020;so realizado;Oil;PetroRio
10.629.105/0001-68;PRIO S.A.;Diretoria Estatutária;2018;;7017906.0;;;;5967391.0;;;;4916876.0;;;;2021;so realizado;Oil;PetroRio
10.629.105/0001-68;PRIO S.A.;Conselho de Administração;2018;;216000.0;;;;208800.0;;;;201600.0;;;;2021;so realizado;Oil;PetroRio
10.629.105/0001-68;PRIO S.A.;Conselho Fiscal;2018;;144000.0;;;;144000.0;;;;144000.0;;;;2021;so realizado;Oil;PetroRio
10.629.105/0001-68;PRIO S.A.;Diretoria Estatutária;2019;;5159519.0;;;;4970015.0;;;;4780510.0;;;;2022;so realizado;Oil;PetroRio
10.629.105/0001-68;PRIO S.A.;Conselho de Administração;2019;;216000.0;;;;216000.0;;;;216000.0;;;;2022;so realizado;Oil;PetroRio
10.629.105/0001-68;PRIO S.A.;Conselho Fiscal;2019;;144000.0;;;;144000.0;;;;144000.0;;;;2022;so realizado;Oil;PetroRio
10.629.105/0001-68;PRIO S.A.;Diretoria Estatutária;2020;;9135191.0;;;;7286400.0;;;;4334795.0;;;;2023;so realizado;Oil;PetroRio
10.629.105/0001-68;PRIO S.A.;Conselho de Administração;2020;;180000.0;;;;180000.0;;;;180000.0;;;;2023;so realizado;Oil;PetroRio
10.629.105/0001-68;PRIO S.A.;Conselho Fiscal;2020;;120000.0;;;;120000.0;;;;120000.0;;;;2023;so realizado;Oil;PetroRio
10.629.105/0001-68;PRIO S.A.;Diretoria Estatutária;2021;;9694400.0;;;;5457309.0;;;;582800.0;;;;2024;so realizado;Oil;PetroRio
10.629.105/0001-68;PRIO S.A.;Conselho de Administração;2021;;180000.0;;;;180000.0;;;;180000.0;;;;2024;so realizado;Oil;PetroRio
10.629.105/0001-68;PRIO S.A.;Conselho Fiscal;2021;;120000.0;;;;120000.0;;;;120000.0;;;;2024;so realizado;Oil;PetroRio
10.629.105/0001-68;PRIO S.A.;Diretoria Estatutária;2022;;24553400.0;;;;13642033.0;;;;6471700.0;;;;2025;so realizado;Oil;PetroRio
10.629.105/0001-68;PRIO S.A.;Conselho de Administração;2022;;267766.0;;;;263998.0;;;;150500.0;;;;2025;so realizado;Oil;PetroRio
10.629.105/0001-68;PRIO S.A.;Conselho Fiscal;2022;;120000.0;;;;120000.0;;;;120000.0;;;;2025;so realizado;Oil;PetroRio
10.629.105/0001-68;PRIO S.A.;Diretoria Estatutária;2023;;40636400.0;;;;25655767.0;;;;13431700.0;;;;2026;so realizado;Oil;PetroRio
10.629.105/0001-68;PRIO S.A.;Conselho de Administração;2023;;1642280.0;;;;1642280.0;;;;1642280.0;;;;2026;so realizado;Oil;PetroRio
10.629.105/0001-68;PRIO S.A.;Conselho Fiscal;2023;;120000.0;;;;120000.0;;;;120000.0;;;;2026;so realizado;Oil;PetroRio
10.629.105/0001-68;PRIO S.A.;Diretoria Estatutária;2024;;64234440.0;;;;38744418.33;;;;19197990.0;;;;2026;so realizado;Oil;PetroRio
10.629.105/0001-68;PRIO S.A.;Conselho de Administração;2024;;1873517.25;;;;1873517.25;;;;1873517.25;;;;2026;so realizado;Oil;PetroRio
10.629.105/0001-68;PRIO S.A.;Conselho Fiscal;2024;;160000.0;;;;160000.0;;;;160000.0;;;;2026;so realizado;Oil;PetroRio
10.629.105/0001-68;PRIO S.A.;Diretoria Estatutária;2025;;68966843.0;;;;30445903.13;;;;12685753.0;;;;2026;so realizado;Oil;PetroRio
10.629.105/0001-68;PRIO S.A.;Conselho de Administração;2025;;240000.0;;;;240000.0;;;;240000.0;;;;2026;so realizado;Oil;PetroRio
10.629.105/0001-68;PRIO S.A.;Conselho Fiscal;2025;;180000.0;;;;180000.0;;;;180000.0;;;;2026;so realizado;Oil;PetroRio
61.585.865/0001-51;RAIA DROGASIL S.A.;Diretoria Estatutária;2009;;4860000.0;;;;3312261.58;;;;1925000.0;;;;2012;so realizado;Retail;Raia Drogasil
61.585.865/0001-51;RAIA DROGASIL S.A.;Conselho de Administração;2009;;426000.0;;;;154375.0;;;;58000.0;;;;2012;so realizado;Retail;Raia Drogasil
61.585.865/0001-51;RAIA DROGASIL S.A.;Conselho Fiscal;2009;;55000.0;;;;55000.0;;;;55000.0;;;;2012;so realizado;Retail;Raia Drogasil
61.585.865/0001-51;RAIA DROGASIL S.A.;Diretoria Estatutária;2010;;1944000.0;;;;1287000.0;;;;931000.0;;;;2013;so realizado;Retail;Raia Drogasil
61.585.865/0001-51;RAIA DROGASIL S.A.;Conselho de Administração;2010;;401000.0;;;;152000.0;;;;78000.0;;;;2013;so realizado;Retail;Raia Drogasil
61.585.865/0001-51;RAIA DROGASIL S.A.;Conselho Fiscal;2010;;66000.0;;;;66000.0;;;;66000.0;;;;2013;so realizado;Retail;Raia Drogasil
61.585.865/0001-51;RAIA DROGASIL S.A.;Diretoria Estatutária;2011;;3488000.0;;;;2417000.0;;;;2039000.0;;;;2014;so realizado;Retail;Raia Drogasil
61.585.865/0001-51;RAIA DROGASIL S.A.;Conselho de Administração;2011;;456000.0;;;;111000.0;;;;20000.0;;;;2014;so realizado;Retail;Raia Drogasil
61.585.865/0001-51;RAIA DROGASIL S.A.;Conselho Fiscal;2011;;72000.0;;;;54000.0;;;;24000.0;;;;2014;so realizado;Retail;Raia Drogasil
61.585.865/0001-51;RAIA DROGASIL S.A.;Diretoria Estatutária;2012;;2485000.0;;;;1446000.0;;;;1010000.0;;;;2015;so realizado;Retail;Raia Drogasil
61.585.865/0001-51;RAIA DROGASIL S.A.;Conselho de Administração;2012;;432000.0;;;;172000.0;;;;144000.0;;;;2015;so realizado;Retail;Raia Drogasil
61.585.865/0001-51;RAIA DROGASIL S.A.;Conselho Fiscal;2012;;72000.0;;;;72000.0;;;;72000.0;;;;2015;so realizado;Retail;Raia Drogasil
61.585.865/0001-51;RAIA DROGASIL S.A.;Diretoria Estatutária;2013;;3863199.0;;;;2454397.0;;;;1067684.0;;;;2016;so realizado;Retail;Raia Drogasil
61.585.865/0001-51;RAIA DROGASIL S.A.;Conselho de Administração;2013;;518400.0;;;;200400.0;;;;172800.0;;;;2016;so realizado;Retail;Raia Drogasil
61.585.865/0001-51;RAIA DROGASIL S.A.;Conselho Fiscal;2013;;101150.0;;;;101150.0;;;;101150.0;;;;2016;so realizado;Retail;Raia Drogasil
61.585.865/0001-51;RAIA DROGASIL S.A.;Diretoria Estatutária;2014;;4835331.0;;;;2280336.0;;;;1788151.0;;;;2017;so realizado;Retail;Raia Drogasil
61.585.865/0001-51;RAIA DROGASIL S.A.;Conselho de Administração;2014;;518400.0;;;;211200.0;;;;172800.0;;;;2017;so realizado;Retail;Raia Drogasil
61.585.865/0001-51;RAIA DROGASIL S.A.;Conselho Fiscal;2014;;112320.0;;;;112320.0;;;;112320.0;;;;2017;so realizado;Retail;Raia Drogasil
61.585.865/0001-51;RAIA DROGASIL S.A.;Diretoria Estatutária;2015;;6596833.0;;;;3018103.0;;;;2204200.0;;;;2018;so realizado;Retail;Raia Drogasil
61.585.865/0001-51;RAIA DROGASIL S.A.;Conselho de Administração;2015;;542400.0;;;;221037.0;;;;181200.0;;;;2018;so realizado;Retail;Raia Drogasil
61.585.865/0001-51;RAIA DROGASIL S.A.;Conselho Fiscal;2015;;120368.0;;;;120368.0;;;;120368.0;;;;2018;so realizado;Retail;Raia Drogasil
61.585.865/0001-51;RAIA DROGASIL S.A.;Diretoria Estatutária;2016;;10776473.0;;;;4512871.0;;;;3250171.0;;;;2019;so realizado;Retail;Raia Drogasil
61.585.865/0001-51;RAIA DROGASIL S.A.;Conselho de Administração;2016;;965697.0;;;;415575.0;;;;271499.0;;;;2019;so realizado;Retail;Raia Drogasil
61.585.865/0001-51;RAIA DROGASIL S.A.;Conselho Fiscal;2016;;130680.0;;;;130680.0;;;;130680.0;;;;2019;so realizado;Retail;Raia Drogasil
61.585.865/0001-51;RAIA DROGASIL S.A.;Diretoria Estatutária;2017;;12334388.0;;;;5900563.0;;;;3695426.0;;;;2020;so realizado;Retail;Raia Drogasil
61.585.865/0001-51;RAIA DROGASIL S.A.;Conselho de Administração;2017;;1024196.0;;;;454647.0;;;;288055.0;;;;2020;so realizado;Retail;Raia Drogasil
61.585.865/0001-51;RAIA DROGASIL S.A.;Conselho Fiscal;2017;;142384.0;;;;143384.0;;;;142384.0;;;;2020;so realizado;Retail;Raia Drogasil
61.585.865/0001-51;RAIA DROGASIL S.A.;Diretoria Estatutária;2018;;8133642.0;;;;3839694.0;;;;3038994.0;;;;2021;so realizado;Retail;Raia Drogasil
61.585.865/0001-51;RAIA DROGASIL S.A.;Conselho de Administração;2018;;1351082.0;;;;636179.0;;;;327249.0;;;;2021;so realizado;Retail;Raia Drogasil
61.585.865/0001-51;RAIA DROGASIL S.A.;Conselho Fiscal;2018;;148666.0;;;;148666.0;;;;148666.0;;;;2021;so realizado;Retail;Raia Drogasil
61.585.865/0001-51;RAIA DROGASIL S.A.;Diretoria Estatutária;2019;;8874296.0;;;;4244996.0;;;;3373439.0;;;;2022;so realizado;Retail;Raia Drogasil
61.585.865/0001-51;RAIA DROGASIL S.A.;Conselho de Administração;2019;;1307822.0;;;;633637.0;;;;353140.0;;;;2022;so realizado;Retail;Raia Drogasil
61.585.865/0001-51;RAIA DROGASIL S.A.;Conselho Fiscal;2019;;130275.0;;;;130275.0;;;;130275.0;;;;2022;so realizado;Retail;Raia Drogasil
61.585.865/0001-51;RAIA DROGASIL S.A.;Diretoria Estatutária;2020;;10283840.0;;;;3919923.0;;;;729652.0;;;;2023;so realizado;Retail;Raia Drogasil
61.585.865/0001-51;RAIA DROGASIL S.A.;Conselho de Administração;2020;;1891337.0;;;;757009.0;;;;588467.0;;;;2023;so realizado;Retail;Raia Drogasil
61.585.865/0001-51;RAIA DROGASIL S.A.;Conselho Fiscal;2020;;133352.0;;;;132771.0;;;;97838.0;;;;2023;so realizado;Retail;Raia Drogasil
61.585.865/0001-51;RAIA DROGASIL S.A.;Diretoria Estatutária;2021;;10980753.0;;;;4019465.0;;;;2142988.0;;;;2024;so realizado;Retail;Raia Drogasil
61.585.865/0001-51;RAIA DROGASIL S.A.;Conselho de Administração;2021;;1619830.0;;;;738774.0;;;;309750.0;;;;2024;so realizado;Retail;Raia Drogasil
61.585.865/0001-51;RAIA DROGASIL S.A.;Conselho Fiscal;2021;;137600.0;;;;137600.0;;;;137600.0;;;;2024;so realizado;Retail;Raia Drogasil
61.585.865/0001-51;RAIA DROGASIL S.A.;Diretoria Estatutária;2022;;11738155.0;;;;5451401.0;;;;3097631.0;;;;2025;so realizado;Retail;Raia Drogasil
61.585.865/0001-51;RAIA DROGASIL S.A.;Conselho de Administração;2022;;1581750.0;;;;779383.0;;;;329862.0;;;;2025;so realizado;Retail;Raia Drogasil
61.585.865/0001-51;RAIA DROGASIL S.A.;Conselho Fiscal;2022;;154600.0;;;;154600.0;;;;154600.0;;;;2025;so realizado;Retail;Raia Drogasil
61.585.865/0001-51;RAIA DROGASIL S.A.;Diretoria Estatutária;2023;;13538516.96;;;;6588464.25;;;;3921236.46;;;;2026;so realizado;Retail;Raia Drogasil
61.585.865/0001-51;RAIA DROGASIL S.A.;Conselho de Administração;2023;;1665693.88;;;;873694.09;;;;367153.84;;;;2026;so realizado;Retail;Raia Drogasil
61.585.865/0001-51;RAIA DROGASIL S.A.;Conselho Fiscal;2023;;171630.44;;;;171630.44;;;;171630.44;;;;2026;so realizado;Retail;Raia Drogasil
61.585.865/0001-51;RAIA DROGASIL S.A.;Diretoria Estatutária;2024;;16863933.65;;;;7636204.68;;;;5252365.41;;;;2026;so realizado;Retail;Raia Drogasil
61.585.865/0001-51;RAIA DROGASIL S.A.;Conselho de Administração;2024;;1802537.42;;;;903437.55;;;;402820.42;;;;2026;so realizado;Retail;Raia Drogasil
61.585.865/0001-51;RAIA DROGASIL S.A.;Conselho Fiscal;2024;;173158.77;;;;173158.75;;;;173158.77;;;;2026;so realizado;Retail;Raia Drogasil
61.585.865/0001-51;RAIA DROGASIL S.A.;Diretoria Estatutária;2025;;7639401.98;;;;3998572.16;;;;1783739.43;;;;2026;so realizado;Retail;Raia Drogasil
61.585.865/0001-51;RAIA DROGASIL S.A.;Conselho de Administração;2025;;2513690.0;;;;925779.38;;;;417724.77;;;;2026;so realizado;Retail;Raia Drogasil
61.585.865/0001-51;RAIA DROGASIL S.A.;Conselho Fiscal;2025;;180474.0;;;;180474.0;;;;180474.0;;;;2026;so realizado;Retail;Raia Drogasil
33.453.598/0001-23;RAÍZEN S.A.;Diretoria Estatutária;2018;;9803087.61;;;;4931412.82;;;;2682885.97;;;;2021;so realizado;Oil;Raizen
33.453.598/0001-23;RAÍZEN S.A.;Conselho de Administração;2018;;49243120.58;;;;49243120.58;;;;49243120.58;;;;2021;so realizado;Oil;Raizen
33.453.598/0001-23;RAÍZEN S.A.;Conselho Fiscal;2018;;0.0;;;;0.0;;;;0.0;;;;2021;so realizado;Oil;Raizen
33.453.598/0001-23;RAÍZEN S.A.;Diretoria Estatutária;2019;;9012741.34;;;;4796627.49;;;;2809356.32;;;;2022;so realizado;Oil;Raizen
33.453.598/0001-23;RAÍZEN S.A.;Conselho de Administração;2019;;52441820.5;;;;52441820.5;;;;52441820.5;;;;2022;so realizado;Oil;Raizen
33.453.598/0001-23;RAÍZEN S.A.;Conselho Fiscal;2019;;0.0;;;;0.0;;;;0.0;;;;2022;so realizado;Oil;Raizen
33.453.598/0001-23;RAÍZEN S.A.;Diretoria Estatutária;2020;;8544346.9;;;;6224670.29;;;;3724393.06;;;;2023;so realizado;Oil;Raizen
33.453.598/0001-23;RAÍZEN S.A.;Conselho de Administração;2020;;64974323.36;;;;64974323.36;;;;64974323.36;;;;2023;so realizado;Oil;Raizen
33.453.598/0001-23;RAÍZEN S.A.;Conselho Fiscal;2020;;0.0;;;;0.0;;;;0.0;;;;2023;so realizado;Oil;Raizen
33.453.598/0001-23;RAÍZEN S.A.;Diretoria Estatutária;2021;;12357528.85;;;;6312948.22;;;;846340.89;;;;2024;so realizado;Oil;Raizen
33.453.598/0001-23;RAÍZEN S.A.;Conselho de Administração;2021;;56535795.72;;;;56535795.72;;;;56535795.72;;;;2024;so realizado;Oil;Raizen
33.453.598/0001-23;RAÍZEN S.A.;Conselho Fiscal;2021;;0.0;;;;0.0;;;;0.0;;;;2024;so realizado;Oil;Raizen
33.453.598/0001-23;RAÍZEN S.A.;Diretoria Estatutária;2022;;17936091.66;;;;9478804.04;;;;2342430.42;;;;2025;so realizado;Oil;Raizen
33.453.598/0001-23;RAÍZEN S.A.;Conselho de Administração;2022;;53230349.66;;;;23198788.7;;;;406451.61;;;;2025;so realizado;Oil;Raizen
33.453.598/0001-23;RAÍZEN S.A.;Conselho Fiscal;2022;;0.0;;;;0.0;;;;0.0;;;;2025;so realizado;Oil;Raizen
33.453.598/0001-23;RAÍZEN S.A.;Diretoria Estatutária;2023;;19001639.61;;;;7719094.76;;;;3656311.65;;;;2026;so realizado;Oil;Raizen
33.453.598/0001-23;RAÍZEN S.A.;Conselho de Administração;2023;;57411885.4;;;;19536929.98;;;;598904.55;;;;2026;so realizado;Oil;Raizen
33.453.598/0001-23;RAÍZEN S.A.;Conselho Fiscal;2023;;183229.17;;;;183229.17;;;;183229.17;;;;2026;so realizado;Oil;Raizen
33.453.598/0001-23;RAÍZEN S.A.;Diretoria Estatutária;2024;;25854215.47;;;;10238074.47;;;;3881619.49;;;;2026;so realizado;Oil;Raizen
33.453.598/0001-23;RAÍZEN S.A.;Conselho de Administração;2024;;69079297.13;;;;23440008.69;;;;600000.0;;;;2026;so realizado;Oil;Raizen
33.453.598/0001-23;RAÍZEN S.A.;Conselho Fiscal;2024;;263850.0;;;;263850.0;;;;263850.0;;;;2026;so realizado;Oil;Raizen
33.453.598/0001-23;RAÍZEN S.A.;Diretoria Estatutária;2025;;10984921.29;;;;5287330.88;;;;3740155.53;;;;2026;so realizado;Oil;Raizen
33.453.598/0001-23;RAÍZEN S.A.;Conselho de Administração;2025;;55557959.64;;;;18957604.63;;;;600000.0;;;;2026;so realizado;Oil;Raizen
33.453.598/0001-23;RAÍZEN S.A.;Conselho Fiscal;2025;;263850.0;;;;263850.0;;;;263850.0;;;;2026;so realizado;Oil;Raizen
06.047.087/0001-39;REDE D'OR SÃO LUIZ S.A.;Diretoria Estatutária;2017;;5146696.0;;;;4106220.54;;;;2772840.0;;;;2020;so realizado;Saude;Rede D'Or
06.047.087/0001-39;REDE D'OR SÃO LUIZ S.A.;Conselho de Administração;2017;;0.0;;;;0.0;;;;0.0;;;;2020;so realizado;Saude;Rede D'Or
06.047.087/0001-39;REDE D'OR SÃO LUIZ S.A.;Diretoria Estatutária;2018;;15593389.0;;;;9546081.0;;;;2862170.0;;;;2021;so realizado;Saude;Rede D'Or
06.047.087/0001-39;REDE D'OR SÃO LUIZ S.A.;Conselho de Administração;2018;;0.0;;;;0.0;;;;0.0;;;;2021;so realizado;Saude;Rede D'Or
06.047.087/0001-39;REDE D'OR SÃO LUIZ S.A.;Diretoria Estatutária;2019;;18729000.0;;;;7751680.0;;;;3511315.0;;;;2022;so realizado;Saude;Rede D'Or
06.047.087/0001-39;REDE D'OR SÃO LUIZ S.A.;Conselho de Administração;2019;;0.0;;;;0.0;;;;0.0;;;;2022;so realizado;Saude;Rede D'Or
06.047.087/0001-39;REDE D'OR SÃO LUIZ S.A.;Diretoria Estatutária;2020;;48287321.0;;;;25929141.33;;;;22301992.0;;;;2023;so realizado;Saude;Rede D'Or
06.047.087/0001-39;REDE D'OR SÃO LUIZ S.A.;Conselho de Administração;2020;;330533124.0;;;;330533124.0;;;;330533124.0;;;;2023;so realizado;Saude;Rede D'Or
06.047.087/0001-39;REDE D'OR SÃO LUIZ S.A.;Conselho Fiscal;2020;;0.0;;;;0.0;;;;0.0;;;;2023;so realizado;Saude;Rede D'Or
06.047.087/0001-39;REDE D'OR SÃO LUIZ S.A.;Diretoria Estatutária;2021;;27197930.0;;;;19086463.58;;;;3954473.0;;;;2024;so realizado;Saude;Rede D'Or
06.047.087/0001-39;REDE D'OR SÃO LUIZ S.A.;Conselho de Administração;2021;;47638364.0;;;;47638364.0;;;;47638364.0;;;;2024;so realizado;Saude;Rede D'Or
06.047.087/0001-39;REDE D'OR SÃO LUIZ S.A.;Conselho Fiscal;2021;;0.0;;;;0.0;;;;0.0;;;;2024;so realizado;Saude;Rede D'Or
06.047.087/0001-39;REDE D'OR SÃO LUIZ S.A.;Diretoria Estatutária;2022;;22044192.0;;;;14443504.05;;;;2722867.0;;;;2025;so realizado;Saude;Rede D'Or
06.047.087/0001-39;REDE D'OR SÃO LUIZ S.A.;Conselho de Administração;2022;;17929091.0;;;;17929091.0;;;;17929091.0;;;;2025;so realizado;Saude;Rede D'Or
06.047.087/0001-39;REDE D'OR SÃO LUIZ S.A.;Conselho Fiscal;2022;;338392.0;;;;338392.0;;;;338392.0;;;;2025;so realizado;Saude;Rede D'Or
06.047.087/0001-39;REDE D'OR SÃO LUIZ S.A.;Diretoria Estatutária;2023;;22013667.0;;;;11819798.0;;;;4037024.0;;;;2026;so realizado;Saude;Rede D'Or
06.047.087/0001-39;REDE D'OR SÃO LUIZ S.A.;Conselho de Administração;2023;;37286235.0;;;;20023118.0;;;;2760000.0;;;;2026;so realizado;Saude;Rede D'Or
06.047.087/0001-39;REDE D'OR SÃO LUIZ S.A.;Conselho Fiscal;2023;;530716.0;;;;530716.0;;;;530716.0;;;;2026;so realizado;Saude;Rede D'Or
06.047.087/0001-39;REDE D'OR SÃO LUIZ S.A.;Diretoria Estatutária;2024;;23029682.0;;;;9830903.0;;;;5599595.0;;;;2026;so realizado;Saude;Rede D'Or
06.047.087/0001-39;REDE D'OR SÃO LUIZ S.A.;Conselho de Administração;2024;;51367518.0;;;;27127515.0;;;;2887512.0;;;;2026;so realizado;Saude;Rede D'Or
06.047.087/0001-39;REDE D'OR SÃO LUIZ S.A.;Conselho Fiscal;2024;;530716.0;;;;530716.0;;;;530716.0;;;;2026;so realizado;Saude;Rede D'Or
06.047.087/0001-39;REDE D'OR SÃO LUIZ S.A.;Diretoria Estatutária;2025;;24180216.0;;;;10226799.0;;;;5990837.0;;;;2026;so realizado;Saude;Rede D'Or
06.047.087/0001-39;REDE D'OR SÃO LUIZ S.A.;Conselho de Administração;2025;;53887582.0;;;;26402617.0;;;;3041145.0;;;;2026;so realizado;Saude;Rede D'Or
06.047.087/0001-39;REDE D'OR SÃO LUIZ S.A.;Conselho Fiscal;2025;;700684.0;;;;700684.0;;;;700684.0;;;;2026;so realizado;Saude;Rede D'Or
02.387.241/0001-60;RUMO S.A.;Diretoria Estatutária;2009;;0.0;;;;0.0;;;;0.0;;;;2010;so realizado;Logistics;Rumo
02.387.241/0001-60;RUMO S.A.;Conselho de Administração;2009;;0.0;;;;0.0;;;;0.0;;;;2010;so realizado;Logistics;Rumo
02.387.241/0001-60;RUMO S.A.;Conselho Fiscal;2009;;0.0;;;;0.0;;;;0.0;;;;2010;so realizado;Logistics;Rumo
02.387.241/0001-60;RUMO S.A.;Diretoria Estatutária;2010;;0.0;;;;0.0;;;;0.0;;;;2013;so realizado;Logistics;Rumo
02.387.241/0001-60;RUMO S.A.;Conselho de Administração;2010;;0.0;;;;0.0;;;;0.0;;;;2013;so realizado;Logistics;Rumo
02.387.241/0001-60;RUMO S.A.;Conselho Fiscal;2010;;0.0;;;;0.0;;;;0.0;;;;2013;so realizado;Logistics;Rumo
02.387.241/0001-60;RUMO S.A.;Diretoria Estatutária;2011;;0.0;;;;0.0;;;;0.0;;;;2014;so realizado;Logistics;Rumo
02.387.241/0001-60;RUMO S.A.;Conselho de Administração;2011;;0.0;;;;0.0;;;;0.0;;;;2014;so realizado;Logistics;Rumo
02.387.241/0001-60;RUMO S.A.;Conselho Fiscal;2011;;0.0;;;;0.0;;;;0.0;;;;2014;so realizado;Logistics;Rumo
02.387.241/0001-60;RUMO S.A.;Diretoria Estatutária;2012;;0.0;;;;0.0;;;;0.0;;;;2015;so realizado;Logistics;Rumo
02.387.241/0001-60;RUMO S.A.;Conselho de Administração;2012;;0.0;;;;0.0;;;;0.0;;;;2015;so realizado;Logistics;Rumo
02.387.241/0001-60;RUMO S.A.;Conselho Fiscal;2012;;0.0;;;;0.0;;;;0.0;;;;2015;so realizado;Logistics;Rumo
02.387.241/0001-60;RUMO S.A.;Diretoria Estatutária;2013;;0.0;;;;0.0;;;;0.0;;;;2015;so realizado;Logistics;Rumo
02.387.241/0001-60;RUMO S.A.;Conselho de Administração;2013;;0.0;;;;0.0;;;;0.0;;;;2015;so realizado;Logistics;Rumo
02.387.241/0001-60;RUMO S.A.;Conselho Fiscal;2013;;0.0;;;;0.0;;;;0.0;;;;2015;so realizado;Logistics;Rumo
02.387.241/0001-60;RUMO S.A.;Diretoria Estatutária;2014;;0.0;;;;0.0;;;;0.0;;;;2015;so realizado;Logistics;Rumo
02.387.241/0001-60;RUMO S.A.;Conselho de Administração;2014;;0.0;;;;0.0;;;;0.0;;;;2015;so realizado;Logistics;Rumo
02.387.241/0001-60;RUMO S.A.;Conselho Fiscal;2014;;0.0;;;;0.0;;;;0.0;;;;2015;so realizado;Logistics;Rumo
02.387.241/0001-60;RUMO S.A.;Diretoria Estatutária;2015;;1269935.0;;;;300511.35;;;;625816.0;;;;2018;so realizado;Logistics;Rumo
02.387.241/0001-60;RUMO S.A.;Conselho de Administração;2015;;240000.0;;;;76722.22;;;;0.0;;;;2018;so realizado;Logistics;Rumo
02.387.241/0001-60;RUMO S.A.;Conselho Fiscal;2015;;0.0;;;;0.0;;;;0.0;;;;2018;so realizado;Logistics;Rumo
02.387.241/0001-60;RUMO S.A.;Diretoria Estatutária;2016;;5433292.0;;;;1742210.0;;;;850758.0;;;;2019;so realizado;Logistics;Rumo
02.387.241/0001-60;RUMO S.A.;Conselho de Administração;2016;;360000.0;;;;181059.0;;;;180000.0;;;;2019;so realizado;Logistics;Rumo
02.387.241/0001-60;RUMO S.A.;Conselho Fiscal;2016;;145469.0;;;;121224.0;;;;121224.0;;;;2019;so realizado;Logistics;Rumo
02.387.241/0001-60;RUMO S.A.;Diretoria Estatutária;2017;;22801721.0;;;;12332149.5;;;;1862578.0;;;;2020;so realizado;Logistics;Rumo
02.387.241/0001-60;RUMO S.A.;Conselho de Administração;2017;;360000.0;;;;270000.0;;;;180000.0;;;;2020;so realizado;Logistics;Rumo
02.387.241/0001-60;RUMO S.A.;Conselho Fiscal;2017;;145469.0;;;;145469.0;;;;145469.0;;;;2020;so realizado;Logistics;Rumo
02.387.241/0001-60;RUMO S.A.;Diretoria Estatutária;2018;;16486454.19;;;;9275023.11;;;;2063592.03;;;;2021;so realizado;Logistics;Rumo
02.387.241/0001-60;RUMO S.A.;Conselho de Administração;2018;;1332000.0;;;;774000.0;;;;216000.0;;;;2021;so realizado;Logistics;Rumo
02.387.241/0001-60;RUMO S.A.;Conselho Fiscal;2018;;172118.76;;;;172118.76;;;;172118.76;;;;2021;so realizado;Logistics;Rumo
02.387.241/0001-60;RUMO S.A.;Diretoria Estatutária;2019;;4993877.51;;;;3529154.31;;;;2363451.87;;;;2022;so realizado;Logistics;Rumo
02.387.241/0001-60;RUMO S.A.;Conselho de Administração;2019;;1332000.0;;;;393230.76;;;;158400.0;;;;2022;so realizado;Logistics;Rumo
02.387.241/0001-60;RUMO S.A.;Conselho Fiscal;2019;;172118.74;;;;143432.28;;;;172118.74;;;;2022;so realizado;Logistics;Rumo
02.387.241/0001-60;RUMO S.A.;Diretoria Estatutária;2020;;6975112.4;;;;3494123.4;;;;2264564.49;;;;2023;so realizado;Logistics;Rumo
02.387.241/0001-60;RUMO S.A.;Conselho de Administração;2020;;5386386.0;;;;908688.61;;;;287917.68;;;;2023;so realizado;Logistics;Rumo
02.387.241/0001-60;RUMO S.A.;Conselho Fiscal;2020;;178322.56;;;;155320.76;;;;171633.61;;;;2023;so realizado;Logistics;Rumo
02.387.241/0001-60;RUMO S.A.;Diretoria Estatutária;2021;;17426065.18;;;;5680949.66;;;;2649168.21;;;;2024;so realizado;Logistics;Rumo
02.387.241/0001-60;RUMO S.A.;Conselho de Administração;2021;;5864000.0;;;;992867.77;;;;234000.0;;;;2024;so realizado;Logistics;Rumo
02.387.241/0001-60;RUMO S.A.;Conselho Fiscal;2021;;143432.28;;;;143432.28;;;;143432.28;;;;2024;so realizado;Logistics;Rumo
02.387.241/0001-60;RUMO S.A.;Diretoria Estatutária;2022;;20574438.2;;;;7648132.93;;;;3320148.35;;;;2025;so realizado;Logistics;Rumo
02.387.241/0001-60;RUMO S.A.;Conselho de Administração;2022;;5864000.0;;;;1285313.44;;;;234000.0;;;;2025;so realizado;Logistics;Rumo
02.387.241/0001-60;RUMO S.A.;Conselho Fiscal;2022;;143432.28;;;;143432.28;;;;143432.28;;;;2025;so realizado;Logistics;Rumo
02.387.241/0001-60;RUMO S.A.;Diretoria Estatutária;2023;;23258287.67;;;;8636598.22;;;;3711549.8;;;;2026;so realizado;Logistics;Rumo
02.387.241/0001-60;RUMO S.A.;Conselho de Administração;2023;;2250000.0;;;;728204.42;;;;260000.0;;;;2026;so realizado;Logistics;Rumo
02.387.241/0001-60;RUMO S.A.;Conselho Fiscal;2023;;180000.0;;;;161373.39;;;;156000.0;;;;2026;so realizado;Logistics;Rumo
02.387.241/0001-60;RUMO S.A.;Diretoria Estatutária;2024;;11679145.0;;;;9746651.95;;;;4500997.01;;;;2026;so realizado;Logistics;Rumo
02.387.241/0001-60;RUMO S.A.;Conselho de Administração;2024;;2250000.0;;;;651121.37;;;;260000.0;;;;2026;so realizado;Logistics;Rumo
02.387.241/0001-60;RUMO S.A.;Conselho Fiscal;2024;;165000.0;;;;160810.0;;;;156000.0;;;;2026;so realizado;Logistics;Rumo
02.387.241/0001-60;RUMO S.A.;Diretoria Estatutária;2025;;11656173.3;;;;5951643.59;;;;1562865.99;;;;2026;so realizado;Logistics;Rumo
02.387.241/0001-60;RUMO S.A.;Conselho de Administração;2025;;2200000.0;;;;721837.5;;;;240000.0;;;;2026;so realizado;Logistics;Rumo
02.387.241/0001-60;RUMO S.A.;Conselho Fiscal;2025;;180000.0;;;;160881.36;;;;156000.0;;;;2026;so realizado;Logistics;Rumo
06.057.223/0001-71;SENDAS DISTRIBUIDORA S.A.;Diretoria Estatutária;2017;;13828492.38;;;;5737993.16;;;;2131197.84;;;;2020;so realizado;Retail;Assai
06.057.223/0001-71;SENDAS DISTRIBUIDORA S.A.;Conselho de Administração;2017;;0.0;;;;0.0;;;;0.0;;;;2020;so realizado;Retail;Assai
06.057.223/0001-71;SENDAS DISTRIBUIDORA S.A.;Conselho Fiscal;2017;;0.0;;;;0.0;;;;0.0;;;;2020;so realizado;Retail;Assai
06.057.223/0001-71;SENDAS DISTRIBUIDORA S.A.;Diretoria Estatutária;2018;;13795248.83;;;;6084872.09;;;;2361333.54;;;;2021;so realizado;Retail;Assai
06.057.223/0001-71;SENDAS DISTRIBUIDORA S.A.;Conselho de Administração;2018;;0.0;;;;0.0;;;;0.0;;;;2021;so realizado;Retail;Assai
06.057.223/0001-71;SENDAS DISTRIBUIDORA S.A.;Conselho Fiscal;2018;;0.0;;;;0.0;;;;0.0;;;;2021;so realizado;Retail;Assai
06.057.223/0001-71;SENDAS DISTRIBUIDORA S.A.;Diretoria Estatutária;2019;;20054297.01;;;;5960139.62;;;;3734570.11;;;;2022;so realizado;Retail;Assai
06.057.223/0001-71;SENDAS DISTRIBUIDORA S.A.;Conselho de Administração;2019;;0.0;;;;0.0;;;;0.0;;;;2021;so realizado;Retail;Assai
06.057.223/0001-71;SENDAS DISTRIBUIDORA S.A.;Conselho Fiscal;2019;;0.0;;;;0.0;;;;0.0;;;;2022;so realizado;Retail;Assai
06.057.223/0001-71;SENDAS DISTRIBUIDORA S.A.;Diretoria Estatutária;2020;;14973432.67;;;;6216783.55;;;;1879899.93;;;;2023;so realizado;Retail;Assai
06.057.223/0001-71;SENDAS DISTRIBUIDORA S.A.;Conselho de Administração;2020;;0.0;;;;0.0;;;;0.0;;;;2022;so realizado;Retail;Assai
06.057.223/0001-71;SENDAS DISTRIBUIDORA S.A.;Conselho Fiscal;2020;;0.0;;;;0.0;;;;0.0;;;;2023;so realizado;Retail;Assai
06.057.223/0001-71;SENDAS DISTRIBUIDORA S.A.;Diretoria Estatutária;2021;;20857461.14;;;;8209819.65;;;;2651300.39;;;;2024;so realizado;Retail;Assai
06.057.223/0001-71;SENDAS DISTRIBUIDORA S.A.;Conselho de Administração;2021;;136044846.88;;;;42358251.64;;;;216000.0;;;;2024;so realizado;Retail;Assai
06.057.223/0001-71;SENDAS DISTRIBUIDORA S.A.;Conselho Fiscal;2021;;124800.0;;;;110446.73;;;;96140.21;;;;2024;so realizado;Retail;Assai
06.057.223/0001-71;SENDAS DISTRIBUIDORA S.A.;Diretoria Estatutária;2022;;32376846.9;;;;11822958.4;;;;1681732.92;;;;2025;so realizado;Retail;Assai
06.057.223/0001-71;SENDAS DISTRIBUIDORA S.A.;Conselho de Administração;2022;;8417984.42;;;;4577179.56;;;;216000.0;;;;2025;so realizado;Retail;Assai
06.057.223/0001-71;SENDAS DISTRIBUIDORA S.A.;Conselho Fiscal;2022;;187200.0;;;;194727.0;;;;165600.0;;;;2025;so realizado;Retail;Assai
06.057.223/0001-71;SENDAS DISTRIBUIDORA S.A.;Diretoria Estatutária;2023;;23920043.62;;;;9359395.88;;;;1319895.18;;;;2026;so realizado;Retail;Assai
06.057.223/0001-71;SENDAS DISTRIBUIDORA S.A.;Conselho de Administração;2023;;2295118.45;;;;2225866.67;;;;200000.0;;;;2026;so realizado;Retail;Assai
06.057.223/0001-71;SENDAS DISTRIBUIDORA S.A.;Conselho Fiscal;2023;;104320.0;;;;152320.0;;;;104320.0;;;;2026;so realizado;Retail;Assai
06.057.223/0001-71;SENDAS DISTRIBUIDORA S.A.;Diretoria Estatutária;2024;;22773050.01;;;;11007614.65;;;;8643379.7;;;;2026;so realizado;Retail;Assai
06.057.223/0001-71;SENDAS DISTRIBUIDORA S.A.;Conselho de Administração;2024;;2307249.98;;;;1293552.37;;;;1132650.0;;;;2026;so realizado;Retail;Assai
06.057.223/0001-71;SENDAS DISTRIBUIDORA S.A.;Conselho Fiscal;2024;;165493.14;;;;165493.14;;;;165493.14;;;;2026;so realizado;Retail;Assai
06.057.223/0001-71;SENDAS DISTRIBUIDORA S.A.;Diretoria Estatutária;2025;;31356922.64;;;;16463993.86;;;;10590334.31;;;;2026;so realizado;Retail;Assai
06.057.223/0001-71;SENDAS DISTRIBUIDORA S.A.;Conselho de Administração;2025;;2597801.25;;;;1631553.38;;;;1282792.5;;;;2026;so realizado;Retail;Assai
06.057.223/0001-71;SENDAS DISTRIBUIDORA S.A.;Conselho Fiscal;2025;;195245.95;;;;195245.95;;;;195245.95;;;;2026;so realizado;Retail;Assai
07.594.978/0001-78;SMARTFIT ESCOLA DE GINÁSTICA E DANÇA S.A.;Diretoria Estatutária;2014;;820715.37;;;;808295.37;;;;795875.37;;;;2017;so realizado;Retail;Smartfit
07.594.978/0001-78;SMARTFIT ESCOLA DE GINÁSTICA E DANÇA S.A.;Conselho de Administração;2014;;0.0;;;;0.0;;;;0.0;;;;2017;so realizado;Retail;Smartfit
07.594.978/0001-78;SMARTFIT ESCOLA DE GINÁSTICA E DANÇA S.A.;Diretoria Estatutária;2015;;2631614.61;;;;1870249.24;;;;1108883.87;;;;2018;so realizado;Retail;Smartfit
07.594.978/0001-78;SMARTFIT ESCOLA DE GINÁSTICA E DANÇA S.A.;Conselho de Administração;2015;;0.0;;;;0.0;;;;0.0;;;;2018;so realizado;Retail;Smartfit
07.594.978/0001-78;SMARTFIT ESCOLA DE GINÁSTICA E DANÇA S.A.;Diretoria Estatutária;2016;;2711794.99;;;;1924643.21;;;;1290205.12;;;;2019;so realizado;Retail;Smartfit
07.594.978/0001-78;SMARTFIT ESCOLA DE GINÁSTICA E DANÇA S.A.;Conselho de Administração;2016;;0.0;;;;0.0;;;;0.0;;;;2019;so realizado;Retail;Smartfit
07.594.978/0001-78;SMARTFIT ESCOLA DE GINÁSTICA E DANÇA S.A.;Diretoria Estatutária;2017;;3082057.98;;;;2064000.18;;;;1290205.12;;;;2020;so realizado;Retail;Smartfit
07.594.978/0001-78;SMARTFIT ESCOLA DE GINÁSTICA E DANÇA S.A.;Conselho de Administração;2017;;0.0;;;;0.0;;;;0.0;;;;2020;so realizado;Retail;Smartfit
07.594.978/0001-78;SMARTFIT ESCOLA DE GINÁSTICA E DANÇA S.A.;Diretoria Estatutária;2018;;4205840.92;;;;2082185.11;;;;1378976.53;;;;2021;so realizado;Retail;Smartfit
07.594.978/0001-78;SMARTFIT ESCOLA DE GINÁSTICA E DANÇA S.A.;Conselho de Administração;2018;;0.0;;;;0.0;;;;0.0;;;;2021;so realizado;Retail;Smartfit
07.594.978/0001-78;SMARTFIT ESCOLA DE GINÁSTICA E DANÇA S.A.;Diretoria Estatutária;2019;;114692300.27;;;;44134950.03;;;;1718967.95;;;;2022;so realizado;Retail;Smartfit
07.594.978/0001-78;SMARTFIT ESCOLA DE GINÁSTICA E DANÇA S.A.;Conselho de Administração;2019;;0.0;;;;0.0;;;;0.0;;;;2022;so realizado;Retail;Smartfit
07.594.978/0001-78;SMARTFIT ESCOLA DE GINÁSTICA E DANÇA S.A.;Diretoria Estatutária;2020;;3650239.48;;;;2388028.33;;;;1349239.48;;;;2023;so realizado;Retail;Smartfit
07.594.978/0001-78;SMARTFIT ESCOLA DE GINÁSTICA E DANÇA S.A.;Conselho de Administração;2020;;0.0;;;;0.0;;;;0.0;;;;2023;so realizado;Retail;Smartfit
07.594.978/0001-78;SMARTFIT ESCOLA DE GINÁSTICA E DANÇA S.A.;Conselho Fiscal;2020;;0.0;;;;0.0;;;;0.0;;;;2023;so realizado;Retail;Smartfit
07.594.978/0001-78;SMARTFIT ESCOLA DE GINÁSTICA E DANÇA S.A.;Diretoria Estatutária;2021;;8842361.31;;;;7653286.77;;;;6464212.23;;;;2024;so realizado;Retail;Smartfit
07.594.978/0001-78;SMARTFIT ESCOLA DE GINÁSTICA E DANÇA S.A.;Conselho de Administração;2021;;0.0;;;;0.0;;;;0.0;;;;2024;so realizado;Retail;Smartfit
07.594.978/0001-78;SMARTFIT ESCOLA DE GINÁSTICA E DANÇA S.A.;Conselho Fiscal;2021;;0.0;;;;0.0;;;;0.0;;;;2024;so realizado;Retail;Smartfit
07.594.978/0001-78;SMARTFIT ESCOLA DE GINÁSTICA E DANÇA S.A.;Diretoria Estatutária;2022;;4996400.34;;;;4660024.64;;;;4486400.51;;;;2025;so realizado;Retail;Smartfit
07.594.978/0001-78;SMARTFIT ESCOLA DE GINÁSTICA E DANÇA S.A.;Conselho de Administração;2022;;0.0;;;;0.0;;;;0.0;;;;2025;so realizado;Retail;Smartfit
07.594.978/0001-78;SMARTFIT ESCOLA DE GINÁSTICA E DANÇA S.A.;Conselho Fiscal;2022;;0.0;;;;0.0;;;;0.0;;;;2025;so realizado;Retail;Smartfit
07.594.978/0001-78;SMARTFIT ESCOLA DE GINÁSTICA E DANÇA S.A.;Diretoria Estatutária;2023;;33527129.1;;;;14299253.67;;;;4689139.56;;;;2026;so realizado;Retail;Smartfit
07.594.978/0001-78;SMARTFIT ESCOLA DE GINÁSTICA E DANÇA S.A.;Conselho de Administração;2023;;0.0;;;;0.0;;;;0.0;;;;2026;so realizado;Retail;Smartfit
07.594.978/0001-78;SMARTFIT ESCOLA DE GINÁSTICA E DANÇA S.A.;Conselho Fiscal;2023;;152810.28;;;;152810.28;;;;152810.28;;;;2026;so realizado;Retail;Smartfit
07.594.978/0001-78;SMARTFIT ESCOLA DE GINÁSTICA E DANÇA S.A.;Diretoria Estatutária;2024;;24506531.95;;;;5599780.36;;;;1366832.08;;;;2026;so realizado;Retail;Smartfit
07.594.978/0001-78;SMARTFIT ESCOLA DE GINÁSTICA E DANÇA S.A.;Conselho de Administração;2024;;410000.0;;;;313333.33;;;;60000.0;;;;2026;so realizado;Retail;Smartfit
07.594.978/0001-78;SMARTFIT ESCOLA DE GINÁSTICA E DANÇA S.A.;Conselho Fiscal;2024;;224530.48;;;;224530.48;;;;224530.48;;;;2026;so realizado;Retail;Smartfit
07.594.978/0001-78;SMARTFIT ESCOLA DE GINÁSTICA E DANÇA S.A.;Diretoria Estatutária;2025;;19660180.51;;;;5090871.88;;;;1652002.68;;;;2026;so realizado;Retail;Smartfit
07.594.978/0001-78;SMARTFIT ESCOLA DE GINÁSTICA E DANÇA S.A.;Conselho de Administração;2025;;600000.0;;;;420000.0;;;;240000.0;;;;2026;so realizado;Retail;Smartfit
07.594.978/0001-78;SMARTFIT ESCOLA DE GINÁSTICA E DANÇA S.A.;Conselho Fiscal;2025;;223624.8;;;;223624.8;;;;223624.8;;;;2026;so realizado;Retail;Smartfit
16.404.287/0001-55;SUZANO S.A.;Diretoria Estatutária;2015;;15183093.15;;;;4798113.55;;;;2304536.95;;;;2018;so realizado;Pulp;Suzano
16.404.287/0001-55;SUZANO S.A.;Conselho de Administração;2015;;5275902.0;;;;1039834.88;;;;154848.0;;;;2018;so realizado;Pulp;Suzano
16.404.287/0001-55;SUZANO S.A.;Conselho Fiscal;2015;;109992.64;;;;109992.64;;;;109992.64;;;;2018;so realizado;Pulp;Suzano
16.404.287/0001-55;SUZANO S.A.;Diretoria Estatutária;2016;;16002746.1;;;;5005348.19;;;;1788197.41;;;;2019;so realizado;Pulp;Suzano
16.404.287/0001-55;SUZANO S.A.;Conselho de Administração;2016;;6121572.16;;;;1302147.23;;;;178812.05;;;;2019;so realizado;Pulp;Suzano
16.404.287/0001-55;SUZANO S.A.;Conselho Fiscal;2016;;114223.56;;;;114223.56;;;;114223.56;;;;2019;so realizado;Pulp;Suzano
16.404.287/0001-55;SUZANO S.A.;Diretoria Estatutária;2017;;11259426.87;;;;5287347.64;;;;3516033.49;;;;2020;so realizado;Pulp;Suzano
16.404.287/0001-55;SUZANO S.A.;Conselho de Administração;2017;;7029876.49;;;;1444120.01;;;;241456.28;;;;2020;so realizado;Pulp;Suzano
16.404.287/0001-55;SUZANO S.A.;Conselho Fiscal;2017;;114117.8;;;;114117.8;;;;114117.8;;;;2020;so realizado;Pulp;Suzano
16.404.287/0001-55;SUZANO S.A.;Diretoria Estatutária;2018;;28220874.81;;;;12938667.35;;;;4487541.39;;;;2021;so realizado;Pulp;Suzano
16.404.287/0001-55;SUZANO S.A.;Conselho de Administração;2018;;7232604.12;;;;1964714.32;;;;270548.98;;;;2021;so realizado;Pulp;Suzano
16.404.287/0001-55;SUZANO S.A.;Conselho Fiscal;2018;;243195.64;;;;243195.64;;;;243195.64;;;;2021;so realizado;Pulp;Suzano
16.404.287/0001-55;SUZANO S.A.;Diretoria Estatutária;2019;;16048947.94;;;;9293967.13;;;;3249365.23;;;;2022;so realizado;Pulp;Suzano
16.404.287/0001-55;SUZANO S.A.;Conselho de Administração;2019;;8579582.35;;;;2068949.73;;;;641280.0;;;;2022;so realizado;Pulp;Suzano
16.404.287/0001-55;SUZANO S.A.;Conselho Fiscal;2019;;315447.9;;;;315447.9;;;;315447.9;;;;2022;so realizado;Pulp;Suzano
16.404.287/0001-55;SUZANO S.A.;Diretoria Estatutária;2020;;22112160.86;;;;14241022.26;;;;6071057.78;;;;2023;so realizado;Pulp;Suzano
16.404.287/0001-55;SUZANO S.A.;Conselho de Administração;2020;;8247042.26;;;;1965928.69;;;;960004.8;;;;2023;so realizado;Pulp;Suzano
16.404.287/0001-55;SUZANO S.A.;Conselho Fiscal;2020;;317280.0;;;;317280.0;;;;317280.0;;;;2023;so realizado;Pulp;Suzano
16.404.287/0001-55;SUZANO S.A.;Diretoria Estatutária;2021;;19814736.4;;;;11834543.35;;;;6720798.17;;;;2024;so realizado;Pulp;Suzano
16.404.287/0001-55;SUZANO S.A.;Conselho de Administração;2021;;6875307.36;;;;1680322.06;;;;620000.0;;;;2024;so realizado;Pulp;Suzano
16.404.287/0001-55;SUZANO S.A.;Conselho Fiscal;2021;;294000.0;;;;294000.0;;;;294000.0;;;;2024;so realizado;Pulp;Suzano
16.404.287/0001-55;SUZANO S.A.;Diretoria Estatutária;2022;;20776521.61;;;;10496288.95;;;;6938084.36;;;;2025;so realizado;Pulp;Suzano
16.404.287/0001-55;SUZANO S.A.;Conselho de Administração;2022;;6875307.36;;;;1705403.12;;;;770000.0;;;;2025;so realizado;Pulp;Suzano
16.404.287/0001-55;SUZANO S.A.;Conselho Fiscal;2022;;329200.0;;;;329200.0;;;;329200.0;;;;2025;so realizado;Pulp;Suzano
16.404.287/0001-55;SUZANO S.A.;Diretoria Estatutária;2023;;34348092.09;;;;13160877.25;;;;7537854.31;;;;2026;so realizado;Pulp;Suzano
16.404.287/0001-55;SUZANO S.A.;Conselho de Administração;2023;;6682882.95;;;;1742984.95;;;;840000.0;;;;2026;so realizado;Pulp;Suzano
16.404.287/0001-55;SUZANO S.A.;Conselho Fiscal;2023;;355600.0;;;;355600.0;;;;355600.0;;;;2026;so realizado;Pulp;Suzano
16.404.287/0001-55;SUZANO S.A.;Diretoria Estatutária;2024;;56465893.14;;;;19221313.31;;;;9717538.64;;;;2026;so realizado;Pulp;Suzano
16.404.287/0001-55;SUZANO S.A.;Conselho de Administração;2024;;10523805.75;;;;2270896.51;;;;888000.0;;;;2026;so realizado;Pulp;Suzano
16.404.287/0001-55;SUZANO S.A.;Conselho Fiscal;2024;;363600.0;;;;363600.0;;;;363600.0;;;;2026;so realizado;Pulp;Suzano
16.404.287/0001-55;SUZANO S.A.;Diretoria Estatutária;2025;;28788330.53;;;;16254888.81;;;;6973775.74;;;;2026;so realizado;Pulp;Suzano
16.404.287/0001-55;SUZANO S.A.;Conselho de Administração;2025;;13900801.65;;;;2827954.57;;;;912000.0;;;;2026;so realizado;Pulp;Suzano
16.404.287/0001-55;SUZANO S.A.;Conselho Fiscal;2025;;363600.0;;;;363600.0;;;;363600.0;;;;2026;so realizado;Pulp;Suzano
53.113.791/0001-22;TOTVS S.A.;Diretoria Estatutária;2009;;2663173.93;;;;877878.97;;;;411799.32;;;;2012;so realizado;TMT;TOTVS
53.113.791/0001-22;TOTVS S.A.;Conselho de Administração;2009;;172800.0;;;;172800.0;;;;172800.0;;;;2012;so realizado;TMT;TOTVS
53.113.791/0001-22;TOTVS S.A.;Diretoria Estatutária;2010;;3160944.55;;;;718510.84;;;;492267.88;;;;2013;so realizado;TMT;TOTVS
53.113.791/0001-22;TOTVS S.A.;Conselho de Administração;2010;;193200.0;;;;193200.0;;;;193200.0;;;;2013;so realizado;TMT;TOTVS
53.113.791/0001-22;TOTVS S.A.;Diretoria Estatutária;2011;;2810190.25;;;;980082.76;;;;408943.23;;;;2014;so realizado;TMT;TOTVS
53.113.791/0001-22;TOTVS S.A.;Conselho de Administração;2011;;235872.0;;;;226403.1;;;;197996.4;;;;2014;so realizado;TMT;TOTVS
53.113.791/0001-22;TOTVS S.A.;Diretoria Estatutária;2012;;3869969.17;;;;1347799.72;;;;63478.21;;;;2015;so realizado;TMT;TOTVS
53.113.791/0001-22;TOTVS S.A.;Conselho de Administração;2012;;236679.97;;;;235464.63;;;;236679.97;;;;2015;so realizado;TMT;TOTVS
53.113.791/0001-22;TOTVS S.A.;Diretoria Estatutária;2013;;1889642.22;;;;1021926.83;;;;386849.48;;;;2016;so realizado;TMT;TOTVS
53.113.791/0001-22;TOTVS S.A.;Conselho de Administração;2013;;216409.35;;;;153863.3;;;;216409.35;;;;2016;so realizado;TMT;TOTVS
53.113.791/0001-22;TOTVS S.A.;Diretoria Estatutária;2014;;2109275.09;;;;1088535.15;;;;78316.55;;;;2017;so realizado;TMT;TOTVS
53.113.791/0001-22;TOTVS S.A.;Conselho de Administração;2014;;237254.4;;;;166587.83;;;;237254.4;;;;2017;so realizado;TMT;TOTVS
53.113.791/0001-22;TOTVS S.A.;Diretoria Estatutária;2015;;1956846.08;;;;1164924.85;;;;414553.33;;;;2018;so realizado;TMT;TOTVS
53.113.791/0001-22;TOTVS S.A.;Conselho de Administração;2015;;245558.29;;;;242343.23;;;;245558.29;;;;2018;so realizado;TMT;TOTVS
53.113.791/0001-22;TOTVS S.A.;Diretoria Estatutária;2016;;2045707.32;;;;1174441.31;;;;320470.68;;;;2019;so realizado;TMT;TOTVS
53.113.791/0001-22;TOTVS S.A.;Conselho de Administração;2016;;271608.72;;;;263538.01;;;;251489.64;;;;2019;so realizado;TMT;TOTVS
53.113.791/0001-22;TOTVS S.A.;Diretoria Estatutária;2017;;2144438.31;;;;912836.53;;;;519642.0;;;;2020;so realizado;TMT;TOTVS
53.113.791/0001-22;TOTVS S.A.;Conselho de Administração;2017;;374536.24;;;;204937.81;;;;75000.0;;;;2020;so realizado;TMT;TOTVS
53.113.791/0001-22;TOTVS S.A.;Diretoria Estatutária;2018;;3557103.36;;;;1973927.09;;;;1328892.0;;;;2021;so realizado;TMT;TOTVS
53.113.791/0001-22;TOTVS S.A.;Conselho de Administração;2018;;443564.95;;;;399875.85;;;;353856.95;;;;2021;so realizado;TMT;TOTVS
53.113.791/0001-22;TOTVS S.A.;Conselho Fiscal;2018;;0.0;;;;0.0;;;;0.0;;;;2021;so realizado;TMT;TOTVS
53.113.791/0001-22;TOTVS S.A.;Diretoria Estatutária;2019;;3495449.93;;;;3371705.42;;;;1974447.06;;;;2022;so realizado;TMT;TOTVS
53.113.791/0001-22;TOTVS S.A.;Conselho de Administração;2019;;2520790.65;;;;644490.76;;;;387581.55;;;;2022;so realizado;TMT;TOTVS
53.113.791/0001-22;TOTVS S.A.;Conselho Fiscal;2019;;0.0;;;;0.0;;;;0.0;;;;2022;so realizado;TMT;TOTVS
53.113.791/0001-22;TOTVS S.A.;Diretoria Estatutária;2020;;4888046.07;;;;3938441.68;;;;1859255.18;;;;2023;so realizado;TMT;TOTVS
53.113.791/0001-22;TOTVS S.A.;Conselho de Administração;2020;;2878838.4;;;;909330.05;;;;407616.0;;;;2023;so realizado;TMT;TOTVS
53.113.791/0001-22;TOTVS S.A.;Conselho Fiscal;2020;;0.0;;;;0.0;;;;0.0;;;;2023;so realizado;TMT;TOTVS
53.113.791/0001-22;TOTVS S.A.;Diretoria Estatutária;2021;;9114888.24;;;;4812219.66;;;;2933016.19;;;;2024;so realizado;TMT;TOTVS
53.113.791/0001-22;TOTVS S.A.;Conselho de Administração;2021;;8349782.24;;;;1410121.85;;;;425881.84;;;;2024;so realizado;TMT;TOTVS
53.113.791/0001-22;TOTVS S.A.;Conselho Fiscal;2021;;77092.39;;;;77092.39;;;;77092.39;;;;2024;so realizado;TMT;TOTVS
53.113.791/0001-22;TOTVS S.A.;Diretoria Estatutária;2022;;12482437.41;;;;5785574.09;;;;3828106.94;;;;2025;so realizado;TMT;TOTVS
53.113.791/0001-22;TOTVS S.A.;Conselho de Administração;2022;;7525386.24;;;;1524976.22;;;;460918.15;;;;2025;so realizado;TMT;TOTVS
53.113.791/0001-22;TOTVS S.A.;Conselho Fiscal;2022;;33478.37;;;;33478.37;;;;33478.37;;;;2025;so realizado;TMT;TOTVS
53.113.791/0001-22;TOTVS S.A.;Diretoria Estatutária;2023;;17302315.27;;;;6493473.94;;;;5407414.16;;;;2026;so realizado;TMT;TOTVS
53.113.791/0001-22;TOTVS S.A.;Conselho de Administração;2023;;7203603.25;;;;1762253.18;;;;626441.15;;;;2026;so realizado;TMT;TOTVS
53.113.791/0001-22;TOTVS S.A.;Conselho Fiscal;2023;;94429.36;;;;94429.36;;;;94429.36;;;;2026;so realizado;TMT;TOTVS
53.113.791/0001-22;TOTVS S.A.;Diretoria Estatutária;2024;;19159973.0;;;;6573461.9;;;;4355152.1;;;;2026;so realizado;TMT;TOTVS
53.113.791/0001-22;TOTVS S.A.;Conselho de Administração;2024;;3471155.49;;;;1690910.67;;;;673203.68;;;;2026;so realizado;TMT;TOTVS
53.113.791/0001-22;TOTVS S.A.;Conselho Fiscal;2024;;42343.32;;;;42343.32;;;;42343.32;;;;2026;so realizado;TMT;TOTVS
53.113.791/0001-22;TOTVS S.A.;Diretoria Estatutária;2025;;21184635.08;;;;8332161.56;;;;4503688.98;;;;2026;so realizado;TMT;TOTVS
53.113.791/0001-22;TOTVS S.A.;Conselho de Administração;2025;;3544890.84;;;;1828720.73;;;;603579.33;;;;2026;so realizado;TMT;TOTVS
33.256.439/0001-39;ULTRAPAR PARTICIPACOES S.A.;Diretoria Estatutária;2009;;5182400.0;;;;3819800.0;;;;2662900.0;;;;2012;so realizado;Oil;Ultrapar
33.256.439/0001-39;ULTRAPAR PARTICIPACOES S.A.;Conselho de Administração;2009;;955200.0;;;;328200.0;;;;211200.0;;;;2012;so realizado;Oil;Ultrapar
33.256.439/0001-39;ULTRAPAR PARTICIPACOES S.A.;Conselho Fiscal;2009;;121000.0;;;;115200.0;;;;112300.0;;;;2012;so realizado;Oil;Ultrapar
33.256.439/0001-39;ULTRAPAR PARTICIPACOES S.A.;Diretoria Estatutária;2010;;5456900.0;;;;4465100.0;;;;2464600.0;;;;2013;so realizado;Oil;Ultrapar
33.256.439/0001-39;ULTRAPAR PARTICIPACOES S.A.;Conselho de Administração;2010;;1005600.0;;;;348000.0;;;;225600.0;;;;2013;so realizado;Oil;Ultrapar
33.256.439/0001-39;ULTRAPAR PARTICIPACOES S.A.;Conselho Fiscal;2010;;144000.0;;;;138000.0;;;;133900.0;;;;2013;so realizado;Oil;Ultrapar
33.256.439/0001-39;ULTRAPAR PARTICIPACOES S.A.;Diretoria Estatutária;2011;;5201500.0;;;;3809500.0;;;;2456900.0;;;;2014;so realizado;Oil;Ultrapar
33.256.439/0001-39;ULTRAPAR PARTICIPACOES S.A.;Conselho de Administração;2011;;1080000.0;;;;366000.0;;;;244800.0;;;;2014;so realizado;Oil;Ultrapar
33.256.439/0001-39;ULTRAPAR PARTICIPACOES S.A.;Conselho Fiscal;2011;;162300.0;;;;155500.0;;;;151000.0;;;;2014;so realizado;Oil;Ultrapar
33.256.439/0001-39;ULTRAPAR PARTICIPACOES S.A.;Diretoria Estatutária;2012;;6560800.0;;;;4640200.0;;;;3009200.0;;;;2015;so realizado;Oil;Ultrapar
33.256.439/0001-39;ULTRAPAR PARTICIPACOES S.A.;Conselho de Administração;2012;;1176000.0;;;;392500.0;;;;266400.0;;;;2015;so realizado;Oil;Ultrapar
33.256.439/0001-39;ULTRAPAR PARTICIPACOES S.A.;Conselho Fiscal;2012;;177400.0;;;;162900.0;;;;168200.0;;;;2015;so realizado;Oil;Ultrapar
33.256.439/0001-39;ULTRAPAR PARTICIPACOES S.A.;Diretoria Estatutária;2013;;6588900.0;;;;5037800.0;;;;3390300.0;;;;2016;so realizado;Oil;Ultrapar
33.256.439/0001-39;ULTRAPAR PARTICIPACOES S.A.;Conselho de Administração;2013;;1279300.0;;;;450600.0;;;;289200.0;;;;2016;so realizado;Oil;Ultrapar
33.256.439/0001-39;ULTRAPAR PARTICIPACOES S.A.;Conselho Fiscal;2013;;192100.0;;;;183200.0;;;;178700.0;;;;2016;so realizado;Oil;Ultrapar
33.256.439/0001-39;ULTRAPAR PARTICIPACOES S.A.;Diretoria Estatutária;2014;;10756500.0;;;;5286500.0;;;;3551700.0;;;;2017;so realizado;Oil;Ultrapar
33.256.439/0001-39;ULTRAPAR PARTICIPACOES S.A.;Conselho de Administração;2014;;1376200.0;;;;490000.0;;;;311500.0;;;;2017;so realizado;Oil;Ultrapar
33.256.439/0001-39;ULTRAPAR PARTICIPACOES S.A.;Conselho Fiscal;2014;;206500.0;;;;197100.0;;;;192300.0;;;;2017;so realizado;Oil;Ultrapar
33.256.439/0001-39;ULTRAPAR PARTICIPACOES S.A.;Diretoria Estatutária;2015;;13069000.0;;;;6261900.0;;;;3710100.0;;;;2018;so realizado;Oil;Ultrapar
33.256.439/0001-39;ULTRAPAR PARTICIPACOES S.A.;Conselho de Administração;2015;;1493100.0;;;;599000.0;;;;399500.0;;;;2018;so realizado;Oil;Ultrapar
33.256.439/0001-39;ULTRAPAR PARTICIPACOES S.A.;Conselho Fiscal;2015;;224900.0;;;;212900.0;;;;208500.0;;;;2018;so realizado;Oil;Ultrapar
33.256.439/0001-39;ULTRAPAR PARTICIPACOES S.A.;Diretoria Estatutária;2016;;13254200.0;;;;6545700.0;;;;4062000.0;;;;2019;so realizado;Oil;Ultrapar
33.256.439/0001-39;ULTRAPAR PARTICIPACOES S.A.;Conselho de Administração;2016;;1526400.0;;;;635700.0;;;;432000.0;;;;2019;so realizado;Oil;Ultrapar
33.256.439/0001-39;ULTRAPAR PARTICIPACOES S.A.;Conselho Fiscal;2016;;254200.0;;;;232400.0;;;;227500.0;;;;2019;so realizado;Oil;Ultrapar
33.256.439/0001-39;ULTRAPAR PARTICIPACOES S.A.;Diretoria Estatutária;2017;;9354955.0;;;;6250643.0;;;;3851001.0;;;;2020;so realizado;Oil;Ultrapar
33.256.439/0001-39;ULTRAPAR PARTICIPACOES S.A.;Conselho de Administração;2017;;1667520.0;;;;728000.0;;;;492480.0;;;;2020;so realizado;Oil;Ultrapar
33.256.439/0001-39;ULTRAPAR PARTICIPACOES S.A.;Conselho Fiscal;2017;;262080.0;;;;252266.4;;;;242452.8;;;;2020;so realizado;Oil;Ultrapar
33.256.439/0001-39;ULTRAPAR PARTICIPACOES S.A.;Diretoria Estatutária;2018;;8647468.88;;;;4099083.73;;;;2725640.5;;;;2021;so realizado;Oil;Ultrapar
33.256.439/0001-39;ULTRAPAR PARTICIPACOES S.A.;Conselho de Administração;2018;;1344000.0;;;;656902.76;;;;432000.0;;;;2021;so realizado;Oil;Ultrapar
33.256.439/0001-39;ULTRAPAR PARTICIPACOES S.A.;Conselho Fiscal;2018;;205320.0;;;;215062.36;;;;149427.07;;;;2021;so realizado;Oil;Ultrapar
33.256.439/0001-39;ULTRAPAR PARTICIPACOES S.A.;Diretoria Estatutária;2019;;10918856.77;;;;5521550.29;;;;3098204.9;;;;2022;so realizado;Oil;Ultrapar
33.256.439/0001-39;ULTRAPAR PARTICIPACOES S.A.;Conselho de Administração;2019;;1740600.0;;;;737006.37;;;;504500.0;;;;2022;so realizado;Oil;Ultrapar
33.256.439/0001-39;ULTRAPAR PARTICIPACOES S.A.;Conselho Fiscal;2019;;249166.67;;;;273585.56;;;;148857.0;;;;2022;so realizado;Oil;Ultrapar
33.256.439/0001-39;ULTRAPAR PARTICIPACOES S.A.;Diretoria Estatutária;2020;;14103869.84;;;;5608488.74;;;;4111266.32;;;;2023;so realizado;Oil;Ultrapar
33.256.439/0001-39;ULTRAPAR PARTICIPACOES S.A.;Conselho de Administração;2020;;1800000.0;;;;899709.68;;;;720000.0;;;;2023;so realizado;Oil;Ultrapar
33.256.439/0001-39;ULTRAPAR PARTICIPACOES S.A.;Conselho Fiscal;2020;;251866.67;;;;223054.22;;;;208648.0;;;;2023;so realizado;Oil;Ultrapar
33.256.439/0001-39;ULTRAPAR PARTICIPACOES S.A.;Diretoria Estatutária;2021;;16115758.13;;;;7920326.14;;;;4153438.02;;;;2024;so realizado;Oil;Ultrapar
33.256.439/0001-39;ULTRAPAR PARTICIPACOES S.A.;Conselho de Administração;2021;;2014166.67;;;;970965.91;;;;799166.67;;;;2024;so realizado;Oil;Ultrapar
33.256.439/0001-39;ULTRAPAR PARTICIPACOES S.A.;Conselho Fiscal;2021;;244800.0;;;;252683.33;;;;218566.66;;;;2024;so realizado;Oil;Ultrapar
33.256.439/0001-39;ULTRAPAR PARTICIPACOES S.A.;Diretoria Estatutária;2022;;17700487.6;;;;8911922.53;;;;6317379.74;;;;2025;so realizado;Oil;Ultrapar
33.256.439/0001-39;ULTRAPAR PARTICIPACOES S.A.;Conselho de Administração;2022;;2100000.0;;;;1026783.38;;;;630000.0;;;;2025;so realizado;Oil;Ultrapar
33.256.439/0001-39;ULTRAPAR PARTICIPACOES S.A.;Conselho Fiscal;2022;;336518.87;;;;265466.01;;;;229955.0;;;;2025;so realizado;Oil;Ultrapar
33.256.439/0001-39;ULTRAPAR PARTICIPACOES S.A.;Diretoria Estatutária;2023;;21026470.62;;;;11868329.98;;;;8686550.66;;;;2026;so realizado;Oil;Ultrapar
33.256.439/0001-39;ULTRAPAR PARTICIPACOES S.A.;Conselho de Administração;2023;;2044710.0;;;;1143980.23;;;;979860.0;;;;2026;so realizado;Oil;Ultrapar
33.256.439/0001-39;ULTRAPAR PARTICIPACOES S.A.;Conselho Fiscal;2023;;352563.67;;;;276141.22;;;;352563.67;;;;2026;so realizado;Oil;Ultrapar
33.256.439/0001-39;ULTRAPAR PARTICIPACOES S.A.;Diretoria Estatutária;2024;;36583760.25;;;;15676459.06;;;;9506245.82;;;;2026;so realizado;Oil;Ultrapar
33.256.439/0001-39;ULTRAPAR PARTICIPACOES S.A.;Conselho de Administração;2024;;2444280.0;;;;1187155.0;;;;973280.0;;;;2026;so realizado;Oil;Ultrapar
33.256.439/0001-39;ULTRAPAR PARTICIPACOES S.A.;Conselho Fiscal;2024;;360000.0;;;;289661.06;;;;240000.0;;;;2026;so realizado;Oil;Ultrapar
33.256.439/0001-39;ULTRAPAR PARTICIPACOES S.A.;Diretoria Estatutária;2025;;52352053.95;;;;19819640.09;;;;1347268.36;;;;2026;so realizado;Oil;Ultrapar
33.256.439/0001-39;ULTRAPAR PARTICIPACOES S.A.;Conselho de Administração;2025;;1886622.38;;;;1335889.8;;;;1075381.47;;;;2026;so realizado;Oil;Ultrapar
33.256.439/0001-39;ULTRAPAR PARTICIPACOES S.A.;Conselho Fiscal;2025;;105000.0;;;;87388.4;;;;0.01;;;;2026;so realizado;Oil;Ultrapar
33.592.510/0001-54;VALE S.A.;Diretoria Estatutária;2015;;22966378.0;;;;11663078.35;;;;7290389.18;;;;2018;so realizado;Metals;Vale
33.592.510/0001-54;VALE S.A.;Conselho de Administração;2015;;360000.0;;;;246239.77;;;;170000.0;;;;2018;so realizado;Metals;Vale
33.592.510/0001-54;VALE S.A.;Conselho Fiscal;2015;;330070.79;;;;315938.45;;;;330070.79;;;;2018;so realizado;Metals;Vale
33.592.510/0001-54;VALE S.A.;Diretoria Estatutária;2016;;10745723.58;;;;7679998.68;;;;3805919.53;;;;2019;so realizado;Metals;Vale
33.592.510/0001-54;VALE S.A.;Conselho de Administração;2016;;500000.0;;;;267225.87;;;;114408.72;;;;2019;so realizado;Metals;Vale
33.592.510/0001-54;VALE S.A.;Conselho Fiscal;2016;;382789.28;;;;352692.0;;;;318991.07;;;;2019;so realizado;Metals;Vale
33.592.510/0001-54;VALE S.A.;Diretoria Estatutária;2017;;58539091.15;;;;23837328.66;;;;7279805.88;;;;2020;so realizado;Metals;Vale
33.592.510/0001-54;VALE S.A.;Conselho de Administração;2017;;960000.0;;;;451376.37;;;;480000.0;;;;2020;so realizado;Metals;Vale
33.592.510/0001-54;VALE S.A.;Conselho Fiscal;2017;;403074.07;;;;405894.89;;;;403074.07;;;;2020;so realizado;Metals;Vale
33.592.510/0001-54;VALE S.A.;Diretoria Estatutária;2018;;22625108.16;;;;27683502.09;;;;5255131.28;;;;2021;so realizado;Metals;Vale
33.592.510/0001-54;VALE S.A.;Conselho de Administração;2018;;1087301.28;;;;632150.35;;;;540000.0;;;;2021;so realizado;Metals;Vale
33.592.510/0001-54;VALE S.A.;Conselho Fiscal;2018;;409332.42;;;;409332.42;;;;409332.42;;;;2021;so realizado;Metals;Vale
33.592.510/0001-54;VALE S.A.;Diretoria Estatutária;2019;;15102649.02;;;;12359524.81;;;;3281499.41;;;;2022;so realizado;Metals;Vale
33.592.510/0001-54;VALE S.A.;Conselho de Administração;2019;;1224000.0;;;;765925.02;;;;540000.0;;;;2022;so realizado;Metals;Vale
33.592.510/0001-54;VALE S.A.;Conselho Fiscal;2019;;440116.55;;;;440140.4;;;;440116.55;;;;2022;so realizado;Metals;Vale
33.592.510/0001-54;VALE S.A.;Diretoria Estatutária;2020;;31517607.55;;;;23836572.62;;;;6668017.46;;;;2023;so realizado;Metals;Vale
33.592.510/0001-54;VALE S.A.;Conselho de Administração;2020;;1515887.77;;;;924518.13;;;;697332.64;;;;2023;so realizado;Metals;Vale
33.592.510/0001-54;VALE S.A.;Conselho Fiscal;2020;;348453.88;;;;331530.08;;;;263834.86;;;;2023;so realizado;Metals;Vale
33.592.510/0001-54;VALE S.A.;Diretoria Estatutária;2021;;55144333.69;;;;21394892.66;;;;11309940.55;;;;2024;so realizado;Metals;Vale
33.592.510/0001-54;VALE S.A.;Conselho de Administração;2021;;2042308.16;;;;1181522.42;;;;765011.5;;;;2024;so realizado;Metals;Vale
33.592.510/0001-54;VALE S.A.;Conselho Fiscal;2021;;314510.58;;;;314510.58;;;;314510.58;;;;2024;so realizado;Metals;Vale
33.592.510/0001-54;VALE S.A.;Diretoria Estatutária;2022;;59948669.98;;;;21375533.7;;;;7351596.64;;;;2025;so realizado;Metals;Vale
33.592.510/0001-54;VALE S.A.;Conselho de Administração;2022;;2578118.67;;;;1345027.8;;;;759315.96;;;;2025;so realizado;Metals;Vale
33.592.510/0001-54;VALE S.A.;Conselho Fiscal;2022;;326794.51;;;;326794.51;;;;326794.51;;;;2025;so realizado;Metals;Vale
33.592.510/0001-54;VALE S.A.;Diretoria Estatutária;2023;;52679121.47;;;;18643521.55;;;;6962648.6;;;;2026;so realizado;Metals;Vale
33.592.510/0001-54;VALE S.A.;Conselho de Administração;2023;;2752998.17;;;;1593842.05;;;;902521.11;;;;2026;so realizado;Metals;Vale
33.592.510/0001-54;VALE S.A.;Conselho Fiscal;2023;;335529.77;;;;335529.77;;;;335529.77;;;;2026;so realizado;Metals;Vale
33.592.510/0001-54;VALE S.A.;Diretoria Estatutária;2024;;51806516.93;;;;18525989.89;;;;7578474.91;;;;2026;so realizado;Metals;Vale
33.592.510/0001-54;VALE S.A.;Conselho de Administração;2024;;3367516.42;;;;1690663.61;;;;1166025.68;;;;2026;so realizado;Metals;Vale
33.592.510/0001-54;VALE S.A.;Conselho Fiscal;2024;;352116.96;;;;352116.96;;;;352116.96;;;;2026;so realizado;Metals;Vale
33.592.510/0001-54;VALE S.A.;Diretoria Estatutária;2025;;33705216.63;;;;23035163.49;;;;7703494.1;;;;2026;so realizado;Metals;Vale
33.592.510/0001-54;VALE S.A.;Conselho de Administração;2025;;3227961.29;;;;1749918.81;;;;1255710.18;;;;2026;so realizado;Metals;Vale
33.592.510/0001-54;VALE S.A.;Conselho Fiscal;2025;;353054.75;;;;353054.75;;;;353054.75;;;;2026;so realizado;Metals;Vale
34.274.233/0001-02;VIBRA ENERGIA S/A;Diretoria Estatutária;2014;;2098807.56;;;;2006049.14;;;;1660590.68;;;;2017;so realizado;Oil;Vibra
34.274.233/0001-02;VIBRA ENERGIA S/A;Conselho de Administração;2014;;133633.04;;;;133633.04;;;;133633.04;;;;2017;so realizado;Oil;Vibra
34.274.233/0001-02;VIBRA ENERGIA S/A;Conselho Fiscal;2014;;133633.04;;;;138006.71;;;;133633.04;;;;2017;so realizado;Oil;Vibra
34.274.233/0001-02;VIBRA ENERGIA S/A;Diretoria Estatutária;2015;;1437413.38;;;;1728025.92;;;;792216.68;;;;2018;so realizado;Oil;Vibra
34.274.233/0001-02;VIBRA ENERGIA S/A;Conselho de Administração;2015;;129949.81;;;;141848.41;;;;14361.48;;;;2018;so realizado;Oil;Vibra
34.274.233/0001-02;VIBRA ENERGIA S/A;Conselho Fiscal;2015;;144311.29;;;;148396.38;;;;144311.29;;;;2018;so realizado;Oil;Vibra
34.274.233/0001-02;VIBRA ENERGIA S/A;Diretoria Estatutária;2016;;2144880.19;;;;2014165.05;;;;2076621.56;;;;2019;so realizado;Oil;Vibra
34.274.233/0001-02;VIBRA ENERGIA S/A;Conselho de Administração;2016;;157408.88;;;;153372.21;;;;157408.88;;;;2019;so realizado;Oil;Vibra
34.274.233/0001-02;VIBRA ENERGIA S/A;Conselho Fiscal;2016;;157408.88;;;;152894.85;;;;157408.88;;;;2019;so realizado;Oil;Vibra
34.274.233/0001-02;VIBRA ENERGIA S/A;Diretoria Estatutária;2017;;2175932.47;;;;2098515.45;;;;1973082.79;;;;2020;so realizado;Oil;Vibra
34.274.233/0001-02;VIBRA ENERGIA S/A;Conselho de Administração;2017;;151577.28;;;;148345.78;;;;127540.57;;;;2020;so realizado;Oil;Vibra
34.274.233/0001-02;VIBRA ENERGIA S/A;Conselho Fiscal;2017;;152765.14;;;;151991.1;;;;127502.26;;;;2020;so realizado;Oil;Vibra
34.274.233/0001-02;VIBRA ENERGIA S/A;Diretoria Estatutária;2018;;2290754.56;;;;2096161.07;;;;1976252.71;;;;2021;so realizado;Oil;Vibra
34.274.233/0001-02;VIBRA ENERGIA S/A;Conselho de Administração;2018;;141781.44;;;;140236.76;;;;141781.44;;;;2021;so realizado;Oil;Vibra
34.274.233/0001-02;VIBRA ENERGIA S/A;Conselho Fiscal;2018;;141781.44;;;;142029.67;;;;141781.44;;;;2021;so realizado;Oil;Vibra
34.274.233/0001-02;VIBRA ENERGIA S/A;Diretoria Estatutária;2019;;1899838.75;;;;2085716.95;;;;1899838.75;;;;2022;so realizado;Oil;Vibra
34.274.233/0001-02;VIBRA ENERGIA S/A;Conselho de Administração;2019;;149686.84;;;;164985.33;;;;7819.46;;;;2021;so realizado;Oil;Vibra
34.274.233/0001-02;VIBRA ENERGIA S/A;Conselho Fiscal;2019;;134047.92;;;;133303.21;;;;134047.92;;;;2022;so realizado;Oil;Vibra
34.274.233/0001-02;VIBRA ENERGIA S/A;Diretoria Estatutária;2020;;4576024.69;;;;3023848.46;;;;2031314.35;;;;2023;so realizado;Oil;Vibra
34.274.233/0001-02;VIBRA ENERGIA S/A;Conselho de Administração;2020;;1466682.64;;;;1235429.48;;;;1080000.0;;;;2023;so realizado;Oil;Vibra
34.274.233/0001-02;VIBRA ENERGIA S/A;Conselho Fiscal;2020;;237528.96;;;;237528.96;;;;237528.96;;;;2023;so realizado;Oil;Vibra
34.274.233/0001-02;VIBRA ENERGIA S/A;Diretoria Estatutária;2021;;11241384.86;;;;6291638.38;;;;4116919.3;;;;2024;so realizado;Oil;Vibra
34.274.233/0001-02;VIBRA ENERGIA S/A;Conselho de Administração;2021;;1680658.3;;;;1514893.77;;;;1370048.2;;;;2024;so realizado;Oil;Vibra
34.274.233/0001-02;VIBRA ENERGIA S/A;Conselho Fiscal;2021;;270000.0;;;;259500.0;;;;270000.0;;;;2024;so realizado;Oil;Vibra
34.274.233/0001-02;VIBRA ENERGIA S/A;Diretoria Estatutária;2022;;9578039.66;;;;6947356.93;;;;4422661.01;;;;2025;so realizado;Oil;Vibra
34.274.233/0001-02;VIBRA ENERGIA S/A;Conselho de Administração;2022;;1890370.89;;;;1639835.62;;;;1673870.89;;;;2025;so realizado;Oil;Vibra
34.274.233/0001-02;VIBRA ENERGIA S/A;Conselho Fiscal;2022;;270000.0;;;;270000.0;;;;270000.0;;;;2025;so realizado;Oil;Vibra
34.274.233/0001-02;VIBRA ENERGIA S/A;Diretoria Estatutária;2023;;16462768.52;;;;9253732.45;;;;5723989.6;;;;2026;so realizado;Oil;Vibra
34.274.233/0001-02;VIBRA ENERGIA S/A;Conselho de Administração;2023;;1781930.07;;;;1424821.6;;;;1449436.23;;;;2026;so realizado;Oil;Vibra
34.274.233/0001-02;VIBRA ENERGIA S/A;Conselho Fiscal;2023;;270000.0;;;;269250.0;;;;270000.0;;;;2026;so realizado;Oil;Vibra
34.274.233/0001-02;VIBRA ENERGIA S/A;Diretoria Estatutária;2024;;23655443.75;;;;9681784.06;;;;5394190.29;;;;2026;so realizado;Oil;Vibra
34.274.233/0001-02;VIBRA ENERGIA S/A;Conselho de Administração;2024;;2844455.42;;;;1715203.11;;;;1641462.87;;;;2026;so realizado;Oil;Vibra
34.274.233/0001-02;VIBRA ENERGIA S/A;Conselho Fiscal;2024;;286083.0;;;;286083.0;;;;286083.0;;;;2026;so realizado;Oil;Vibra
34.274.233/0001-02;VIBRA ENERGIA S/A;Diretoria Estatutária;2025;;28365195.15;;;;10280155.79;;;;4977366.14;;;;2026;so realizado;Oil;Vibra
34.274.233/0001-02;VIBRA ENERGIA S/A;Conselho de Administração;2025;;3757560.04;;;;2164935.6;;;;1878772.73;;;;2026;so realizado;Oil;Vibra
34.274.233/0001-02;VIBRA ENERGIA S/A;Conselho Fiscal;2025;;291444.0;;;;234234.62;;;;291444.0;;;;2026;so realizado;Oil;Vibra
33.839.910/0001-11;VIVARA PARTICIPAÇÕES S.A.;Diretoria Estatutária;2016;;196728.92;;;;116229.46;;;;35730.0;;;;2019;so realizado;Retail;Vivara
33.839.910/0001-11;VIVARA PARTICIPAÇÕES S.A.;Conselho de Administração;2016;;0.0;;;;0.0;;;;0.0;;;;2019;so realizado;Retail;Vivara
33.839.910/0001-11;VIVARA PARTICIPAÇÕES S.A.;Conselho Fiscal;2016;;0.0;;;;0.0;;;;0.0;;;;2019;so realizado;Retail;Vivara
33.839.910/0001-11;VIVARA PARTICIPAÇÕES S.A.;Diretoria Estatutária;2017;;1025922.78;;;;375462.1;;;;125023.95;;;;2020;so realizado;Retail;Vivara
33.839.910/0001-11;VIVARA PARTICIPAÇÕES S.A.;Conselho de Administração;2017;;0.0;;;;0.0;;;;0.0;;;;2020;so realizado;Retail;Vivara
33.839.910/0001-11;VIVARA PARTICIPAÇÕES S.A.;Conselho Fiscal;2017;;0.0;;;;0.0;;;;0.0;;;;2020;so realizado;Retail;Vivara
33.839.910/0001-11;VIVARA PARTICIPAÇÕES S.A.;Diretoria Estatutária;2018;;867166.72;;;;401345.58;;;;138878.72;;;;2021;so realizado;Retail;Vivara
33.839.910/0001-11;VIVARA PARTICIPAÇÕES S.A.;Conselho de Administração;2018;;0.0;;;;0.0;;;;0.0;;;;2021;so realizado;Retail;Vivara
33.839.910/0001-11;VIVARA PARTICIPAÇÕES S.A.;Conselho Fiscal;2018;;0.0;;;;0.0;;;;0.0;;;;2021;so realizado;Retail;Vivara
33.839.910/0001-11;VIVARA PARTICIPAÇÕES S.A.;Diretoria Estatutária;2019;;5669994.96;;;;2658809.23;;;;1872085.88;;;;2022;so realizado;Retail;Vivara
33.839.910/0001-11;VIVARA PARTICIPAÇÕES S.A.;Conselho de Administração;2019;;260000.0;;;;140000.0;;;;100000.0;;;;2022;so realizado;Retail;Vivara
33.839.910/0001-11;VIVARA PARTICIPAÇÕES S.A.;Conselho Fiscal;2019;;0.0;;;;0.0;;;;0.0;;;;2022;so realizado;Retail;Vivara
33.839.910/0001-11;VIVARA PARTICIPAÇÕES S.A.;Diretoria Estatutária;2020;;2174900.0;;;;1597861.14;;;;752000.0;;;;2023;so realizado;Retail;Vivara
33.839.910/0001-11;VIVARA PARTICIPAÇÕES S.A.;Conselho de Administração;2020;;780000.0;;;;420000.0;;;;300000.0;;;;2023;so realizado;Retail;Vivara
33.839.910/0001-11;VIVARA PARTICIPAÇÕES S.A.;Conselho Fiscal;2020;;0.0;;;;0.0;;;;0.0;;;;2023;so realizado;Retail;Vivara
33.839.910/0001-11;VIVARA PARTICIPAÇÕES S.A.;Diretoria Estatutária;2021;;2860000.0;;;;2053705.29;;;;1560636.0;;;;2024;so realizado;Retail;Vivara
33.839.910/0001-11;VIVARA PARTICIPAÇÕES S.A.;Conselho de Administração;2021;;780000.0;;;;405422.56;;;;300000.0;;;;2024;so realizado;Retail;Vivara
33.839.910/0001-11;VIVARA PARTICIPAÇÕES S.A.;Conselho Fiscal;2021;;0.0;;;;0.0;;;;0.0;;;;2024;so realizado;Retail;Vivara
33.839.910/0001-11;VIVARA PARTICIPAÇÕES S.A.;Diretoria Estatutária;2022;;3993628.24;;;;2854702.85;;;;2429951.46;;;;2025;so realizado;Retail;Vivara
33.839.910/0001-11;VIVARA PARTICIPAÇÕES S.A.;Conselho de Administração;2022;;1156191.13;;;;571559.6;;;;425401.75;;;;2025;so realizado;Retail;Vivara
33.839.910/0001-11;VIVARA PARTICIPAÇÕES S.A.;Conselho Fiscal;2022;;0.0;;;;0.0;;;;0.0;;;;2025;so realizado;Retail;Vivara
33.839.910/0001-11;VIVARA PARTICIPAÇÕES S.A.;Diretoria Estatutária;2023;;4622160.09;;;;4888959.29;;;;2569462.88;;;;2026;so realizado;Retail;Vivara
33.839.910/0001-11;VIVARA PARTICIPAÇÕES S.A.;Conselho de Administração;2023;;1542900.42;;;;729274.36;;;;559641.72;;;;2026;so realizado;Retail;Vivara
33.839.910/0001-11;VIVARA PARTICIPAÇÕES S.A.;Conselho Fiscal;2023;;0.0;;;;0.0;;;;0.0;;;;2026;so realizado;Retail;Vivara
33.839.910/0001-11;VIVARA PARTICIPAÇÕES S.A.;Diretoria Estatutária;2024;;3946927.67;;;;3588723.66;;;;491575.29;;;;2026;so realizado;Retail;Vivara
33.839.910/0001-11;VIVARA PARTICIPAÇÕES S.A.;Conselho de Administração;2024;;936000.0;;;;761882.15;;;;360000.0;;;;2026;so realizado;Retail;Vivara
33.839.910/0001-11;VIVARA PARTICIPAÇÕES S.A.;Conselho Fiscal;2024;;0.0;;;;0.0;;;;0.0;;;;2026;so realizado;Retail;Vivara
33.839.910/0001-11;VIVARA PARTICIPAÇÕES S.A.;Diretoria Estatutária;2025;;4544587.0;;;;3145767.08;;;;2637629.0;;;;2026;so realizado;Retail;Vivara
33.839.910/0001-11;VIVARA PARTICIPAÇÕES S.A.;Conselho de Administração;2025;;360000.0;;;;387738.42;;;;90000.0;;;;2026;so realizado;Retail;Vivara
33.839.910/0001-11;VIVARA PARTICIPAÇÕES S.A.;Conselho Fiscal;2025;;124500.0;;;;166000.0;;;;124500.0;;;;2026;so realizado;Retail;Vivara
84.429.695/0001-11;WEG S.A.;Diretoria Estatutária;2009;;125000.0;;;;101586.35;;;;67000.0;;;;2012;so realizado;Industrials;WEG
84.429.695/0001-11;WEG S.A.;Conselho de Administração;2009;;442593.47;;;;350792.32;;;;135447.09;;;;2012;so realizado;Industrials;WEG
84.429.695/0001-11;WEG S.A.;Conselho Fiscal;2009;;67200.0;;;;66786.67;;;;67200.0;;;;2012;so realizado;Industrials;WEG
84.429.695/0001-11;WEG S.A.;Diretoria Estatutária;2010;;155422.72;;;;92320.86;;;;56428.81;;;;2013;so realizado;Industrials;WEG
84.429.695/0001-11;WEG S.A.;Conselho de Administração;2010;;408412.0;;;;312092.0;;;;142375.52;;;;2013;so realizado;Industrials;WEG
84.429.695/0001-11;WEG S.A.;Conselho Fiscal;2010;;70560.0;;;;71057.74;;;;48000.0;;;;2013;so realizado;Industrials;WEG
84.429.695/0001-11;WEG S.A.;Diretoria Estatutária;2011;;178971.49;;;;109827.18;;;;80364.62;;;;2014;so realizado;Industrials;WEG
84.429.695/0001-11;WEG S.A.;Conselho de Administração;2011;;528699.72;;;;364299.71;;;;179183.87;;;;2014;so realizado;Industrials;WEG
84.429.695/0001-11;WEG S.A.;Conselho Fiscal;2011;;75600.0;;;;74877.38;;;;75600.0;;;;2014;so realizado;Industrials;WEG
84.429.695/0001-11;WEG S.A.;Diretoria Estatutária;2012;;230945.65;;;;129786.09;;;;86256.18;;;;2015;so realizado;Industrials;WEG
84.429.695/0001-11;WEG S.A.;Conselho de Administração;2012;;566100.11;;;;427576.01;;;;198727.7;;;;2015;so realizado;Industrials;WEG
84.429.695/0001-11;WEG S.A.;Conselho Fiscal;2012;;79080.0;;;;79080.0;;;;79080.0;;;;2015;so realizado;Industrials;WEG
84.429.695/0001-11;WEG S.A.;Diretoria Estatutária;2013;;381615.0;;;;184786.42;;;;120766.05;;;;2016;so realizado;Industrials;WEG
84.429.695/0001-11;WEG S.A.;Conselho de Administração;2013;;781520.84;;;;348724.13;;;;236511.89;;;;2016;so realizado;Industrials;WEG
84.429.695/0001-11;WEG S.A.;Conselho Fiscal;2013;;86000.0;;;;86000.0;;;;86000.0;;;;2016;so realizado;Industrials;WEG
84.429.695/0001-11;WEG S.A.;Diretoria Estatutária;2014;;417420.78;;;;200751.83;;;;134179.13;;;;2017;so realizado;Industrials;WEG
84.429.695/0001-11;WEG S.A.;Conselho de Administração;2014;;753516.92;;;;343173.1;;;;228085.66;;;;2017;so realizado;Industrials;WEG
84.429.695/0001-11;WEG S.A.;Conselho Fiscal;2014;;90000.0;;;;90000.0;;;;90000.0;;;;2017;so realizado;Industrials;WEG
84.429.695/0001-11;WEG S.A.;Diretoria Estatutária;2015;;472279.13;;;;213441.43;;;;139027.57;;;;2018;so realizado;Industrials;WEG
84.429.695/0001-11;WEG S.A.;Conselho de Administração;2015;;803162.97;;;;363751.61;;;;227983.81;;;;2018;so realizado;Industrials;WEG
84.429.695/0001-11;WEG S.A.;Conselho Fiscal;2015;;97020.0;;;;97020.0;;;;97020.0;;;;2018;so realizado;Industrials;WEG
84.429.695/0001-11;WEG S.A.;Diretoria Estatutária;2016;;330783.35;;;;147895.77;;;;97374.68;;;;2019;so realizado;Industrials;WEG
84.429.695/0001-11;WEG S.A.;Conselho de Administração;2016;;562663.41;;;;272017.79;;;;222365.87;;;;2019;so realizado;Industrials;WEG
84.429.695/0001-11;WEG S.A.;Conselho Fiscal;2016;;103440.0;;;;103440.0;;;;103440.0;;;;2019;so realizado;Industrials;WEG
84.429.695/0001-11;WEG S.A.;Diretoria Estatutária;2017;;484402.61;;;;215820.69;;;;142596.47;;;;2020;so realizado;Industrials;WEG
84.429.695/0001-11;WEG S.A.;Conselho de Administração;2017;;839207.12;;;;407566.59;;;;328437.42;;;;2020;so realizado;Industrials;WEG
84.429.695/0001-11;WEG S.A.;Conselho Fiscal;2017;;109392.0;;;;109392.0;;;;109392.0;;;;2020;so realizado;Industrials;WEG
84.429.695/0001-11;WEG S.A.;Diretoria Estatutária;2018;;555878.49;;;;244541.39;;;;152773.35;;;;2021;so realizado;Industrials;WEG
84.429.695/0001-11;WEG S.A.;Conselho de Administração;2018;;1133152.94;;;;488525.1;;;;371313.36;;;;2021;so realizado;Industrials;WEG
84.429.695/0001-11;WEG S.A.;Conselho Fiscal;2018;;111168.0;;;;111168.0;;;;111168.0;;;;2021;so realizado;Industrials;WEG
84.429.695/0001-11;WEG S.A.;Diretoria Estatutária;2019;;584032.46;;;;264631.02;;;;171925.24;;;;2022;so realizado;Industrials;WEG
84.429.695/0001-11;WEG S.A.;Conselho de Administração;2019;;1359368.8;;;;566342.21;;;;417902.29;;;;2022;so realizado;Industrials;WEG
84.429.695/0001-11;WEG S.A.;Conselho Fiscal;2019;;114192.0;;;;114192.0;;;;114192.0;;;;2022;so realizado;Industrials;WEG
84.429.695/0001-11;WEG S.A.;Diretoria Estatutária;2020;;573689.28;;;;250931.73;;;;168880.42;;;;2023;so realizado;Industrials;WEG
84.429.695/0001-11;WEG S.A.;Conselho de Administração;2020;;1333919.76;;;;560955.34;;;;412688.38;;;;2023;so realizado;Industrials;WEG
84.429.695/0001-11;WEG S.A.;Conselho Fiscal;2020;;98560.0;;;;98560.0;;;;98560.0;;;;2023;so realizado;Industrials;WEG
84.429.695/0001-11;WEG S.A.;Diretoria Estatutária;2021;;781489.29;;;;336061.05;;;;173437.42;;;;2024;so realizado;Industrials;WEG
84.429.695/0001-11;WEG S.A.;Conselho de Administração;2021;;1821148.24;;;;764092.87;;;;562141.05;;;;2024;so realizado;Industrials;WEG
84.429.695/0001-11;WEG S.A.;Conselho Fiscal;2021;;129280.0;;;;129280.0;;;;129280.0;;;;2024;so realizado;Industrials;WEG
84.429.695/0001-11;WEG S.A.;Diretoria Estatutária;2022;;1063753.53;;;;439617.3;;;;206506.49;;;;2025;so realizado;Industrials;WEG
84.429.695/0001-11;WEG S.A.;Conselho de Administração;2022;;2320366.91;;;;994101.96;;;;742795.66;;;;2025;so realizado;Industrials;WEG
84.429.695/0001-11;WEG S.A.;Conselho Fiscal;2022;;153600.0;;;;153600.0;;;;153600.0;;;;2025;so realizado;Industrials;WEG
84.429.695/0001-11;WEG S.A.;Diretoria Estatutária;2023;;1427397.84;;;;604467.11;;;;318943.16;;;;2026;so realizado;Industrials;WEG
84.429.695/0001-11;WEG S.A.;Conselho de Administração;2023;;3080628.85;;;;1349525.51;;;;1027070.02;;;;2026;so realizado;Industrials;WEG
84.429.695/0001-11;WEG S.A.;Conselho Fiscal;2023;;164800.0;;;;164800.0;;;;164800.0;;;;2026;so realizado;Industrials;WEG
84.429.695/0001-11;WEG S.A.;Diretoria Estatutária;2024;;921089.91;;;;641064.92;;;;380033.32;;;;2026;so realizado;Industrials;WEG
84.429.695/0001-11;WEG S.A.;Conselho de Administração;2024;;3435115.0;;;;1501452.3;;;;1137928.0;;;;2026;so realizado;Industrials;WEG
84.429.695/0001-11;WEG S.A.;Conselho Fiscal;2024;;174300.0;;;;174300.0;;;;174300.0;;;;2026;so realizado;Industrials;WEG
84.429.695/0001-11;WEG S.A.;Diretoria Estatutária;2025;;1247839.56;;;;700772.06;;;;417934.34;;;;2026;so realizado;Industrials;WEG
84.429.695/0001-11;WEG S.A.;Conselho de Administração;2025;;3799809.07;;;;1655883.29;;;;1251413.69;;;;2026;so realizado;Industrials;WEG
84.429.695/0001-11;WEG S.A.;Conselho Fiscal;2025;;182280.0;;;;182280.0;;;;182280.0;;;;2026;so realizado;Industrials;WEG
