cnpj;empresa;orgao;exercicio;previsto_total;realizado_total;desvio_total;desvio_total_pct;previsto_membros;realizado_membros;desvio_membros;desvio_membros_pct;fre_previsao;fre_realizado;situacao;previsto_por_membro;realizado_por_membro;desvio_por_membro_pct;setor;apelido
05.878.397/0001-32;ALLOS S.A.;Diretoria Estatutária;2007;;2295000.0;;;;5.0;;;;2010;so realizado;;459000.0;;Malls;Allos
05.878.397/0001-32;ALLOS S.A.;Conselho de Administração;2007;;0.0;;;;6.0;;;;2010;so realizado;;0.0;;Malls;Allos
05.878.397/0001-32;ALLOS S.A.;Diretoria Estatutária;2008;;3303000.0;;;;5.0;;;;2011;so realizado;;660600.0;;Malls;Allos
05.878.397/0001-32;ALLOS S.A.;Conselho de Administração;2008;;0.0;;;;6.0;;;;2011;so realizado;;0.0;;Malls;Allos
05.878.397/0001-32;ALLOS S.A.;Diretoria Estatutária;2009;;6409000.0;;;;5.0;;;;2012;so realizado;;1281800.0;;Malls;Allos
05.878.397/0001-32;ALLOS S.A.;Conselho de Administração;2009;;0.0;;;;6.0;;;;2012;so realizado;;0.0;;Malls;Allos
05.878.397/0001-32;ALLOS S.A.;Diretoria Estatutária;2010;4033000.0;4153000.0;120000.0;2.9754525167369206;4.0;3.0;-1.0;-25.0;2010;2013;realizado;1008250.0;1384333.3333333333;37.30060335564922;Malls;Allos
05.878.397/0001-32;ALLOS S.A.;Conselho de Administração;2010;0.0;0.0;0.0;;6.0;6.0;0.0;0.0;2010;2013;realizado;0.0;0.0;;Malls;Allos
05.878.397/0001-32;ALLOS S.A.;Diretoria Estatutária;2011;;5076051.0;;;;4.0;;;;2014;so realizado;;1269012.75;;Malls;Allos
05.878.397/0001-32;ALLOS S.A.;Conselho de Administração;2011;;144000.0;;;;7.0;;;;2014;so realizado;;20571.428571428572;;Malls;Allos
05.878.397/0001-32;ALLOS S.A.;Diretoria Estatutária;2012;;5754941.0;;;;4.0;;;;2015;so realizado;;1438735.25;;Malls;Allos
05.878.397/0001-32;ALLOS S.A.;Conselho de Administração;2012;;144000.0;;;;7.0;;;;2015;so realizado;;20571.428571428572;;Malls;Allos
05.878.397/0001-32;ALLOS S.A.;Conselho Fiscal;2012;;189288.0;;;;2.0;;;;2015;so realizado;;94644.0;;Malls;Allos
05.878.397/0001-32;ALLOS S.A.;Diretoria Estatutária;2013;6337000.0;5755676.0;-581324.0;-9.1734890326653;4.0;3.33;-0.6699999999999999;-16.75;2013;2016;realizado;1584250.0;1728431.2312312312;9.10091407487652;Malls;Allos
05.878.397/0001-32;ALLOS S.A.;Conselho de Administração;2013;149000.0;165600.0;16600.0;11.140939597315436;7.0;7.0;0.0;0.0;2013;2016;realizado;21285.714285714286;23657.14285714286;11.140939597315436;Malls;Allos
05.878.397/0001-32;ALLOS S.A.;Conselho Fiscal;2013;;94644.0;;;;1.0;;;;2016;so realizado;;94644.0;;Malls;Allos
05.878.397/0001-32;ALLOS S.A.;Diretoria Estatutária;2014;6492800.0;5612840.0;-879960.0;-13.55285855101035;3.0;3.0;0.0;0.0;2014;2017;realizado;2164266.6666666665;1870946.6666666667;-13.552858551010338;Malls;Allos
05.878.397/0001-32;ALLOS S.A.;Conselho de Administração;2014;172800.0;273600.0;100800.0;58.333333333333336;7.58;7.67;0.08999999999999986;1.187335092348283;2014;2017;realizado;22796.83377308707;35671.447196870926;56.475445458496324;Malls;Allos
05.878.397/0001-32;ALLOS S.A.;Conselho Fiscal;2014;212220.0;204480.0;-7740.0;-3.64715860899067;1.75;2.0;0.25;14.285714285714286;2014;2017;realizado;121268.57142857143;102240.0;-15.691263782866837;Malls;Allos
05.878.397/0001-32;ALLOS S.A.;Diretoria Estatutária;2015;6029726.0;6618176.12;588450.1200000001;9.759151908395177;3.0;3.0;0.0;0.0;2015;2018;realizado;2009908.6666666667;2206058.7066666665;9.759151908395157;Malls;Allos
05.878.397/0001-32;ALLOS S.A.;Conselho de Administração;2015;345600.0;361728.0;16128.0;4.666666666666667;8.0;8.0;0.0;0.0;2015;2018;realizado;43200.0;45216.0;4.666666666666663;Malls;Allos
05.878.397/0001-32;ALLOS S.A.;Conselho Fiscal;2015;306720.0;322260.0;15540.0;5.066510172143975;3.0;3.0;0.0;0.0;2015;2018;realizado;102240.0;107420.0;5.066510172143968;Malls;Allos
05.878.397/0001-32;ALLOS S.A.;Diretoria Estatutária;2016;;17578003.83;;;;6.0;;;;2019;so realizado;;2929667.3049999997;;Malls;Allos
05.878.397/0001-32;ALLOS S.A.;Conselho de Administração;2016;;121107.15;;;;6.16;;;;2019;so realizado;;19660.251623376622;;Malls;Allos
05.878.397/0001-32;ALLOS S.A.;Conselho Fiscal;2016;;144000.0;;;;1.0;;;;2019;so realizado;;144000.0;;Malls;Allos
05.878.397/0001-32;ALLOS S.A.;Diretoria Estatutária;2017;7222800.0;18587720.1;11364920.100000001;157.34784432630008;3.0;6.0;3.0;100.0;2017;2020;realizado;2407600.0;3097953.35;28.673922163150035;Malls;Allos
05.878.397/0001-32;ALLOS S.A.;Conselho de Administração;2017;217728.0;0.0;-217728.0;-100.0;7.0;7.0;0.0;0.0;2017;2020;realizado;31104.0;0.0;;Malls;Allos
05.878.397/0001-32;ALLOS S.A.;Conselho Fiscal;2017;393248.0;0.0;-393248.0;-100.0;3.0;0.0;-3.0;-100.0;2017;2020;realizado;131082.66666666666;;;Malls;Allos
05.878.397/0001-32;ALLOS S.A.;Diretoria Estatutária;2018;7603023.8;27481583.33;19878559.529999997;261.45596874233115;3.0;5.3;2.3;76.66666666666666;2018;2021;realizado;2534341.2666666666;5185204.401886792;104.5977181560365;Malls;Allos
05.878.397/0001-32;ALLOS S.A.;Conselho de Administração;2018;233956.8;817457.57;583500.77;249.40534748295414;7.0;6.5;-0.5;-7.142857142857143;2018;2021;realizado;33422.4;125762.70307692306;276.28268190471977;Malls;Allos
05.878.397/0001-32;ALLOS S.A.;Conselho Fiscal;2018;391809.84;0.0;-391809.84;-100.0;3.0;0.0;-3.0;-100.0;2018;2021;realizado;130603.28000000001;;;Malls;Allos
05.878.397/0001-32;ALLOS S.A.;Diretoria Estatutária;2019;33046243.0;28182035.75;-4864207.25;-14.71939563598803;9.8;7.83;-1.9700000000000006;-20.102040816326536;2019;2022;realizado;3372065.6122448975;3599238.282247765;6.736899459427503;Malls;Allos
05.878.397/0001-32;ALLOS S.A.;Conselho de Administração;2019;4243475.0;3373733.49;-869741.5099999998;-20.495973465143535;8.2;7.0;-1.1999999999999993;-14.634146341463408;2019;2022;realizado;517496.95121951227;481961.92714285717;-6.86671177345387;Malls;Allos
05.878.397/0001-32;ALLOS S.A.;Conselho Fiscal;2019;297189.0;220272.0;-76917.0;-25.881509746323047;8.5;4.0;-4.5;-52.94117647058823;2019;2022;realizado;34963.41176470588;55068.0;57.50179178906354;Malls;Allos
05.878.397/0001-32;ALLOS S.A.;Diretoria Estatutária;2020;29759277.0;29066007.35;-693269.6499999985;-2.329591710174943;8.0;8.0;0.0;0.0;2020;2023;realizado;3719909.625;3633250.91875;-2.3295917101749386;Malls;Allos
05.878.397/0001-32;ALLOS S.A.;Conselho de Administração;2020;4084174.0;5312740.12;1228566.12;30.08114051947836;8.0;7.75;-0.25;-3.125;2020;2023;realizado;510521.75;685514.8541935484;34.27730634268735;Malls;Allos
05.878.397/0001-32;ALLOS S.A.;Conselho Fiscal;2020;132091.0;132084.0;-7.0;-0.005299376944682075;2.0;2.0;0.0;0.0;2020;2023;realizado;66045.5;66042.0;-0.005299376944678524;Malls;Allos
05.878.397/0001-32;ALLOS S.A.;Diretoria Estatutária;2021;27771742.12;28182035.75;410293.62999999896;1.477378078145567;8.0;7.83;-0.16999999999999993;-2.124999999999999;2021;2024;realizado;3471467.765;3599238.282247765;3.6805906290120705;Malls;Allos
05.878.397/0001-32;ALLOS S.A.;Conselho de Administração;2021;4324601.75;3373733.5;-950868.25;-21.987417685339466;7.0;7.0;0.0;0.0;2021;2024;realizado;617800.25;481961.9285714286;-21.987417685339462;Malls;Allos
05.878.397/0001-32;ALLOS S.A.;Conselho Fiscal;2021;220267.55;220272.0;4.4500000000116415;0.0020202703484973805;3.5;4.0;0.5;14.285714285714286;2021;2024;realizado;62933.58571428571;55068.0;-12.498232263445065;Malls;Allos
05.878.397/0001-32;ALLOS S.A.;Diretoria Estatutária;2022;29422687.43;31792009.61;2369322.1799999997;8.052704857898835;7.0;7.0;0.0;0.0;2022;2025;realizado;4203241.061428571;4541715.658571429;8.05270485789884;Malls;Allos
05.878.397/0001-32;ALLOS S.A.;Conselho de Administração;2022;5897041.91;4100698.84;-1796343.0700000003;-30.461765363305688;0.0;7.0;7.0;;2022;2025;realizado;;585814.12;;Malls;Allos
05.878.397/0001-32;ALLOS S.A.;Conselho Fiscal;2022;330408.0;137670.0;-192738.0;-58.333333333333336;6.0;1.25;-4.75;-79.16666666666667;2022;2025;realizado;55068.0;110136.0;100.0;Malls;Allos
05.878.397/0001-32;ALLOS S.A.;Diretoria Estatutária;2023;39906719.67;60915071.35;21008351.68;52.643644613548865;10.0;10.0;0.0;0.0;2023;2026;realizado;3990671.967;6091507.135;52.643644613548844;Malls;Allos
05.878.397/0001-32;ALLOS S.A.;Conselho de Administração;2023;4016268.82;5900793.75;1884524.9300000002;46.92228071526348;9.0;9.0;0.0;0.0;2023;2026;realizado;446252.0911111111;655643.75;46.922280715263476;Malls;Allos
05.878.397/0001-32;ALLOS S.A.;Conselho Fiscal;2023;702315.25;280800.0;-421515.25;-60.01795489988292;6.0;3.0;-3.0;-50.0;2023;2026;realizado;117052.54166666667;93600.0;-20.03590979976585;Malls;Allos
05.878.397/0001-32;ALLOS S.A.;Diretoria Estatutária;2024;74024167.1;71475212.24;-2548954.8599999994;-3.443409037695204;10.0;10.0;0.0;0.0;2024;2026;realizado;7402416.709999999;7147521.223999999;-3.4434090376952;Malls;Allos
05.878.397/0001-32;ALLOS S.A.;Conselho de Administração;2024;11384265.29;6850974.82;-4533290.469999999;-39.82066786498788;9.0;9.0;0.0;0.0;2024;2026;realizado;1264918.3655555556;761219.4244444445;-39.82066786498788;Malls;Allos
05.878.397/0001-32;ALLOS S.A.;Conselho Fiscal;2024;421200.0;479700.0;58500.0;13.88888888888889;3.0;3.0;0.0;0.0;2024;2026;realizado;140400.0;159900.0;13.888888888888884;Malls;Allos
05.878.397/0001-32;ALLOS S.A.;Diretoria Estatutária;2025;67519778.0;57606830.45;-9912947.549999997;-14.681546420368855;9.0;8.25;-0.75;-8.333333333333334;2025;2026;realizado;7502197.555555556;6982646.115151515;-6.925323367675118;Malls;Allos
05.878.397/0001-32;ALLOS S.A.;Conselho de Administração;2025;9269012.76;8486720.6;-782292.1600000001;-8.439864959253764;9.0;9.0;0.0;0.0;2025;2026;realizado;1029890.3066666666;942968.9555555555;-8.439864959253763;Malls;Allos
05.878.397/0001-32;ALLOS S.A.;Conselho Fiscal;2025;421200.0;421200.0;0.0;0.0;3.0;3.0;0.0;0.0;2025;2026;realizado;140400.0;140400.0;0.0;Malls;Allos
05.878.397/0001-32;ALLOS S.A.;Diretoria Estatutária;2026;67450629.06;;;;8.0;;;;2026;;so previsao;8431328.6325;;;Malls;Allos
05.878.397/0001-32;ALLOS S.A.;Conselho de Administração;2026;7316478.08;;;;9.0;;;;2026;;so previsao;812942.0088888889;;;Malls;Allos
05.878.397/0001-32;ALLOS S.A.;Conselho Fiscal;2026;452790.0;;;;3.0;;;;2026;;so previsao;150930.0;;;Malls;Allos
61.079.117/0001-05;ALPARGATAS S.A.;Diretoria Estatutária;2007;;5992000.0;;;;4.0;;;;2010;so realizado;;1498000.0;;Consumo;Alpargatas
61.079.117/0001-05;ALPARGATAS S.A.;Conselho de Administração;2007;;1195200.0;;;;6.0;;;;2010;so realizado;;199200.0;;Consumo;Alpargatas
61.079.117/0001-05;ALPARGATAS S.A.;Conselho Fiscal;2007;;369900.0;;;;5.0;;;;2010;so realizado;;73980.0;;Consumo;Alpargatas
61.079.117/0001-05;ALPARGATAS S.A.;Diretoria Estatutária;2008;;6325600.0;;;;4.0;;;;2011;so realizado;;1581400.0;;Consumo;Alpargatas
61.079.117/0001-05;ALPARGATAS S.A.;Conselho de Administração;2008;;1195900.0;;;;6.0;;;;2011;so realizado;;199316.66666666666;;Consumo;Alpargatas
61.079.117/0001-05;ALPARGATAS S.A.;Conselho Fiscal;2008;;390600.0;;;;5.0;;;;2011;so realizado;;78120.0;;Consumo;Alpargatas
61.079.117/0001-05;ALPARGATAS S.A.;Diretoria Estatutária;2009;;8703700.0;;;;4.0;;;;2012;so realizado;;2175925.0;;Consumo;Alpargatas
61.079.117/0001-05;ALPARGATAS S.A.;Conselho de Administração;2009;;1173600.0;;;;6.0;;;;2012;so realizado;;195600.0;;Consumo;Alpargatas
61.079.117/0001-05;ALPARGATAS S.A.;Conselho Fiscal;2009;;468200.0;;;;5.0;;;;2012;so realizado;;93640.0;;Consumo;Alpargatas
61.079.117/0001-05;ALPARGATAS S.A.;Diretoria Estatutária;2010;7950800.0;8898190.0;947390.0;11.915656286159884;3.0;3.0;0.0;0.0;2010;2013;realizado;2650266.6666666665;2966063.3333333335;11.915656286159892;Consumo;Alpargatas
61.079.117/0001-05;ALPARGATAS S.A.;Conselho de Administração;2010;1322000.0;1098000.0;-224000.0;-16.944024205748864;6.0;5.0;-1.0;-16.666666666666668;2010;2013;realizado;220333.33333333334;219600.0;-0.3328290468986417;Consumo;Alpargatas
61.079.117/0001-05;ALPARGATAS S.A.;Conselho Fiscal;2010;558000.0;549000.0;-9000.0;-1.6129032258064515;5.0;5.0;0.0;0.0;2010;2013;realizado;111600.0;109800.0;-1.6129032258064502;Consumo;Alpargatas
61.079.117/0001-05;ALPARGATAS S.A.;Diretoria Estatutária;2011;11921900.0;11737950.0;-183950.0;-1.542958756574036;4.0;4.0;0.0;0.0;2011;2014;realizado;2980475.0;2934487.5;-1.542958756574031;Consumo;Alpargatas
61.079.117/0001-05;ALPARGATAS S.A.;Conselho de Administração;2011;1557600.0;1536000.0;-21600.0;-1.386748844375963;6.0;6.0;0.0;0.0;2011;2014;realizado;259600.0;256000.0;-1.3867488443759624;Consumo;Alpargatas
61.079.117/0001-05;ALPARGATAS S.A.;Conselho Fiscal;2011;644400.0;644400.0;0.0;0.0;5.0;5.0;0.0;0.0;2011;2014;realizado;128880.0;128880.0;0.0;Consumo;Alpargatas
61.079.117/0001-05;ALPARGATAS S.A.;Diretoria Estatutária;2012;14264600.0;14405130.0;140530.0;0.9851660754595292;4.0;4.0;0.0;0.0;2012;2015;realizado;3566150.0;3601282.5;0.9851660754595315;Consumo;Alpargatas
61.079.117/0001-05;ALPARGATAS S.A.;Conselho de Administração;2012;1461200.0;1412400.0;-48800.0;-3.339720777443197;6.0;6.0;0.0;0.0;2012;2015;realizado;243533.33333333334;235400.0;-3.3397207774432003;Consumo;Alpargatas
61.079.117/0001-05;ALPARGATAS S.A.;Conselho Fiscal;2012;619900.0;604800.0;-15100.0;-2.435876754315212;5.0;5.0;0.0;0.0;2012;2015;realizado;123980.0;120960.0;-2.4358767543152138;Consumo;Alpargatas
61.079.117/0001-05;ALPARGATAS S.A.;Diretoria Estatutária;2013;16459610.0;14131600.0;-2328010.0;-14.143773758916524;4.0;4.0;0.0;0.0;2013;2016;realizado;4114902.5;3532900.0;-14.143773758916522;Consumo;Alpargatas
61.079.117/0001-05;ALPARGATAS S.A.;Conselho de Administração;2013;1568160.0;1454400.0;-113760.0;-7.254361799816345;6.0;6.0;0.0;0.0;2013;2016;realizado;261360.0;242400.0;-7.254361799816344;Consumo;Alpargatas
61.079.117/0001-05;ALPARGATAS S.A.;Conselho Fiscal;2013;720900.0;692400.0;-28500.0;-3.9533915938410322;5.0;5.0;0.0;0.0;2013;2016;realizado;144180.0;138480.0;-3.953391593841027;Consumo;Alpargatas
61.079.117/0001-05;ALPARGATAS S.A.;Diretoria Estatutária;2014;16249600.0;14184300.0;-2065300.0;-12.709851319417094;4.0;4.0;0.0;0.0;2014;2017;realizado;4062400.0;3546075.0;-12.709851319417098;Consumo;Alpargatas
61.079.117/0001-05;ALPARGATAS S.A.;Conselho de Administração;2014;2520000.0;2520000.0;0.0;0.0;6.0;6.0;0.0;0.0;2014;2017;realizado;420000.0;420000.0;0.0;Consumo;Alpargatas
61.079.117/0001-05;ALPARGATAS S.A.;Conselho Fiscal;2014;851400.0;756000.0;-95400.0;-11.20507399577167;5.0;5.0;0.0;0.0;2014;2017;realizado;170280.0;151200.0;-11.205073995771675;Consumo;Alpargatas
61.079.117/0001-05;ALPARGATAS S.A.;Diretoria Estatutária;2015;15947500.0;17734500.0;1787000.0;11.205518106286252;4.0;3.83;-0.16999999999999993;-4.249999999999998;2015;2018;realizado;3986875.0;4630417.754569191;16.141533270272856;Consumo;Alpargatas
61.079.117/0001-05;ALPARGATAS S.A.;Conselho de Administração;2015;2652300.0;2520000.0;-132300.0;-4.98812351543943;6.0;6.0;0.0;0.0;2015;2018;realizado;442050.0;420000.0;-4.988123515439435;Consumo;Alpargatas
61.079.117/0001-05;ALPARGATAS S.A.;Conselho Fiscal;2015;864000.0;837000.0;-27000.0;-3.125;5.0;5.0;0.0;0.0;2015;2018;realizado;172800.0;167400.0;-3.125;Consumo;Alpargatas
61.079.117/0001-05;ALPARGATAS S.A.;Diretoria Estatutária;2016;19125100.0;21504300.0;2379200.0;12.44019639112998;4.0;4.0;0.0;0.0;2016;2019;realizado;4781275.0;5376075.0;12.440196391129987;Consumo;Alpargatas
61.079.117/0001-05;ALPARGATAS S.A.;Conselho de Administração;2016;2160000.0;2092000.0;-68000.0;-3.1481481481481484;6.0;6.0;0.0;0.0;2016;2019;realizado;360000.0;348666.6666666667;-3.1481481481481444;Consumo;Alpargatas
61.079.117/0001-05;ALPARGATAS S.A.;Conselho Fiscal;2016;972000.0;1065100.0;93100.0;9.578189300411523;5.0;5.5;0.5;10.0;2016;2019;realizado;194400.0;193654.54545454544;-0.3834642723531734;Consumo;Alpargatas
61.079.117/0001-05;ALPARGATAS S.A.;Diretoria Estatutária;2017;20142200.0;18632900.0;-1509300.0;-7.493223183167678;4.0;4.0;0.0;0.0;2017;2020;realizado;5035550.0;4658225.0;-7.493223183167674;Consumo;Alpargatas
61.079.117/0001-05;ALPARGATAS S.A.;Conselho de Administração;2017;2484000.0;2048000.0;-436000.0;-17.55233494363929;6.0;5.5;-0.5;-8.333333333333334;2017;2020;realizado;414000.0;372363.63636363635;-10.057092665788325;Consumo;Alpargatas
61.079.117/0001-05;ALPARGATAS S.A.;Conselho Fiscal;2017;1274400.0;1021440.0;-252960.0;-19.849340866290017;6.0;5.0;-1.0;-16.666666666666668;2017;2020;realizado;212400.0;204288.0;-3.8192090395480216;Consumo;Alpargatas
61.079.117/0001-05;ALPARGATAS S.A.;Diretoria Estatutária;2018;20979957.79;6126100.0;-14853857.79;-70.80022723916072;4.0;4.0;0.0;0.0;2018;2021;realizado;5244989.4475;1531525.0;-70.8002272391607;Consumo;Alpargatas
61.079.117/0001-05;ALPARGATAS S.A.;Conselho de Administração;2018;2581200.0;3074000.0;492800.0;19.091895242522856;7.0;6.67;-0.33000000000000007;-4.714285714285715;2018;2021;realizado;368742.85714285716;460869.5652173913;24.983998005646168;Consumo;Alpargatas
61.079.117/0001-05;ALPARGATAS S.A.;Conselho Fiscal;2018;0.0;340500.0;340500.0;;0.0;1.67;1.67;;2018;2021;realizado;;203892.21556886227;;Consumo;Alpargatas
61.079.117/0001-05;ALPARGATAS S.A.;Diretoria Estatutária;2019;36384500.0;39022500.0;2638000.0;7.250340117357666;4.75;4.58;-0.16999999999999993;-3.5789473684210513;2019;2022;realizado;7659894.736842105;8520196.506550219;11.231247938307632;Consumo;Alpargatas
61.079.117/0001-05;ALPARGATAS S.A.;Conselho de Administração;2019;4274100.0;3050700.0;-1223400.0;-28.623569874359514;6.83;6.25;-0.5800000000000001;-8.49194729136164;2019;2022;realizado;625783.308931186;488112.0;-21.999837158700085;Consumo;Alpargatas
61.079.117/0001-05;ALPARGATAS S.A.;Conselho Fiscal;2019;;0.0;;;;0.0;;;;2022;so realizado;;;;Consumo;Alpargatas
61.079.117/0001-05;ALPARGATAS S.A.;Diretoria Estatutária;2020;25271300.0;22801900.0;-2469400.0;-9.771559041283986;4.0;4.0;0.0;0.0;2020;2023;realizado;6317825.0;5700475.0;-9.771559041283984;Consumo;Alpargatas
61.079.117/0001-05;ALPARGATAS S.A.;Conselho de Administração;2020;4066810.0;5122200.0;1055390.0;25.951298437841945;7.0;7.0;0.0;0.0;2020;2023;realizado;580972.8571428572;731742.8571428572;25.951298437841942;Consumo;Alpargatas
61.079.117/0001-05;ALPARGATAS S.A.;Conselho Fiscal;2020;;0.0;;;;0.0;;;;2022;so realizado;;;;Consumo;Alpargatas
61.079.117/0001-05;ALPARGATAS S.A.;Diretoria Estatutária;2021;27206600.0;24932949.77;-2273650.2300000004;-8.356980401814267;4.0;4.0;0.0;0.0;2021;2024;realizado;6801650.0;6233237.4425;-8.356980401814262;Consumo;Alpargatas
61.079.117/0001-05;ALPARGATAS S.A.;Conselho de Administração;2021;4718200.0;5798549.43;1080349.4299999997;22.89749120427281;7.0;7.0;0.0;0.0;2021;2024;realizado;674028.5714285715;828364.2042857142;22.897491204272804;Consumo;Alpargatas
61.079.117/0001-05;ALPARGATAS S.A.;Conselho Fiscal;2021;;0.0;;;;0.0;;;;2022;so realizado;;;;Consumo;Alpargatas
61.079.117/0001-05;ALPARGATAS S.A.;Diretoria Estatutária;2022;25148100.0;20151006.7;-4997093.300000001;-19.870659413633636;4.0;4.0;0.0;0.0;2022;2025;realizado;6287025.0;5037751.675;-19.87065941363364;Consumo;Alpargatas
61.079.117/0001-05;ALPARGATAS S.A.;Conselho de Administração;2022;3625400.0;3529734.45;-95665.54999999981;-2.6387584818226903;7.0;8.0;1.0;14.285714285714286;2022;2025;realizado;517914.28571428574;441216.80625;-14.808913671594858;Consumo;Alpargatas
61.079.117/0001-05;ALPARGATAS S.A.;Conselho Fiscal;2022;0.0;;;;0.0;;;;2022;;so previsao;;;;Consumo;Alpargatas
61.079.117/0001-05;ALPARGATAS S.A.;Diretoria Estatutária;2023;30591610.88;15823633.93;-14767976.95;-48.27459726762843;4.0;4.0;0.0;0.0;2023;2026;realizado;7647902.72;3955908.4825;-48.27459726762843;Consumo;Alpargatas
61.079.117/0001-05;ALPARGATAS S.A.;Conselho de Administração;2023;4323121.58;7598440.81;3275319.2299999995;75.76282945991076;8.0;8.0;0.0;0.0;2023;2026;realizado;540390.1975;949805.10125;75.76282945991075;Consumo;Alpargatas
61.079.117/0001-05;ALPARGATAS S.A.;Diretoria Estatutária;2024;28565628.82;30476691.14;1911062.3200000003;6.690076147254231;4.0;3.91;-0.08999999999999986;-2.2499999999999964;2024;2026;realizado;7141407.205;7794550.163682864;9.145857951155211;Consumo;Alpargatas
61.079.117/0001-05;ALPARGATAS S.A.;Conselho de Administração;2024;7047485.93;5314211.39;-1733274.54;-24.594224908229084;8.0;8.0;0.0;0.0;2024;2026;realizado;880935.74125;664276.42375;-24.59422490822908;Consumo;Alpargatas
61.079.117/0001-05;ALPARGATAS S.A.;Diretoria Estatutária;2025;29695094.47;25952401.98;-3742692.4899999984;-12.603739967155587;4.0;3.25;-0.75;-18.75;2025;2026;realizado;7423773.6175;7985354.455384616;7.564627732731588;Consumo;Alpargatas
61.079.117/0001-05;ALPARGATAS S.A.;Conselho de Administração;2025;7203573.91;4548900.0;-2654673.91;-36.85217842097493;8.0;8.0;0.0;0.0;2025;2026;realizado;900446.73875;568612.5;-36.85217842097494;Consumo;Alpargatas
61.079.117/0001-05;ALPARGATAS S.A.;Diretoria Estatutária;2026;25786074.16;;;;3.17;;;;2026;;so previsao;8134408.252365931;;;Consumo;Alpargatas
61.079.117/0001-05;ALPARGATAS S.A.;Conselho de Administração;2026;9352134.0;;;;8.0;;;;2026;;so previsao;1169016.75;;;Consumo;Alpargatas
07.526.557/0001-00;AMBEV S.A.;Diretoria Estatutária;2010;;0.0;;;;2.0;;;;2013;so realizado;;0.0;;Consumo;Ambev
07.526.557/0001-00;AMBEV S.A.;Diretoria Estatutária;2011;;42473317.0;;;;9.33;;;;2014;so realizado;;4552338.370846731;;Consumo;Ambev
07.526.557/0001-00;AMBEV S.A.;Conselho de Administração;2011;;13636844.0;;;;10.0;;;;2014;so realizado;;1363684.4;;Consumo;Ambev
07.526.557/0001-00;AMBEV S.A.;Conselho Fiscal;2011;;1513654.0;;;;6.0;;;;2014;so realizado;;252275.66666666666;;Consumo;Ambev
07.526.557/0001-00;AMBEV S.A.;Diretoria Estatutária;2012;;50715814.0;;;;10.25;;;;2015;so realizado;;4947884.292682927;;Consumo;Ambev
07.526.557/0001-00;AMBEV S.A.;Conselho de Administração;2012;;13181189.0;;;;9.75;;;;2015;so realizado;;1351916.8205128205;;Consumo;Ambev
07.526.557/0001-00;AMBEV S.A.;Conselho Fiscal;2012;;1391280.0;;;;6.0;;;;2015;so realizado;;231880.0;;Consumo;Ambev
07.526.557/0001-00;AMBEV S.A.;Diretoria Estatutária;2013;35356521.0;60985036.0;25628515.0;72.48596376323339;11.0;11.0;0.0;0.0;2013;2016;realizado;3214229.1818181816;5544094.181818182;72.48596376323337;Consumo;Ambev
07.526.557/0001-00;AMBEV S.A.;Conselho de Administração;2013;7709693.0;12241642.0;4531949.0;58.782483297324546;10.0;10.0;0.0;0.0;2013;2016;realizado;770969.3;1224164.2;58.78248329732454;Consumo;Ambev
07.526.557/0001-00;AMBEV S.A.;Conselho Fiscal;2013;811803.0;1408715.0;596912.0;73.5291690225338;6.0;6.0;0.0;0.0;2013;2016;realizado;135300.5;234785.83333333334;73.5291690225338;Consumo;Ambev
07.526.557/0001-00;AMBEV S.A.;Diretoria Estatutária;2014;63233495.0;49680554.0;-13552941.0;-21.433167659007303;9.0;10.0;1.0;11.11111111111111;2014;2017;realizado;7025943.888888889;4968055.4;-29.28985089310657;Consumo;Ambev
07.526.557/0001-00;AMBEV S.A.;Conselho de Administração;2014;15218990.0;11794608.0;-3424382.0;-22.500717853155827;12.0;12.0;0.0;0.0;2014;2017;realizado;1268249.1666666667;982884.0;-22.500717853155827;Consumo;Ambev
07.526.557/0001-00;AMBEV S.A.;Conselho Fiscal;2014;1549586.0;1538018.0;-11568.0;-0.7465219742563498;6.0;6.0;0.0;0.0;2014;2017;realizado;258264.33333333334;256336.33333333334;-0.7465219742563534;Consumo;Ambev
07.526.557/0001-00;AMBEV S.A.;Diretoria Estatutária;2015;63036989.0;57409940.35;-5627048.6499999985;-8.926582216672815;10.0;10.25;0.25;2.5;2015;2018;realizado;6303698.9;5600969.790243902;-11.147885089436905;Consumo;Ambev
07.526.557/0001-00;AMBEV S.A.;Conselho de Administração;2015;15056954.0;13663358.0;-1393596.0;-9.255497493052047;12.0;12.0;0.0;0.0;2015;2018;realizado;1254746.1666666667;1138613.1666666667;-9.255497493052045;Consumo;Ambev
07.526.557/0001-00;AMBEV S.A.;Conselho Fiscal;2015;1691820.0;1674570.0;-17250.0;-1.0196120154626378;6.0;5.67;-0.33000000000000007;-5.500000000000001;2015;2018;realizado;281970.0;295338.62433862436;4.741151306388747;Consumo;Ambev
07.526.557/0001-00;AMBEV S.A.;Diretoria Estatutária;2016;72405539.44;40129586.85;-32275952.589999996;-44.5766343840943;10.25;11.0;0.75;7.317073170731708;2016;2019;realizado;7063955.067317073;3648144.2590909093;-48.355500221542414;Consumo;Ambev
07.526.557/0001-00;AMBEV S.A.;Conselho de Administração;2016;17006003.0;17735694.0;729691.0;4.290784848150386;12.0;12.0;0.0;0.0;2016;2019;realizado;1417166.9166666667;1477974.5;4.290784848150375;Consumo;Ambev
07.526.557/0001-00;AMBEV S.A.;Conselho Fiscal;2016;1875518.0;1776934.0;-98584.0;-5.256361175952457;5.67;6.0;0.33000000000000007;5.820105820105821;2016;2019;realizado;330779.18871252204;296155.6666666667;-10.467261311275067;Consumo;Ambev
07.526.557/0001-00;AMBEV S.A.;Diretoria Estatutária;2017;65026943.69;52812478.0;-12214465.689999998;-18.783699489598444;11.0;11.0;0.0;0.0;2017;2020;realizado;5911540.335454545;4801134.363636363;-18.783699489598447;Consumo;Ambev
07.526.557/0001-00;AMBEV S.A.;Conselho de Administração;2017;20784525.08;19462209.0;-1322316.0799999982;-6.362022104957321;13.0;13.0;0.0;0.0;2017;2020;realizado;1598809.6215384614;1497093.0;-6.362022104957321;Consumo;Ambev
07.526.557/0001-00;AMBEV S.A.;Conselho Fiscal;2017;1990165.0;1855625.0;-134540.0;-6.760243497398457;6.0;6.0;0.0;0.0;2017;2020;realizado;331694.1666666667;309270.8333333333;-6.760243497398466;Consumo;Ambev
07.526.557/0001-00;AMBEV S.A.;Diretoria Estatutária;2018;65486870.0;40448713.0;-25038157.0;-38.23385817645583;11.0;10.67;-0.33000000000000007;-3.0000000000000004;2018;2021;realizado;5953351.818181818;3790882.1930646673;-36.323565130366845;Consumo;Ambev
07.526.557/0001-00;AMBEV S.A.;Conselho de Administração;2018;17806058.0;14425580.0;-3380478.0;-18.98498814279949;13.0;13.0;0.0;0.0;2018;2021;realizado;1369696.7692307692;1109660.0;-18.984988142799487;Consumo;Ambev
07.526.557/0001-00;AMBEV S.A.;Conselho Fiscal;2018;2041187.0;1789560.0;-251627.0;-12.32748395908851;6.0;5.58;-0.41999999999999993;-6.999999999999999;2018;2021;realizado;340197.8333333333;320709.67741935485;-5.728477375363983;Consumo;Ambev
07.526.557/0001-00;AMBEV S.A.;Diretoria Estatutária;2019;80934501.0;60838118.0;-20096383.0;-24.83042800251527;11.0;10.92;-0.08000000000000007;-0.727272727272728;2019;2022;realizado;7357681.909090909;5571256.227106228;-24.279735167368855;Consumo;Ambev
07.526.557/0001-00;AMBEV S.A.;Conselho de Administração;2019;20793786.0;14325234.0;-6468552.0;-31.10810123755241;13.0;13.0;0.0;0.0;2019;2022;realizado;1599522.0;1101941.076923077;-31.10810123755241;Consumo;Ambev
07.526.557/0001-00;AMBEV S.A.;Conselho Fiscal;2019;2146762.0;1917900.0;-228862.0;-10.660799846466446;5.67;5.67;0.0;0.0;2019;2022;realizado;378617.63668430335;338253.9682539683;-10.660799846466439;Consumo;Ambev
07.526.557/0001-00;AMBEV S.A.;Diretoria Estatutária;2020;91279091.0;52867011.81;-38412079.19;-42.08201327289729;11.67;11.77;0.09999999999999964;0.85689802913453;2020;2023;realizado;7821687.317909169;4491674.750212405;-42.57409472342493;Consumo;Ambev
07.526.557/0001-00;AMBEV S.A.;Conselho de Administração;2020;19800039.0;11675425.76;-8124613.24;-41.033319378815364;13.0;13.0;0.0;0.0;2020;2023;realizado;1523079.923076923;898109.6738461538;-41.03331937881537;Consumo;Ambev
07.526.557/0001-00;AMBEV S.A.;Conselho Fiscal;2020;2162700.0;1716643.0;-446057.0;-20.625005779812273;6.0;6.0;0.0;0.0;2020;2023;realizado;360450.0;286107.1666666667;-20.625005779812266;Consumo;Ambev
07.526.557/0001-00;AMBEV S.A.;Diretoria Estatutária;2021;97973077.77;83664608.95;-14308468.819999993;-14.604490484202529;13.0;13.0;0.0;0.0;2021;2024;realizado;7536390.597692307;6435739.15;-14.604490484202525;Consumo;Ambev
07.526.557/0001-00;AMBEV S.A.;Conselho de Administração;2021;25556059.85;25591432.98;35373.12999999896;0.13841386429527772;13.0;12.0;-1.0;-7.6923076923076925;2021;2024;realizado;1965850.7576923077;2132619.415;8.483281686319888;Consumo;Ambev
07.526.557/0001-00;AMBEV S.A.;Conselho Fiscal;2021;1845504.0;1808132.4;-37371.60000000009;-2.025007802746572;6.0;6.0;0.0;0.0;2021;2024;realizado;307584.0;301355.39999999997;-2.025007802746581;Consumo;Ambev
07.526.557/0001-00;AMBEV S.A.;Diretoria Estatutária;2022;100968475.08;95335200.0;-5633275.079999998;-5.579241516261987;14.0;14.0;0.0;0.0;2022;2025;realizado;7212033.934285714;6809657.142857143;-5.57924151626199;Consumo;Ambev
07.526.557/0001-00;AMBEV S.A.;Conselho de Administração;2022;20604211.06;22844255.0;2240043.9400000013;10.871777295801014;12.0;12.0;0.0;0.0;2022;2025;realizado;1717017.5883333331;1903687.9166666667;10.87177729580102;Consumo;Ambev
07.526.557/0001-00;AMBEV S.A.;Conselho Fiscal;2022;2017453.72;1996508.0;-20945.719999999972;-1.0382255509682756;6.0;6.0;0.0;0.0;2022;2025;realizado;336242.2866666667;332751.3333333333;-1.0382255509682858;Consumo;Ambev
07.526.557/0001-00;AMBEV S.A.;Diretoria Estatutária;2023;150796448.0;114208574.51;-36587873.489999995;-24.26308707881501;14.0;13.5;-0.5;-3.5714285714285716;2023;2026;realizado;10771174.857142856;8459894.408148149;-21.458016229882226;Consumo;Ambev
07.526.557/0001-00;AMBEV S.A.;Conselho de Administração;2023;22810382.0;18764226.58;-4046155.420000002;-17.738218588360343;12.0;12.67;0.6699999999999999;5.583333333333333;2023;2026;realizado;1900865.1666666667;1480996.5730071033;-22.088289112890614;Consumo;Ambev
07.526.557/0001-00;AMBEV S.A.;Conselho Fiscal;2023;2209282.0;2128919.0;-80363.0;-3.6375166230476688;6.0;6.0;0.0;0.0;2023;2026;realizado;368213.6666666667;354819.8333333333;-3.6375166230476763;Consumo;Ambev
07.526.557/0001-00;AMBEV S.A.;Diretoria Estatutária;2024;161969633.0;136774933.02;-25194699.97999999;-15.555199770070473;13.0;13.0;0.0;0.0;2024;2026;realizado;12459202.538461538;10521148.693846155;-15.555199770070471;Consumo;Ambev
07.526.557/0001-00;AMBEV S.A.;Conselho de Administração;2024;22012539.0;19618532.85;-2394006.1499999985;-10.875647511629614;13.0;13.0;0.0;0.0;2024;2026;realizado;1693272.2307692308;1509117.9115384617;-10.875647511629616;Consumo;Ambev
07.526.557/0001-00;AMBEV S.A.;Conselho Fiscal;2024;2316015.0;2210858.64;-105156.35999999987;-4.540400645073537;6.0;6.0;0.0;0.0;2024;2026;realizado;386002.5;368476.44;-4.5404006450735395;Consumo;Ambev
07.526.557/0001-00;AMBEV S.A.;Diretoria Estatutária;2025;225619847.41;168434249.72;-57185597.69;-25.345996084325602;13.0;13.0;0.0;0.0;2025;2026;realizado;17355372.87769231;12956480.747692307;-25.345996084325606;Consumo;Ambev
07.526.557/0001-00;AMBEV S.A.;Conselho de Administração;2025;23928712.0;17021692.82;-6907019.18;-28.864985211071954;13.0;12.92;-0.08000000000000007;-0.615384615384616;2025;2026;realizado;1840670.1538461538;1317468.4845201238;-28.42452072321481;Consumo;Ambev
07.526.557/0001-00;AMBEV S.A.;Conselho Fiscal;2025;2455546.0;2315512.42;-140033.58000000007;-5.702747169061385;6.0;6.0;0.0;0.0;2025;2026;realizado;409257.6666666667;385918.73666666663;-5.702747169061395;Consumo;Ambev
07.526.557/0001-00;AMBEV S.A.;Diretoria Estatutária;2026;144674186.0;;;;8.92;;;;2026;;so previsao;16219079.147982063;;;Consumo;Ambev
07.526.557/0001-00;AMBEV S.A.;Conselho de Administração;2026;17502545.0;;;;11.33;;;;2026;;so previsao;1544796.557811121;;;Consumo;Ambev
07.526.557/0001-00;AMBEV S.A.;Conselho Fiscal;2026;2471314.0;;;;6.0;;;;2026;;so previsao;411885.6666666667;;;Consumo;Ambev
28.594.234/0001-23;AUREN ENERGIA S.A.;Diretoria Estatutária;2018;;0.0;;;;2.42;;;;2021;so realizado;;0.0;;Utilities;Auren
28.594.234/0001-23;AUREN ENERGIA S.A.;Conselho de Administração;2018;;0.0;;;;2.67;;;;2021;so realizado;;0.0;;Utilities;Auren
28.594.234/0001-23;AUREN ENERGIA S.A.;Conselho Fiscal;2018;;0.0;;;;0.0;;;;2021;so realizado;;;;Utilities;Auren
28.594.234/0001-23;AUREN ENERGIA S.A.;Diretoria Estatutária;2019;;1209876.49;;;;2.08;;;;2022;so realizado;;581671.3894230769;;Utilities;Auren
28.594.234/0001-23;AUREN ENERGIA S.A.;Conselho de Administração;2019;;0.0;;;;4.08;;;;2022;so realizado;;0.0;;Utilities;Auren
28.594.234/0001-23;AUREN ENERGIA S.A.;Conselho Fiscal;2019;;0.0;;;;0.0;;;;2022;so realizado;;;;Utilities;Auren
28.594.234/0001-23;AUREN ENERGIA S.A.;Diretoria Estatutária;2020;;2124402.84;;;;2.0;;;;2023;so realizado;;1062201.42;;Utilities;Auren
28.594.234/0001-23;AUREN ENERGIA S.A.;Conselho de Administração;2020;;0.0;;;;4.0;;;;2023;so realizado;;0.0;;Utilities;Auren
28.594.234/0001-23;AUREN ENERGIA S.A.;Conselho Fiscal;2020;;0.0;;;;0.0;;;;2023;so realizado;;;;Utilities;Auren
28.594.234/0001-23;AUREN ENERGIA S.A.;Diretoria Estatutária;2021;1571792.58;1661297.33;89504.75;5.694437748268286;2.17;2.17;0.0;0.0;2021;2024;realizado;724328.3778801844;765574.806451613;5.694437748268277;Utilities;Auren
28.594.234/0001-23;AUREN ENERGIA S.A.;Conselho de Administração;2021;0.0;0.0;0.0;;4.0;4.0;0.0;0.0;2021;2024;realizado;0.0;0.0;;Utilities;Auren
28.594.234/0001-23;AUREN ENERGIA S.A.;Conselho Fiscal;2021;0.0;;;;0.0;;;;2021;;so previsao;;;;Utilities;Auren
28.594.234/0001-23;AUREN ENERGIA S.A.;Diretoria Estatutária;2022;16565479.29;15883516.99;-681962.2999999989;-4.11676769540665;3.84;3.75;-0.08999999999999986;-2.3437499999999964;2022;2025;realizado;4313926.8984375;4235604.530666667;-1.8155701200964103;Utilities;Auren
28.594.234/0001-23;AUREN ENERGIA S.A.;Conselho de Administração;2022;3085000.0;1890000.0;-1195000.0;-38.73581847649919;6.5;6.25;-0.25;-3.8461538461538463;2022;2025;realizado;474615.3846153846;302400.0;-36.28525121555916;Utilities;Auren
28.594.234/0001-23;AUREN ENERGIA S.A.;Diretoria Estatutária;2023;30866397.25;28481237.13;-2385160.120000001;-7.727368052324284;4.0;4.0;0.0;0.0;2023;2026;realizado;7716599.3125;7120309.2825;-7.727368052324279;Utilities;Auren
28.594.234/0001-23;AUREN ENERGIA S.A.;Conselho de Administração;2023;2520000.0;2420000.0;-100000.0;-3.9682539682539684;7.0;6.83;-0.16999999999999993;-2.4285714285714275;2023;2026;realizado;360000.0;354319.18008784775;-1.5780055311534036;Utilities;Auren
28.594.234/0001-23;AUREN ENERGIA S.A.;Diretoria Estatutária;2024;32082651.35;24351353.18;-7731298.170000002;-24.098064981153755;3.75;3.67;-0.08000000000000007;-2.133333333333335;2024;2026;realizado;8555373.693333333;6635246.098092644;-22.443526888099875;Utilities;Auren
28.594.234/0001-23;AUREN ENERGIA S.A.;Conselho de Administração;2024;4785600.0;3600800.0;-1184800.0;-24.7576061517887;8.0;7.67;-0.33000000000000007;-4.125000000000001;2024;2026;realizado;598200.0;469465.44980443286;-21.52031932389955;Utilities;Auren
28.594.234/0001-23;AUREN ENERGIA S.A.;Diretoria Estatutária;2025;38404397.16;27800767.19;-10603629.969999995;-27.610458057246056;5.0;5.0;0.0;0.0;2025;2026;realizado;7680879.431999999;5560153.438;-27.610458057246056;Utilities;Auren
28.594.234/0001-23;AUREN ENERGIA S.A.;Conselho de Administração;2025;4141200.0;4141200.0;0.0;0.0;8.0;8.0;0.0;0.0;2025;2026;realizado;517650.0;517650.0;0.0;Utilities;Auren
28.594.234/0001-23;AUREN ENERGIA S.A.;Diretoria Estatutária;2026;42950656.02;;;;5.0;;;;2026;;so previsao;8590131.204;;;Utilities;Auren
28.594.234/0001-23;AUREN ENERGIA S.A.;Conselho de Administração;2026;4555320.0;;;;8.0;;;;2026;;so previsao;569415.0;;;Utilities;Auren
00.001.180/0001-26;AXIA ENERGIA S.A.;Diretoria Estatutária;2019;;5707520.05;;;;5.67;;;;2022;so realizado;;1006617.2927689594;;Utilities;Eletrobras
00.001.180/0001-26;AXIA ENERGIA S.A.;Conselho de Administração;2019;;597351.44;;;;10.92;;;;2022;so realizado;;54702.51282051281;;Utilities;Eletrobras
00.001.180/0001-26;AXIA ENERGIA S.A.;Conselho Fiscal;2019;;358410.82;;;;4.75;;;;2022;so realizado;;75454.90947368421;;Utilities;Eletrobras
00.001.180/0001-26;AXIA ENERGIA S.A.;Diretoria Estatutária;2020;;6310871.99;;;;6.0;;;;2023;so realizado;;1051811.9983333333;;Utilities;Eletrobras
00.001.180/0001-26;AXIA ENERGIA S.A.;Conselho de Administração;2020;;582336.02;;;;11.0;;;;2023;so realizado;;52939.63818181818;;Utilities;Eletrobras
00.001.180/0001-26;AXIA ENERGIA S.A.;Conselho Fiscal;2020;;327690.95;;;;4.42;;;;2023;so realizado;;74138.22398190046;;Utilities;Eletrobras
00.001.180/0001-26;AXIA ENERGIA S.A.;Diretoria Estatutária;2021;;6044889.44;;;;5.83;;;;2024;so realizado;;1036859.2521440823;;Utilities;Eletrobras
00.001.180/0001-26;AXIA ENERGIA S.A.;Conselho de Administração;2021;;489995.11;;;;10.25;;;;2024;so realizado;;47804.40097560975;;Utilities;Eletrobras
00.001.180/0001-26;AXIA ENERGIA S.A.;Conselho Fiscal;2021;;326421.6;;;;5.0;;;;2024;so realizado;;65284.31999999999;;Utilities;Eletrobras
00.001.180/0001-26;AXIA ENERGIA S.A.;Diretoria Estatutária;2022;12247046.33;8084998.44;-4162047.8899999997;-33.98409524919303;6.75;6.33;-0.41999999999999993;-6.222222222222221;2022;2025;realizado;1814377.234074074;1277250.9383886256;-29.603893038239015;Utilities;Eletrobras
00.001.180/0001-26;AXIA ENERGIA S.A.;Conselho de Administração;2022;519191.93;459824.38;-59367.54999999999;-11.434605695816572;10.92;9.58;-1.3399999999999999;-12.271062271062272;2022;2025;realizado;47545.04853479854;47998.36951983299;0.9534557204261995;Utilities;Eletrobras
00.001.180/0001-26;AXIA ENERGIA S.A.;Conselho Fiscal;2022;326421.75;376226.1;49804.34999999998;15.257668951287707;5.0;4.92;-0.08000000000000007;-1.6000000000000014;2022;2025;realizado;65284.35;76468.71951219512;17.131777389520032;Utilities;Eletrobras
00.001.180/0001-26;AXIA ENERGIA S.A.;Diretoria Estatutária;2023;64724548.21;79598409.85;14873861.639999993;22.980247914193967;10.75;9.83;-0.9199999999999999;-8.55813953488372;2023;2026;realizado;6020888.205581396;8097498.458799592;34.490098176763475;Utilities;Eletrobras
00.001.180/0001-26;AXIA ENERGIA S.A.;Conselho de Administração;2023;20689370.37;12035712.26;-8653658.110000001;-41.8265899601661;9.0;9.0;0.0;0.0;2023;2026;realizado;2298818.93;1337301.3622222221;-41.8265899601661;Utilities;Eletrobras
00.001.180/0001-26;AXIA ENERGIA S.A.;Conselho Fiscal;2023;739262.5;715045.43;-24217.06999999995;-3.2758418017957016;5.0;5.0;0.0;0.0;2023;2026;realizado;147852.5;143009.086;-3.275841801795698;Utilities;Eletrobras
00.001.180/0001-26;AXIA ENERGIA S.A.;Diretoria Estatutária;2024;67097036.21;61057051.59;-6039984.619999997;-9.001865002048795;12.0;11.75;-0.25;-2.0833333333333335;2024;2026;realizado;5591419.684166667;5196344.816170213;-7.065734470177498;Utilities;Eletrobras
00.001.180/0001-26;AXIA ENERGIA S.A.;Conselho de Administração;2024;13219728.12;11341724.13;-1878003.9899999984;-14.206071206251089;9.0;9.0;0.0;0.0;2024;2026;realizado;1468858.68;1260191.57;-14.206071206251092;Utilities;Eletrobras
00.001.180/0001-26;AXIA ENERGIA S.A.;Conselho Fiscal;2024;757500.0;654028.78;-103471.21999999997;-13.659566996699665;5.0;4.33;-0.6699999999999999;-13.4;2024;2026;realizado;151500.0;151045.9076212471;-0.29973094307120807;Utilities;Eletrobras
00.001.180/0001-26;AXIA ENERGIA S.A.;Diretoria Estatutária;2025;67722708.0;65756888.93;-1965819.0700000003;-2.902747288250789;12.0;11.0;-1.0;-8.333333333333334;2025;2026;realizado;5643559.0;5977898.993636363;5.924275685544589;Utilities;Eletrobras
00.001.180/0001-26;AXIA ENERGIA S.A.;Conselho de Administração;2025;14203141.0;9517833.34;-4685307.66;-32.987827551666214;10.0;9.67;-0.33000000000000007;-3.3000000000000007;2025;2026;realizado;1420314.1;984264.0475698035;-30.700959205445933;Utilities;Eletrobras
00.001.180/0001-26;AXIA ENERGIA S.A.;Conselho Fiscal;2025;794087.0;733254.27;-60832.72999999998;-7.660713498646872;5.0;4.75;-0.25;-5.0;2025;2026;realizado;158817.4;154369.32;-2.8007510512072287;Utilities;Eletrobras
00.001.180/0001-26;AXIA ENERGIA S.A.;Diretoria Estatutária;2026;77230887.48;;;;11.0;;;;2026;;so previsao;7020989.770909091;;;Utilities;Eletrobras
00.001.180/0001-26;AXIA ENERGIA S.A.;Conselho de Administração;2026;14092496.85;;;;10.0;;;;2026;;so previsao;1409249.685;;;Utilities;Eletrobras
00.001.180/0001-26;AXIA ENERGIA S.A.;Conselho Fiscal;2026;858723.27;;;;5.0;;;;2026;;so previsao;171744.654;;;Utilities;Eletrobras
16.590.234/0001-76;AZZAS 2154 S.A.;Diretoria Estatutária;2009;;2580582.0;;;;3.0;;;;2012;so realizado;;860194.0;;Retail;Azzas
16.590.234/0001-76;AZZAS 2154 S.A.;Conselho de Administração;2009;;19200.0;;;;6.0;;;;2012;so realizado;;3200.0;;Retail;Azzas
16.590.234/0001-76;AZZAS 2154 S.A.;Diretoria Estatutária;2010;2464800.0;2591734.0;126934.0;5.14987017202207;3.0;3.0;0.0;0.0;2010;2013;realizado;821600.0;863911.3333333334;5.149870172022086;Retail;Azzas
16.590.234/0001-76;AZZAS 2154 S.A.;Conselho de Administração;2010;19200.0;19200.0;0.0;0.0;6.0;7.0;1.0;16.666666666666668;2010;2013;realizado;3200.0;2742.8571428571427;-14.28571428571429;Retail;Azzas
16.590.234/0001-76;AZZAS 2154 S.A.;Diretoria Estatutária;2011;3030938.0;2778229.0;-252709.0;-8.337649928833912;3.0;3.0;0.0;0.0;2011;2014;realizado;1010312.6666666666;926076.3333333334;-8.337649928833901;Retail;Azzas
16.590.234/0001-76;AZZAS 2154 S.A.;Conselho de Administração;2011;326400.0;329840.0;3440.0;1.053921568627451;5.67;8.0;2.33;41.09347442680776;2011;2014;realizado;57566.137566137564;41230.0;-28.378033088235288;Retail;Azzas
16.590.234/0001-76;AZZAS 2154 S.A.;Diretoria Estatutária;2012;2814096.0;2947604.0;133508.0;4.7442589023260044;3.0;3.0;0.0;0.0;2012;2015;realizado;938032.0;982534.6666666666;4.744258902325993;Retail;Azzas
16.590.234/0001-76;AZZAS 2154 S.A.;Conselho de Administração;2012;720000.0;480000.0;-240000.0;-33.333333333333336;8.0;8.0;0.0;0.0;2012;2015;realizado;90000.0;60000.0;-33.333333333333336;Retail;Azzas
16.590.234/0001-76;AZZAS 2154 S.A.;Diretoria Estatutária;2013;3731320.0;3369798.0;-361522.0;-9.688850058424364;4.0;3.33;-0.6699999999999999;-16.75;2013;2016;realizado;932830.0;1011951.3513513514;8.481861791682444;Retail;Azzas
16.590.234/0001-76;AZZAS 2154 S.A.;Conselho de Administração;2013;1120000.0;1296000.0;176000.0;15.714285714285714;10.0;7.5;-2.5;-25.0;2013;2016;realizado;112000.0;172800.0;54.28571428571429;Retail;Azzas
16.590.234/0001-76;AZZAS 2154 S.A.;Diretoria Estatutária;2014;4889679.0;4037279.0;-852400.0;-17.432637193566286;4.0;4.0;0.0;0.0;2014;2017;realizado;1222419.75;1009319.75;-17.43263719356628;Retail;Azzas
16.590.234/0001-76;AZZAS 2154 S.A.;Conselho de Administração;2014;1680000.0;2064000.0;384000.0;22.857142857142858;10.0;10.0;0.0;0.0;2014;2017;realizado;168000.0;206400.0;22.857142857142865;Retail;Azzas
16.590.234/0001-76;AZZAS 2154 S.A.;Diretoria Estatutária;2015;6655548.0;5996936.0;-658612.0;-9.895684021811578;4.0;4.0;0.0;0.0;2015;2018;realizado;1663887.0;1499234.0;-9.89568402181158;Retail;Azzas
16.590.234/0001-76;AZZAS 2154 S.A.;Conselho de Administração;2015;1680000.0;2016000.0;336000.0;20.0;10.0;10.0;0.0;0.0;2015;2018;realizado;168000.0;201600.0;19.999999999999996;Retail;Azzas
16.590.234/0001-76;AZZAS 2154 S.A.;Diretoria Estatutária;2016;9132249.0;8086673.08;-1045575.9199999999;-11.449270820364184;4.0;3.58;-0.41999999999999993;-10.499999999999998;2016;2019;realizado;2283062.25;2258847.229050279;-1.0606377881164142;Retail;Azzas
16.590.234/0001-76;AZZAS 2154 S.A.;Conselho de Administração;2016;1836000.0;2057562.48;221562.47999999998;12.06767320261438;10.0;10.0;0.0;0.0;2016;2019;realizado;183600.0;205756.248;12.06767320261437;Retail;Azzas
16.590.234/0001-76;AZZAS 2154 S.A.;Conselho Fiscal;2016;;0.0;;;;0.0;;;;2017;so realizado;;;;Retail;Azzas
16.590.234/0001-76;AZZAS 2154 S.A.;Diretoria Estatutária;2017;10406423.62;10150011.64;-256411.97999999858;-2.4639779175162833;3.0;3.0;0.0;0.0;2017;2019;realizado;3468807.873333333;3383337.2133333334;-2.4639779175162912;Retail;Azzas
16.590.234/0001-76;AZZAS 2154 S.A.;Conselho de Administração;2017;2269948.56;2222141.23;-47807.330000000075;-2.1060975055751956;8.0;8.0;0.0;0.0;2017;2019;realizado;283743.57;277767.65375;-2.1060975055751996;Retail;Azzas
16.590.234/0001-76;AZZAS 2154 S.A.;Conselho Fiscal;2017;0.0;;;;0.0;;;;2017;;so previsao;;;;Retail;Azzas
16.590.234/0001-76;AZZAS 2154 S.A.;Diretoria Estatutária;2018;16481189.29;13387354.57;-3093834.719999999;-18.77191424454539;3.58;3.5;-0.08000000000000007;-2.234636871508382;2018;2021;realizado;4603684.159217876;3824958.4485714287;-16.915272284420702;Retail;Azzas
16.590.234/0001-76;AZZAS 2154 S.A.;Conselho de Administração;2018;2980656.0;2651088.0;-329568.0;-11.056894858044672;7.0;7.0;0.0;0.0;2018;2021;realizado;425808.0;378726.85714285716;-11.056894858044664;Retail;Azzas
16.590.234/0001-76;AZZAS 2154 S.A.;Conselho Fiscal;2018;371835.18;302776.33;-69058.84999999998;-18.572435776517967;3.0;2.0;-1.0;-33.333333333333336;2018;2021;realizado;123945.06;151388.165;22.141346335223044;Retail;Azzas
16.590.234/0001-76;AZZAS 2154 S.A.;Diretoria Estatutária;2019;14374631.76;13917588.7;-457043.0600000005;-3.1795114311853547;3.33;3.33;0.0;0.0;2019;2022;realizado;4316706.234234234;4179456.066066066;-3.1795114311853556;Retail;Azzas
16.590.234/0001-76;AZZAS 2154 S.A.;Conselho de Administração;2019;3388380.86;3052046.24;-336334.61999999965;-9.926116156847836;7.0;7.0;0.0;0.0;2019;2022;realizado;484054.40857142856;436006.60571428575;-9.926116156847842;Retail;Azzas
16.590.234/0001-76;AZZAS 2154 S.A.;Conselho Fiscal;2019;535265.28;476364.8;-58900.48000000004;-11.003979185797373;3.0;3.0;0.0;0.0;2019;2022;realizado;178421.76;158788.26666666666;-11.003979185797375;Retail;Azzas
16.590.234/0001-76;AZZAS 2154 S.A.;Diretoria Estatutária;2020;13917591.72;14017166.9;99575.1799999997;0.715462717999603;3.0;3.0;0.0;0.0;2020;2023;realizado;4639197.24;4672388.966666667;0.7154627179996043;Retail;Azzas
16.590.234/0001-76;AZZAS 2154 S.A.;Conselho de Administração;2020;3052043.22;2854057.36;-197985.86000000034;-6.486993981690742;7.0;7.0;0.0;0.0;2020;2023;realizado;436006.17428571434;407722.48;-6.486993981690747;Retail;Azzas
16.590.234/0001-76;AZZAS 2154 S.A.;Conselho Fiscal;2020;486539.27;486539.27;0.0;0.0;3.0;3.0;0.0;0.0;2020;2023;realizado;162179.75666666668;162179.75666666668;0.0;Retail;Azzas
16.590.234/0001-76;AZZAS 2154 S.A.;Diretoria Estatutária;2021;14900114.72;14811990.88;-88123.83999999985;-0.591430614166438;2.75;2.75;0.0;0.0;2021;2024;realizado;5418223.534545455;5386178.501818182;-0.5914306141664438;Retail;Azzas
16.590.234/0001-76;AZZAS 2154 S.A.;Conselho de Administração;2021;2695431.48;2671557.6;-23873.87999999989;-0.8857164493752921;7.0;7.0;0.0;0.0;2021;2024;realizado;385061.64;381651.0857142857;-0.8857164493752956;Retail;Azzas
16.590.234/0001-76;AZZAS 2154 S.A.;Conselho Fiscal;2021;478430.06;455647.68;-22782.380000000005;-4.761903965649651;3.0;3.0;0.0;0.0;2021;2024;realizado;159476.68666666668;151882.56;-4.761903965649661;Retail;Azzas
16.590.234/0001-76;AZZAS 2154 S.A.;Diretoria Estatutária;2022;25231128.37;21381186.78;-3849941.59;-15.258697643414193;2.75;2.75;0.0;0.0;2022;2025;realizado;9174955.770909091;7774977.010909092;-15.258697643414187;Retail;Azzas
16.590.234/0001-76;AZZAS 2154 S.A.;Conselho de Administração;2022;2970164.03;2934483.2;-35680.82999999961;-1.2013084004656676;7.0;7.0;0.0;0.0;2022;2025;realizado;424309.14714285714;419211.8857142857;-1.2013084004656838;Retail;Azzas
16.590.234/0001-76;AZZAS 2154 S.A.;Conselho Fiscal;2022;643683.44;528799.84;-114883.59999999998;-17.84784147934581;3.0;3.0;0.0;0.0;2022;2025;realizado;214561.14666666664;176266.6133333333;-17.847841479345806;Retail;Azzas
16.590.234/0001-76;AZZAS 2154 S.A.;Diretoria Estatutária;2023;27743535.6;15775644.17;-11967891.430000002;-43.13758564355439;3.0;3.0;0.0;0.0;2023;2026;realizado;9247845.200000001;5258548.056666667;-43.13758564355439;Retail;Azzas
16.590.234/0001-76;AZZAS 2154 S.A.;Conselho de Administração;2023;3383450.4;3569781.75;186331.3500000001;5.507139989402536;7.0;7.67;0.6699999999999999;9.571428571428571;2023;2026;realizado;483350.0571428571;465421.3494132986;-3.709259462083725;Retail;Azzas
16.590.234/0001-76;AZZAS 2154 S.A.;Conselho Fiscal;2023;759233.6;580020.0;-179213.59999999998;-23.604540157337606;3.0;3.0;0.0;0.0;2023;2026;realizado;253077.86666666667;193340.0;-23.604540157337606;Retail;Azzas
16.590.234/0001-76;AZZAS 2154 S.A.;Diretoria Estatutária;2024;50867286.45;29203323.97;-21663962.480000004;-42.589184507206994;3.42;3.42;0.0;0.0;2024;2026;realizado;14873475.57017544;8538983.616959063;-42.589184507207;Retail;Azzas
16.590.234/0001-76;AZZAS 2154 S.A.;Conselho de Administração;2024;4815072.49;4955812.65;140740.16000000015;2.9229084357980275;8.75;8.75;0.0;0.0;2024;2026;realizado;550293.9988571429;566378.5885714287;2.922908435798033;Retail;Azzas
16.590.234/0001-76;AZZAS 2154 S.A.;Conselho Fiscal;2024;817700.0;770200.0;-47500.0;-5.8089763972116915;3.0;3.0;0.0;0.0;2024;2026;realizado;272566.6666666667;256733.33333333334;-5.808976397211696;Retail;Azzas
16.590.234/0001-76;AZZAS 2154 S.A.;Diretoria Estatutária;2025;42208524.52;31326203.58;-10882320.940000005;-25.78228228481085;4.83;5.0;0.16999999999999993;3.51966873706004;2025;2026;realizado;8738824.952380953;6265240.716;-28.305684687127275;Retail;Azzas
16.590.234/0001-76;AZZAS 2154 S.A.;Conselho de Administração;2025;6503231.0;12084406.53;5581175.529999999;85.82157899665565;9.83;8.0;-1.83;-18.61648016276704;2025;2026;realizado;661569.7863682604;1510550.81625;128.32826519214063;Retail;Azzas
16.590.234/0001-76;AZZAS 2154 S.A.;Conselho Fiscal;2025;0.0;416000.0;416000.0;;0.0;1.25;1.25;;2025;2026;realizado;;332800.0;;Retail;Azzas
16.590.234/0001-76;AZZAS 2154 S.A.;Diretoria Estatutária;2026;47329007.79;;;;4.92;;;;2026;;so previsao;9619717.030487806;;;Retail;Azzas
16.590.234/0001-76;AZZAS 2154 S.A.;Conselho de Administração;2026;11730601.45;;;;8.33;;;;2026;;so previsao;1408235.4681872749;;;Retail;Azzas
60.746.948/0001-12;BCO BRADESCO S.A.;Diretoria Estatutária;2009;;193948441.12;;;;65.92;;;;2012;so realizado;;2942179.0218446604;;Financials;Bradesco
60.746.948/0001-12;BCO BRADESCO S.A.;Conselho de Administração;2009;;42053299.88;;;;6.67;;;;2012;so realizado;;6304842.560719641;;Financials;Bradesco
60.746.948/0001-12;BCO BRADESCO S.A.;Conselho Fiscal;2009;;529200.0;;;;3.0;;;;2012;so realizado;;176400.0;;Financials;Bradesco
60.746.948/0001-12;BCO BRADESCO S.A.;Diretoria Estatutária;2010;138000000.0;307049425.63;169049425.63;122.49958378985507;82.0;82.08;0.0799999999999983;0.09756097560975402;2010;2013;realizado;1682926.8292682928;3740855.57541423;122.28272259707742;Financials;Bradesco
60.746.948/0001-12;BCO BRADESCO S.A.;Conselho de Administração;2010;32000000.0;71200000.0;39200000.0;122.5;7.0;6.75;-0.25;-3.5714285714285716;2010;2013;realizado;4571428.571428572;10548148.148148147;130.7407407407407;Financials;Bradesco
60.746.948/0001-12;BCO BRADESCO S.A.;Conselho Fiscal;2010;432000.0;529200.0;97200.0;22.5;3.0;3.0;0.0;0.0;2010;2013;realizado;144000.0;176400.0;22.500000000000007;Financials;Bradesco
60.746.948/0001-12;BCO BRADESCO S.A.;Diretoria Estatutária;2011;400000000.0;451807534.54;51807534.54000002;12.951883635000005;83.0;87.75;4.75;5.72289156626506;2011;2014;realizado;4819277.108433735;5148803.8124216525;6.837679107749306;Financials;Bradesco
60.746.948/0001-12;BCO BRADESCO S.A.;Conselho de Administração;2011;100000000.0;104442465.46;4442465.459999993;4.442465459999993;7.0;6.83;-0.16999999999999993;-2.4285714285714275;2011;2014;realizado;14285714.285714285;15291722.614934113;7.04205830453879;Financials;Bradesco
60.746.948/0001-12;BCO BRADESCO S.A.;Conselho Fiscal;2011;432000.0;529200.0;97200.0;22.5;3.0;3.0;0.0;0.0;2011;2014;realizado;144000.0;176400.0;22.500000000000007;Financials;Bradesco
60.746.948/0001-12;BCO BRADESCO S.A.;Diretoria Estatutária;2012;408000000.0;454346736.0;46346736.0;11.359494117647058;92.0;90.75;-1.25;-1.358695652173913;2012;2015;realizado;4434782.608695652;5006575.603305785;12.893371447091218;Financials;Bradesco
60.746.948/0001-12;BCO BRADESCO S.A.;Conselho de Administração;2012;92000000.0;101903264.0;9903264.0;10.764417391304347;7.0;7.0;0.0;0.0;2012;2015;realizado;13142857.142857144;14557609.142857144;10.764417391304338;Financials;Bradesco
60.746.948/0001-12;BCO BRADESCO S.A.;Conselho Fiscal;2012;432000.0;529200.0;97200.0;22.5;3.0;3.0;0.0;0.0;2012;2015;realizado;144000.0;176400.0;22.500000000000007;Financials;Bradesco
60.746.948/0001-12;BCO BRADESCO S.A.;Diretoria Estatutária;2013;408000000.0;453527264.66;45527264.660000026;11.158643299019614;89.0;88.83;-0.1700000000000017;-0.1910112359550581;2013;2016;realizado;4584269.662921349;5105564.163683441;11.371375139173079;Financials;Bradesco
60.746.948/0001-12;BCO BRADESCO S.A.;Conselho de Administração;2013;92000000.0;102722735.34;10722735.340000004;11.655147108695656;7.0;8.0;1.0;14.285714285714286;2013;2016;realizado;13142857.142857144;12840341.9175;-2.3017462798913035;Financials;Bradesco
60.746.948/0001-12;BCO BRADESCO S.A.;Conselho Fiscal;2013;432000.0;529200.0;97200.0;22.5;3.0;3.0;0.0;0.0;2013;2016;realizado;144000.0;176400.0;22.500000000000007;Financials;Bradesco
60.746.948/0001-12;BCO BRADESCO S.A.;Diretoria Estatutária;2014;448000000.0;441919283.77;-6080716.230000019;-1.3573027299107185;88.0;88.42;0.4200000000000017;0.47727272727272924;2014;2017;realizado;5090909.090909091;4997956.1611626325;-1.8258611200197117;Financials;Bradesco
60.746.948/0001-12;BCO BRADESCO S.A.;Conselho de Administração;2014;52000000.0;58304077.78;6304077.780000001;12.123226500000003;8.0;8.83;0.8300000000000001;10.375;2014;2017;realizado;6500000.0;6602953.31596829;1.5838971687429204;Financials;Bradesco
60.746.948/0001-12;BCO BRADESCO S.A.;Conselho Fiscal;2014;432000.0;823200.0;391200.0;90.55555555555556;3.0;4.67;1.67;55.666666666666664;2014;2017;realizado;144000.0;176274.0899357602;22.41256245538903;Financials;Bradesco
60.746.948/0001-12;BCO BRADESCO S.A.;Diretoria Estatutária;2015;444000000.0;428078553.26;-15921446.74000001;-3.5859114279279303;89.0;85.83;-3.1700000000000017;-3.5617977528089906;2015;2018;realizado;4988764.044943821;4987516.640568566;-0.025004276891371635;Financials;Bradesco
60.746.948/0001-12;BCO BRADESCO S.A.;Conselho de Administração;2015;56000000.0;55828169.41;-171830.59000000358;-0.3068403392857207;9.0;9.58;0.5800000000000001;6.4444444444444455;2015;2018;realizado;6222222.222222222;5827575.0949895615;-6.342543116239185;Financials;Bradesco
60.746.948/0001-12;BCO BRADESCO S.A.;Conselho Fiscal;2015;720000.0;882000.0;162000.0;22.5;5.0;5.0;0.0;0.0;2015;2018;realizado;144000.0;176400.0;22.500000000000007;Financials;Bradesco
60.746.948/0001-12;BCO BRADESCO S.A.;Diretoria Estatutária;2016;446000000.0;508516815.0;62516815.0;14.017223094170404;83.0;86.0;3.0;3.6144578313253013;2016;2019;realizado;5373493.975903614;5912986.220930233;10.039878102513299;Financials;Bradesco
60.746.948/0001-12;BCO BRADESCO S.A.;Conselho de Administração;2016;54000000.0;60848685.0;6848685.0;12.68275;8.0;8.0;0.0;0.0;2016;2019;realizado;6750000.0;7606085.625;12.68275000000001;Financials;Bradesco
60.746.948/0001-12;BCO BRADESCO S.A.;Conselho Fiscal;2016;1080000.0;1323000.0;243000.0;22.5;5.0;5.0;0.0;0.0;2016;2019;realizado;216000.0;264600.0;22.500000000000007;Financials;Bradesco
60.746.948/0001-12;BCO BRADESCO S.A.;Diretoria Estatutária;2017;627300000.0;675835456.25;48535456.25;7.737200103618683;96.0;88.0;-8.0;-8.333333333333334;2017;2020;realizado;6534375.0;7679948.3664772725;17.531491022129476;Financials;Bradesco
60.746.948/0001-12;BCO BRADESCO S.A.;Conselho de Administração;2017;52700000.0;79539543.75;26839543.75;50.92892552182163;8.0;7.75;-0.25;-3.125;2017;2020;realizado;6587500.0;10263166.935483871;55.79760053865459;Financials;Bradesco
60.746.948/0001-12;BCO BRADESCO S.A.;Conselho Fiscal;2017;1080000.0;1323000.0;243000.0;22.5;5.0;5.0;0.0;0.0;2017;2020;realizado;216000.0;264600.0;22.500000000000007;Financials;Bradesco
60.746.948/0001-12;BCO BRADESCO S.A.;Diretoria Estatutária;2018;670825000.0;588890526.46;-81934473.53999996;-12.213986291506721;90.0;91.92;1.9200000000000017;2.133333333333335;2018;2021;realizado;7453611.111111111;6406554.90056571;-14.047636708394307;Financials;Bradesco
60.746.948/0001-12;BCO BRADESCO S.A.;Conselho de Administração;2018;84550000.0;89517750.0;4967750.0;5.87551744529864;9.0;7.67;-1.33;-14.777777777777779;2018;2021;realizado;9394444.444444444;11671153.846153846;24.234635854978848;Financials;Bradesco
60.746.948/0001-12;BCO BRADESCO S.A.;Conselho Fiscal;2018;1323000.0;1080000.0;-243000.0;-18.367346938775512;5.0;5.0;0.0;0.0;2018;2021;realizado;264600.0;216000.0;-18.36734693877551;Financials;Bradesco
60.746.948/0001-12;BCO BRADESCO S.A.;Diretoria Estatutária;2019;786778190.0;692140347.35;-94637842.64999998;-12.028528987312164;94.0;94.08;0.0799999999999983;0.08510638297872158;2019;2022;realizado;8369980.744680851;7356933.964179422;-12.103334659942;Financials;Bradesco
60.746.948/0001-12;BCO BRADESCO S.A.;Conselho de Administração;2019;208221810.0;186778020.0;-21443790.0;-10.298532127830413;8.0;7.83;-0.16999999999999993;-2.124999999999999;2019;2022;realizado;26027726.25;23854153.256704982;-8.350990679775638;Financials;Bradesco
60.746.948/0001-12;BCO BRADESCO S.A.;Conselho Fiscal;2019;1323000.0;1080000.0;-243000.0;-18.367346938775512;5.0;5.0;0.0;0.0;2019;2022;realizado;264600.0;216000.0;-18.36734693877551;Financials;Bradesco
60.746.948/0001-12;BCO BRADESCO S.A.;Diretoria Estatutária;2020;904022180.0;615596830.0;-288425350.0;-31.904676276858606;94.0;90.25;-3.75;-3.9893617021276597;2020;2023;realizado;9617257.234042553;6821017.506925208;-29.075230692794563;Financials;Bradesco
60.746.948/0001-12;BCO BRADESCO S.A.;Conselho de Administração;2020;90977820.0;56393986.67;-34583833.33;-38.01347771357898;10.0;9.67;-0.33000000000000007;-3.3000000000000007;2020;2023;realizado;9097782.0;5831849.707342296;-35.89811552593483;Financials;Bradesco
60.746.948/0001-12;BCO BRADESCO S.A.;Conselho Fiscal;2020;1323000.0;1080000.0;-243000.0;-18.367346938775512;5.0;5.0;0.0;0.0;2020;2023;realizado;264600.0;216000.0;-18.36734693877551;Financials;Bradesco
60.746.948/0001-12;BCO BRADESCO S.A.;Diretoria Estatutária;2021;818051847.35;818264207.35;212360.0;0.025959234819641287;88.0;88.17;0.1700000000000017;0.19318181818182012;2021;2024;realizado;9296043.719886364;9280528.607803108;-0.1669001625935307;Financials;Bradesco
60.746.948/0001-12;BCO BRADESCO S.A.;Conselho de Administração;2021;60866520.0;60654160.0;-212360.0;-0.3488945975554377;10.0;9.5;-0.5;-5.0;2021;2024;realizado;6086652.0;6384648.421052632;4.895900423625865;Financials;Bradesco
60.746.948/0001-12;BCO BRADESCO S.A.;Conselho Fiscal;2021;1080000.0;1080000.0;0.0;0.0;5.0;5.0;0.0;0.0;2021;2024;realizado;216000.0;216000.0;0.0;Financials;Bradesco
60.746.948/0001-12;BCO BRADESCO S.A.;Diretoria Estatutária;2022;814541047.35;818202959.35;3661912.0;0.4495675217244778;95.0;90.0;-5.0;-5.2631578947368425;2022;2025;realizado;8574116.287894737;9091143.992777778;6.03009905070917;Financials;Bradesco
60.746.948/0001-12;BCO BRADESCO S.A.;Conselho de Administração;2022;64377320.0;60715408.0;-3661912.0;-5.688201994118425;11.0;10.83;-0.16999999999999993;-1.5454545454545447;2022;2025;realizado;5852483.636363637;5606224.192059095;-4.207776725328049;Financials;Bradesco
60.746.948/0001-12;BCO BRADESCO S.A.;Conselho Fiscal;2022;1500000.0;1381500.0;-118500.0;-7.9;10.0;8.58;-1.42;-14.2;2022;2025;realizado;150000.0;161013.98601398602;7.342657342657355;Financials;Bradesco
60.746.948/0001-12;BCO BRADESCO S.A.;Diretoria Estatutária;2023;732298224.0;732298224.0;0.0;0.0;95.0;88.75;-6.25;-6.578947368421052;2023;2026;realizado;7708402.357894737;8251247.5943661975;7.042253521126751;Financials;Bradesco
60.746.948/0001-12;BCO BRADESCO S.A.;Conselho de Administração;2023;60803584.0;60803584.0;0.0;0.0;11.0;11.0;0.0;0.0;2023;2026;realizado;5527598.545454546;5527598.545454546;0.0;Financials;Bradesco
60.746.948/0001-12;BCO BRADESCO S.A.;Conselho Fiscal;2023;1500000.0;1470000.0;-30000.0;-2.0;10.0;9.5;-0.5;-5.0;2023;2026;realizado;150000.0;154736.84210526315;3.157894736842093;Financials;Bradesco
60.746.948/0001-12;BCO BRADESCO S.A.;Diretoria Estatutária;2024;738452092.0;684268231.96;-54183860.03999996;-7.337491575553687;93.0;84.17;-8.829999999999998;-9.494623655913976;2024;2026;realizado;7940345.075268817;8129597.623381252;2.383429766823175;Financials;Bradesco
60.746.948/0001-12;BCO BRADESCO S.A.;Conselho de Administração;2024;54649716.0;54580812.0;-68904.0;-0.12608299739380163;11.0;11.0;0.0;0.0;2024;2026;realizado;4968156.0;4961892.0;-0.12608299739380602;Financials;Bradesco
60.746.948/0001-12;BCO BRADESCO S.A.;Conselho Fiscal;2024;1500000.0;1486666.66;-13333.340000000084;-0.888889333333339;10.0;9.83;-0.16999999999999993;-1.6999999999999993;2024;2026;realizado;150000.0;151237.70701932858;0.8251380128857067;Financials;Bradesco
60.746.948/0001-12;BCO BRADESCO S.A.;Diretoria Estatutária;2025;736330208.0;719456000.04;-16874207.96000004;-2.2916631392637417;95.0;92.5;-2.5;-2.6315789473684212;2025;2026;realizado;7750844.294736842;7777902.703135135;0.34910272183723556;Financials;Bradesco
60.746.948/0001-12;BCO BRADESCO S.A.;Conselho de Administração;2025;56771600.0;53103217.2;-3668382.799999997;-6.461651248159286;11.0;11.0;0.0;0.0;2025;2026;realizado;5161054.545454546;4827565.2;-6.461651248159295;Financials;Bradesco
60.746.948/0001-12;BCO BRADESCO S.A.;Conselho Fiscal;2025;2800000.0;2798200.0;-1800.0;-0.06428571428571428;10.0;10.0;0.0;0.0;2025;2026;realizado;280000.0;279820.0;-0.06428571428571672;Financials;Bradesco
60.746.948/0001-12;BCO BRADESCO S.A.;Diretoria Estatutária;2026;845448000.0;;;;97.0;;;;2026;;so previsao;8715958.762886599;;;Financials;Bradesco
60.746.948/0001-12;BCO BRADESCO S.A.;Conselho de Administração;2026;64552000.0;;;;11.0;;;;2026;;so previsao;5868363.636363637;;;Financials;Bradesco
60.746.948/0001-12;BCO BRADESCO S.A.;Conselho Fiscal;2026;3117500.0;;;;10.0;;;;2026;;so previsao;311750.0;;;Financials;Bradesco
00.000.000/0001-91;BCO BRASIL S.A.;Diretoria Estatutária;2007;;16539677.28;;;;31.5;;;;2010;so realizado;;525069.12;;Financials;Banco do Brasil
00.000.000/0001-91;BCO BRASIL S.A.;Conselho de Administração;2007;;149696.95;;;;5.5;;;;2010;so realizado;;27217.627272727274;;Financials;Banco do Brasil
00.000.000/0001-91;BCO BRASIL S.A.;Conselho Fiscal;2007;;136331.21;;;;5.0;;;;2010;so realizado;;27266.242;;Financials;Banco do Brasil
00.000.000/0001-91;BCO BRASIL S.A.;Diretoria Estatutária;2008;;20809941.54;;;;36.0;;;;2011;so realizado;;578053.9316666666;;Financials;Banco do Brasil
00.000.000/0001-91;BCO BRASIL S.A.;Conselho de Administração;2008;;203357.18;;;;5.92;;;;2011;so realizado;;34350.875;;Financials;Banco do Brasil
00.000.000/0001-91;BCO BRASIL S.A.;Conselho Fiscal;2008;;171394.94;;;;5.0;;;;2011;so realizado;;34278.988;;Financials;Banco do Brasil
00.000.000/0001-91;BCO BRASIL S.A.;Diretoria Estatutária;2009;;25378134.37;;;;35.83;;;;2012;so realizado;;708292.8933854313;;Financials;Banco do Brasil
00.000.000/0001-91;BCO BRASIL S.A.;Conselho de Administração;2009;;236680.67;;;;6.0;;;;2012;so realizado;;39446.778333333335;;Financials;Banco do Brasil
00.000.000/0001-91;BCO BRASIL S.A.;Conselho Fiscal;2009;;197233.89;;;;5.0;;;;2012;so realizado;;39446.778000000006;;Financials;Banco do Brasil
00.000.000/0001-91;BCO BRASIL S.A.;Diretoria Estatutária;2010;8827485.24;26189745.08;17362259.839999996;196.6840993551182;36.67;36.5;-0.1700000000000017;-0.46359421870739487;2010;2013;realizado;240727.71311698935;717527.2624657534;198.0659157082791;Financials;Banco do Brasil
00.000.000/0001-91;BCO BRASIL S.A.;Conselho de Administração;2010;60674.4;255444.3;194769.9;321.00836596653613;6.0;6.0;0.0;0.0;2010;2013;realizado;10112.4;42574.049999999996;321.00836596653613;Financials;Banco do Brasil
00.000.000/0001-91;BCO BRASIL S.A.;Conselho Fiscal;2010;50562.0;212870.25;162308.25;321.00836596653613;5.0;5.0;0.0;0.0;2010;2013;realizado;10112.4;42574.05;321.00836596653613;Financials;Banco do Brasil
00.000.000/0001-91;BCO BRASIL S.A.;Diretoria Estatutária;2011;36389417.12;29458369.75;-6931047.369999997;-19.04687658816778;37.0;36.0;-1.0;-2.7027027027027026;2011;2014;realizado;983497.7599999999;818288.0486111111;-16.798178715616885;Financials;Banco do Brasil
00.000.000/0001-91;BCO BRASIL S.A.;Conselho de Administração;2011;299059.15;287223.25;-11835.900000000023;-3.9577120445905174;6.0;6.0;0.0;0.0;2011;2014;realizado;49843.19166666667;47870.541666666664;-3.9577120445905223;Financials;Banco do Brasil
00.000.000/0001-91;BCO BRASIL S.A.;Conselho Fiscal;2011;249216.5;255043.96;5827.459999999992;2.3383122706562336;5.0;5.0;0.0;0.0;2011;2014;realizado;49843.3;51008.792;2.33831227065624;Financials;Banco do Brasil
00.000.000/0001-91;BCO BRASIL S.A.;Diretoria Estatutária;2012;40216151.98;51521914.4;11305762.420000002;28.11249178097025;37.0;36.0;-1.0;-2.7027027027027026;2012;2015;realizado;1086923.0264864864;1431164.288888889;31.671172108219416;Financials;Banco do Brasil
00.000.000/0001-91;BCO BRASIL S.A.;Conselho de Administração;2012;344125.52;347553.07;3427.5499999999884;0.9960173834245099;6.0;6.25;0.25;4.166666666666667;2012;2015;realizado;57354.253333333334;55608.491200000004;-3.0438233119124636;Financials;Banco do Brasil
00.000.000/0001-91;BCO BRASIL S.A.;Conselho Fiscal;2012;286771.26;355996.07;69224.81;24.1393820287291;5.0;5.0;0.0;0.0;2012;2015;realizado;57354.252;71199.214;24.139382028729116;Financials;Banco do Brasil
00.000.000/0001-91;BCO BRASIL S.A.;Diretoria Estatutária;2013;36177617.52;46488404.56;10310787.04;28.50045897660316;36.0;36.08;0.0799999999999983;0.2222222222222175;2013;2016;realizado;1004933.8200000001;1288481.2793791576;28.21553556423819;Financials;Banco do Brasil
00.000.000/0001-91;BCO BRASIL S.A.;Conselho de Administração;2013;235931.04;258859.63;22928.589999999997;9.718343970339806;6.0;6.11;0.11000000000000032;1.8333333333333386;2013;2016;realizado;39321.840000000004;42366.55155482815;7.743054635358226;Financials;Banco do Brasil
00.000.000/0001-91;BCO BRASIL S.A.;Conselho Fiscal;2013;294913.71;354219.95;59306.23999999999;20.10969242494694;5.0;5.0;0.0;0.0;2013;2016;realizado;58982.742000000006;70843.99;20.109692424946935;Financials;Banco do Brasil
00.000.000/0001-91;BCO BRASIL S.A.;Diretoria Estatutária;2014;61025301.32;52115015.36;-8910285.96;-14.600970035816616;37.0;36.83;-0.1700000000000017;-0.4594594594594641;2014;2017;realizado;1649332.468108108;1415015.3505294598;-14.20678499389667;Financials;Banco do Brasil
00.000.000/0001-91;BCO BRASIL S.A.;Conselho de Administração;2014;517980.17;348407.22;-169572.95;-32.737343979789806;8.0;7.25;-0.75;-9.375;2014;2017;realizado;64747.52125;48056.16827586207;-25.779138184595652;Financials;Banco do Brasil
00.000.000/0001-91;BCO BRASIL S.A.;Conselho Fiscal;2014;323737.61;345275.27;21537.660000000033;6.652813678336611;5.0;4.33;-0.6699999999999999;-13.4;2014;2017;realizado;64747.522;79740.24711316398;23.15567399346028;Financials;Banco do Brasil
00.000.000/0001-91;BCO BRASIL S.A.;Diretoria Estatutária;2015;72635847.48;59253917.09;-13381930.39;-18.423314182001747;37.0;36.42;-0.5799999999999983;-1.5675675675675629;2015;2018;realizado;1963131.012972973;1626960.9305326743;-17.124179701649233;Financials;Banco do Brasil
00.000.000/0001-91;BCO BRASIL S.A.;Conselho de Administração;2015;673217.31;490745.02;-182472.29000000004;-27.10451547955593;8.0;7.75;-0.25;-3.125;2015;2018;realizado;84152.16375;63321.93806451613;-24.75304823696096;Financials;Banco do Brasil
00.000.000/0001-91;BCO BRASIL S.A.;Conselho Fiscal;2015;414424.61;403448.64;-10975.969999999972;-2.648484123565918;5.0;4.75;-0.25;-5.0;2015;2018;realizado;82884.92199999999;84936.55578947368;2.4752798699306133;Financials;Banco do Brasil
00.000.000/0001-91;BCO BRASIL S.A.;Diretoria Estatutária;2016;77047575.59;55030231.59;-22017344.0;-28.57629695859973;37.0;35.67;-1.3299999999999983;-3.59459459459459;2016;2019;realizado;2082366.907837838;1542759.5063078217;-25.913175987333613;Financials;Banco do Brasil
00.000.000/0001-91;BCO BRASIL S.A.;Conselho de Administração;2016;709328.16;507239.28;-202088.88;-28.490181469744552;8.0;7.75;-0.25;-3.125;2016;2019;realizado;88666.02;65450.22967741936;-26.183413130058895;Financials;Banco do Brasil
00.000.000/0001-91;BCO BRASIL S.A.;Conselho Fiscal;2016;439760.98;419216.36;-20544.619999999995;-4.671769650868068;5.0;4.83;-0.16999999999999993;-3.3999999999999986;2016;2019;realizado;87952.196;86794.27743271222;-1.316531729677084;Financials;Banco do Brasil
00.000.000/0001-91;BCO BRASIL S.A.;Diretoria Estatutária;2017;82401661.53;57421342.17;-24980319.36;-30.315310269448155;37.0;36.75;-0.25;-0.6756756756756757;2017;2020;realizado;2227071.9332432435;1562485.5012244899;-29.841264761077056;Financials;Banco do Brasil
00.000.000/0001-91;BCO BRASIL S.A.;Conselho de Administração;2017;742596.0;398043.7;-344552.3;-46.3983511896105;8.0;7.08;-0.9199999999999999;-11.5;2017;2020;realizado;92824.5;56220.86158192091;-39.433165186000565;Financials;Banco do Brasil
00.000.000/0001-91;BCO BRASIL S.A.;Conselho Fiscal;2017;457723.2;384863.43;-72859.77000000002;-15.917866955400124;5.0;4.75;-0.25;-5.0;2017;2020;realizado;91544.64;81023.88;-11.492491532000116;Financials;Banco do Brasil
00.000.000/0001-91;BCO BRASIL S.A.;Diretoria Estatutária;2018;78720700.9;58224897.96;-20495802.940000005;-26.036103217673464;37.0;36.33;-0.6700000000000017;-1.8108108108108154;2018;2021;realizado;2127586.510810811;1602667.1610239472;-24.672056676408427;Financials;Banco do Brasil
00.000.000/0001-91;BCO BRASIL S.A.;Conselho de Administração;2018;712697.42;323402.3;-389295.12000000005;-54.62277666165819;8.0;7.25;-0.75;-9.375;2018;2021;realizado;89087.1775;44607.213793103445;-49.92858114389869;Financials;Banco do Brasil
00.000.000/0001-91;BCO BRASIL S.A.;Conselho Fiscal;2018;437217.97;376649.35;-60568.619999999995;-13.853186318028055;5.0;5.0;0.0;0.0;2018;2021;realizado;87443.594;75329.87;-13.853186318028055;Financials;Banco do Brasil
00.000.000/0001-91;BCO BRASIL S.A.;Diretoria Estatutária;2019;78984816.25;53939042.17;-25045774.08;-31.709606059886227;37.0;35.75;-1.25;-3.3783783783783785;2019;2022;realizado;2134724.7635135134;1508784.3963636365;-29.321830047994123;Financials;Banco do Brasil
00.000.000/0001-91;BCO BRASIL S.A.;Conselho de Administração;2019;713396.97;306548.08;-406848.88999999996;-57.02980347673749;8.0;7.0;-1.0;-12.5;2019;2022;realizado;89174.62125;43792.58285714286;-50.89120397341429;Financials;Banco do Brasil
00.000.000/0001-91;BCO BRASIL S.A.;Conselho Fiscal;2019;437217.97;352748.43;-84469.53999999998;-19.31977773008735;5.0;3.83;-1.17;-23.4;2019;2022;realizado;87443.594;92101.4177545692;5.3266609267789145;Financials;Banco do Brasil
00.000.000/0001-91;BCO BRASIL S.A.;Diretoria Estatutária;2020;78715529.7;48951217.74;-29764311.96;-37.812502911988915;34.0;33.5;-0.5;-1.4705882352941178;2020;2023;realizado;2315162.6382352943;1461230.3802985076;-36.88433131366039;Financials;Banco do Brasil
00.000.000/0001-91;BCO BRASIL S.A.;Conselho de Administração;2020;703783.32;312355.78;-391427.5399999999;-55.61762105984552;8.0;7.58;-0.41999999999999993;-5.249999999999999;2020;2023;realizado;87972.915;41207.88654353562;-53.15843911329342;Financials;Banco do Brasil
00.000.000/0001-91;BCO BRASIL S.A.;Conselho Fiscal;2020;434740.8;331960.48;-102780.32;-23.641746990390597;5.0;4.5;-0.5;-10.0;2020;2023;realizado;86948.16;73768.99555555555;-15.157496655989567;Financials;Banco do Brasil
00.000.000/0001-91;BCO BRASIL S.A.;Diretoria Estatutária;2021;65632172.74;42918700.6;-22713472.14;-34.60722263451307;34.0;32.67;-1.3299999999999983;-3.911764705882348;2021;2024;realizado;1930358.021764706;1313703.7220691766;-31.945074061017586;Financials;Banco do Brasil
00.000.000/0001-91;BCO BRASIL S.A.;Conselho de Administração;2021;567824.64;283645.38;-284179.26;-50.04701099268957;8.0;8.0;0.0;0.0;2021;2024;realizado;70978.08;35455.6725;-50.04701099268958;Financials;Banco do Brasil
00.000.000/0001-91;BCO BRASIL S.A.;Conselho Fiscal;2021;354890.4;366983.48;12093.079999999958;3.407553430580246;5.0;5.0;0.0;0.0;2021;2024;realizado;70978.08;73396.696;3.407553430580257;Financials;Banco do Brasil
00.000.000/0001-91;BCO BRASIL S.A.;Diretoria Estatutária;2022;64870222.69;43997780.67;-20872442.019999996;-32.17569040844;33.0;31.83;-1.1700000000000017;-3.5454545454545507;2022;2025;realizado;1965764.323939394;1382273.9764373235;-29.68261965059754;Financials;Banco do Brasil
00.000.000/0001-91;BCO BRASIL S.A.;Conselho de Administração;2022;574504.32;65230.18;-509274.13999999996;-88.64583298520714;8.0;8.0;0.0;0.0;2022;2025;realizado;71813.04;8153.7725;-88.64583298520714;Financials;Banco do Brasil
00.000.000/0001-91;BCO BRASIL S.A.;Conselho Fiscal;2022;359065.2;371231.2;12166.0;3.3882425810131416;5.0;5.0;0.0;0.0;2022;2025;realizado;71813.04000000001;74246.24;3.3882425810131345;Financials;Banco do Brasil
00.000.000/0001-91;BCO BRASIL S.A.;Diretoria Estatutária;2023;73667893.45;48518607.45;-25149286.0;-34.138733744394855;33.0;30.75;-2.25;-6.818181818181818;2023;2026;realizado;2232360.4075757577;1577840.892682927;-29.319616701301797;Financials;Banco do Brasil
00.000.000/0001-91;BCO BRASIL S.A.;Conselho de Administração;2023;626209.92;337887.1;-288322.82000000007;-46.04251877708997;8.0;7.83;-0.16999999999999993;-2.124999999999999;2023;2026;realizado;78276.24;43152.88633461047;-44.87102812474071;Financials;Banco do Brasil
00.000.000/0001-91;BCO BRASIL S.A.;Conselho Fiscal;2023;391381.2;321211.83;-70169.37;-17.92865114624821;5.0;4.0;-1.0;-20.0;2023;2026;realizado;78276.24;80302.9575;2.5891860671897415;Financials;Banco do Brasil
00.000.000/0001-91;BCO BRASIL S.A.;Diretoria Estatutária;2024;75521602.08;58327210.06;-17194392.019999996;-22.767514918163393;33.0;31.58;-1.4200000000000017;-4.303030303030308;2024;2026;realizado;2288533.3963636365;1846966.7530082332;-19.29474326470526;Financials;Banco do Brasil
00.000.000/0001-91;BCO BRASIL S.A.;Conselho de Administração;2024;655140.48;247156.98;-407983.5;-62.27420109958707;8.0;8.0;0.0;0.0;2024;2026;realizado;81892.56;30894.6225;-62.27420109958707;Financials;Banco do Brasil
00.000.000/0001-91;BCO BRASIL S.A.;Conselho Fiscal;2024;409462.8;418591.16;9128.359999999986;2.2293502608783964;5.0;5.0;0.0;0.0;2024;2026;realizado;81892.56;83718.23199999999;2.229350260878382;Financials;Banco do Brasil
00.000.000/0001-91;BCO BRASIL S.A.;Diretoria Estatutária;2025;89130308.77;64040204.76;-25090104.009999998;-28.149912590053738;33.0;31.92;-1.0799999999999983;-3.2727272727272676;2025;2026;realizado;2700918.4475757573;2006272.0789473683;-25.71889459498037;Financials;Banco do Brasil
00.000.000/0001-91;BCO BRASIL S.A.;Conselho de Administração;2025;1129920.48;247575.24;-882345.24;-78.08914482194358;8.0;8.0;0.0;0.0;2025;2026;realizado;141240.06;30946.905;-78.08914482194358;Financials;Banco do Brasil
00.000.000/0001-91;BCO BRASIL S.A.;Conselho Fiscal;2025;470800.2;455465.85;-15334.350000000035;-3.2570823037033616;5.0;5.0;0.0;0.0;2025;2026;realizado;94160.04000000001;91093.17;-3.2570823037033625;Financials;Banco do Brasil
00.000.000/0001-91;BCO BRASIL S.A.;Diretoria Estatutária;2026;96243372.36;;;;34.0;;;;2026;;so previsao;2830687.4223529412;;;Financials;Banco do Brasil
00.000.000/0001-91;BCO BRASIL S.A.;Conselho de Administração;2026;1176134.4;;;;8.0;;;;2026;;so previsao;147016.8;;;Financials;Banco do Brasil
00.000.000/0001-91;BCO BRASIL S.A.;Conselho Fiscal;2026;490056.0;;;;5.0;;;;2026;;so previsao;98011.2;;;Financials;Banco do Brasil
30.306.294/0001-45;BCO BTG PACTUAL S.A.;Diretoria Estatutária;2008;;43887437.0;;;;8.0;;;;2011;so realizado;;5485929.625;;Financials;BTG Pactual
30.306.294/0001-45;BCO BTG PACTUAL S.A.;Conselho de Administração;2008;;0.0;;;;0.0;;;;2011;so realizado;;;;Financials;BTG Pactual
30.306.294/0001-45;BCO BTG PACTUAL S.A.;Diretoria Estatutária;2009;;1400000.0;;;;12.0;;;;2011;so realizado;;116666.66666666667;;Financials;BTG Pactual
30.306.294/0001-45;BCO BTG PACTUAL S.A.;Conselho de Administração;2009;;0.0;;;;0.0;;;;2011;so realizado;;;;Financials;BTG Pactual
30.306.294/0001-45;BCO BTG PACTUAL S.A.;Diretoria Estatutária;2010;;4410000.0;;;;12.0;;;;2013;so realizado;;367500.0;;Financials;BTG Pactual
30.306.294/0001-45;BCO BTG PACTUAL S.A.;Conselho de Administração;2010;;0.0;;;;6.0;;;;2013;so realizado;;0.0;;Financials;BTG Pactual
30.306.294/0001-45;BCO BTG PACTUAL S.A.;Diretoria Estatutária;2011;3084316.8;3778288.08;693971.2800000003;22.50000000000001;13.0;13.0;0.0;0.0;2011;2014;realizado;237255.13846153844;290637.5446153846;22.500000000000007;Financials;BTG Pactual
30.306.294/0001-45;BCO BTG PACTUAL S.A.;Conselho de Administração;2011;0.0;0.0;0.0;;0.0;9.0;9.0;;2011;2014;realizado;;0.0;;Financials;BTG Pactual
30.306.294/0001-45;BCO BTG PACTUAL S.A.;Conselho Fiscal;2011;0.0;;;;0.0;;;;2011;;so previsao;;;;Financials;BTG Pactual
30.306.294/0001-45;BCO BTG PACTUAL S.A.;Diretoria Estatutária;2012;86806765.21;86806765.21;0.0;0.0;13.0;13.0;0.0;0.0;2012;2015;realizado;6677443.477692307;6677443.477692307;0.0;Financials;BTG Pactual
30.306.294/0001-45;BCO BTG PACTUAL S.A.;Conselho de Administração;2012;261332.0;261332.0;0.0;0.0;9.0;9.0;0.0;0.0;2012;2015;realizado;29036.88888888889;29036.88888888889;0.0;Financials;BTG Pactual
30.306.294/0001-45;BCO BTG PACTUAL S.A.;Diretoria Estatutária;2013;173207650.0;173207650.0;0.0;0.0;13.0;13.0;0.0;0.0;2013;2016;realizado;13323665.384615384;13323665.384615384;0.0;Financials;BTG Pactual
30.306.294/0001-45;BCO BTG PACTUAL S.A.;Conselho de Administração;2013;630593.75;630593.75;0.0;0.0;10.0;10.0;0.0;0.0;2013;2016;realizado;63059.375;63059.375;0.0;Financials;BTG Pactual
30.306.294/0001-45;BCO BTG PACTUAL S.A.;Diretoria Estatutária;2014;49088200.0;49088200.0;0.0;0.0;13.0;13.0;0.0;0.0;2014;2017;realizado;3776015.3846153845;3776015.3846153845;0.0;Financials;BTG Pactual
30.306.294/0001-45;BCO BTG PACTUAL S.A.;Conselho de Administração;2014;731875.0;731875.0;0.0;0.0;10.0;10.0;0.0;0.0;2014;2017;realizado;73187.5;73187.5;0.0;Financials;BTG Pactual
30.306.294/0001-45;BCO BTG PACTUAL S.A.;Diretoria Estatutária;2015;74584000.0;74584000.0;0.0;0.0;14.0;14.0;0.0;0.0;2015;2018;realizado;5327428.571428572;5327428.571428572;0.0;Financials;BTG Pactual
30.306.294/0001-45;BCO BTG PACTUAL S.A.;Conselho de Administração;2015;829875.0;829875.0;0.0;0.0;9.0;9.0;0.0;0.0;2015;2018;realizado;92208.33333333333;92208.33333333333;0.0;Financials;BTG Pactual
30.306.294/0001-45;BCO BTG PACTUAL S.A.;Diretoria Estatutária;2016;61188000.0;61188000.0;0.0;0.0;13.0;13.0;0.0;0.0;2016;2019;realizado;4706769.230769231;4706769.230769231;0.0;Financials;BTG Pactual
30.306.294/0001-45;BCO BTG PACTUAL S.A.;Conselho de Administração;2016;7334000.0;7334000.0;0.0;0.0;6.0;6.0;0.0;0.0;2016;2019;realizado;1222333.3333333333;1222333.3333333333;0.0;Financials;BTG Pactual
30.306.294/0001-45;BCO BTG PACTUAL S.A.;Diretoria Estatutária;2017;;46969200.0;;;;13.0;;;;2020;so realizado;;3613015.3846153845;;Financials;BTG Pactual
30.306.294/0001-45;BCO BTG PACTUAL S.A.;Conselho de Administração;2017;;8285500.0;;;;7.33;;;;2020;so realizado;;1130354.7066848567;;Financials;BTG Pactual
30.306.294/0001-45;BCO BTG PACTUAL S.A.;Diretoria Estatutária;2018;;62882000.0;;;;12.0;;;;2021;so realizado;;5240166.666666667;;Financials;BTG Pactual
30.306.294/0001-45;BCO BTG PACTUAL S.A.;Conselho de Administração;2018;;10894000.0;;;;7.0;;;;2021;so realizado;;1556285.7142857143;;Financials;BTG Pactual
30.306.294/0001-45;BCO BTG PACTUAL S.A.;Diretoria Estatutária;2019;;15435000.0;;;;13.5;;;;2022;so realizado;;1143333.3333333333;;Financials;BTG Pactual
30.306.294/0001-45;BCO BTG PACTUAL S.A.;Conselho de Administração;2019;;10083000.0;;;;7.0;;;;2022;so realizado;;1440428.5714285714;;Financials;BTG Pactual
30.306.294/0001-45;BCO BTG PACTUAL S.A.;Diretoria Estatutária;2020;18375000.0;13517000.0;-4858000.0;-26.438095238095237;14.0;14.0;0.0;0.0;2020;2023;realizado;1312500.0;965500.0;-26.438095238095237;Financials;BTG Pactual
30.306.294/0001-45;BCO BTG PACTUAL S.A.;Conselho de Administração;2020;14000000.0;9523000.0;-4477000.0;-31.978571428571428;7.0;8.0;1.0;14.285714285714286;2020;2023;realizado;2000000.0;1190375.0;-40.48125;Financials;BTG Pactual
30.306.294/0001-45;BCO BTG PACTUAL S.A.;Diretoria Estatutária;2021;18375000.0;13800000.0;-4575000.0;-24.897959183673468;14.0;14.0;0.0;0.0;2021;2024;realizado;1312500.0;985714.2857142857;-24.897959183673468;Financials;BTG Pactual
30.306.294/0001-45;BCO BTG PACTUAL S.A.;Conselho de Administração;2021;12500000.0;10099000.0;-2401000.0;-19.208;8.0;8.0;0.0;0.0;2021;2024;realizado;1562500.0;1262375.0;-19.208000000000002;Financials;BTG Pactual
30.306.294/0001-45;BCO BTG PACTUAL S.A.;Diretoria Estatutária;2022;18375000.0;14400000.0;-3975000.0;-21.632653061224488;14.0;15.0;1.0;7.142857142857143;2022;2025;realizado;1312500.0;960000.0;-26.857142857142858;Financials;BTG Pactual
30.306.294/0001-45;BCO BTG PACTUAL S.A.;Conselho de Administração;2022;13300000.0;8694000.0;-4606000.0;-34.63157894736842;9.0;8.0;-1.0;-11.11111111111111;2022;2025;realizado;1477777.7777777778;1086750.0;-26.46052631578947;Financials;BTG Pactual
30.306.294/0001-45;BCO BTG PACTUAL S.A.;Diretoria Estatutária;2023;16000000.0;13800000.0;-2200000.0;-13.75;15.0;14.0;-1.0;-6.666666666666667;2023;2026;realizado;1066666.6666666667;985714.2857142857;-7.589285714285721;Financials;BTG Pactual
30.306.294/0001-45;BCO BTG PACTUAL S.A.;Conselho de Administração;2023;9500000.0;11483231.25;1983231.25;20.87611842105263;9.0;9.0;0.0;0.0;2023;2026;realizado;1055555.5555555555;1275914.5833333333;20.876118421052638;Financials;BTG Pactual
30.306.294/0001-45;BCO BTG PACTUAL S.A.;Diretoria Estatutária;2024;16000000.0;13800000.0;-2200000.0;-13.75;14.0;14.0;0.0;0.0;2024;2026;realizado;1142857.142857143;985714.2857142857;-13.750000000000007;Financials;BTG Pactual
30.306.294/0001-45;BCO BTG PACTUAL S.A.;Conselho de Administração;2024;15000000.0;12243168.75;-2756831.25;-18.378875;9.0;9.0;0.0;0.0;2024;2026;realizado;1666666.6666666667;1360352.0833333333;-18.378875000000004;Financials;BTG Pactual
30.306.294/0001-45;BCO BTG PACTUAL S.A.;Diretoria Estatutária;2025;16000000.0;14910443.68;-1089556.3200000003;-6.809727000000002;14.0;14.0;0.0;0.0;2025;2026;realizado;1142857.142857143;1065031.6914285715;-6.809726999999999;Financials;BTG Pactual
30.306.294/0001-45;BCO BTG PACTUAL S.A.;Conselho de Administração;2025;14000000.0;9674729.66;-4325270.34;-30.89478814285714;9.0;8.92;-0.08000000000000007;-0.8888888888888897;2025;2026;realizado;1555555.5555555555;1084610.9484304932;-30.27501045803972;Financials;BTG Pactual
30.306.294/0001-45;BCO BTG PACTUAL S.A.;Diretoria Estatutária;2026;151700000.0;;;;14.0;;;;2026;;so previsao;10835714.285714285;;;Financials;BTG Pactual
30.306.294/0001-45;BCO BTG PACTUAL S.A.;Conselho de Administração;2026;38300000.0;;;;9.0;;;;2026;;so previsao;4255555.555555556;;;Financials;BTG Pactual
90.400.888/0001-42;BCO SANTANDER (BRASIL) S.A.;Diretoria Estatutária;2009;;192930551.0;;;;45.66;;;;2012;so realizado;;4225373.434077968;;Financials;Santander
90.400.888/0001-42;BCO SANTANDER (BRASIL) S.A.;Conselho de Administração;2009;;0.0;;;;4.0;;;;2012;so realizado;;0.0;;Financials;Santander
90.400.888/0001-42;BCO SANTANDER (BRASIL) S.A.;Diretoria Estatutária;2010;242420000.0;227848590.0;-14571410.0;-6.010811814206749;48.0;48.08;0.0799999999999983;0.1666666666666631;2010;2013;realizado;5050416.666666667;4738947.37936772;-6.1671998145159;Financials;Santander
90.400.888/0001-42;BCO SANTANDER (BRASIL) S.A.;Conselho de Administração;2010;4140000.0;1919699.0;-2220301.0;-53.63045893719807;9.0;9.0;0.0;0.0;2010;2013;realizado;460000.0;213299.88888888888;-53.630458937198064;Financials;Santander
90.400.888/0001-42;BCO SANTANDER (BRASIL) S.A.;Diretoria Estatutária;2011;311273700.0;246566442.0;-64707258.0;-20.787897596231225;58.0;47.17;-10.829999999999998;-18.672413793103445;2011;2013;realizado;5366787.931034483;5227187.661649353;-2.601188479572014;Financials;Santander
90.400.888/0001-42;BCO SANTANDER (BRASIL) S.A.;Conselho de Administração;2011;13912000.0;9065335.0;-4846665.0;-34.838017538815414;9.0;9.0;0.0;0.0;2011;2013;realizado;1545777.7777777778;1007259.4444444445;-34.8380175388154;Financials;Santander
90.400.888/0001-42;BCO SANTANDER (BRASIL) S.A.;Diretoria Estatutária;2012;347505500.0;262164886.86;-85340613.13999999;-24.558061135723026;56.0;46.58;-9.420000000000002;-16.821428571428577;2012;2015;realizado;6205455.357142857;5628271.508372692;-9.301232795201585;Financials;Santander
90.400.888/0001-42;BCO SANTANDER (BRASIL) S.A.;Conselho de Administração;2012;7669000.0;6042495.2;-1626504.7999999998;-21.208825140174724;8.0;9.0;1.0;12.5;2012;2015;realizado;958625.0;671388.3555555556;-29.963400124599758;Financials;Santander
90.400.888/0001-42;BCO SANTANDER (BRASIL) S.A.;Diretoria Estatutária;2013;364100000.0;215949844.12;-148150155.88;-40.68941386432299;46.0;45.5;-0.5;-1.0869565217391304;2013;2016;realizado;7915217.391304348;4746150.42021978;-40.03764918151336;Financials;Santander
90.400.888/0001-42;BCO SANTANDER (BRASIL) S.A.;Conselho de Administração;2013;7700000.0;6932758.16;-767241.8399999999;-9.964179740259738;9.0;9.0;0.0;0.0;2013;2016;realizado;855555.5555555555;770306.4622222222;-9.964179740259738;Financials;Santander
90.400.888/0001-42;BCO SANTANDER (BRASIL) S.A.;Diretoria Estatutária;2014;;214733615.05;;;;46.25;;;;2017;so realizado;;4642888.974054054;;Financials;Santander
90.400.888/0001-42;BCO SANTANDER (BRASIL) S.A.;Conselho de Administração;2014;;3624358.0;;;;8.5;;;;2017;so realizado;;426395.0588235294;;Financials;Santander
90.400.888/0001-42;BCO SANTANDER (BRASIL) S.A.;Diretoria Estatutária;2015;304286000.0;231032880.7;-73253119.30000001;-24.073772470636182;44.0;42.08;-1.9200000000000017;-4.363636363636368;2015;2018;realizado;6915590.909090909;5490325.111692015;-20.60945790655875;Financials;Santander
90.400.888/0001-42;BCO SANTANDER (BRASIL) S.A.;Conselho de Administração;2015;38068000.0;13965096.76;-24102903.240000002;-63.3153915099296;9.0;10.0;1.0;11.11111111111111;2015;2018;realizado;4229777.777777778;1396509.676;-66.98385235893664;Financials;Santander
90.400.888/0001-42;BCO SANTANDER (BRASIL) S.A.;Diretoria Estatutária;2016;311960000.0;251046455.99;-60913544.00999999;-19.52607514104372;44.0;44.08;0.0799999999999983;0.18181818181817794;2016;2019;realizado;7090000.0;5695246.2792649735;-19.672125821368503;Financials;Santander
90.400.888/0001-42;BCO SANTANDER (BRASIL) S.A.;Conselho de Administração;2016;29980000.0;24308482.17;-5671517.829999998;-18.917671214142754;10.0;9.83;-0.16999999999999993;-1.6999999999999993;2016;2019;realizado;2998000.0;2472887.3011190235;-17.51543358508928;Financials;Santander
90.400.888/0001-42;BCO SANTANDER (BRASIL) S.A.;Diretoria Estatutária;2017;320930000.0;250973477.69;-69956522.31;-21.79806260243667;44.0;41.0;-3.0;-6.818181818181818;2017;2020;realizado;7293863.636363637;6121304.333902439;-16.07596962212716;Financials;Santander
90.400.888/0001-42;BCO SANTANDER (BRASIL) S.A.;Conselho de Administração;2017;6825000.0;3826700.8;-2998299.2;-43.93112380952381;10.0;9.67;-0.33000000000000007;-3.3000000000000007;2017;2020;realizado;682500.0;395729.14167528437;-42.01770817944551;Financials;Santander
90.400.888/0001-42;BCO SANTANDER (BRASIL) S.A.;Diretoria Estatutária;2018;318180000.0;305256937.51;-12923062.49000001;-4.061557134326485;44.0;42.17;-1.8299999999999983;-4.159090909090906;2018;2021;realizado;7231363.636363637;7238722.729665639;0.10176632889813408;Financials;Santander
90.400.888/0001-42;BCO SANTANDER (BRASIL) S.A.;Conselho de Administração;2018;6057500.0;4904254.1;-1153245.9000000004;-19.03831448617417;10.0;10.0;0.0;0.0;2018;2021;realizado;605750.0;490425.41;-19.03831448617417;Financials;Santander
90.400.888/0001-42;BCO SANTANDER (BRASIL) S.A.;Diretoria Estatutária;2019;419020000.0;292060818.3;-126959181.69999999;-30.299074435587794;44.75;41.7;-3.049999999999997;-6.815642458100553;2019;2022;realizado;9363575.418994414;7003856.553956835;-25.20104510773511;Financials;Santander
90.400.888/0001-42;BCO SANTANDER (BRASIL) S.A.;Conselho de Administração;2019;7950000.0;6532248.14;-1417751.8600000003;-17.833356729559753;10.0;9.0;-1.0;-10.0;2019;2022;realizado;795000.0;725805.3488888888;-8.703729699510843;Financials;Santander
90.400.888/0001-42;BCO SANTANDER (BRASIL) S.A.;Conselho Fiscal;2019;290692.5;203484.75;-87207.75;-30.0;6.0;2.5;-3.5;-58.333333333333336;2019;2022;realizado;48448.75;81393.9;68.0;Financials;Santander
90.400.888/0001-42;BCO SANTANDER (BRASIL) S.A.;Diretoria Estatutária;2020;;274751941.28;;;;45.0;;;;2023;so realizado;;6105598.695111111;;Financials;Santander
90.400.888/0001-42;BCO SANTANDER (BRASIL) S.A.;Conselho de Administração;2020;;6532248.14;;;;9.0;;;;2023;so realizado;;725805.3488888888;;Financials;Santander
90.400.888/0001-42;BCO SANTANDER (BRASIL) S.A.;Conselho Fiscal;2020;;513030.0;;;;6.0;;;;2023;so realizado;;85505.0;;Financials;Santander
90.400.888/0001-42;BCO SANTANDER (BRASIL) S.A.;Diretoria Estatutária;2021;;369488844.32;;;;50.0;;;;2024;so realizado;;7389776.8864;;Financials;Santander
90.400.888/0001-42;BCO SANTANDER (BRASIL) S.A.;Conselho de Administração;2021;;7185035.43;;;;12.0;;;;2024;so realizado;;598752.9525;;Financials;Santander
90.400.888/0001-42;BCO SANTANDER (BRASIL) S.A.;Conselho Fiscal;2021;;3912067.53;;;;6.0;;;;2024;so realizado;;652011.255;;Financials;Santander
90.400.888/0001-42;BCO SANTANDER (BRASIL) S.A.;Diretoria Estatutária;2022;517475000.0;331373870.72;-186101129.27999997;-35.96330823324798;50.0;50.0;0.0;0.0;2022;2025;realizado;10349500.0;6627477.4144;-35.96330823324798;Financials;Santander
90.400.888/0001-42;BCO SANTANDER (BRASIL) S.A.;Conselho de Administração;2022;21425000.0;19311627.84;-2113372.16;-9.864047421236872;9.0;10.0;1.0;11.11111111111111;2022;2025;realizado;2380555.5555555555;1931162.784;-18.877642679113183;Financials;Santander
90.400.888/0001-42;BCO SANTANDER (BRASIL) S.A.;Conselho Fiscal;2022;673750.0;528538.5;-145211.5;-21.55272727272727;6.0;6.0;0.0;0.0;2022;2025;realizado;112291.66666666667;88089.75;-21.552727272727278;Financials;Santander
90.400.888/0001-42;BCO SANTANDER (BRASIL) S.A.;Diretoria Estatutária;2023;;387205745.62;;;;51.0;;;;2026;so realizado;;7592269.521960785;;Financials;Santander
90.400.888/0001-42;BCO SANTANDER (BRASIL) S.A.;Conselho de Administração;2023;;14247341.66;;;;11.0;;;;2026;so realizado;;1295212.8781818182;;Financials;Santander
90.400.888/0001-42;BCO SANTANDER (BRASIL) S.A.;Conselho Fiscal;2023;;177158.28;;;;3.0;;;;2026;so realizado;;59052.76;;Financials;Santander
90.400.888/0001-42;BCO SANTANDER (BRASIL) S.A.;Diretoria Estatutária;2024;510026630.0;471963367.18;-38063262.81999999;-7.462995181251612;48.0;58.0;10.0;20.833333333333332;2024;2026;realizado;10625554.791666666;8137299.434137931;-23.41765118448409;Financials;Santander
90.400.888/0001-42;BCO SANTANDER (BRASIL) S.A.;Conselho de Administração;2024;25500000.0;13226813.01;-12273186.99;-48.13014505882353;11.0;11.0;0.0;0.0;2024;2026;realizado;2318181.8181818184;1202437.5463636364;-48.13014505882354;Financials;Santander
90.400.888/0001-42;BCO SANTANDER (BRASIL) S.A.;Diretoria Estatutária;2025;617715250.1;454080643.66;-163634606.44;-26.49029733578857;47.0;55.0;8.0;17.02127659574468;2025;2026;realizado;13142877.661702128;8256011.7029090915;-37.18261772331023;Financials;Santander
90.400.888/0001-42;BCO SANTANDER (BRASIL) S.A.;Conselho de Administração;2025;19848343.64;12295818.04;-7552525.6000000015;-38.05116304405137;11.0;13.0;2.0;18.181818181818183;2025;2026;realizado;1804394.8763636365;945832.1569230768;-47.58175334496655;Financials;Santander
90.400.888/0001-42;BCO SANTANDER (BRASIL) S.A.;Diretoria Estatutária;2026;547628551.41;;;;50.0;;;;2026;;so previsao;10952571.028199999;;;Financials;Santander
90.400.888/0001-42;BCO SANTANDER (BRASIL) S.A.;Conselho de Administração;2026;19249369.79;;;;12.0;;;;2026;;so previsao;1604114.1491666667;;;Financials;Santander
45.242.914/0001-05;C&A MODAS S.A.;Diretoria Estatutária;2016;;13332027.22;;;;5.0;;;;2019;so realizado;;2666405.444;;Retail;C&A
45.242.914/0001-05;C&A MODAS S.A.;Diretoria Estatutária;2017;;15769614.8;;;;4.17;;;;2020;so realizado;;3781682.206235012;;Retail;C&A
45.242.914/0001-05;C&A MODAS S.A.;Diretoria Estatutária;2018;;16102819.64;;;;4.67;;;;2021;so realizado;;3448141.250535332;;Retail;C&A
45.242.914/0001-05;C&A MODAS S.A.;Diretoria Estatutária;2019;53419898.26;33894583.67;-19525314.589999996;-36.55063979150303;5.0;5.0;0.0;0.0;2019;2022;realizado;10683979.651999999;6778916.734;-36.55063979150304;Retail;C&A
45.242.914/0001-05;C&A MODAS S.A.;Conselho de Administração;2019;500000.0;752749.96;252749.95999999996;50.549991999999996;5.0;1.25;-3.75;-75.0;2019;2022;realizado;100000.0;602199.968;502.19996799999996;Retail;C&A
45.242.914/0001-05;C&A MODAS S.A.;Conselho Fiscal;2019;;0.0;;;;0.0;;;;2022;so realizado;;;;Retail;C&A
45.242.914/0001-05;C&A MODAS S.A.;Diretoria Estatutária;2020;27273503.77;22751667.49;-4521836.280000001;-16.579594312975217;5.0;4.67;-0.33000000000000007;-6.600000000000001;2020;2023;realizado;5454700.754;4871877.406852248;-10.684790484984163;Retail;C&A
45.242.914/0001-05;C&A MODAS S.A.;Conselho de Administração;2020;3659999.76;3150034.75;-509965.0099999998;-13.933471132249467;5.0;5.0;0.0;0.0;2020;2023;realizado;731999.9519999999;630006.95;-13.933471132249476;Retail;C&A
45.242.914/0001-05;C&A MODAS S.A.;Conselho Fiscal;2020;0.0;0.0;0.0;;0.0;0.0;0.0;;2020;2023;realizado;;;;Retail;C&A
45.242.914/0001-05;C&A MODAS S.A.;Diretoria Estatutária;2021;23015990.29;23452647.39;436657.1000000015;1.8971901469289398;4.0;4.0;0.0;0.0;2021;2024;realizado;5753997.5725;5863161.8475;1.8971901469289287;Retail;C&A
45.242.914/0001-05;C&A MODAS S.A.;Conselho de Administração;2021;5267124.92;4110000.04;-1157124.88;-21.968814060328;5.0;5.0;0.0;0.0;2021;2024;realizado;1053424.984;822000.008;-21.96881406032799;Retail;C&A
45.242.914/0001-05;C&A MODAS S.A.;Conselho Fiscal;2021;0.0;0.0;0.0;;0.0;0.0;0.0;;2021;2024;realizado;;;;Retail;C&A
45.242.914/0001-05;C&A MODAS S.A.;Diretoria Estatutária;2022;27321977.37;16138714.15;-11183263.22;-40.931383071414935;4.0;4.0;0.0;0.0;2022;2025;realizado;6830494.3425;4034678.5375;-40.93138307141494;Retail;C&A
45.242.914/0001-05;C&A MODAS S.A.;Conselho de Administração;2022;4323333.24;4154166.7;-169166.54000000004;-3.91287302202039;5.0;5.0;0.0;0.0;2022;2025;realizado;864666.648;830833.3400000001;-3.91287302202038;Retail;C&A
45.242.914/0001-05;C&A MODAS S.A.;Conselho Fiscal;2022;484350.0;300000.0;-184350.0;-38.06131929389904;3.0;2.0;-1.0;-33.333333333333336;2022;2025;realizado;161450.0;150000.0;-7.0919789408485645;Retail;C&A
45.242.914/0001-05;C&A MODAS S.A.;Diretoria Estatutária;2023;27644667.63;21235887.03;-6408780.599999998;-23.18270085853804;5.0;4.25;-0.75;-15.0;2023;2026;realizado;5528933.526;4996679.301176471;-9.626706892397696;Retail;C&A
45.242.914/0001-05;C&A MODAS S.A.;Conselho de Administração;2023;7812666.7;7563500.0;-249166.7000000002;-3.1892657087240157;5.0;5.0;0.0;0.0;2023;2026;realizado;1562533.34;1512700.0;-3.1892657087240206;Retail;C&A
45.242.914/0001-05;C&A MODAS S.A.;Conselho Fiscal;2023;496944.0;472932.0;-24012.0;-4.831932773109243;3.0;3.0;0.0;0.0;2023;2026;realizado;165648.0;157644.0;-4.831932773109249;Retail;C&A
45.242.914/0001-05;C&A MODAS S.A.;Diretoria Estatutária;2024;30478586.79;24310657.88;-6167928.91;-20.236925525771728;5.0;5.0;0.0;0.0;2024;2026;realizado;6095717.358;4862131.575999999;-20.236925525771742;Retail;C&A
45.242.914/0001-05;C&A MODAS S.A.;Conselho de Administração;2024;5307431.96;4800000.0;-507431.95999999996;-9.560781255875016;5.0;5.0;0.0;0.0;2024;2026;realizado;1061486.392;960000.0;-9.560781255875018;Retail;C&A
45.242.914/0001-05;C&A MODAS S.A.;Conselho Fiscal;2024;545002.5;155216.0;-389786.5;-71.52013064160256;3.0;1.0;-2.0;-66.66666666666667;2024;2026;realizado;181667.5;155216.0;-14.56039192480768;Retail;C&A
45.242.914/0001-05;C&A MODAS S.A.;Diretoria Estatutária;2025;31829119.38;26818152.35;-5010967.0299999975;-15.74334171855432;5.0;5.0;0.0;0.0;2025;2026;realizado;6365823.876;5363630.470000001;-15.743341718554316;Retail;C&A
45.242.914/0001-05;C&A MODAS S.A.;Conselho de Administração;2025;5016000.0;5016000.0;0.0;0.0;5.0;5.0;0.0;0.0;2025;2026;realizado;1003200.0;1003200.0;0.0;Retail;C&A
45.242.914/0001-05;C&A MODAS S.A.;Conselho Fiscal;2025;405000.0;312000.0;-93000.0;-22.962962962962962;2.0;3.0;1.0;50.0;2025;2026;realizado;202500.0;104000.0;-48.641975308641975;Retail;C&A
45.242.914/0001-05;C&A MODAS S.A.;Diretoria Estatutária;2026;36268164.02;;;;5.0;;;;2026;;so previsao;7253632.8040000005;;;Retail;C&A
45.242.914/0001-05;C&A MODAS S.A.;Conselho de Administração;2026;5228000.0;;;;5.0;;;;2026;;so previsao;1045600.0;;;Retail;C&A
45.242.914/0001-05;C&A MODAS S.A.;Conselho Fiscal;2026;522000.0;;;;3.0;;;;2026;;so previsao;174000.0;;;Retail;C&A
00.001.180/0001-26;CENTRAIS ELET BRAS S.A. - ELETROBRAS;Diretoria Estatutária;2007;;1664522.44;;;;4.0;;;;2010;so realizado;;416130.61;;Utilities;Eletrobras
00.001.180/0001-26;CENTRAIS ELET BRAS S.A. - ELETROBRAS;Conselho de Administração;2007;;196034.24;;;;8.0;;;;2010;so realizado;;24504.28;;Utilities;Eletrobras
00.001.180/0001-26;CENTRAIS ELET BRAS S.A. - ELETROBRAS;Conselho Fiscal;2007;;137389.28;;;;4.0;;;;2010;so realizado;;34347.32;;Utilities;Eletrobras
00.001.180/0001-26;CENTRAIS ELET BRAS S.A. - ELETROBRAS;Diretoria Estatutária;2008;;2624829.7;;;;6.0;;;;2011;so realizado;;437471.6166666667;;Utilities;Eletrobras
00.001.180/0001-26;CENTRAIS ELET BRAS S.A. - ELETROBRAS;Conselho de Administração;2008;;284010.29;;;;8.0;;;;2011;so realizado;;35501.28625;;Utilities;Eletrobras
00.001.180/0001-26;CENTRAIS ELET BRAS S.A. - ELETROBRAS;Conselho Fiscal;2008;;167544.23;;;;5.0;;;;2011;so realizado;;33508.846000000005;;Utilities;Eletrobras
00.001.180/0001-26;CENTRAIS ELET BRAS S.A. - ELETROBRAS;Diretoria Estatutária;2009;;3083601.44;;;;6.0;;;;2012;so realizado;;513933.5733333333;;Utilities;Eletrobras
00.001.180/0001-26;CENTRAIS ELET BRAS S.A. - ELETROBRAS;Conselho de Administração;2009;;323764.26;;;;8.0;;;;2012;so realizado;;40470.5325;;Utilities;Eletrobras
00.001.180/0001-26;CENTRAIS ELET BRAS S.A. - ELETROBRAS;Conselho Fiscal;2009;;180781.96;;;;4.0;;;;2012;so realizado;;45195.49;;Utilities;Eletrobras
00.001.180/0001-26;CENTRAIS ELET BRAS S.A. - ELETROBRAS;Diretoria Estatutária;2010;3265500.0;4310745.35;1045245.3499999996;32.00873832491195;6.0;6.0;0.0;0.0;2010;2013;realizado;544250.0;718457.5583333332;32.00873832491193;Utilities;Eletrobras
00.001.180/0001-26;CENTRAIS ELET BRAS S.A. - ELETROBRAS;Conselho de Administração;2010;455000.0;322297.5;-132702.5;-29.165384615384614;8.0;9.0;1.0;12.5;2010;2013;realizado;56875.0;35810.833333333336;-37.03589743589744;Utilities;Eletrobras
00.001.180/0001-26;CENTRAIS ELET BRAS S.A. - ELETROBRAS;Conselho Fiscal;2010;227500.0;187600.0;-39900.0;-17.53846153846154;4.0;4.0;0.0;0.0;2010;2013;realizado;56875.0;46900.0;-17.538461538461537;Utilities;Eletrobras
00.001.180/0001-26;CENTRAIS ELET BRAS S.A. - ELETROBRAS;Diretoria Estatutária;2011;4348000.0;5810641.16;1462641.1600000001;33.63940110395584;6.0;7.0;1.0;16.666666666666668;2011;2014;realizado;724666.6666666666;830091.5942857143;14.54805808910502;Utilities;Eletrobras
00.001.180/0001-26;CENTRAIS ELET BRAS S.A. - ELETROBRAS;Conselho de Administração;2011;386000.0;303960.11;-82039.89000000001;-21.253857512953374;9.0;9.0;0.0;0.0;2011;2014;realizado;42888.88888888889;33773.345555555556;-21.253857512953367;Utilities;Eletrobras
00.001.180/0001-26;CENTRAIS ELET BRAS S.A. - ELETROBRAS;Conselho Fiscal;2011;191000.0;196316.8;5316.799999999988;2.7836649214659626;4.0;5.0;1.0;25.0;2011;2014;realizado;47750.0;39263.36;-17.773068062827225;Utilities;Eletrobras
00.001.180/0001-26;CENTRAIS ELET BRAS S.A. - ELETROBRAS;Diretoria Estatutária;2012;4656830.17;5657570.87;1000740.7000000002;21.489740090736447;6.0;6.0;0.0;0.0;2012;2015;realizado;776138.3616666667;942928.4783333334;21.489740090736454;Utilities;Eletrobras
00.001.180/0001-26;CENTRAIS ELET BRAS S.A. - ELETROBRAS;Conselho de Administração;2012;428623.92;498655.87;70031.95000000001;16.33878715868214;8.0;9.25;1.25;15.625;2012;2015;realizado;53577.99;53908.7427027027;0.617329434535896;Utilities;Eletrobras
00.001.180/0001-26;CENTRAIS ELET BRAS S.A. - ELETROBRAS;Conselho Fiscal;2012;214311.96;294453.81;80141.85;37.39494986654035;4.0;4.75;0.75;18.75;2012;2015;realizado;53577.99;61990.275789473686;15.701010413928728;Utilities;Eletrobras
00.001.180/0001-26;CENTRAIS ELET BRAS S.A. - ELETROBRAS;Diretoria Estatutária;2013;6149902.65;6240558.65;90656.0;1.474104634810764;6.0;6.0;0.0;0.0;2013;2016;realizado;1024983.775;1040093.1083333334;1.474104634810769;Utilities;Eletrobras
00.001.180/0001-26;CENTRAIS ELET BRAS S.A. - ELETROBRAS;Conselho de Administração;2013;532822.86;519968.38;-12854.479999999981;-2.412524117302321;9.0;9.0;0.0;0.0;2013;2016;realizado;59202.54;57774.264444444445;-2.412524117302328;Utilities;Eletrobras
00.001.180/0001-26;CENTRAIS ELET BRAS S.A. - ELETROBRAS;Conselho Fiscal;2013;333014.29;338990.88;5976.590000000026;1.794694756192002;5.0;5.0;0.0;0.0;2013;2016;realizado;66602.858;67798.176;1.7946947561920057;Utilities;Eletrobras
00.001.180/0001-26;CENTRAIS ELET BRAS S.A. - ELETROBRAS;Diretoria Estatutária;2014;7441246.12;6478832.31;-962413.8100000005;-12.933503266520106;6.0;6.75;0.75;12.5;2014;2017;realizado;1240207.6866666668;959827.0088888889;-22.607558459128985;Utilities;Eletrobras
00.001.180/0001-26;CENTRAIS ELET BRAS S.A. - ELETROBRAS;Conselho de Administração;2014;725130.19;514241.12;-210889.06999999995;-29.082925095147395;9.75;8.33;-1.42;-14.564102564102564;2014;2017;realizado;74372.32717948717;61733.62785114045;-16.99381988927816;Utilities;Eletrobras
00.001.180/0001-26;CENTRAIS ELET BRAS S.A. - ELETROBRAS;Conselho Fiscal;2014;381756.4;366314.12;-15442.280000000028;-4.045061196092594;5.0;5.08;0.08000000000000007;1.6000000000000014;2014;2017;realizado;76351.28;72109.07874015748;-5.556162594579317;Utilities;Eletrobras
00.001.180/0001-26;CENTRAIS ELET BRAS S.A. - ELETROBRAS;Diretoria Estatutária;2015;7910786.45;6960579.57;-950206.8799999999;-12.011534959333908;7.0;7.0;0.0;0.0;2015;2018;realizado;1130112.35;994368.51;-12.011534959333915;Utilities;Eletrobras
00.001.180/0001-26;CENTRAIS ELET BRAS S.A. - ELETROBRAS;Conselho de Administração;2015;799757.11;578115.34;-221641.77000000002;-27.713635456144928;10.0;7.83;-2.17;-21.7;2015;2018;realizado;79975.711;73833.37675606641;-7.680249624706159;Utilities;Eletrobras
00.001.180/0001-26;CENTRAIS ELET BRAS S.A. - ELETROBRAS;Conselho Fiscal;2015;399878.55;351339.38;-48539.169999999984;-12.138478045396528;5.0;4.83;-0.16999999999999993;-3.3999999999999986;2015;2018;realizado;79975.70999999999;72741.07246376811;-9.04604352525521;Utilities;Eletrobras
00.001.180/0001-26;CENTRAIS ELET BRAS S.A. - ELETROBRAS;Diretoria Estatutária;2016;9515172.87;7814294.6;-1700878.2699999996;-17.875432146510224;7.0;7.0;0.0;0.0;2016;2019;realizado;1359310.41;1116327.8;-17.875432146510217;Utilities;Eletrobras
00.001.180/0001-26;CENTRAIS ELET BRAS S.A. - ELETROBRAS;Conselho de Administração;2016;847221.16;673081.19;-174139.9700000001;-20.554251737527434;10.0;8.8;-1.1999999999999993;-11.999999999999993;2016;2019;realizado;84722.11600000001;76486.49886363636;-9.720740610826638;Utilities;Eletrobras
00.001.180/0001-26;CENTRAIS ELET BRAS S.A. - ELETROBRAS;Conselho Fiscal;2016;423610.58;405633.14;-17977.440000000002;-4.2438600093510415;5.0;5.0;0.0;0.0;2016;2019;realizado;84722.11600000001;81126.628;-4.243860009351053;Utilities;Eletrobras
00.001.180/0001-26;CENTRAIS ELET BRAS S.A. - ELETROBRAS;Diretoria Estatutária;2017;10754222.19;8323204.64;-2431017.55;-22.605238268747353;7.0;7.0;0.0;0.0;2017;2020;realizado;1536317.4557142856;1189029.2342857143;-22.605238268747353;Utilities;Eletrobras
00.001.180/0001-26;CENTRAIS ELET BRAS S.A. - ELETROBRAS;Conselho de Administração;2017;738214.79;661975.71;-76239.08000000007;-10.327492896748936;10.0;8.58;-1.42;-14.2;2017;2020;realizado;73821.479;77153.34615384616;4.513411542250667;Utilities;Eletrobras
00.001.180/0001-26;CENTRAIS ELET BRAS S.A. - ELETROBRAS;Conselho Fiscal;2017;369107.4;393229.11;24121.709999999963;6.53514668088474;5.0;5.0;0.0;0.0;2017;2020;realizado;73821.48000000001;78645.822;6.535146680884729;Utilities;Eletrobras
00.001.180/0001-26;CENTRAIS ELET BRAS S.A. - ELETROBRAS;Diretoria Estatutária;2018;9625003.6;6948244.6;-2676759.0;-27.81047271504397;7.0;6.42;-0.5800000000000001;-8.285714285714286;2018;2021;realizado;1375000.5142857141;1082281.090342679;-21.288677415156975;Utilities;Eletrobras
00.001.180/0001-26;CENTRAIS ELET BRAS S.A. - ELETROBRAS;Conselho de Administração;2018;2096632.0;588596.49;-1508035.51;-71.9265712819417;11.0;10.08;-0.9199999999999999;-8.363636363636363;2018;2021;realizado;190602.9090909091;58392.50892857143;-69.36431389894432;Utilities;Eletrobras
00.001.180/0001-26;CENTRAIS ELET BRAS S.A. - ELETROBRAS;Conselho Fiscal;2018;384173.18;382649.66;-1523.5200000000186;-0.3965711505420599;5.0;5.0;0.0;0.0;2018;2021;realizado;76834.636;76529.932;-0.3965711505420577;Utilities;Eletrobras
00.001.180/0001-26;CENTRAIS ELET BRAS S.A. - ELETROBRAS;Diretoria Estatutária;2019;9240325.78;5707520.05;-3532805.7299999995;-38.232480262184;7.0;5.67;-1.33;-19.0;2019;2021;realizado;1320046.5399999998;1006617.2927689594;-23.743802792819746;Utilities;Eletrobras
00.001.180/0001-26;CENTRAIS ELET BRAS S.A. - ELETROBRAS;Conselho de Administração;2019;2782419.04;597351.44;-2185067.6;-78.53121936658398;11.0;10.92;-0.08000000000000007;-0.727272727272728;2019;2021;realizado;252947.18545454546;54702.51282051281;-78.37393892238313;Utilities;Eletrobras
00.001.180/0001-26;CENTRAIS ELET BRAS S.A. - ELETROBRAS;Conselho Fiscal;2019;391706.03;358410.82;-33295.21000000002;-8.50005040769988;5.0;4.75;-0.25;-5.0;2019;2021;realizado;78341.206;75454.90947368421;-3.6842635870525053;Utilities;Eletrobras
00.001.180/0001-26;CENTRAIS ELET BRAS S.A. - ELETROBRAS;Diretoria Estatutária;2020;10477311.26;6310871.99;-4166439.2699999996;-39.7663023137102;7.0;6.0;-1.0;-14.285714285714286;2020;2021;realizado;1496758.7514285713;1051811.9983333333;-29.72735269932857;Utilities;Eletrobras
00.001.180/0001-26;CENTRAIS ELET BRAS S.A. - ELETROBRAS;Conselho de Administração;2020;2027079.23;582336.02;-1444743.21;-71.27216285472966;11.0;11.0;0.0;0.0;2020;2021;realizado;184279.93;52939.63818181818;-71.27216285472966;Utilities;Eletrobras
00.001.180/0001-26;CENTRAIS ELET BRAS S.A. - ELETROBRAS;Conselho Fiscal;2020;368856.59;327690.95;-41165.640000000014;-11.160337409181171;5.0;4.42;-0.5800000000000001;-11.600000000000001;2020;2021;realizado;73771.318;74138.22398190046;0.49735587196702014;Utilities;Eletrobras
00.001.180/0001-26;CENTRAIS ELET BRAS S.A. - ELETROBRAS;Diretoria Estatutária;2021;11659240.78;;;;6.75;;;;2021;;so previsao;1727294.9303703702;;;Utilities;Eletrobras
00.001.180/0001-26;CENTRAIS ELET BRAS S.A. - ELETROBRAS;Conselho de Administração;2021;597351.74;;;;10.75;;;;2021;;so previsao;55567.60372093023;;;Utilities;Eletrobras
00.001.180/0001-26;CENTRAIS ELET BRAS S.A. - ELETROBRAS;Conselho Fiscal;2021;385177.62;;;;5.0;;;;2021;;so previsao;77035.524;;;Utilities;Eletrobras
17.155.730/0001-64;CIA ENERGETICA DE MINAS GERAIS - CEMIG;Diretoria Estatutária;2007;;3759521.22;;;;7.0;;;;2010;so realizado;;537074.4600000001;;Utilities;Cemig
17.155.730/0001-64;CIA ENERGETICA DE MINAS GERAIS - CEMIG;Conselho de Administração;2007;;1254269.49;;;;13.0;;;;2010;so realizado;;96482.26846153846;;Utilities;Cemig
17.155.730/0001-64;CIA ENERGETICA DE MINAS GERAIS - CEMIG;Conselho Fiscal;2007;;181520.47;;;;5.0;;;;2010;so realizado;;36304.094;;Utilities;Cemig
17.155.730/0001-64;CIA ENERGETICA DE MINAS GERAIS - CEMIG;Diretoria Estatutária;2008;;3770032.07;;;;7.17;;;;2010;so realizado;;525806.4253835425;;Utilities;Cemig
17.155.730/0001-64;CIA ENERGETICA DE MINAS GERAIS - CEMIG;Conselho de Administração;2008;;1166513.17;;;;12.08;;;;2010;so realizado;;96565.65976821192;;Utilities;Cemig
17.155.730/0001-64;CIA ENERGETICA DE MINAS GERAIS - CEMIG;Conselho Fiscal;2008;;181477.8;;;;5.0;;;;2010;so realizado;;36295.56;;Utilities;Cemig
17.155.730/0001-64;CIA ENERGETICA DE MINAS GERAIS - CEMIG;Diretoria Estatutária;2009;;4681384.61;;;;8.33;;;;2012;so realizado;;561990.9495798319;;Utilities;Cemig
17.155.730/0001-64;CIA ENERGETICA DE MINAS GERAIS - CEMIG;Conselho de Administração;2009;;1197333.66;;;;12.75;;;;2012;so realizado;;93908.52235294117;;Utilities;Cemig
17.155.730/0001-64;CIA ENERGETICA DE MINAS GERAIS - CEMIG;Conselho Fiscal;2009;;212496.98;;;;5.0;;;;2012;so realizado;;42499.396;;Utilities;Cemig
17.155.730/0001-64;CIA ENERGETICA DE MINAS GERAIS - CEMIG;Diretoria Estatutária;2010;;5248286.97;;;;9.0;;;;2013;so realizado;;583142.9966666666;;Utilities;Cemig
17.155.730/0001-64;CIA ENERGETICA DE MINAS GERAIS - CEMIG;Conselho de Administração;2010;;1282351.15;;;;13.0;;;;2013;so realizado;;98642.39615384614;;Utilities;Cemig
17.155.730/0001-64;CIA ENERGETICA DE MINAS GERAIS - CEMIG;Conselho Fiscal;2010;;210750.12;;;;5.0;;;;2013;so realizado;;42150.024;;Utilities;Cemig
17.155.730/0001-64;CIA ENERGETICA DE MINAS GERAIS - CEMIG;Diretoria Estatutária;2011;8801104.67;8801104.67;0.0;0.0;11.0;11.0;0.0;0.0;2011;2014;realizado;800100.4245454546;800100.4245454546;0.0;Utilities;Cemig
17.155.730/0001-64;CIA ENERGETICA DE MINAS GERAIS - CEMIG;Conselho de Administração;2011;1221999.94;1221999.94;0.0;0.0;12.83;12.83;0.0;0.0;2011;2014;realizado;95245.51363990646;95245.51363990646;0.0;Utilities;Cemig
17.155.730/0001-64;CIA ENERGETICA DE MINAS GERAIS - CEMIG;Conselho Fiscal;2011;374613.8;374613.8;0.0;0.0;8.33;8.33;0.0;0.0;2011;2014;realizado;44971.644657863144;44971.644657863144;0.0;Utilities;Cemig
17.155.730/0001-64;CIA ENERGETICA DE MINAS GERAIS - CEMIG;Diretoria Estatutária;2012;9271846.97;9984531.46;712684.4900000002;7.686542846381774;11.0;11.0;0.0;0.0;2012;2015;realizado;842895.1790909092;907684.6781818182;7.686542846381772;Utilities;Cemig
17.155.730/0001-64;CIA ENERGETICA DE MINAS GERAIS - CEMIG;Conselho de Administração;2012;1224549.31;1186527.25;-38022.060000000056;-3.104983987945741;13.0;13.0;0.0;0.0;2012;2015;realizado;94196.10076923078;91271.32692307692;-3.104983987945742;Utilities;Cemig
17.155.730/0001-64;CIA ENERGETICA DE MINAS GERAIS - CEMIG;Conselho Fiscal;2012;444869.32;459814.2;14944.880000000005;3.3593865272615346;10.0;10.0;0.0;0.0;2012;2015;realizado;44486.932;45981.42;3.359386527261532;Utilities;Cemig
17.155.730/0001-64;CIA ENERGETICA DE MINAS GERAIS - CEMIG;Diretoria Estatutária;2013;10063421.46;10137660.71;74239.25;0.737713811302503;11.0;11.0;0.0;0.0;2013;2016;realizado;914856.4963636365;921605.5190909092;0.7377138113024984;Utilities;Cemig
17.155.730/0001-64;CIA ENERGETICA DE MINAS GERAIS - CEMIG;Conselho de Administração;2013;1231322.49;1278111.18;46788.689999999944;3.7998729317451145;13.0;28.0;15.0;115.38461538461539;2013;2016;realizado;94717.11461538462;45646.82785714285;-51.80720185311834;Utilities;Cemig
17.155.730/0001-64;CIA ENERGETICA DE MINAS GERAIS - CEMIG;Conselho Fiscal;2013;459814.32;463648.61;3834.289999999979;0.8338779009753282;10.0;10.0;0.0;0.0;2013;2016;realizado;45981.432;46364.861;0.8338779009753328;Utilities;Cemig
17.155.730/0001-64;CIA ENERGETICA DE MINAS GERAIS - CEMIG;Diretoria Estatutária;2014;10399408.21;10647079.4;247671.18999999948;2.3815892692993867;11.0;11.0;0.0;0.0;2014;2017;realizado;945400.7463636365;967916.3090909091;2.381589269299389;Utilities;Cemig
17.155.730/0001-64;CIA ENERGETICA DE MINAS GERAIS - CEMIG;Conselho de Administração;2014;1278111.18;1312135.09;34023.91000000015;2.6620461922569327;13.0;30.0;17.0;130.76923076923077;2014;2017;realizado;98316.24461538461;43737.83633333333;-55.51311331668867;Utilities;Cemig
17.155.730/0001-64;CIA ENERGETICA DE MINAS GERAIS - CEMIG;Conselho Fiscal;2014;459814.32;511580.1;51765.77999999997;11.257974740760568;10.0;10.0;0.0;0.0;2014;2017;realizado;45981.432;51158.009999999995;11.257974740760556;Utilities;Cemig
17.155.730/0001-64;CIA ENERGETICA DE MINAS GERAIS - CEMIG;Diretoria Estatutária;2015;12518424.0;11370533.89;-1147890.1099999994;-9.169605614892093;11.0;11.0;0.0;0.0;2015;2018;realizado;1138038.5454545454;1033684.8990909092;-9.169605614892085;Utilities;Cemig
17.155.730/0001-64;CIA ENERGETICA DE MINAS GERAIS - CEMIG;Conselho de Administração;2015;3609309.99;3210645.67;-398664.3200000003;-11.045444173666011;28.0;30.0;2.0;7.142857142857143;2015;2018;realizado;128903.92821428573;107021.52233333333;-16.975747895421613;Utilities;Cemig
17.155.730/0001-64;CIA ENERGETICA DE MINAS GERAIS - CEMIG;Conselho Fiscal;2015;882150.24;888694.32;6544.079999999958;0.7418328197700154;10.0;10.0;0.0;0.0;2015;2018;realizado;88215.024;88869.432;0.7418328197700053;Utilities;Cemig
17.155.730/0001-64;CIA ENERGETICA DE MINAS GERAIS - CEMIG;Diretoria Estatutária;2016;12696396.98;10515171.34;-2181225.6400000006;-17.179879011628074;11.0;11.0;0.0;0.0;2016;2019;realizado;1154217.9072727272;955924.6672727272;-17.179879011628074;Utilities;Cemig
17.155.730/0001-64;CIA ENERGETICA DE MINAS GERAIS - CEMIG;Conselho de Administração;2016;4302649.99;4567013.03;264363.04000000004;6.1441911522996095;30.0;30.0;0.0;0.0;2016;2019;realizado;143421.66633333333;152233.76766666668;6.144191152299627;Utilities;Cemig
17.155.730/0001-64;CIA ENERGETICA DE MINAS GERAIS - CEMIG;Conselho Fiscal;2016;995160.92;1190648.5;195487.57999999996;19.643815997115315;10.0;10.0;0.0;0.0;2016;2019;realizado;99516.092;119064.85;19.643815997115333;Utilities;Cemig
17.155.730/0001-64;CIA ENERGETICA DE MINAS GERAIS - CEMIG;Diretoria Estatutária;2017;12494705.93;12243599.06;-251106.86999999918;-2.0097061219911336;11.0;11.0;0.0;0.0;2017;2020;realizado;1135882.3572727272;1113054.46;-2.0097061219911394;Utilities;Cemig
17.155.730/0001-64;CIA ENERGETICA DE MINAS GERAIS - CEMIG;Conselho de Administração;2017;5463824.94;5829486.42;365661.4799999995;6.692408413802502;30.0;30.0;0.0;0.0;2017;2020;realizado;182127.49800000002;194316.214;6.6924084138024975;Utilities;Cemig
17.155.730/0001-64;CIA ENERGETICA DE MINAS GERAIS - CEMIG;Conselho Fiscal;2017;1266588.24;1525734.27;259146.03000000003;20.460163912464562;10.0;10.0;0.0;0.0;2017;2020;realizado;126658.824;152573.427;20.46016391246457;Utilities;Cemig
17.155.730/0001-64;CIA ENERGETICA DE MINAS GERAIS - CEMIG;Diretoria Estatutária;2018;15367996.35;19076008.59;3708012.24;24.12814367957603;11.0;11.0;0.0;0.0;2018;2021;realizado;1397090.5772727272;1734182.5990909091;24.128143679576052;Utilities;Cemig
17.155.730/0001-64;CIA ENERGETICA DE MINAS GERAIS - CEMIG;Conselho de Administração;2018;0.0;4732450.65;4732450.65;;30.0;19.0;-11.0;-36.666666666666664;2018;2021;realizado;0.0;249076.35;;Utilities;Cemig
17.155.730/0001-64;CIA ENERGETICA DE MINAS GERAIS - CEMIG;Conselho Fiscal;2018;1755681.12;1559841.0;-195840.1200000001;-11.154652047519887;10.0;9.0;-1.0;-10.0;2018;2021;realizado;175568.11200000002;173315.66666666666;-1.282946719466549;Utilities;Cemig
17.155.730/0001-64;CIA ENERGETICA DE MINAS GERAIS - CEMIG;Diretoria Estatutária;2019;16669745.91;16843035.58;173289.66999999806;1.0395459591021328;7.0;6.67;-0.33000000000000007;-4.714285714285715;2019;2022;realizado;2381392.272857143;2525192.740629685;6.038504005054723;Utilities;Cemig
17.155.730/0001-64;CIA ENERGETICA DE MINAS GERAIS - CEMIG;Conselho de Administração;2019;2584097.37;2544755.99;-39341.37999999989;-1.5224418575217964;9.0;10.67;1.67;18.555555555555557;2019;2022;realizado;287121.93;238496.34395501408;-16.935517967919033;Utilities;Cemig
17.155.730/0001-64;CIA ENERGETICA DE MINAS GERAIS - CEMIG;Conselho Fiscal;2019;1818358.66;1789356.77;-29001.889999999898;-1.5949488204928668;10.0;9.83;-0.16999999999999993;-1.6999999999999993;2019;2022;realizado;181835.86599999998;182030.19023397763;0.10686793439180775;Utilities;Cemig
17.155.730/0001-64;CIA ENERGETICA DE MINAS GERAIS - CEMIG;Diretoria Estatutária;2020;14750488.35;12057673.19;-2692815.16;-18.25576954541983;7.0;7.0;0.0;0.0;2020;2023;realizado;2107212.621428571;1722524.7414285713;-18.25576954541983;Utilities;Cemig
17.155.730/0001-64;CIA ENERGETICA DE MINAS GERAIS - CEMIG;Conselho de Administração;2020;3120036.33;2006043.97;-1113992.36;-35.70446758227332;9.0;8.0;-1.0;-11.11111111111111;2020;2023;realizado;346670.70333333337;250755.49625;-27.667526030057488;Utilities;Cemig
17.155.730/0001-64;CIA ENERGETICA DE MINAS GERAIS - CEMIG;Conselho Fiscal;2020;1863921.12;1411229.13;-452691.9900000002;-24.287078736464995;10.0;9.0;-1.0;-10.0;2020;2023;realizado;186392.11200000002;156803.23666666666;-15.874531929405556;Utilities;Cemig
17.155.730/0001-64;CIA ENERGETICA DE MINAS GERAIS - CEMIG;Diretoria Estatutária;2021;11995778.75;12597631.42;601852.6699999999;5.0172038226363584;7.0;7.0;0.0;0.0;2021;2024;realizado;1713682.6785714286;1799661.6314285714;5.017203822636351;Utilities;Cemig
17.155.730/0001-64;CIA ENERGETICA DE MINAS GERAIS - CEMIG;Conselho de Administração;2021;2585588.81;2052987.28;-532601.53;-20.598848816954774;9.0;8.0;-1.0;-11.11111111111111;2021;2024;realizado;287287.6455555556;256623.41;-10.673704919074133;Utilities;Cemig
17.155.730/0001-64;CIA ENERGETICA DE MINAS GERAIS - CEMIG;Conselho Fiscal;2021;1522093.2;1522790.71;697.5100000000093;0.045825708964471384;10.0;10.0;0.0;0.0;2021;2024;realizado;152209.32;152279.071;0.04582570896445315;Utilities;Cemig
17.155.730/0001-64;CIA ENERGETICA DE MINAS GERAIS - CEMIG;Diretoria Estatutária;2022;12648459.55;13671218.66;1022759.1099999994;8.086036927714247;7.0;7.0;0.0;0.0;2022;2025;realizado;1806922.7928571429;1953031.2371428572;8.086036927714257;Utilities;Cemig
17.155.730/0001-64;CIA ENERGETICA DE MINAS GERAIS - CEMIG;Conselho de Administração;2022;2582819.69;2800476.13;217656.43999999994;8.427086135463059;9.0;10.0;1.0;11.11111111111111;2022;2025;realizado;286979.96555555554;280047.613;-2.4156224780832347;Utilities;Cemig
17.155.730/0001-64;CIA ENERGETICA DE MINAS GERAIS - CEMIG;Conselho Fiscal;2022;1526275.2;1586977.41;60702.20999999996;3.9771471095120963;10.0;10.0;0.0;0.0;2022;2025;realizado;152627.52;158697.74099999998;3.9771471095120914;Utilities;Cemig
17.155.730/0001-64;CIA ENERGETICA DE MINAS GERAIS - CEMIG;Diretoria Estatutária;2023;14070160.56;14209508.83;139348.26999999955;0.9903815198538114;7.0;7.0;0.0;0.0;2023;2026;realizado;2010022.9371428571;2029929.832857143;0.9903815198538224;Utilities;Cemig
17.155.730/0001-64;CIA ENERGETICA DE MINAS GERAIS - CEMIG;Conselho de Administração;2023;3418260.75;3317848.28;-100412.4700000002;-2.9375310236353447;11.0;11.0;0.0;0.0;2023;2026;realizado;310750.9772727273;301622.57090909086;-2.9375310236353647;Utilities;Cemig
17.155.730/0001-64;CIA ENERGETICA DE MINAS GERAIS - CEMIG;Conselho Fiscal;2023;1641229.2;1456410.67;-184818.53000000003;-11.26098231739967;10.0;8.67;-1.33;-13.3;2023;2026;realizado;164122.91999999998;167982.77623990772;2.351808169089198;Utilities;Cemig
17.155.730/0001-64;CIA ENERGETICA DE MINAS GERAIS - CEMIG;Diretoria Estatutária;2024;15644815.97;16829554.35;1184738.3800000008;7.572721739084802;7.0;7.0;0.0;0.0;2024;2026;realizado;2234973.71;2404222.0500000003;7.572721739084809;Utilities;Cemig
17.155.730/0001-64;CIA ENERGETICA DE MINAS GERAIS - CEMIG;Conselho de Administração;2024;3625558.66;3651050.03;25491.369999999646;0.7031018496884462;9.0;9.0;0.0;0.0;2024;2026;realizado;402839.8511111111;405672.22555555555;0.7031018496884478;Utilities;Cemig
17.155.730/0001-64;CIA ENERGETICA DE MINAS GERAIS - CEMIG;Conselho Fiscal;2024;1737980.4;1938538.6;200558.2000000002;11.539727375521622;10.0;10.0;0.0;0.0;2024;2026;realizado;173798.03999999998;193853.86000000002;11.539727375521625;Utilities;Cemig
17.155.730/0001-64;CIA ENERGETICA DE MINAS GERAIS - CEMIG;Diretoria Estatutária;2025;14127332.19;20609718.85;6482386.660000002;45.885426723302686;7.0;7.0;0.0;0.0;2025;2026;realizado;2018190.3128571429;2944245.5500000003;45.88542672330267;Utilities;Cemig
17.155.730/0001-64;CIA ENERGETICA DE MINAS GERAIS - CEMIG;Conselho de Administração;2025;2932463.52;3319185.78;386722.2599999998;13.187623899239496;9.0;9.0;0.0;0.0;2025;2026;realizado;325829.28;368798.42;13.187623899239487;Utilities;Cemig
17.155.730/0001-64;CIA ENERGETICA DE MINAS GERAIS - CEMIG;Conselho Fiscal;2025;1804016.88;1958550.35;154533.4700000002;8.56607672096728;10.0;9.0;-1.0;-10.0;2025;2026;realizado;180401.688;217616.70555555556;20.628974134408075;Utilities;Cemig
17.155.730/0001-64;CIA ENERGETICA DE MINAS GERAIS - CEMIG;Diretoria Estatutária;2026;20954514.27;;;;8.0;;;;2026;;so previsao;2619314.28375;;;Utilities;Cemig
17.155.730/0001-64;CIA ENERGETICA DE MINAS GERAIS - CEMIG;Conselho de Administração;2026;3396260.45;;;;9.0;;;;2026;;so previsao;377362.27222222224;;;Utilities;Cemig
17.155.730/0001-64;CIA ENERGETICA DE MINAS GERAIS - CEMIG;Conselho Fiscal;2026;1765057.92;;;;9.0;;;;2026;;so previsao;196117.54666666666;;;Utilities;Cemig
76.483.817/0001-20;CIA PARANAENSE DE ENERGIA - COPEL;Diretoria Estatutária;2008;;4639177.96;;;;0.07;;;;2010;so realizado;;66273970.85714285;;Utilities;Copel
76.483.817/0001-20;CIA PARANAENSE DE ENERGIA - COPEL;Conselho de Administração;2008;;708307.33;;;;0.09;;;;2010;so realizado;;7870081.444444444;;Utilities;Copel
76.483.817/0001-20;CIA PARANAENSE DE ENERGIA - COPEL;Conselho Fiscal;2008;;567802.5;;;;0.1;;;;2010;so realizado;;5678025.0;;Utilities;Copel
76.483.817/0001-20;CIA PARANAENSE DE ENERGIA - COPEL;Diretoria Estatutária;2009;;5924061.52;;;;8.0;;;;2012;so realizado;;740507.69;;Utilities;Copel
76.483.817/0001-20;CIA PARANAENSE DE ENERGIA - COPEL;Conselho de Administração;2009;;829064.45;;;;9.0;;;;2012;so realizado;;92118.27222222222;;Utilities;Copel
76.483.817/0001-20;CIA PARANAENSE DE ENERGIA - COPEL;Conselho Fiscal;2009;;551792.87;;;;5.0;;;;2012;so realizado;;110358.574;;Utilities;Copel
76.483.817/0001-20;CIA PARANAENSE DE ENERGIA - COPEL;Diretoria Estatutária;2010;6021089.01;6274137.93;253048.91999999993;4.202710167209435;0.08;8.0;7.92;9900.0;2010;2013;realizado;75263612.625;784267.24125;-98.95797289832791;Utilities;Copel
76.483.817/0001-20;CIA PARANAENSE DE ENERGIA - COPEL;Conselho de Administração;2010;896221.35;860453.17;-35768.179999999935;-3.9909984291269045;0.09;9.0;8.91;9900.0;2010;2013;realizado;9958015.0;95605.90777777779;-99.03990998429127;Utilities;Copel
76.483.817/0001-20;CIA PARANAENSE DE ENERGIA - COPEL;Conselho Fiscal;2010;639901.34;573586.56;-66314.77999999991;-10.3632819396815;0.1;5.0;4.9;4900.0;2010;2013;realizado;6399013.399999999;114717.312;-98.20726563879363;Utilities;Copel
76.483.817/0001-20;CIA PARANAENSE DE ENERGIA - COPEL;Diretoria Estatutária;2011;7036433.36;7047000.0;10566.639999999665;0.1501703982598318;8.0;8.0;0.0;0.0;2011;2014;realizado;879554.17;880875.0;0.15017039825984124;Utilities;Copel
76.483.817/0001-20;CIA PARANAENSE DE ENERGIA - COPEL;Conselho de Administração;2011;937814.97;887080.49;-50734.47999999998;-5.40986032671242;9.0;9.0;0.0;0.0;2011;2014;realizado;104201.66333333333;98564.49888888889;-5.409860326712412;Utilities;Copel
76.483.817/0001-20;CIA PARANAENSE DE ENERGIA - COPEL;Conselho Fiscal;2011;681494.97;600686.37;-80808.59999999998;-11.857548999958134;5.0;5.0;0.0;0.0;2011;2014;realizado;136298.994;120137.274;-11.857548999958134;Utilities;Copel
76.483.817/0001-20;CIA PARANAENSE DE ENERGIA - COPEL;Diretoria Estatutária;2012;10046709.25;9489453.27;-557255.9800000004;-5.5466518054157925;9.0;8.75;-0.25;-2.7777777777777777;2012;2015;realizado;1116301.0277777778;1084508.945142857;-2.84798471414196;Utilities;Copel
76.483.817/0001-20;CIA PARANAENSE DE ENERGIA - COPEL;Conselho de Administração;2012;1448787.22;898423.3;-550363.9199999999;-37.98790549795159;9.0;6.75;-2.25;-25.0;2012;2015;realizado;160976.35777777777;133099.74814814815;-17.317207330602113;Utilities;Copel
76.483.817/0001-20;CIA PARANAENSE DE ENERGIA - COPEL;Conselho Fiscal;2012;667577.37;510414.93;-157162.44;-23.54220605171203;5.0;5.0;0.0;0.0;2012;2015;realizado;133515.474;102082.986;-23.54220605171202;Utilities;Copel
76.483.817/0001-20;CIA PARANAENSE DE ENERGIA - COPEL;Diretoria Estatutária;2013;10726871.47;9675279.18;-1051592.290000001;-9.80334567204431;9.0;6.0;-3.0;-33.333333333333336;2013;2016;realizado;1191874.6077777778;1612546.53;35.294981491933555;Utilities;Copel
76.483.817/0001-20;CIA PARANAENSE DE ENERGIA - COPEL;Conselho de Administração;2013;1546870.11;919038.67;-627831.4400000001;-40.5872112946833;9.0;9.0;0.0;0.0;2013;2016;realizado;171874.45666666667;102115.40777777779;-40.5872112946833;Utilities;Copel
76.483.817/0001-20;CIA PARANAENSE DE ENERGIA - COPEL;Conselho Fiscal;2013;712772.36;529664.15;-183108.20999999996;-25.689577805738704;5.0;5.0;0.0;0.0;2013;2016;realizado;142554.472;105932.83;-25.689577805738708;Utilities;Copel
76.483.817/0001-20;CIA PARANAENSE DE ENERGIA - COPEL;Diretoria Estatutária;2014;7644920.0;6931866.58;-713053.4199999999;-9.327153456151274;6.0;6.0;0.0;0.0;2014;2017;realizado;1274153.3333333333;1155311.0966666667;-9.327153456151272;Utilities;Copel
76.483.817/0001-20;CIA PARANAENSE DE ENERGIA - COPEL;Conselho de Administração;2014;1472906.0;1067890.48;-405015.52;-27.49771675857115;9.0;9.0;0.0;0.0;2014;2017;realizado;163656.22222222222;118654.49777777778;-27.497716758571144;Utilities;Copel
76.483.817/0001-20;CIA PARANAENSE DE ENERGIA - COPEL;Conselho Fiscal;2014;689874.0;511018.21;-178855.78999999998;-25.925863273583285;5.0;5.0;0.0;0.0;2014;2017;realizado;137974.8;102203.642;-25.925863273583282;Utilities;Copel
76.483.817/0001-20;CIA PARANAENSE DE ENERGIA - COPEL;Diretoria Estatutária;2015;7698319.7;6999563.07;-698756.6299999999;-9.076742162318874;6.0;6.0;0.0;0.0;2015;2018;realizado;1283053.2833333334;1166593.845;-9.076742162318885;Utilities;Copel
76.483.817/0001-20;CIA PARANAENSE DE ENERGIA - COPEL;Conselho de Administração;2015;1390610.86;1138229.45;-252381.41000000015;-18.14896009081938;9.0;9.0;0.0;0.0;2015;2018;realizado;154512.3177777778;126469.93888888888;-18.148960090819376;Utilities;Copel
76.483.817/0001-20;CIA PARANAENSE DE ENERGIA - COPEL;Conselho Fiscal;2015;649108.71;559865.39;-89243.31999999995;-13.748593821826848;5.0;5.0;0.0;0.0;2015;2018;realizado;129821.742;111973.07800000001;-13.748593821826848;Utilities;Copel
76.483.817/0001-20;CIA PARANAENSE DE ENERGIA - COPEL;Diretoria Estatutária;2016;7688647.18;6900914.63;-787732.5499999998;-10.245398592994091;6.0;6.0;0.0;0.0;2016;2019;realizado;1281441.1966666665;1150152.4383333332;-10.245398592994093;Utilities;Copel
76.483.817/0001-20;CIA PARANAENSE DE ENERGIA - COPEL;Conselho de Administração;2016;1639751.6;1363674.97;-276076.6300000001;-16.83649096607072;9.0;7.5;-1.5;-16.666666666666668;2016;2019;realizado;182194.62222222224;181823.32933333333;-0.20378915928487285;Utilities;Copel
76.483.817/0001-20;CIA PARANAENSE DE ENERGIA - COPEL;Conselho Fiscal;2016;518485.82;516245.26;-2240.5599999999977;-0.4321352510662679;5.0;5.0;0.0;0.0;2016;2019;realizado;103697.164;103249.052;-0.43213525106627904;Utilities;Copel
76.483.817/0001-20;CIA PARANAENSE DE ENERGIA - COPEL;Diretoria Estatutária;2017;10108375.59;9424607.56;-683768.0299999993;-6.764371029865932;7.0;7.0;0.0;0.0;2017;2020;realizado;1444053.6557142858;1346372.5085714287;-6.764371029865934;Utilities;Copel
76.483.817/0001-20;CIA PARANAENSE DE ENERGIA - COPEL;Conselho de Administração;2017;1989309.79;1297241.97;-692067.8200000001;-34.789343694930494;9.0;8.75;-0.25;-2.7777777777777777;2017;2020;realizado;221034.42111111112;148256.22514285715;-32.92618208621422;Utilities;Copel
76.483.817/0001-20;CIA PARANAENSE DE ENERGIA - COPEL;Conselho Fiscal;2017;794258.56;710122.54;-84136.02000000002;-10.59302653282075;5.0;5.0;0.0;0.0;2017;2020;realizado;158851.712;142024.508;-10.593026532820748;Utilities;Copel
76.483.817/0001-20;CIA PARANAENSE DE ENERGIA - COPEL;Diretoria Estatutária;2018;9876902.86;9281651.0;-595251.8599999994;-6.026705622576098;7.0;6.75;-0.25;-3.5714285714285716;2018;2021;realizado;1410986.1228571427;1375059.4074074074;-2.5462132382270575;Utilities;Copel
76.483.817/0001-20;CIA PARANAENSE DE ENERGIA - COPEL;Conselho de Administração;2018;2151912.58;1685219.0;-466693.5800000001;-21.687385646493134;9.0;8.17;-0.8300000000000001;-9.222222222222221;2018;2021;realizado;239101.39777777778;206269.15544675643;-13.73151417606342;Utilities;Copel
76.483.817/0001-20;CIA PARANAENSE DE ENERGIA - COPEL;Conselho Fiscal;2018;839560.12;783091.0;-56469.119999999995;-6.726036486821218;5.0;4.92;-0.08000000000000007;-1.6000000000000014;2018;2021;realizado;167912.024;159164.837398374;-5.209386673598804;Utilities;Copel
76.483.817/0001-20;CIA PARANAENSE DE ENERGIA - COPEL;Diretoria Estatutária;2019;9876902.86;8312114.5;-1564788.3599999994;-15.842905232339193;7.0;7.0;0.0;0.0;2019;2022;realizado;1410986.1228571427;1187444.9285714286;-15.842905232339188;Utilities;Copel
76.483.817/0001-20;CIA PARANAENSE DE ENERGIA - COPEL;Conselho de Administração;2019;1837655.77;1567895.0;-269760.77;-14.679613799487594;9.0;8.33;-0.6699999999999999;-7.444444444444445;2019;2022;realizado;204183.97444444444;188222.68907563025;-7.81710974734554;Utilities;Copel
76.483.817/0001-20;CIA PARANAENSE DE ENERGIA - COPEL;Conselho Fiscal;2019;839560.12;679960.1;-159600.02000000002;-19.0099572619052;5.0;5.0;0.0;0.0;2019;2022;realizado;167912.024;135992.02;-19.009957261905207;Utilities;Copel
76.483.817/0001-20;CIA PARANAENSE DE ENERGIA - COPEL;Diretoria Estatutária;2020;9876902.86;8246909.32;-1629993.539999999;-16.503083639723062;7.0;7.0;0.0;0.0;2020;2023;realizado;1410986.1228571427;1178129.902857143;-16.503083639723048;Utilities;Copel
76.483.817/0001-20;CIA PARANAENSE DE ENERGIA - COPEL;Conselho de Administração;2020;2286065.29;1928780.09;-357285.19999999995;-15.628827468877756;9.0;9.0;0.0;0.0;2020;2023;realizado;254007.25444444444;214308.89888888889;-15.628827468877759;Utilities;Copel
76.483.817/0001-20;CIA PARANAENSE DE ENERGIA - COPEL;Conselho Fiscal;2020;839560.12;683702.47;-155857.65000000002;-18.564203597474357;5.0;5.0;0.0;0.0;2020;2023;realizado;167912.024;136740.494;-18.56420359747435;Utilities;Copel
76.483.817/0001-20;CIA PARANAENSE DE ENERGIA - COPEL;Diretoria Estatutária;2021;9876902.86;8460953.07;-1415949.789999999;-14.335969585510323;7.0;7.0;0.0;0.0;2021;2024;realizado;1410986.1228571427;1208707.5814285714;-14.335969585510322;Utilities;Copel
76.483.817/0001-20;CIA PARANAENSE DE ENERGIA - COPEL;Conselho de Administração;2021;2320478.45;1941151.97;-379326.4800000002;-16.346908112850613;9.0;9.0;0.0;0.0;2021;2024;realizado;257830.93888888892;215683.5522222222;-16.34690811285062;Utilities;Copel
76.483.817/0001-20;CIA PARANAENSE DE ENERGIA - COPEL;Conselho Fiscal;2021;805146.96;671560.76;-133586.19999999995;-16.591530072969533;5.0;5.0;0.0;0.0;2021;2024;realizado;161029.392;134312.152;-16.59153007296953;Utilities;Copel
76.483.817/0001-20;CIA PARANAENSE DE ENERGIA - COPEL;;2021;;0.0;;;;0.0;;;;2022;so realizado;;;;Utilities;Copel
76.483.817/0001-20;CIA PARANAENSE DE ENERGIA - COPEL;Diretoria Estatutária;2022;5730241.98;5829078.87;98836.88999999966;1.724829254069296;7.0;7.0;0.0;0.0;2022;2025;realizado;818605.9971428572;832725.5528571429;1.7248292540692933;Utilities;Copel
76.483.817/0001-20;CIA PARANAENSE DE ENERGIA - COPEL;Conselho de Administração;2022;1951712.52;2057977.42;106264.8999999999;5.4447004315983945;9.0;9.0;0.0;0.0;2022;2025;realizado;216856.94666666666;228664.15777777776;5.444700431598393;Utilities;Copel
76.483.817/0001-20;CIA PARANAENSE DE ENERGIA - COPEL;Conselho Fiscal;2022;673261.8;672021.12;-1240.6800000000512;-0.184278983301897;5.0;5.0;0.0;0.0;2022;2025;realizado;134652.36000000002;134404.224;-0.18427898330191095;Utilities;Copel
76.483.817/0001-20;CIA PARANAENSE DE ENERGIA - COPEL;Diretoria Estatutária;2023;10527919.35;10035032.86;-492886.4900000002;-4.681708451727456;7.0;7.0;0.0;0.0;2023;2026;realizado;1503988.4785714285;1433576.1228571427;-4.6817084517274505;Utilities;Copel
76.483.817/0001-20;CIA PARANAENSE DE ENERGIA - COPEL;Conselho de Administração;2023;3378004.15;2990335.42;-387668.73;-11.476265652308332;9.0;9.0;0.0;0.0;2023;2026;realizado;375333.7944444444;332259.4911111111;-11.476265652308316;Utilities;Copel
76.483.817/0001-20;CIA PARANAENSE DE ENERGIA - COPEL;Conselho Fiscal;2023;734459.83;626851.5;-107608.32999999996;-14.65135676650961;5.0;5.0;0.0;0.0;2023;2026;realizado;146891.966;125370.3;-14.651356766509604;Utilities;Copel
76.483.817/0001-20;CIA PARANAENSE DE ENERGIA - COPEL;Diretoria Estatutária;2024;48426360.02;40255164.47;-8171195.5500000045;-16.873445674267725;8.0;8.17;0.16999999999999993;2.124999999999999;2024;2026;realizado;6053295.0025;4927192.713586291;-18.60312917920952;Utilities;Copel
76.483.817/0001-20;CIA PARANAENSE DE ENERGIA - COPEL;Conselho de Administração;2024;11202375.62;8366748.62;-2835626.999999999;-25.312729158424695;9.0;9.0;0.0;0.0;2024;2026;realizado;1244708.4022222222;929638.7355555556;-25.312729158424695;Utilities;Copel
76.483.817/0001-20;CIA PARANAENSE DE ENERGIA - COPEL;Conselho Fiscal;2024;522716.64;466652.56;-56064.080000000016;-10.725520427281598;3.0;3.75;0.75;25.0;2024;2026;realizado;174238.88;124440.68266666666;-28.580416341825277;Utilities;Copel
76.483.817/0001-20;CIA PARANAENSE DE ENERGIA - COPEL;Diretoria Estatutária;2025;47890344.44;41862246.1;-6028098.339999996;-12.587293765557217;9.0;9.0;0.0;0.0;2025;2026;realizado;5321149.382222222;4651360.677777778;-12.587293765557206;Utilities;Copel
76.483.817/0001-20;CIA PARANAENSE DE ENERGIA - COPEL;Conselho de Administração;2025;12768610.92;11441384.48;-1327226.4399999995;-10.394446571483435;9.0;9.0;0.0;0.0;2025;2026;realizado;1418734.5466666666;1271264.9422222222;-10.39444657148344;Utilities;Copel
76.483.817/0001-20;CIA PARANAENSE DE ENERGIA - COPEL;Conselho Fiscal;2025;522716.64;133300.778;-389415.862;-74.49846287655966;3.0;3.0;0.0;0.0;2025;2026;realizado;174238.88;44433.592666666664;-74.49846287655966;Utilities;Copel
76.483.817/0001-20;CIA PARANAENSE DE ENERGIA - COPEL;Diretoria Estatutária;2026;52283373.82;;;;9.0;;;;2026;;so previsao;5809263.7577777775;;;Utilities;Copel
76.483.817/0001-20;CIA PARANAENSE DE ENERGIA - COPEL;Conselho de Administração;2026;12671724.21;;;;9.0;;;;2026;;so previsao;1407969.3566666667;;;Utilities;Copel
76.483.817/0001-20;CIA PARANAENSE DE ENERGIA - COPEL;Conselho Fiscal;2026;503118.43;;;;3.0;;;;2026;;so previsao;167706.14333333334;;;Utilities;Copel
43.776.517/0001-80;CIA SANEAMENTO BASICO EST SAO PAULO;Diretoria Estatutária;2008;;2105000.0;;;;6.0;;;;2011;so realizado;;350833.3333333333;;Utilities;Sabesp
43.776.517/0001-80;CIA SANEAMENTO BASICO EST SAO PAULO;Conselho de Administração;2008;;1272000.0;;;;11.0;;;;2011;so realizado;;115636.36363636363;;Utilities;Sabesp
43.776.517/0001-80;CIA SANEAMENTO BASICO EST SAO PAULO;Conselho Fiscal;2008;;228000.0;;;;5.0;;;;2011;so realizado;;45600.0;;Utilities;Sabesp
43.776.517/0001-80;CIA SANEAMENTO BASICO EST SAO PAULO;Diretoria Estatutária;2009;;2200000.0;;;;6.0;;;;2012;so realizado;;366666.6666666667;;Utilities;Sabesp
43.776.517/0001-80;CIA SANEAMENTO BASICO EST SAO PAULO;Conselho de Administração;2009;;1225000.0;;;;13.0;;;;2012;so realizado;;94230.76923076923;;Utilities;Sabesp
43.776.517/0001-80;CIA SANEAMENTO BASICO EST SAO PAULO;Conselho Fiscal;2009;;231000.0;;;;5.0;;;;2012;so realizado;;46200.0;;Utilities;Sabesp
43.776.517/0001-80;CIA SANEAMENTO BASICO EST SAO PAULO;Diretoria Estatutária;2010;1842376.08;2230893.88;388517.7999999998;21.08786605609859;6.0;6.0;0.0;0.0;2010;2013;realizado;307062.68;371815.64666666667;21.087866056098605;Utilities;Sabesp
43.776.517/0001-80;CIA SANEAMENTO BASICO EST SAO PAULO;Conselho de Administração;2010;961482.0;1214748.8;253266.80000000005;26.341293960781382;13.0;10.67;-2.33;-17.923076923076923;2010;2013;realizado;73960.15384615384;113847.1227741331;53.93034878070835;Utilities;Sabesp
43.776.517/0001-80;CIA SANEAMENTO BASICO EST SAO PAULO;Conselho Fiscal;2010;192420.0;229400.0;36980.0;19.218376468142605;5.0;6.0;1.0;20.0;2010;2013;realizado;38484.0;38233.333333333336;-0.6513529432144893;Utilities;Sabesp
43.776.517/0001-80;CIA SANEAMENTO BASICO EST SAO PAULO;Diretoria Estatutária;2011;2231000.0;2441905.06;210905.06000000006;9.453386822052895;6.0;6.0;0.0;0.0;2011;2014;realizado;371833.3333333333;406984.1766666667;9.4533868220529;Utilities;Sabesp
43.776.517/0001-80;CIA SANEAMENTO BASICO EST SAO PAULO;Conselho de Administração;2011;1215000.0;1240276.6;25276.600000000093;2.080378600823053;10.0;9.67;-0.33000000000000007;-3.3000000000000007;2011;2014;realizado;121500.0;128260.24819027922;5.563990280065201;Utilities;Sabesp
43.776.517/0001-80;CIA SANEAMENTO BASICO EST SAO PAULO;Conselho Fiscal;2011;229000.0;216583.96;-12416.040000000008;-5.421851528384283;6.0;4.75;-1.25;-20.833333333333332;2011;2014;realizado;38166.666666666664;45596.62315789473;19.467134911514595;Utilities;Sabesp
43.776.517/0001-80;CIA SANEAMENTO BASICO EST SAO PAULO;Diretoria Estatutária;2012;2510280.0;2878053.3;367773.2999999998;14.650688369424918;6.0;6.0;0.0;0.0;2012;2015;realizado;418380.0;479675.55;14.650688369424913;Utilities;Sabesp
43.776.517/0001-80;CIA SANEAMENTO BASICO EST SAO PAULO;Conselho de Administração;2012;1137348.0;1004627.7;-132720.30000000005;-11.66927800462128;10.0;10.0;0.0;0.0;2012;2015;realizado;113734.8;100462.76999999999;-11.669278004621287;Utilities;Sabesp
43.776.517/0001-80;CIA SANEAMENTO BASICO EST SAO PAULO;Conselho Fiscal;2012;223920.0;225661.6;1741.6000000000058;0.7777777777777803;5.0;4.0;-1.0;-20.0;2012;2015;realizado;44784.0;56415.4;25.972222222222218;Utilities;Sabesp
43.776.517/0001-80;CIA SANEAMENTO BASICO EST SAO PAULO;Diretoria Estatutária;2013;3038631.0;2928574.78;-110056.2200000002;-3.621901441800607;6.0;6.25;0.25;4.166666666666667;2013;2016;realizado;506438.5;468571.96479999996;-7.477025384128588;Utilities;Sabesp
43.776.517/0001-80;CIA SANEAMENTO BASICO EST SAO PAULO;Conselho de Administração;2013;1060585.0;1026347.45;-34237.55000000005;-3.2281759594940573;10.0;9.25;-0.75;-7.5;2013;2016;realizado;106058.5;110956.48108108107;4.618188151898317;Utilities;Sabesp
43.776.517/0001-80;CIA SANEAMENTO BASICO EST SAO PAULO;Conselho Fiscal;2013;238231.0;257580.49;19349.48999999999;8.122154547477024;4.0;4.5;0.5;12.5;2013;2016;realizado;59557.75;57240.108888888884;-3.891418180020423;Utilities;Sabesp
43.776.517/0001-80;CIA SANEAMENTO BASICO EST SAO PAULO;Diretoria Estatutária;2014;3044839.19;2898726.05;-146113.14000000013;-4.798714509451651;6.25;5.75;-0.5;-8.0;2014;2017;realizado;487174.2704;504126.2695652174;3.479658141900388;Utilities;Sabesp
43.776.517/0001-80;CIA SANEAMENTO BASICO EST SAO PAULO;Conselho de Administração;2014;1067093.44;1051450.37;-15643.069999999832;-1.4659512853906995;9.25;9.17;-0.08000000000000007;-0.8648648648648656;2014;2017;realizado;115361.45297297297;114661.98146128682;-0.6063303587637847;Utilities;Sabesp
43.776.517/0001-80;CIA SANEAMENTO BASICO EST SAO PAULO;Conselho Fiscal;2014;267806.44;303084.79;35278.34999999998;13.17307754062971;4.5;4.67;0.16999999999999993;3.7777777777777763;2014;2017;realizado;59512.542222222226;64900.383297644534;9.05328670938621;Utilities;Sabesp
43.776.517/0001-80;CIA SANEAMENTO BASICO EST SAO PAULO;Diretoria Estatutária;2015;3068254.68;3135137.18;66882.5;2.1798223086226987;6.0;6.42;0.41999999999999993;6.999999999999999;2015;2018;realizado;511375.78;488339.1246105919;-4.504838963904023;Utilities;Sabesp
43.776.517/0001-80;CIA SANEAMENTO BASICO EST SAO PAULO;Conselho de Administração;2015;1146576.21;1139410.76;-7165.449999999953;-0.624943195010121;10.0;10.0;0.0;0.0;2015;2018;realizado;114657.621;113941.076;-0.6249431950101192;Utilities;Sabesp
43.776.517/0001-80;CIA SANEAMENTO BASICO EST SAO PAULO;Conselho Fiscal;2015;321204.0;324168.92;2964.9199999999837;0.9230644699318762;5.0;5.42;0.41999999999999993;8.399999999999999;2015;2018;realizado;64240.8;59809.76383763838;-6.897542001907864;Utilities;Sabesp
43.776.517/0001-80;CIA SANEAMENTO BASICO EST SAO PAULO;Diretoria Estatutária;2016;3791389.09;3183589.45;-607799.6399999997;-16.03105420129802;6.0;6.0;0.0;0.0;2016;2019;realizado;631898.1816666666;530598.2416666667;-16.031054201298023;Utilities;Sabesp
43.776.517/0001-80;CIA SANEAMENTO BASICO EST SAO PAULO;Conselho de Administração;2016;929763.43;923339.36;-6424.070000000065;-0.690935972820534;7.75;8.08;0.33000000000000007;4.258064516129033;2016;2019;realizado;119969.47483870968;114274.67326732673;-4.746875468980094;Utilities;Sabesp
43.776.517/0001-80;CIA SANEAMENTO BASICO EST SAO PAULO;Conselho Fiscal;2016;321204.0;299378.59;-21825.409999999974;-6.794874908158047;5.0;4.92;-0.08000000000000007;-1.6000000000000014;2016;2019;realizado;64240.8;60849.30691056911;-5.279344418859811;Utilities;Sabesp
43.776.517/0001-80;CIA SANEAMENTO BASICO EST SAO PAULO;Diretoria Estatutária;2017;3344246.87;3208258.74;-135988.1299999999;-4.06633048594286;6.0;6.0;0.0;0.0;2017;2020;realizado;557374.4783333334;534709.79;-4.066330485942871;Utilities;Sabesp
43.776.517/0001-80;CIA SANEAMENTO BASICO EST SAO PAULO;Conselho de Administração;2017;897643.03;847512.95;-50130.080000000075;-5.584634239292213;8.0;7.0;-1.0;-12.5;2017;2020;realizado;112205.37875;121073.27857142857;7.903275155094613;Utilities;Sabesp
43.776.517/0001-80;CIA SANEAMENTO BASICO EST SAO PAULO;Conselho Fiscal;2017;312968.0;313063.91;95.90999999997439;0.030645305590339712;5.0;5.0;0.0;0.0;2017;2020;realizado;62593.6;62612.78199999999;0.030645305590337735;Utilities;Sabesp
43.776.517/0001-80;CIA SANEAMENTO BASICO EST SAO PAULO;Diretoria Estatutária;2018;3269113.95;3227829.46;-41284.49000000022;-1.2628648199919805;6.0;6.25;0.25;4.166666666666667;2018;2021;realizado;544852.3250000001;516452.7136;-5.212350227192308;Utilities;Sabesp
43.776.517/0001-80;CIA SANEAMENTO BASICO EST SAO PAULO;Conselho de Administração;2018;1111871.35;1106255.67;-5615.680000000168;-0.5050656265223641;9.33;9.58;0.25;2.679528403001072;2018;2021;realizado;119171.63451232584;115475.53966597076;-3.1014887573542427;Utilities;Sabesp
43.776.517/0001-80;CIA SANEAMENTO BASICO EST SAO PAULO;Conselho Fiscal;2018;285309.45;280157.97;-5151.48000000004;-1.8055763662928233;4.33;4.58;0.25;5.773672055427252;2018;2021;realizado;65891.32794457275;61169.86244541484;-7.165533988220075;Utilities;Sabesp
43.776.517/0001-80;CIA SANEAMENTO BASICO EST SAO PAULO;Diretoria Estatutária;2019;5099076.26;4482883.46;-616192.7999999998;-12.084400557680615;6.0;6.0;0.0;0.0;2019;2022;realizado;849846.0433333333;747147.2433333333;-12.084400557680619;Utilities;Sabesp
43.776.517/0001-80;CIA SANEAMENTO BASICO EST SAO PAULO;Conselho de Administração;2019;1550825.56;1189200.58;-361624.98;-23.318224133473787;10.0;9.17;-0.8300000000000001;-8.3;2019;2022;realizado;155082.556;129683.81461286805;-16.377561759513405;Utilities;Sabesp
43.776.517/0001-80;CIA SANEAMENTO BASICO EST SAO PAULO;Conselho Fiscal;2019;270785.02;230000.07;-40784.95000000001;-15.061745291523145;4.0;4.08;0.08000000000000007;2.0000000000000018;2019;2022;realizado;67696.255;56372.56617647059;-16.727201266199167;Utilities;Sabesp
43.776.517/0001-80;CIA SANEAMENTO BASICO EST SAO PAULO;Diretoria Estatutária;2020;5947952.98;5157573.68;-790379.3000000007;-13.288257366150207;6.0;6.0;0.0;0.0;2020;2023;realizado;991325.4966666667;859595.6133333333;-13.288257366150201;Utilities;Sabesp
43.776.517/0001-80;CIA SANEAMENTO BASICO EST SAO PAULO;Conselho de Administração;2020;1778400.0;1438883.33;-339516.6699999999;-19.091130791722893;10.0;9.67;-0.33000000000000007;-3.3000000000000007;2020;2023;realizado;177840.0;148798.68976215099;-16.330021501264625;Utilities;Sabesp
43.776.517/0001-80;CIA SANEAMENTO BASICO EST SAO PAULO;Conselho Fiscal;2020;342253.18;285211.07;-57042.109999999986;-16.666641344282027;5.0;5.0;0.0;0.0;2020;2023;realizado;68450.636;57042.214;-16.66664134428203;Utilities;Sabesp
43.776.517/0001-80;CIA SANEAMENTO BASICO EST SAO PAULO;Diretoria Estatutária;2021;5906791.42;5135802.88;-770988.54;-13.052577705545595;6.0;6.0;0.0;0.0;2021;2024;realizado;984465.2366666667;855967.1466666666;-13.052577705545598;Utilities;Sabesp
43.776.517/0001-80;CIA SANEAMENTO BASICO EST SAO PAULO;Conselho de Administração;2021;1778400.0;1474950.0;-303450.0;-17.063090418353575;10.0;10.0;0.0;0.0;2021;2024;realizado;177840.0;147495.0;-17.06309041835358;Utilities;Sabesp
43.776.517/0001-80;CIA SANEAMENTO BASICO EST SAO PAULO;Conselho Fiscal;2021;302323.63;247182.83;-55140.80000000002;-18.238997725715326;4.42;4.33;-0.08999999999999986;-2.036199095022621;2021;2024;realizado;68399.01131221719;57086.10392609699;-16.539577355118183;Utilities;Sabesp
43.776.517/0001-80;CIA SANEAMENTO BASICO EST SAO PAULO;Diretoria Estatutária;2022;5262970.02;4754983.72;-507986.2999999998;-9.652084242729543;6.0;5.58;-0.41999999999999993;-6.999999999999999;2022;2025;realizado;877161.6699999999;852147.6200716845;-2.8517034868059676;Utilities;Sabesp
43.776.517/0001-80;CIA SANEAMENTO BASICO EST SAO PAULO;Conselho de Administração;2022;1563000.0;1560300.0;-2700.0;-0.1727447216890595;10.67;10.75;0.08000000000000007;0.7497656982193072;2022;2025;realizado;146485.473289597;145144.18604651163;-0.9156452260857817;Utilities;Sabesp
43.776.517/0001-80;CIA SANEAMENTO BASICO EST SAO PAULO;Conselho Fiscal;2022;285210.98;275703.87;-9507.109999999986;-3.3333604477639627;5.0;4.83;-0.16999999999999993;-3.3999999999999986;2022;2025;realizado;57042.195999999996;57081.546583850926;0.0689850437225914;Utilities;Sabesp
43.776.517/0001-80;CIA SANEAMENTO BASICO EST SAO PAULO;Diretoria Estatutária;2023;8060976.67;7358092.24;-702884.4299999997;-8.719593900027993;6.67;5.5;-1.17;-17.541229385307346;2023;2026;realizado;1208542.2293853073;1337834.9527272729;10.698237943056977;Utilities;Sabesp
43.776.517/0001-80;CIA SANEAMENTO BASICO EST SAO PAULO;Conselho de Administração;2023;1935774.0;1820929.54;-114844.45999999996;-5.932741115440127;11.0;11.33;0.33000000000000007;3.0000000000000004;2023;2026;realizado;175979.45454545456;160717.52338923214;-8.6725641897477;Utilities;Sabesp
43.776.517/0001-80;CIA SANEAMENTO BASICO EST SAO PAULO;Conselho Fiscal;2023;373526.4;294706.29;-78820.11000000004;-21.101616913824575;4.33;4.08;-0.25;-5.773672055427252;2023;2026;realizado;86264.75750577368;72231.93382352941;-16.26715716589716;Utilities;Sabesp
43.776.517/0001-80;CIA SANEAMENTO BASICO EST SAO PAULO;Diretoria Estatutária;2024;8084029.92;7023357.44;-1060672.4799999995;-13.120590726363858;7.0;6.0;-1.0;-14.285714285714286;2024;2026;realizado;1154861.417142857;1170559.5733333335;1.3593108192421655;Utilities;Sabesp
43.776.517/0001-80;CIA SANEAMENTO BASICO EST SAO PAULO;Conselho de Administração;2024;2036806.2;1929170.1;-107636.09999999986;-5.284552845528448;11.0;10.67;-0.33000000000000007;-3.0000000000000004;2024;2026;realizado;185164.19999999998;180803.19587628866;-2.355209119101487;Utilities;Sabesp
43.776.517/0001-80;CIA SANEAMENTO BASICO EST SAO PAULO;Conselho Fiscal;2024;427830.0;399308.0;-28522.0;-6.666666666666667;5.0;4.67;-0.33000000000000007;-6.600000000000001;2024;2026;realizado;85566.0;85504.9250535332;-0.07137758743753775;Utilities;Sabesp
43.776.517/0001-80;CIA SANEAMENTO BASICO EST SAO PAULO;Diretoria Estatutária;2025;50988183.0;49340766.0;-1647417.0;-3.23097804838427;6.0;5.0;-1.0;-16.666666666666668;2025;2026;realizado;8498030.5;9868153.2;16.122826341938868;Utilities;Sabesp
43.776.517/0001-80;CIA SANEAMENTO BASICO EST SAO PAULO;Conselho de Administração;2025;13954230.0;13105946.0;-848284.0;-6.079045565394866;9.0;9.0;0.0;0.0;2025;2026;realizado;1550470.0;1456216.2222222222;-6.079045565394869;Utilities;Sabesp
43.776.517/0001-80;CIA SANEAMENTO BASICO EST SAO PAULO;Conselho Fiscal;2025;750000.0;611236.0;-138764.0;-18.50186666666667;5.0;5.0;0.0;0.0;2025;2026;realizado;150000.0;122247.2;-18.501866666666665;Utilities;Sabesp
43.776.517/0001-80;CIA SANEAMENTO BASICO EST SAO PAULO;Diretoria Estatutária;2026;56453743.17;;;;7.0;;;;2026;;so previsao;8064820.452857143;;;Utilities;Sabesp
43.776.517/0001-80;CIA SANEAMENTO BASICO EST SAO PAULO;Conselho de Administração;2026;13954230.0;;;;9.0;;;;2026;;so previsao;1550470.0;;;Utilities;Sabesp
43.776.517/0001-80;CIA SANEAMENTO BASICO EST SAO PAULO;Conselho Fiscal;2026;750000.0;;;;5.0;;;;2026;;so previsao;150000.0;;;Utilities;Sabesp
17.281.106/0001-03;CIA SANEAMENTO DE MINAS GERAIS-COPASA MG;Diretoria Estatutária;2007;;2821197.0;;;;9.0;;;;2010;so realizado;;313466.3333333333;;Utilities;Copasa
17.281.106/0001-03;CIA SANEAMENTO DE MINAS GERAIS-COPASA MG;Conselho de Administração;2007;;476597.0;;;;9.0;;;;2010;so realizado;;52955.22222222222;;Utilities;Copasa
17.281.106/0001-03;CIA SANEAMENTO DE MINAS GERAIS-COPASA MG;Conselho Fiscal;2007;;123308.0;;;;5.0;;;;2010;so realizado;;24661.6;;Utilities;Copasa
17.281.106/0001-03;CIA SANEAMENTO DE MINAS GERAIS-COPASA MG;Diretoria Estatutária;2008;;2819014.0;;;;9.0;;;;2010;so realizado;;313223.77777777775;;Utilities;Copasa
17.281.106/0001-03;CIA SANEAMENTO DE MINAS GERAIS-COPASA MG;Conselho de Administração;2008;;462782.0;;;;9.0;;;;2010;so realizado;;51420.22222222222;;Utilities;Copasa
17.281.106/0001-03;CIA SANEAMENTO DE MINAS GERAIS-COPASA MG;Conselho Fiscal;2008;;110854.0;;;;5.0;;;;2010;so realizado;;22170.8;;Utilities;Copasa
17.281.106/0001-03;CIA SANEAMENTO DE MINAS GERAIS-COPASA MG;Diretoria Estatutária;2009;;3827051.0;;;;9.0;;;;2012;so realizado;;425227.8888888889;;Utilities;Copasa
17.281.106/0001-03;CIA SANEAMENTO DE MINAS GERAIS-COPASA MG;Conselho de Administração;2009;;563461.0;;;;9.0;;;;2012;so realizado;;62606.77777777778;;Utilities;Copasa
17.281.106/0001-03;CIA SANEAMENTO DE MINAS GERAIS-COPASA MG;Conselho Fiscal;2009;;138444.0;;;;4.67;;;;2012;so realizado;;29645.396145610277;;Utilities;Copasa
17.281.106/0001-03;CIA SANEAMENTO DE MINAS GERAIS-COPASA MG;Diretoria Estatutária;2010;3398741.0;3609498.0;210757.0;6.201031499605295;9.0;8.5;-0.5;-5.555555555555555;2010;2013;realizado;377637.8888888889;424646.82352941175;12.448150999582076;Utilities;Copasa
17.281.106/0001-03;CIA SANEAMENTO DE MINAS GERAIS-COPASA MG;Conselho de Administração;2010;448008.0;529110.0;81102.0;18.10280173568329;9.0;9.0;0.0;0.0;2010;2013;realizado;49778.666666666664;58790.0;18.102801735683304;Utilities;Copasa
17.281.106/0001-03;CIA SANEAMENTO DE MINAS GERAIS-COPASA MG;Conselho Fiscal;2010;123172.0;146080.0;22908.0;18.598382749326145;5.0;5.0;0.0;0.0;2010;2013;realizado;24634.4;29216.0;18.59838274932615;Utilities;Copasa
17.281.106/0001-03;CIA SANEAMENTO DE MINAS GERAIS-COPASA MG;Diretoria Estatutária;2011;;5394254.0;;;;10.5;;;;2014;so realizado;;513738.4761904762;;Utilities;Copasa
17.281.106/0001-03;CIA SANEAMENTO DE MINAS GERAIS-COPASA MG;Conselho de Administração;2011;;602291.0;;;;9.0;;;;2014;so realizado;;66921.22222222222;;Utilities;Copasa
17.281.106/0001-03;CIA SANEAMENTO DE MINAS GERAIS-COPASA MG;Conselho Fiscal;2011;;147208.0;;;;4.58;;;;2014;so realizado;;32141.484716157203;;Utilities;Copasa
17.281.106/0001-03;CIA SANEAMENTO DE MINAS GERAIS-COPASA MG;Diretoria Estatutária;2012;6075777.0;5574674.0;-501103.0;-8.24755418113601;11.0;10.25;-0.75;-6.818181818181818;2012;2015;realizado;552343.3636363636;543870.6341463415;-1.5339605846337645;Utilities;Copasa
17.281.106/0001-03;CIA SANEAMENTO DE MINAS GERAIS-COPASA MG;Conselho de Administração;2012;632292.0;629137.0;-3155.0;-0.49897832014322496;9.0;9.0;0.0;0.0;2012;2015;realizado;70254.66666666667;69904.11111111111;-0.4989783201432396;Utilities;Copasa
17.281.106/0001-03;CIA SANEAMENTO DE MINAS GERAIS-COPASA MG;Conselho Fiscal;2012;174437.0;174436.0;-1.0;-0.0005732728721544168;5.0;5.0;0.0;0.0;2012;2015;realizado;34887.4;34887.2;-0.0005732728721619118;Utilities;Copasa
17.281.106/0001-03;CIA SANEAMENTO DE MINAS GERAIS-COPASA MG;Diretoria Estatutária;2013;6371053.0;5794813.0;-576240.0;-9.044658708693838;11.0;10.0;-1.0;-9.090909090909092;2013;2016;realizado;579186.6363636364;579481.3;0.05087542043678006;Utilities;Copasa
17.281.106/0001-03;CIA SANEAMENTO DE MINAS GERAIS-COPASA MG;Conselho de Administração;2013;631698.0;602736.0;-28962.0;-4.584785767882754;9.0;8.67;-0.33000000000000007;-3.6666666666666674;2013;2016;realizado;70188.66666666667;69519.723183391;-0.9530648109509654;Utilities;Copasa
17.281.106/0001-03;CIA SANEAMENTO DE MINAS GERAIS-COPASA MG;Conselho Fiscal;2013;174437.0;164357.0;-10080.0;-5.778590551316521;5.0;4.75;-0.25;-5.0;2013;2016;realizado;34887.4;34601.47368421053;-0.8195690013858115;Utilities;Copasa
17.281.106/0001-03;CIA SANEAMENTO DE MINAS GERAIS-COPASA MG;Diretoria Estatutária;2014;6572020.0;6841258.0;269238.0;4.096731294183524;11.0;11.0;0.0;0.0;2014;2017;realizado;597456.3636363636;621932.5454545454;4.096731294183509;Utilities;Copasa
17.281.106/0001-03;CIA SANEAMENTO DE MINAS GERAIS-COPASA MG;Conselho de Administração;2014;632232.0;638925.0;6693.0;1.0586303761910185;9.0;8.83;-0.16999999999999993;-1.8888888888888882;2014;2017;realizado;70248.0;72358.43714609287;3.004266521598997;Utilities;Copasa
17.281.106/0001-03;CIA SANEAMENTO DE MINAS GERAIS-COPASA MG;Conselho Fiscal;2014;174435.0;182155.0;7720.0;4.425717315905638;5.0;5.08;0.08000000000000007;1.6000000000000014;2014;2017;realizado;34887.0;35857.28346456693;2.7812178306157787;Utilities;Copasa
17.281.106/0001-03;CIA SANEAMENTO DE MINAS GERAIS-COPASA MG;Diretoria Estatutária;2015;7089825.0;5544757.0;-1545068.0;-21.792752289372444;11.0;10.83;-0.16999999999999993;-1.5454545454545447;2015;2018;realizado;644529.5454545454;511981.25577100646;-20.565122362243482;Utilities;Copasa
17.281.106/0001-03;CIA SANEAMENTO DE MINAS GERAIS-COPASA MG;Conselho de Administração;2015;880851.0;671932.0;-208919.0;-23.717859206608153;9.0;8.92;-0.08000000000000007;-0.8888888888888897;2015;2018;realizado;97872.33333333333;75328.6995515695;-23.033714446129306;Utilities;Copasa
17.281.106/0001-03;CIA SANEAMENTO DE MINAS GERAIS-COPASA MG;Conselho Fiscal;2015;243881.0;171196.0;-72685.0;-29.803469724988826;5.0;4.5;-0.5;-10.0;2015;2018;realizado;48776.2;38043.555555555555;-22.00385524998758;Utilities;Copasa
17.281.106/0001-03;CIA SANEAMENTO DE MINAS GERAIS-COPASA MG;Diretoria Estatutária;2016;4578665.0;4823424.0;244759.0;5.345641142123305;8.0;8.0;0.0;0.0;2016;2019;realizado;572333.125;602928.0;5.345641142123303;Utilities;Copasa
17.281.106/0001-03;CIA SANEAMENTO DE MINAS GERAIS-COPASA MG;Conselho de Administração;2016;839625.0;896922.0;57297.0;6.824117909781152;9.0;9.0;0.0;0.0;2016;2019;realizado;93291.66666666667;99658.0;6.824117909781147;Utilities;Copasa
17.281.106/0001-03;CIA SANEAMENTO DE MINAS GERAIS-COPASA MG;Conselho Fiscal;2016;233228.0;243830.0;10602.0;4.54576637453479;5.0;4.92;-0.08000000000000007;-1.6000000000000014;2016;2019;realizado;46645.6;49558.9430894309;6.2456975350963395;Utilities;Copasa
17.281.106/0001-03;CIA SANEAMENTO DE MINAS GERAIS-COPASA MG;Diretoria Estatutária;2017;;5446655.0;;;;8.0;;;;2020;so realizado;;680831.875;;Utilities;Copasa
17.281.106/0001-03;CIA SANEAMENTO DE MINAS GERAIS-COPASA MG;Conselho de Administração;2017;;908262.0;;;;8.67;;;;2020;so realizado;;104759.16955017301;;Utilities;Copasa
17.281.106/0001-03;CIA SANEAMENTO DE MINAS GERAIS-COPASA MG;Conselho Fiscal;2017;;254211.0;;;;4.67;;;;2020;so realizado;;54434.90364025696;;Utilities;Copasa
17.281.106/0001-03;CIA SANEAMENTO DE MINAS GERAIS-COPASA MG;Diretoria Estatutária;2018;5731061.0;3961520.0;-1769541.0;-30.876324645645894;8.0;7.25;-0.75;-9.375;2018;2021;realizado;716382.625;546416.551724138;-23.725599608988567;Utilities;Copasa
17.281.106/0001-03;CIA SANEAMENTO DE MINAS GERAIS-COPASA MG;Conselho de Administração;2018;798970.0;638886.0;-160084.0;-20.036296732042505;7.0;6.75;-0.25;-3.5714285714285716;2018;2021;realizado;114138.57142857143;94649.77777777778;-17.074678092488526;Utilities;Copasa
17.281.106/0001-03;CIA SANEAMENTO DE MINAS GERAIS-COPASA MG;Conselho Fiscal;2018;286614.0;270078.0;-16536.0;-5.769432058447947;5.0;5.33;0.33000000000000007;6.600000000000001;2018;2021;realizado;57322.8;50671.294559099435;-11.603594801545924;Utilities;Copasa
17.281.106/0001-03;CIA SANEAMENTO DE MINAS GERAIS-COPASA MG;Diretoria Estatutária;2019;5714147.0;4019483.0;-1694664.0;-29.65733993192685;8.0;6.17;-1.83;-22.875;2019;2022;realizado;714268.375;651455.9157212317;-8.793957772352478;Utilities;Copasa
17.281.106/0001-03;CIA SANEAMENTO DE MINAS GERAIS-COPASA MG;Conselho de Administração;2019;931536.0;675784.0;-255752.0;-27.45487023582556;8.0;7.0;-1.0;-12.5;2019;2022;realizado;116442.0;96540.57142857143;-17.091280269514918;Utilities;Copasa
17.281.106/0001-03;CIA SANEAMENTO DE MINAS GERAIS-COPASA MG;Conselho Fiscal;2019;291106.0;241352.0;-49754.0;-17.0913687797572;5.0;5.0;0.0;0.0;2019;2022;realizado;58221.2;48270.4;-17.0913687797572;Utilities;Copasa
17.281.106/0001-03;CIA SANEAMENTO DE MINAS GERAIS-COPASA MG;Diretoria Estatutária;2020;4454871.0;3505098.0;-949773.0;-21.31987660248748;5.0;5.0;0.0;0.0;2020;2023;realizado;890974.2;701019.6;-21.319876602487476;Utilities;Copasa
17.281.106/0001-03;CIA SANEAMENTO DE MINAS GERAIS-COPASA MG;Conselho de Administração;2020;915642.0;763036.0;-152606.0;-16.66655745367731;7.0;7.0;0.0;0.0;2020;2023;realizado;130806.0;109005.14285714286;-16.66655745367731;Utilities;Copasa
17.281.106/0001-03;CIA SANEAMENTO DE MINAS GERAIS-COPASA MG;Conselho Fiscal;2020;327024.0;272512.0;-54512.0;-16.669112970301875;5.0;5.0;0.0;0.0;2020;2023;realizado;65404.8;54502.4;-16.66911297030188;Utilities;Copasa
17.281.106/0001-03;CIA SANEAMENTO DE MINAS GERAIS-COPASA MG;Diretoria Estatutária;2021;5258069.0;5139267.0;-118802.0;-2.25942261313041;5.0;5.0;0.0;0.0;2021;2024;realizado;1051613.8;1027853.4;-2.259422613130413;Utilities;Copasa
17.281.106/0001-03;CIA SANEAMENTO DE MINAS GERAIS-COPASA MG;Conselho de Administração;2021;792120.0;811876.0;19756.0;2.494066555572388;7.0;7.0;0.0;0.0;2021;2024;realizado;113160.0;115982.28571428571;2.494066555572383;Utilities;Copasa
17.281.106/0001-03;CIA SANEAMENTO DE MINAS GERAIS-COPASA MG;Conselho Fiscal;2021;282900.0;275088.0;-7812.0;-2.7613997879109227;5.0;4.75;-0.25;-5.0;2021;2024;realizado;56580.0;57913.26315789474;2.356421275883247;Utilities;Copasa
17.281.106/0001-03;CIA SANEAMENTO DE MINAS GERAIS-COPASA MG;Diretoria Estatutária;2022;5960309.0;5033133.0;-927176.0;-15.555837792973485;5.0;4.5;-0.5;-10.0;2022;2025;realizado;1192061.8;1118474.0;-6.173153103303875;Utilities;Copasa
17.281.106/0001-03;CIA SANEAMENTO DE MINAS GERAIS-COPASA MG;Conselho de Administração;2022;880212.0;808880.0;-71332.0;-8.103956774049887;7.0;6.58;-0.41999999999999993;-5.999999999999999;2022;2025;realizado;125744.57142857143;122930.09118541033;-2.2382518872871238;Utilities;Copasa
17.281.106/0001-03;CIA SANEAMENTO DE MINAS GERAIS-COPASA MG;Conselho Fiscal;2022;314362.0;282368.0;-31994.0;-10.177438748958208;5.0;4.75;-0.25;-5.0;2022;2025;realizado;62872.4;59445.89473684211;-5.449935525219162;Utilities;Copasa
17.281.106/0001-03;CIA SANEAMENTO DE MINAS GERAIS-COPASA MG;Diretoria Estatutária;2023;6274247.0;5999282.74;-274964.2599999998;-4.382426448942794;5.0;4.75;-0.25;-5.0;2023;2026;realizado;1254849.4;1263006.892631579;0.6500774221654737;Utilities;Copasa
17.281.106/0001-03;CIA SANEAMENTO DE MINAS GERAIS-COPASA MG;Conselho de Administração;2023;1626371.0;1364392.82;-261978.17999999993;-16.10814383679984;7.0;6.08;-0.9199999999999999;-13.142857142857142;2023;2026;realizado;232338.7142857143;224406.7138157895;-3.4139813910524452;Utilities;Copasa
17.281.106/0001-03;CIA SANEAMENTO DE MINAS GERAIS-COPASA MG;Conselho Fiscal;2023;364420.0;259692.0;-104728.0;-28.738269030239834;5.0;3.83;-1.17;-23.4;2023;2026;realizado;72884.0;67804.6997389034;-6.969019621723016;Utilities;Copasa
17.281.106/0001-03;CIA SANEAMENTO DE MINAS GERAIS-COPASA MG;Diretoria Estatutária;2024;8248121.45;7853651.89;-394469.5600000005;-4.7825382105643035;5.0;5.0;0.0;0.0;2024;2026;realizado;1649624.29;1570730.378;-4.782538210564303;Utilities;Copasa
17.281.106/0001-03;CIA SANEAMENTO DE MINAS GERAIS-COPASA MG;Conselho de Administração;2024;2671773.9;2151259.0;-520514.8999999999;-19.48199658661236;8.0;6.75;-1.25;-15.625;2024;2026;realizado;333971.7375;318705.037037037;-4.571255213762804;Utilities;Copasa
17.281.106/0001-03;CIA SANEAMENTO DE MINAS GERAIS-COPASA MG;Conselho Fiscal;2024;420328.38;269110.0;-151218.38;-35.97624790407919;5.0;3.92;-1.08;-21.6;2024;2026;realizado;84065.676;68650.51020408163;-18.337050898060202;Utilities;Copasa
17.281.106/0001-03;CIA SANEAMENTO DE MINAS GERAIS-COPASA MG;Diretoria Estatutária;2025;8670624.85;8379609.62;-291015.2299999995;-3.356335155014803;5.0;5.0;0.0;0.0;2025;2026;realizado;1734124.97;1675921.924;-3.3563351550148;Utilities;Copasa
17.281.106/0001-03;CIA SANEAMENTO DE MINAS GERAIS-COPASA MG;Conselho de Administração;2025;2773727.39;2136115.0;-637612.3900000001;-22.98756511900761;8.0;7.0;-1.0;-12.5;2025;2026;realizado;346715.92375;305159.28571428574;-11.985788707437262;Utilities;Copasa
17.281.106/0001-03;CIA SANEAMENTO DE MINAS GERAIS-COPASA MG;Conselho Fiscal;2025;436367.9;263576.7;-172791.2;-39.5975964318182;5.0;4.0;-1.0;-20.0;2025;2026;realizado;87273.58;65894.175;-24.496995539772747;Utilities;Copasa
17.281.106/0001-03;CIA SANEAMENTO DE MINAS GERAIS-COPASA MG;Diretoria Estatutária;2026;9070604.7;;;;5.0;;;;2026;;so previsao;1814120.94;;;Utilities;Copasa
17.281.106/0001-03;CIA SANEAMENTO DE MINAS GERAIS-COPASA MG;Conselho de Administração;2026;2886757.14;;;;6.83;;;;2026;;so previsao;422658.439238653;;;Utilities;Copasa
17.281.106/0001-03;CIA SANEAMENTO DE MINAS GERAIS-COPASA MG;Conselho Fiscal;2026;454149.94;;;;4.42;;;;2026;;so previsao;102748.85520361991;;;Utilities;Copasa
01.027.058/0001-91;CIELO S.A. -  INSTITUIÇÃO DE PAGAMENTO;Diretoria Estatutária;2007;;6576854.38;;;;7.0;;;;2010;so realizado;;939550.6257142856;;Financials;Cielo
01.027.058/0001-91;CIELO S.A. -  INSTITUIÇÃO DE PAGAMENTO;Conselho de Administração;2007;;257308.7;;;;10.75;;;;2010;so realizado;;23935.693023255815;;Financials;Cielo
01.027.058/0001-91;CIELO S.A. -  INSTITUIÇÃO DE PAGAMENTO;Conselho Fiscal;2007;;313149.96;;;;3.83;;;;2010;so realizado;;81762.39164490862;;Financials;Cielo
01.027.058/0001-91;CIELO S.A. -  INSTITUIÇÃO DE PAGAMENTO;Diretoria Estatutária;2008;;8977886.14;;;;6.25;;;;2011;so realizado;;1436461.7824000001;;Financials;Cielo
01.027.058/0001-91;CIELO S.A. -  INSTITUIÇÃO DE PAGAMENTO;Conselho de Administração;2008;;153057.2;;;;9.92;;;;2011;so realizado;;15429.153225806453;;Financials;Cielo
01.027.058/0001-91;CIELO S.A. -  INSTITUIÇÃO DE PAGAMENTO;Conselho Fiscal;2008;;217095.02;;;;3.83;;;;2011;so realizado;;56682.772845953;;Financials;Cielo
01.027.058/0001-91;CIELO S.A. -  INSTITUIÇÃO DE PAGAMENTO;Diretoria Estatutária;2009;;15563566.42;;;;4.75;;;;2012;so realizado;;3276540.2989473683;;Financials;Cielo
01.027.058/0001-91;CIELO S.A. -  INSTITUIÇÃO DE PAGAMENTO;Conselho de Administração;2009;;627500.0;;;;10.42;;;;2012;so realizado;;60220.72936660269;;Financials;Cielo
01.027.058/0001-91;CIELO S.A. -  INSTITUIÇÃO DE PAGAMENTO;Conselho Fiscal;2009;;280730.78;;;;4.33;;;;2012;so realizado;;64833.89838337183;;Financials;Cielo
01.027.058/0001-91;CIELO S.A. -  INSTITUIÇÃO DE PAGAMENTO;Diretoria Estatutária;2010;17500000.0;24721688.74;7221688.739999998;41.26679279999999;6.0;5.83;-0.16999999999999993;-2.833333333333332;2010;2013;realizado;2916666.6666666665;4240426.885077187;45.386064631217835;Financials;Cielo
01.027.058/0001-91;CIELO S.A. -  INSTITUIÇÃO DE PAGAMENTO;Conselho de Administração;2010;1500000.0;1020000.0;-480000.0;-32.0;10.0;9.92;-0.08000000000000007;-0.8000000000000007;2010;2013;realizado;150000.0;102822.58064516129;-31.45161290322581;Financials;Cielo
01.027.058/0001-91;CIELO S.A. -  INSTITUIÇÃO DE PAGAMENTO;Conselho Fiscal;2010;485000.0;300412.85;-184587.15000000002;-38.05920618556702;3.0;3.0;0.0;0.0;2010;2013;realizado;161666.66666666666;100137.61666666665;-38.05920618556702;Financials;Cielo
01.027.058/0001-91;CIELO S.A. -  INSTITUIÇÃO DE PAGAMENTO;Diretoria Estatutária;2011;24982470.26;28221011.9;3238541.639999997;12.963256260471965;6.0;6.0;0.0;0.0;2011;2014;realizado;4163745.0433333335;4703501.983333333;12.963256260471967;Financials;Cielo
01.027.058/0001-91;CIELO S.A. -  INSTITUIÇÃO DE PAGAMENTO;Conselho de Administração;2011;1056000.0;1042000.0;-14000.0;-1.3257575757575757;10.0;10.0;0.0;0.0;2011;2014;realizado;105600.0;104200.0;-1.3257575757575801;Financials;Cielo
01.027.058/0001-91;CIELO S.A. -  INSTITUIÇÃO DE PAGAMENTO;Conselho Fiscal;2011;308753.28;308753.28;0.0;0.0;3.0;3.0;0.0;0.0;2011;2014;realizado;102917.76000000001;102917.76000000001;0.0;Financials;Cielo
01.027.058/0001-91;CIELO S.A. -  INSTITUIÇÃO DE PAGAMENTO;Diretoria Estatutária;2012;30604253.58;31498551.42;894297.8400000036;2.922135766723717;7.0;6.67;-0.33000000000000007;-4.714285714285715;2012;2015;realizado;4372036.225714286;4722421.502248876;8.01423543734121;Financials;Cielo
01.027.058/0001-91;CIELO S.A. -  INSTITUIÇÃO DE PAGAMENTO;Conselho de Administração;2012;1476000.0;1275000.0;-201000.0;-13.617886178861788;10.0;12.0;2.0;20.0;2012;2015;realizado;147600.0;106250.0;-28.014905149051494;Financials;Cielo
01.027.058/0001-91;CIELO S.A. -  INSTITUIÇÃO DE PAGAMENTO;Conselho Fiscal;2012;308753.28;308753.28;0.0;0.0;3.0;3.0;0.0;0.0;2012;2015;realizado;102917.76000000001;102917.76000000001;0.0;Financials;Cielo
01.027.058/0001-91;CIELO S.A. -  INSTITUIÇÃO DE PAGAMENTO;Diretoria Estatutária;2013;34763552.07;34391923.88;-371628.1899999976;-1.0690167369884582;7.0;7.0;0.0;0.0;2013;2016;realizado;4966221.724285714;4913131.9828571435;-1.0690167369884485;Financials;Cielo
01.027.058/0001-91;CIELO S.A. -  INSTITUIÇÃO DE PAGAMENTO;Conselho de Administração;2013;1476000.0;1458000.0;-18000.0;-1.2195121951219512;10.0;10.0;0.0;0.0;2013;2016;realizado;147600.0;145800.0;-1.2195121951219523;Financials;Cielo
01.027.058/0001-91;CIELO S.A. -  INSTITUIÇÃO DE PAGAMENTO;Conselho Fiscal;2013;308753.28;308753.28;0.0;0.0;3.0;3.0;0.0;0.0;2013;2016;realizado;102917.76000000001;102917.76000000001;0.0;Financials;Cielo
01.027.058/0001-91;CIELO S.A. -  INSTITUIÇÃO DE PAGAMENTO;Diretoria Estatutária;2014;43243461.19;45572464.91;2329003.719999999;5.385793957997466;7.0;7.0;0.0;0.0;2014;2017;realizado;6177637.312857143;6510352.13;5.385793957997476;Financials;Cielo
01.027.058/0001-91;CIELO S.A. -  INSTITUIÇÃO DE PAGAMENTO;Conselho de Administração;2014;1752000.0;1559000.0;-193000.0;-11.015981735159817;11.0;10.75;-0.25;-2.272727272727273;2014;2017;realizado;159272.72727272726;145023.2558139535;-8.946585961558872;Financials;Cielo
01.027.058/0001-91;CIELO S.A. -  INSTITUIÇÃO DE PAGAMENTO;Conselho Fiscal;2014;460000.0;463129.92;3129.9199999999837;0.6804173913043443;5.0;4.5;-0.5;-10.0;2014;2017;realizado;92000.0;102917.76;11.867130434782602;Financials;Cielo
01.027.058/0001-91;CIELO S.A. -  INSTITUIÇÃO DE PAGAMENTO;Diretoria Estatutária;2015;43063461.19;37790235.34;-5273225.849999994;-12.245243889556464;7.0;7.0;0.0;0.0;2015;2018;realizado;6151923.027142857;5398605.048571429;-12.245243889556468;Financials;Cielo
01.027.058/0001-91;CIELO S.A. -  INSTITUIÇÃO DE PAGAMENTO;Conselho de Administração;2015;1932000.0;1883000.0;-49000.0;-2.536231884057971;11.0;11.0;0.0;0.0;2015;2018;realizado;175636.36363636365;171181.81818181818;-2.5362318840579823;Financials;Cielo
01.027.058/0001-91;CIELO S.A. -  INSTITUIÇÃO DE PAGAMENTO;Conselho Fiscal;2015;546660.0;555530.7;8870.699999999953;1.6227088135221075;5.0;5.0;0.0;0.0;2015;2018;realizado;109332.0;111106.13999999998;1.6227088135221113;Financials;Cielo
01.027.058/0001-91;CIELO S.A. -  INSTITUIÇÃO DE PAGAMENTO;Diretoria Estatutária;2016;43867508.8;43600143.07;-267365.7299999967;-0.6094846443616528;7.0;5.75;-1.25;-17.857142857142858;2016;2019;realizado;6266786.971428571;7582633.577391304;20.997149128603198;Financials;Cielo
01.027.058/0001-91;CIELO S.A. -  INSTITUIÇÃO DE PAGAMENTO;Conselho de Administração;2016;2276000.0;1845908.8;-430091.19999999995;-18.896801405975392;11.0;11.0;0.0;0.0;2016;2019;realizado;206909.0909090909;167809.8909090909;-18.896801405975406;Financials;Cielo
01.027.058/0001-91;CIELO S.A. -  INSTITUIÇÃO DE PAGAMENTO;Conselho Fiscal;2016;514588.8;494005.44;-20583.359999999986;-3.999962688655483;5.0;5.0;0.0;0.0;2016;2019;realizado;102917.76;98801.088;-3.9999626886554784;Financials;Cielo
01.027.058/0001-91;CIELO S.A. -  INSTITUIÇÃO DE PAGAMENTO;Diretoria Estatutária;2017;44409411.2;49379720.97;4970309.769999996;11.192019069147207;7.0;5.92;-1.08;-15.428571428571429;2017;2020;realizado;6344201.600000001;8341169.08277027;31.477049575005147;Financials;Cielo
01.027.058/0001-91;CIELO S.A. -  INSTITUIÇÃO DE PAGAMENTO;Conselho de Administração;2017;2076000.0;2613920.0;537920.0;25.911368015414258;11.0;10.33;-0.6699999999999999;-6.090909090909091;2017;2020;realizado;188727.27272727274;253041.62633107454;34.07793302706261;Financials;Cielo
01.027.058/0001-91;CIELO S.A. -  INSTITUIÇÃO DE PAGAMENTO;Conselho Fiscal;2017;514588.8;596923.2;82334.39999999997;16.000037311344506;5.0;5.0;0.0;0.0;2017;2020;realizado;102917.76;119384.63999999998;16.000037311344496;Financials;Cielo
01.027.058/0001-91;CIELO S.A. -  INSTITUIÇÃO DE PAGAMENTO;Diretoria Estatutária;2018;42753411.2;33704061.12;-9049350.080000006;-21.166381409116674;7.0;7.08;0.08000000000000007;1.142857142857144;2018;2021;realizado;6107630.171428571;4760460.610169491;-22.05715676042609;Financials;Cielo
01.027.058/0001-91;CIELO S.A. -  INSTITUIÇÃO DE PAGAMENTO;Conselho de Administração;2018;3732000.0;2815573.33;-916426.6699999999;-24.555912915326903;11.0;10.25;-0.75;-6.818181818181818;2018;2021;realizado;339272.7272727273;274690.0809756098;-19.03561386035082;Financials;Cielo
01.027.058/0001-91;CIELO S.A. -  INSTITUIÇÃO DE PAGAMENTO;Conselho Fiscal;2018;514588.8;600982.72;86393.91999999998;16.788923505525187;5.0;5.0;0.0;0.0;2018;2021;realizado;102917.76;120196.544;16.78892350552519;Financials;Cielo
01.027.058/0001-91;CIELO S.A. -  INSTITUIÇÃO DE PAGAMENTO;Diretoria Estatutária;2019;45675609.16;42705880.95;-2969728.2099999934;-6.501781288996374;8.0;7.5;-0.5;-6.25;2019;2022;realizado;5709451.145;5694117.46;-0.2685667082628074;Financials;Cielo
01.027.058/0001-91;CIELO S.A. -  INSTITUIÇÃO DE PAGAMENTO;Conselho de Administração;2019;3643200.0;3294433.35;-348766.6499999999;-9.573085474308298;11.0;10.0;-1.0;-9.090909090909092;2019;2022;realizado;331200.0;329443.335;-0.5303940217391223;Financials;Cielo
01.027.058/0001-91;CIELO S.A. -  INSTITUIÇÃO DE PAGAMENTO;Conselho Fiscal;2019;600982.72;601382.97;400.25;0.0665992526374136;5.0;5.0;0.0;0.0;2019;2022;realizado;120196.544;120276.594;0.06659925263741151;Financials;Cielo
01.027.058/0001-91;CIELO S.A. -  INSTITUIÇÃO DE PAGAMENTO;Diretoria Estatutária;2020;47996746.54;32394259.89;-15602486.649999999;-32.50738388485779;9.0;6.5;-2.5;-27.77777777777778;2020;2023;realizado;5332971.837777778;4983732.290769231;-6.54868537903387;Financials;Cielo
01.027.058/0001-91;CIELO S.A. -  INSTITUIÇÃO DE PAGAMENTO;Conselho de Administração;2020;3633600.0;3336772.0;-296828.0;-8.168978423601937;11.0;10.42;-0.5800000000000001;-5.272727272727273;2020;2023;realizado;330327.2727272727;320227.63915547024;-3.0574628272189264;Financials;Cielo
01.027.058/0001-91;CIELO S.A. -  INSTITUIÇÃO DE PAGAMENTO;Conselho Fiscal;2020;676694.07;686929.93;10235.860000000102;1.5126274122662406;5.0;4.92;-0.08000000000000007;-1.6000000000000014;2020;2023;realizado;135338.81399999998;139619.90447154472;3.1632392401079734;Financials;Cielo
01.027.058/0001-91;CIELO S.A. -  INSTITUIÇÃO DE PAGAMENTO;Diretoria Estatutária;2021;40103682.47;41274843.25;1171160.7800000012;2.9203322684297155;8.0;6.5;-1.5;-18.75;2021;2024;realizado;5012960.30875;6349975.884615385;26.671178176528887;Financials;Cielo
01.027.058/0001-91;CIELO S.A. -  INSTITUIÇÃO DE PAGAMENTO;Conselho de Administração;2021;3132000.0;2790041.03;-341958.9700000002;-10.918230204342281;11.0;10.58;-0.41999999999999993;-3.8181818181818175;2021;2024;realizado;284727.2727272727;263708.9820415879;-7.381902858957002;Financials;Cielo
01.027.058/0001-91;CIELO S.A. -  INSTITUIÇÃO DE PAGAMENTO;Conselho Fiscal;2021;814317.53;757663.76;-56653.77000000002;-6.957208694745896;5.0;5.0;0.0;0.0;2021;2024;realizado;162863.506;151532.752;-6.957208694745887;Financials;Cielo
01.027.058/0001-91;CIELO S.A. -  INSTITUIÇÃO DE PAGAMENTO;Diretoria Estatutária;2022;60463208.8;56084897.2;-4378311.599999994;-7.241282239059721;8.75;6.83;-1.92;-21.942857142857143;2022;2025;realizado;6910081.005714285;8211551.566617862;18.834374876753657;Financials;Cielo
01.027.058/0001-91;CIELO S.A. -  INSTITUIÇÃO DE PAGAMENTO;Conselho de Administração;2022;4851000.0;3830333.35;-1020666.6499999999;-21.040334982477837;11.75;10.58;-1.17;-9.957446808510639;2022;2025;realizado;412851.06382978725;362035.28827977314;-12.308500571277381;Financials;Cielo
01.027.058/0001-91;CIELO S.A. -  INSTITUIÇÃO DE PAGAMENTO;Conselho Fiscal;2022;750000.0;775000.0;25000.0;3.3333333333333335;5.0;5.0;0.0;0.0;2022;2025;realizado;150000.0;155000.0;3.3333333333333437;Financials;Cielo
01.027.058/0001-91;CIELO S.A. -  INSTITUIÇÃO DE PAGAMENTO;Diretoria Estatutária;2023;73389307.74;72032243.17;-1357064.5699999928;-1.8491311769934307;11.0;8.0;-3.0;-27.272727272727273;2023;2026;realizado;6671755.249090909;9004030.39625;34.95744463163402;Financials;Cielo
01.027.058/0001-91;CIELO S.A. -  INSTITUIÇÃO DE PAGAMENTO;Conselho de Administração;2023;6316800.0;5294300.0;-1022500.0;-16.186993414387032;12.0;10.58;-1.42;-11.833333333333334;2023;2026;realizado;526400.0;500406.427221172;-4.937988749777356;Financials;Cielo
01.027.058/0001-91;CIELO S.A. -  INSTITUIÇÃO DE PAGAMENTO;Conselho Fiscal;2023;806250.0;785000.0;-21250.0;-2.635658914728682;5.0;5.0;0.0;0.0;2023;2026;realizado;161250.0;157000.0;-2.635658914728678;Financials;Cielo
01.027.058/0001-91;CIELO S.A. -  INSTITUIÇÃO DE PAGAMENTO;Diretoria Estatutária;2024;79211547.3;85450269.3;6238722.0;7.876025923811238;9.0;7.33;-1.67;-18.555555555555557;2024;2026;realizado;8801283.033333333;11657608.362892224;32.45351068407929;Financials;Cielo
01.027.058/0001-91;CIELO S.A. -  INSTITUIÇÃO DE PAGAMENTO;Conselho de Administração;2024;7985736.0;6970031.2;-1015704.7999999998;-12.718987955524698;12.0;10.42;-1.58;-13.166666666666666;2024;2026;realizado;665478.0;668908.9443378119;0.5155608957489122;Financials;Cielo
01.027.058/0001-91;CIELO S.A. -  INSTITUIÇÃO DE PAGAMENTO;Conselho Fiscal;2024;954000.0;871500.0;-82500.0;-8.647798742138365;5.0;5.0;0.0;0.0;2024;2026;realizado;190800.0;174300.0;-8.647798742138368;Financials;Cielo
01.027.058/0001-91;CIELO S.A. -  INSTITUIÇÃO DE PAGAMENTO;Diretoria Estatutária;2025;79204138.37;70879772.81;-8324365.560000002;-10.510013404997794;9.0;8.0;-1.0;-11.11111111111111;2025;2026;realizado;8800459.81888889;8859971.60125;0.6762349193774719;Financials;Cielo
01.027.058/0001-91;CIELO S.A. -  INSTITUIÇÃO DE PAGAMENTO;Conselho de Administração;2025;5869920.0;4999552.0;-870368.0;-14.827595606072997;9.0;8.0;-1.0;-11.11111111111111;2025;2026;realizado;652213.3333333334;624944.0;-4.181045056832122;Financials;Cielo
01.027.058/0001-91;CIELO S.A. -  INSTITUIÇÃO DE PAGAMENTO;Conselho Fiscal;2025;953940.0;652228.0;-301712.0;-31.627984988573704;5.0;4.33;-0.6699999999999999;-13.4;2025;2026;realizado;190788.0;150630.02309468822;-21.048481511055083;Financials;Cielo
01.027.058/0001-91;CIELO S.A. -  INSTITUIÇÃO DE PAGAMENTO;Diretoria Estatutária;2026;72749733.92;;;;9.0;;;;2026;;so previsao;8083303.768888889;;;Financials;Cielo
01.027.058/0001-91;CIELO S.A. -  INSTITUIÇÃO DE PAGAMENTO;Conselho de Administração;2026;5322336.0;;;;8.0;;;;2026;;so previsao;665292.0;;;Financials;Cielo
01.027.058/0001-91;CIELO S.A. -  INSTITUIÇÃO DE PAGAMENTO;Conselho Fiscal;2026;803616.0;;;;4.0;;;;2026;;so previsao;200904.0;;;Financials;Cielo
71.476.527/0001-35;CONSTRUTORA TENDA S.A.;Diretoria Estatutária;2009;;1660000.0;;;;4.0;;;;2012;so realizado;;415000.0;;RealEstate;Tenda
71.476.527/0001-35;CONSTRUTORA TENDA S.A.;Conselho de Administração;2009;;1050000.0;;;;7.0;;;;2012;so realizado;;150000.0;;RealEstate;Tenda
71.476.527/0001-35;CONSTRUTORA TENDA S.A.;Conselho Fiscal;2009;;108000.0;;;;3.0;;;;2012;so realizado;;36000.0;;RealEstate;Tenda
71.476.527/0001-35;CONSTRUTORA TENDA S.A.;Diretoria Estatutária;2010;1500000.0;309075.0;-1190925.0;-79.395;5.5;5.17;-0.33000000000000007;-6.000000000000001;2010;2013;realizado;272727.2727272727;59782.39845261122;-78.07978723404256;RealEstate;Tenda
71.476.527/0001-35;CONSTRUTORA TENDA S.A.;Conselho de Administração;2010;200000.0;62500.0;-137500.0;-68.75;3.67;3.67;0.0;0.0;2010;2013;realizado;54495.91280653951;17029.972752043595;-68.75;RealEstate;Tenda
71.476.527/0001-35;CONSTRUTORA TENDA S.A.;Conselho Fiscal;2010;70000.0;69760.0;-240.0;-0.34285714285714286;3.0;3.0;0.0;0.0;2010;2013;realizado;23333.333333333332;23253.333333333332;-0.34285714285714475;RealEstate;Tenda
71.476.527/0001-35;CONSTRUTORA TENDA S.A.;Diretoria Estatutária;2011;41965.0;0.0;-41965.0;-100.0;5.92;5.9;-0.019999999999999574;-0.33783783783783067;2011;2014;realizado;7088.6824324324325;0.0;;RealEstate;Tenda
71.476.527/0001-35;CONSTRUTORA TENDA S.A.;Conselho de Administração;2011;19620.0;0.0;-19620.0;-100.0;3.0;3.0;0.0;0.0;2011;2014;realizado;6540.0;0.0;;RealEstate;Tenda
71.476.527/0001-35;CONSTRUTORA TENDA S.A.;Conselho Fiscal;2011;51480.0;61773.0;10293.0;19.994172494172496;3.0;3.0;0.0;0.0;2011;2014;realizado;17160.0;20591.0;19.994172494172503;RealEstate;Tenda
71.476.527/0001-35;CONSTRUTORA TENDA S.A.;Diretoria Estatutária;2012;7542691.0;9026809.0;1484118.0;19.676240217185086;9.0;8.0;-1.0;-11.11111111111111;2012;2015;realizado;838076.7777777778;1128351.125;34.635770244333216;RealEstate;Tenda
71.476.527/0001-35;CONSTRUTORA TENDA S.A.;Conselho de Administração;2012;29856.0;0.0;-29856.0;-100.0;4.0;4.0;0.0;0.0;2012;2015;realizado;7464.0;0.0;;RealEstate;Tenda
71.476.527/0001-35;CONSTRUTORA TENDA S.A.;Conselho Fiscal;2012;53328.0;63994.0;10666.0;20.000750075007502;3.0;3.0;0.0;0.0;2012;2015;realizado;17776.0;21331.333333333332;20.000750075007502;RealEstate;Tenda
71.476.527/0001-35;CONSTRUTORA TENDA S.A.;Diretoria Estatutária;2013;8796363.0;9809144.91;1012781.9100000001;11.513643877588954;9.0;8.58;-0.41999999999999993;-4.666666666666666;2013;2016;realizado;977373.6666666666;1143256.9825174825;16.972353717750654;RealEstate;Tenda
71.476.527/0001-35;CONSTRUTORA TENDA S.A.;Conselho de Administração;2013;32544.0;0.0;-32544.0;-100.0;4.0;4.0;0.0;0.0;2013;2016;realizado;8136.0;0.0;;RealEstate;Tenda
71.476.527/0001-35;CONSTRUTORA TENDA S.A.;Conselho Fiscal;2013;54672.0;65606.4;10934.399999999994;19.999999999999993;3.0;3.0;0.0;0.0;2013;2016;realizado;18224.0;21868.8;19.999999999999996;RealEstate;Tenda
71.476.527/0001-35;CONSTRUTORA TENDA S.A.;Diretoria Estatutária;2014;13934078.0;13701281.51;-232796.49000000022;-1.6706989152780702;10.0;8.75;-1.25;-12.5;2014;2017;realizado;1393407.8;1565860.744;12.376344096825065;RealEstate;Tenda
71.476.527/0001-35;CONSTRUTORA TENDA S.A.;Conselho de Administração;2014;720000.0;151588.8;-568411.2;-78.94599999999998;4.67;10.0;5.33;114.13276231263383;2014;2017;realizado;154175.58886509636;15158.88;-90.167782;RealEstate;Tenda
71.476.527/0001-35;CONSTRUTORA TENDA S.A.;Conselho Fiscal;2014;126828.0;63340.18;-63487.82;-50.05820481281736;3.0;2.92;-0.08000000000000007;-2.666666666666669;2014;2017;realizado;42276.0;21691.842465753427;-48.68993645152467;RealEstate;Tenda
71.476.527/0001-35;CONSTRUTORA TENDA S.A.;Diretoria Estatutária;2015;12259166.0;10089502.6;-2169663.4000000004;-17.69829530002286;10.0;10.08;0.08000000000000007;0.8000000000000007;2015;2018;realizado;1225916.6;1000942.7182539682;-18.351483432562365;RealEstate;Tenda
71.476.527/0001-35;CONSTRUTORA TENDA S.A.;Conselho de Administração;2015;455040.0;403504.8;-51535.20000000001;-11.325421940928273;10.0;10.0;0.0;0.0;2015;2018;realizado;45504.0;40350.479999999996;-11.325421940928281;RealEstate;Tenda
71.476.527/0001-35;CONSTRUTORA TENDA S.A.;Conselho Fiscal;2015;178375.0;68774.4;-109600.6;-61.44392431674842;3.0;3.0;0.0;0.0;2015;2018;realizado;59458.333333333336;22924.8;-61.443924316748436;RealEstate;Tenda
71.476.527/0001-35;CONSTRUTORA TENDA S.A.;Diretoria Estatutária;2016;;13600263.59;;;;10.25;;;;2019;so realizado;;1326854.984390244;;RealEstate;Tenda
71.476.527/0001-35;CONSTRUTORA TENDA S.A.;Conselho de Administração;2016;;412820.18;;;;8.92;;;;2019;so realizado;;46280.28923766816;;RealEstate;Tenda
71.476.527/0001-35;CONSTRUTORA TENDA S.A.;Conselho Fiscal;2016;;71424.0;;;;3.0;;;;2019;so realizado;;23808.0;;RealEstate;Tenda
71.476.527/0001-35;CONSTRUTORA TENDA S.A.;Diretoria Estatutária;2017;;13735049.0;;;;9.67;;;;2020;so realizado;;1420377.3526370218;;RealEstate;Tenda
71.476.527/0001-35;CONSTRUTORA TENDA S.A.;Conselho de Administração;2017;;1402279.0;;;;6.08;;;;2020;so realizado;;230637.99342105264;;RealEstate;Tenda
71.476.527/0001-35;CONSTRUTORA TENDA S.A.;Conselho Fiscal;2017;;18266.0;;;;0.75;;;;2020;so realizado;;24354.666666666668;;RealEstate;Tenda
71.476.527/0001-35;CONSTRUTORA TENDA S.A.;Diretoria Estatutária;2018;30585884.0;25310074.0;-5275810.0;-17.24916631476141;10.78;10.83;0.05000000000000071;0.4638218923933276;2018;2021;realizado;2837280.5194805195;2337033.6103416434;-17.63121079160924;RealEstate;Tenda
71.476.527/0001-35;CONSTRUTORA TENDA S.A.;Conselho de Administração;2018;4650084.0;4936082.0;285998.0;6.150383519953618;7.0;7.0;0.0;0.0;2018;2021;realizado;664297.7142857143;705154.5714285715;6.150383519953628;RealEstate;Tenda
71.476.527/0001-35;CONSTRUTORA TENDA S.A.;Conselho Fiscal;2018;77244.0;136687.0;59443.0;76.95484438920822;3.0;2.0;-1.0;-33.333333333333336;2018;2021;realizado;25748.0;68343.5;165.43226658381235;RealEstate;Tenda
71.476.527/0001-35;CONSTRUTORA TENDA S.A.;Diretoria Estatutária;2019;26125157.0;21393320.0;-4731837.0;-18.112185890404408;11.92;12.0;0.08000000000000007;0.671140939597316;2019;2022;realizado;2191707.802013423;1782776.6666666667;-18.658104651135044;RealEstate;Tenda
71.476.527/0001-35;CONSTRUTORA TENDA S.A.;Conselho de Administração;2019;6076753.0;5710538.0;-366215.0;-6.0264914502860325;7.0;7.0;0.0;0.0;2019;2022;realizado;868107.5714285715;815791.1428571428;-6.026491450286042;RealEstate;Tenda
71.476.527/0001-35;CONSTRUTORA TENDA S.A.;Conselho Fiscal;2019;212290.0;175841.0;-36449.0;-17.16943803287955;3.0;3.0;0.0;0.0;2019;2022;realizado;70763.33333333333;58613.666666666664;-17.169438032879548;RealEstate;Tenda
71.476.527/0001-35;CONSTRUTORA TENDA S.A.;Diretoria Estatutária;2020;35703242.0;25207894.0;-10495348.0;-29.396064368608318;14.83;14.75;-0.08000000000000007;-0.5394470667565749;2020;2023;realizado;2407501.146325017;1709009.7627118644;-29.013127768573653;RealEstate;Tenda
71.476.527/0001-35;CONSTRUTORA TENDA S.A.;Conselho de Administração;2020;5648830.0;4470808.0;-1178022.0;-20.854265396551146;7.0;7.0;0.0;0.0;2020;2023;realizado;806975.7142857143;638686.8571428572;-20.854265396551142;RealEstate;Tenda
71.476.527/0001-35;CONSTRUTORA TENDA S.A.;Conselho Fiscal;2020;186748.0;186838.0;90.0;0.04819328721057253;3.0;3.0;0.0;0.0;2020;2023;realizado;62249.333333333336;62279.333333333336;0.04819328721057392;RealEstate;Tenda
71.476.527/0001-35;CONSTRUTORA TENDA S.A.;Diretoria Estatutária;2021;;16814205.0;;;;16.25;;;;2024;so realizado;;1034720.3076923077;;RealEstate;Tenda
71.476.527/0001-35;CONSTRUTORA TENDA S.A.;Conselho de Administração;2021;;4372485.0;;;;7.0;;;;2024;so realizado;;624640.7142857143;;RealEstate;Tenda
71.476.527/0001-35;CONSTRUTORA TENDA S.A.;Conselho Fiscal;2021;;360000.0;;;;3.0;;;;2024;so realizado;;120000.0;;RealEstate;Tenda
71.476.527/0001-35;CONSTRUTORA TENDA S.A.;Diretoria Estatutária;2022;;25973303.0;;;;14.08;;;;2025;so realizado;;1844694.8153409092;;RealEstate;Tenda
71.476.527/0001-35;CONSTRUTORA TENDA S.A.;Conselho de Administração;2022;;5189186.0;;;;7.0;;;;2025;so realizado;;741312.2857142857;;RealEstate;Tenda
71.476.527/0001-35;CONSTRUTORA TENDA S.A.;Conselho Fiscal;2022;;360000.0;;;;3.0;;;;2025;so realizado;;120000.0;;RealEstate;Tenda
71.476.527/0001-35;CONSTRUTORA TENDA S.A.;Diretoria Estatutária;2023;26488328.0;17678415.0;-8809913.0;-33.259604003695515;11.0;11.42;0.41999999999999993;3.8181818181818175;2023;2026;realizado;2408029.8181818184;1548022.3292469352;-35.714154469408996;RealEstate;Tenda
71.476.527/0001-35;CONSTRUTORA TENDA S.A.;Conselho de Administração;2023;3283979.0;3012962.0;-271017.0;-8.252701981346409;6.33;6.33;0.0;0.0;2023;2026;realizado;518796.0505529226;475981.35860979464;-8.25270198134641;RealEstate;Tenda
71.476.527/0001-35;CONSTRUTORA TENDA S.A.;Conselho Fiscal;2023;360000.0;360000.0;0.0;0.0;3.0;3.0;0.0;0.0;2023;2026;realizado;120000.0;120000.0;0.0;RealEstate;Tenda
71.476.527/0001-35;CONSTRUTORA TENDA S.A.;Diretoria Estatutária;2024;31707679.0;28163805.42;-3543873.579999998;-11.176704482217062;13.0;13.0;0.0;0.0;2024;2026;realizado;2439052.230769231;2166446.570769231;-11.17670448221707;RealEstate;Tenda
71.476.527/0001-35;CONSTRUTORA TENDA S.A.;Conselho de Administração;2024;2798524.0;3462901.4;664377.3999999999;23.74027880411245;6.0;6.0;0.0;0.0;2024;2026;realizado;466420.6666666667;577150.2333333333;23.740278804112446;RealEstate;Tenda
71.476.527/0001-35;CONSTRUTORA TENDA S.A.;Conselho Fiscal;2024;360000.0;360000.0;0.0;0.0;3.0;3.0;0.0;0.0;2024;2026;realizado;120000.0;120000.0;0.0;RealEstate;Tenda
71.476.527/0001-35;CONSTRUTORA TENDA S.A.;Diretoria Estatutária;2025;28663003.56;26899812.06;-1763191.5;-6.15145407322414;13.0;13.0;0.0;0.0;2025;2026;realizado;2204846.4276923076;2069216.3123076921;-6.15145407322415;RealEstate;Tenda
71.476.527/0001-35;CONSTRUTORA TENDA S.A.;Conselho de Administração;2025;5460354.49;4599315.16;-861039.3300000001;-15.768927302740009;6.75;6.5;-0.25;-3.7037037037037037;2025;2026;realizado;808941.4059259259;707586.9476923078;-12.529270660537694;RealEstate;Tenda
71.476.527/0001-35;CONSTRUTORA TENDA S.A.;Conselho Fiscal;2025;360000.0;360000.0;0.0;0.0;3.0;3.0;0.0;0.0;2025;2026;realizado;120000.0;120000.0;0.0;RealEstate;Tenda
71.476.527/0001-35;CONSTRUTORA TENDA S.A.;Diretoria Estatutária;2026;41321756.89;;;;13.0;;;;2026;;so previsao;3178596.683846154;;;RealEstate;Tenda
71.476.527/0001-35;CONSTRUTORA TENDA S.A.;Conselho de Administração;2026;5318543.16;;;;6.0;;;;2026;;so previsao;886423.86;;;RealEstate;Tenda
71.476.527/0001-35;CONSTRUTORA TENDA S.A.;Conselho Fiscal;2026;360000.0;;;;3.0;;;;2026;;so previsao;120000.0;;;RealEstate;Tenda
02.429.144/0001-93;CPFL ENERGIA S.A.;Diretoria Estatutária;2009;;1122000.0;;;;6.0;;;;2012;so realizado;;187000.0;;Utilities;CPFL
02.429.144/0001-93;CPFL ENERGIA S.A.;Conselho de Administração;2009;;861000.0;;;;7.0;;;;2012;so realizado;;123000.0;;Utilities;CPFL
02.429.144/0001-93;CPFL ENERGIA S.A.;Conselho Fiscal;2009;;490000.0;;;;5.0;;;;2012;so realizado;;98000.0;;Utilities;CPFL
02.429.144/0001-93;CPFL ENERGIA S.A.;Diretoria Estatutária;2010;1991000.0;2097000.0;106000.0;5.3239578101456555;7.0;6.08;-0.9199999999999999;-13.142857142857142;2010;2013;realizado;284428.5714285714;344901.3157894737;21.261135636680862;Utilities;CPFL
02.429.144/0001-93;CPFL ENERGIA S.A.;Conselho de Administração;2010;941000.0;940000.0;-1000.0;-0.10626992561105207;7.0;7.0;0.0;0.0;2010;2013;realizado;134428.57142857142;134285.7142857143;-0.10626992561104665;Utilities;CPFL
02.429.144/0001-93;CPFL ENERGIA S.A.;Conselho Fiscal;2010;647000.0;637000.0;-10000.0;-1.545595054095827;5.0;5.0;0.0;0.0;2010;2013;realizado;129400.0;127400.0;-1.5455950540958274;Utilities;CPFL
02.429.144/0001-93;CPFL ENERGIA S.A.;Diretoria Estatutária;2011;6142000.0;5644000.0;-498000.0;-8.108108108108109;6.0;5.58;-0.41999999999999993;-6.999999999999999;2011;2014;realizado;1023666.6666666666;1011469.5340501792;-1.1915140947398983;Utilities;CPFL
02.429.144/0001-93;CPFL ENERGIA S.A.;Conselho de Administração;2011;1192000.0;1180000.0;-12000.0;-1.0067114093959733;7.0;7.0;0.0;0.0;2011;2014;realizado;170285.7142857143;168571.42857142858;-1.0067114093959662;Utilities;CPFL
02.429.144/0001-93;CPFL ENERGIA S.A.;Conselho Fiscal;2011;679000.0;690000.0;11000.0;1.6200294550810015;5.0;5.08;0.08000000000000007;1.6000000000000014;2011;2014;realizado;135800.0;135826.7716535433;0.019714030591533316;Utilities;CPFL
02.429.144/0001-93;CPFL ENERGIA S.A.;Diretoria Estatutária;2012;13309000.0;14356000.0;1047000.0;7.866857014050643;6.0;5.75;-0.25;-4.166666666666667;2012;2015;realizado;2218166.6666666665;2496695.652173913;12.556720362487628;Utilities;CPFL
02.429.144/0001-93;CPFL ENERGIA S.A.;Conselho de Administração;2012;1770000.0;1550000.0;-220000.0;-12.429378531073446;7.0;6.17;-0.8300000000000001;-11.857142857142858;2012;2015;realizado;252857.14285714287;251215.55915721232;-0.6492138926278979;Utilities;CPFL
02.429.144/0001-93;CPFL ENERGIA S.A.;Conselho Fiscal;2012;720000.0;730000.0;10000.0;1.3888888888888888;5.0;5.08;0.08000000000000007;1.6000000000000014;2012;2015;realizado;144000.0;143700.7874015748;-0.20778652668416164;Utilities;CPFL
02.429.144/0001-93;CPFL ENERGIA S.A.;Diretoria Estatutária;2013;12239000.0;8669000.0;-3570000.0;-29.169049758967237;6.0;6.0;0.0;0.0;2013;2016;realizado;2039833.3333333333;1444833.3333333333;-29.169049758967237;Utilities;CPFL
02.429.144/0001-93;CPFL ENERGIA S.A.;Conselho de Administração;2013;1835000.0;1534000.0;-301000.0;-16.40326975476839;7.0;6.92;-0.08000000000000007;-1.142857142857144;2013;2016;realizado;262142.85714285713;221676.3005780347;-15.436833566962239;Utilities;CPFL
02.429.144/0001-93;CPFL ENERGIA S.A.;Conselho Fiscal;2013;812000.0;664000.0;-148000.0;-18.226600985221676;5.0;4.42;-0.5800000000000001;-11.600000000000001;2013;2016;realizado;162400.0;150226.2443438914;-7.496154960658008;Utilities;CPFL
02.429.144/0001-93;CPFL ENERGIA S.A.;Diretoria Estatutária;2014;14353000.0;12582000.0;-1771000.0;-12.338883857033373;6.0;5.67;-0.33000000000000007;-5.500000000000001;2014;2017;realizado;2392166.6666666665;2219047.619047619;-7.236914134426852;Utilities;CPFL
02.429.144/0001-93;CPFL ENERGIA S.A.;Conselho de Administração;2014;1826000.0;1844000.0;18000.0;0.9857612267250822;7.0;7.0;0.0;0.0;2014;2017;realizado;260857.14285714287;263428.5714285714;0.9857612267250682;Utilities;CPFL
02.429.144/0001-93;CPFL ENERGIA S.A.;Conselho Fiscal;2014;801000.0;816000.0;15000.0;1.8726591760299625;5.0;5.0;0.0;0.0;2014;2017;realizado;160200.0;163200.0;1.8726591760299671;Utilities;CPFL
02.429.144/0001-93;CPFL ENERGIA S.A.;Diretoria Estatutária;2015;16436000.0;13584000.0;-2852000.0;-17.352153808712583;7.0;6.67;-0.33000000000000007;-4.714285714285715;2015;2018;realizado;2348000.0;2036581.7091454272;-13.263129934181128;Utilities;CPFL
02.429.144/0001-93;CPFL ENERGIA S.A.;Conselho de Administração;2015;1958000.0;1971000.0;13000.0;0.6639427987742594;7.0;7.0;0.0;0.0;2015;2018;realizado;279714.28571428574;281571.4285714286;0.6639427987742641;Utilities;CPFL
02.429.144/0001-93;CPFL ENERGIA S.A.;Conselho Fiscal;2015;859000.0;864000.0;5000.0;0.5820721769499418;5.0;5.0;0.0;0.0;2015;2018;realizado;171800.0;172800.0;0.5820721769499437;Utilities;CPFL
02.429.144/0001-93;CPFL ENERGIA S.A.;Diretoria Estatutária;2016;20180000.0;26875000.0;6695000.0;33.176412289395444;7.0;7.0;0.0;0.0;2016;2019;realizado;2882857.1428571427;3839285.714285714;33.17641228939543;Utilities;CPFL
02.429.144/0001-93;CPFL ENERGIA S.A.;Conselho de Administração;2016;2148000.0;2125000.0;-23000.0;-1.0707635009310987;7.0;7.0;0.0;0.0;2016;2019;realizado;306857.14285714284;303571.4285714286;-1.0707635009310934;Utilities;CPFL
02.429.144/0001-93;CPFL ENERGIA S.A.;Conselho Fiscal;2016;942000.0;948000.0;6000.0;0.6369426751592356;5.0;4.92;-0.08000000000000007;-1.6000000000000014;2016;2019;realizado;188400.0;192682.92682926828;2.273315726787839;Utilities;CPFL
02.429.144/0001-93;CPFL ENERGIA S.A.;Diretoria Estatutária;2017;28880000.0;27321000.0;-1559000.0;-5.398199445983379;7.0;7.42;0.41999999999999993;5.999999999999999;2017;2020;realizado;4125714.285714286;3682075.4716981133;-10.75301834526734;Utilities;CPFL
02.429.144/0001-93;CPFL ENERGIA S.A.;Conselho de Administração;2017;775000.0;772000.0;-3000.0;-0.3870967741935484;7.0;7.0;0.0;0.0;2017;2020;realizado;110714.28571428571;110285.71428571429;-0.3870967741935405;Utilities;CPFL
02.429.144/0001-93;CPFL ENERGIA S.A.;Conselho Fiscal;2017;265000.0;266000.0;1000.0;0.37735849056603776;3.0;4.67;1.67;55.666666666666664;2017;2020;realizado;88333.33333333333;56959.3147751606;-35.51775685830874;Utilities;CPFL
02.429.144/0001-93;CPFL ENERGIA S.A.;Diretoria Estatutária;2018;32953000.0;28708000.0;-4245000.0;-12.881983430947107;9.0;8.25;-0.75;-8.333333333333334;2018;2021;realizado;3661444.4444444445;3479757.5757575757;-4.962163742851389;Utilities;CPFL
02.429.144/0001-93;CPFL ENERGIA S.A.;Conselho de Administração;2018;620000.0;619000.0;-1000.0;-0.16129032258064516;7.0;7.0;0.0;0.0;2018;2021;realizado;88571.42857142857;88428.57142857143;-0.1612903225806317;Utilities;CPFL
02.429.144/0001-93;CPFL ENERGIA S.A.;Conselho Fiscal;2018;324000.0;283000.0;-41000.0;-12.654320987654321;5.0;4.5;-0.5;-10.0;2018;2021;realizado;64800.0;62888.88888888889;-2.9492455418381303;Utilities;CPFL
02.429.144/0001-93;CPFL ENERGIA S.A.;Diretoria Estatutária;2019;;32104000.0;;;;9.33;;;;2022;so realizado;;3440943.193997856;;Utilities;CPFL
02.429.144/0001-93;CPFL ENERGIA S.A.;Conselho de Administração;2019;;767000.0;;;;8.33;;;;2022;so realizado;;92076.83073229292;;Utilities;CPFL
02.429.144/0001-93;CPFL ENERGIA S.A.;Conselho Fiscal;2019;;335000.0;;;;3.0;;;;2022;so realizado;;111666.66666666667;;Utilities;CPFL
02.429.144/0001-93;CPFL ENERGIA S.A.;Diretoria Estatutária;2020;35043000.0;22931000.0;-12112000.0;-34.56325086322518;10.0;9.0;-1.0;-10.0;2020;2023;realizado;3504300.0;2547888.888888889;-27.292500959139087;Utilities;CPFL
02.429.144/0001-93;CPFL ENERGIA S.A.;Conselho de Administração;2020;863000.0;712000.0;-151000.0;-17.497103128621088;9.0;7.0;-2.0;-22.22222222222222;2020;2023;realizado;95888.88888888889;101714.28571428571;6.075153120344301;Utilities;CPFL
02.429.144/0001-93;CPFL ENERGIA S.A.;Conselho Fiscal;2020;379000.0;240000.0;-139000.0;-36.675461741424805;3.0;3.0;0.0;0.0;2020;2023;realizado;126333.33333333333;80000.0;-36.6754617414248;Utilities;CPFL
02.429.144/0001-93;CPFL ENERGIA S.A.;Diretoria Estatutária;2021;25615000.0;18035100.0;-7579900.0;-29.591645520203006;9.0;8.0;-1.0;-11.11111111111111;2021;2024;realizado;2846111.111111111;2254387.5;-20.790601210228377;Utilities;CPFL
02.429.144/0001-93;CPFL ENERGIA S.A.;Conselho de Administração;2021;1098000.0;803991.0;-294009.0;-26.776775956284155;7.0;7.0;0.0;0.0;2021;2024;realizado;156857.14285714287;114855.85714285714;-26.776775956284162;Utilities;CPFL
02.429.144/0001-93;CPFL ENERGIA S.A.;Conselho Fiscal;2021;402000.0;328614.0;-73386.0;-18.255223880597015;3.0;3.0;0.0;0.0;2021;2024;realizado;134000.0;109538.0;-18.255223880597015;Utilities;CPFL
02.429.144/0001-93;CPFL ENERGIA S.A.;Diretoria Estatutária;2022;28729319.0;26553016.32;-2176302.6799999997;-7.575197588219893;9.0;8.0;-1.0;-11.11111111111111;2022;2025;realizado;3192146.5555555555;3319127.04;3.9779027132526235;Utilities;CPFL
02.429.144/0001-93;CPFL ENERGIA S.A.;Conselho de Administração;2022;970448.0;766242.8;-204205.19999999995;-21.042363939129142;7.0;7.0;0.0;0.0;2022;2025;realizado;138635.42857142858;109463.25714285715;-21.04236393912914;Utilities;CPFL
02.429.144/0001-93;CPFL ENERGIA S.A.;Conselho Fiscal;2022;419140.0;344487.16;-74652.84000000003;-17.81095576656965;3.0;3.0;0.0;0.0;2022;2025;realizado;139713.33333333334;114829.05333333333;-17.81095576656965;Utilities;CPFL
02.429.144/0001-93;CPFL ENERGIA S.A.;Diretoria Estatutária;2023;27275199.49;26727795.58;-547403.9100000001;-2.006965742636261;9.0;8.0;-1.0;-11.11111111111111;2023;2026;realizado;3030577.721111111;3340974.4475;10.2421635395342;Utilities;CPFL
02.429.144/0001-93;CPFL ENERGIA S.A.;Conselho de Administração;2023;840576.96;831275.2;-9301.76000000001;-1.1065923101199455;7.0;7.0;0.0;0.0;2023;2026;realizado;120082.42285714285;118753.59999999999;-1.106592310119947;Utilities;CPFL
02.429.144/0001-93;CPFL ENERGIA S.A.;Conselho Fiscal;2023;363046.08;359028.68;-4017.4000000000233;-1.106581291278513;3.0;3.0;0.0;0.0;2023;2026;realizado;121015.36;119676.22666666667;-1.1065812912785078;Utilities;CPFL
02.429.144/0001-93;CPFL ENERGIA S.A.;Diretoria Estatutária;2024;25172346.0;23132260.59;-2040085.4100000001;-8.104470715601954;8.0;8.0;0.0;0.0;2024;2026;realizado;3146543.25;2891532.57375;-8.104470715601952;Utilities;CPFL
02.429.144/0001-93;CPFL ENERGIA S.A.;Conselho de Administração;2024;880471.0;792646.4;-87824.59999999998;-9.974729434586713;7.0;7.0;0.0;0.0;2024;2026;realizado;125781.57142857143;113235.2;-9.974729434586727;Utilities;CPFL
02.429.144/0001-93;CPFL ENERGIA S.A.;Conselho Fiscal;2024;380276.0;363900.84;-16375.159999999974;-4.306125024981848;3.0;3.0;0.0;0.0;2024;2026;realizado;126758.66666666667;121300.28000000001;-4.306125024981844;Utilities;CPFL
02.429.144/0001-93;CPFL ENERGIA S.A.;Diretoria Estatutária;2025;26578695.0;24863955.39;-1714739.6099999994;-6.451556820227627;9.0;7.75;-1.25;-13.88888888888889;2025;2026;realizado;2953188.3333333335;3208252.308387097;8.636901757155012;Utilities;CPFL
02.429.144/0001-93;CPFL ENERGIA S.A.;Conselho de Administração;2025;929662.0;895252.0;-34410.0;-3.701345220090743;7.0;7.0;0.0;0.0;2025;2026;realizado;132808.85714285713;127893.14285714286;-3.701345220090735;Utilities;CPFL
02.429.144/0001-93;CPFL ENERGIA S.A.;Conselho Fiscal;2025;401522.0;377316.6;-24205.400000000023;-6.0284118927481;3.0;3.0;0.0;0.0;2025;2026;realizado;133840.66666666666;125772.2;-6.028411892748087;Utilities;CPFL
02.429.144/0001-93;CPFL ENERGIA S.A.;Diretoria Estatutária;2026;29616797.77;;;;8.0;;;;2026;;so previsao;3702099.72125;;;Utilities;CPFL
02.429.144/0001-93;CPFL ENERGIA S.A.;Conselho de Administração;2026;1005600.0;;;;7.0;;;;2026;;so previsao;143657.14285714287;;;Utilities;CPFL
02.429.144/0001-93;CPFL ENERGIA S.A.;Conselho Fiscal;2026;416490.84;;;;3.0;;;;2026;;so previsao;138830.28;;;Utilities;CPFL
73.178.600/0001-18;CYRELA BRAZIL REALTY S.A.EMPREEND E PART;Diretoria Estatutária;2009;;8729000.0;;;;6.0;;;;2010;so realizado;;1454833.3333333333;;RealEstate;Cyrela
73.178.600/0001-18;CYRELA BRAZIL REALTY S.A.EMPREEND E PART;Conselho de Administração;2009;;531206.0;;;;4.34;;;;2010;so realizado;;122397.69585253457;;RealEstate;Cyrela
73.178.600/0001-18;CYRELA BRAZIL REALTY S.A.EMPREEND E PART;Diretoria Estatutária;2010;9080425.0;6658634.0;-2421791.0;-26.670458706503275;6.0;6.25;0.25;4.166666666666667;2010;2013;realizado;1513404.1666666667;1065381.44;-29.603640358243155;RealEstate;Cyrela
73.178.600/0001-18;CYRELA BRAZIL REALTY S.A.EMPREEND E PART;Conselho de Administração;2010;919575.0;1244157.0;324582.0;35.29695783378191;4.75;5.16;0.41000000000000014;8.631578947368425;2010;2013;realizado;193594.73684210525;241115.6976744186;24.546618160942657;RealEstate;Cyrela
73.178.600/0001-18;CYRELA BRAZIL REALTY S.A.EMPREEND E PART;Diretoria Estatutária;2011;13620636.96;8937711.0;-4682925.960000001;-34.381108414771234;7.75;7.4;-0.34999999999999964;-4.51612903225806;2011;2014;realizado;1757501.5432258067;1207798.7837837837;-31.27751219114556;RealEstate;Cyrela
73.178.600/0001-18;CYRELA BRAZIL REALTY S.A.EMPREEND E PART;Conselho de Administração;2011;1379363.04;627256.0;-752107.04;-54.52567730102439;5.16;4.8;-0.3600000000000003;-6.976744186046517;2011;2014;realizado;267318.4186046512;130678.33333333334;-51.115103098601224;RealEstate;Cyrela
73.178.600/0001-18;CYRELA BRAZIL REALTY S.A.EMPREEND E PART;Diretoria Estatutária;2012;;14341109.0;;;;6.8;;;;2015;so realizado;;2108986.617647059;;RealEstate;Cyrela
73.178.600/0001-18;CYRELA BRAZIL REALTY S.A.EMPREEND E PART;Conselho de Administração;2012;;2094063.0;;;;4.7;;;;2015;so realizado;;445545.31914893613;;RealEstate;Cyrela
73.178.600/0001-18;CYRELA BRAZIL REALTY S.A.EMPREEND E PART;Diretoria Estatutária;2013;;29187112.0;;;;6.1;;;;2016;so realizado;;4784772.459016394;;RealEstate;Cyrela
73.178.600/0001-18;CYRELA BRAZIL REALTY S.A.EMPREEND E PART;Conselho de Administração;2013;;4509058.0;;;;4.1;;;;2016;so realizado;;1099770.243902439;;RealEstate;Cyrela
73.178.600/0001-18;CYRELA BRAZIL REALTY S.A.EMPREEND E PART;Diretoria Estatutária;2014;;21023265.33;;;;5.7;;;;2017;so realizado;;3688292.1631578943;;RealEstate;Cyrela
73.178.600/0001-18;CYRELA BRAZIL REALTY S.A.EMPREEND E PART;Conselho de Administração;2014;;1425875.66;;;;6.3;;;;2017;so realizado;;226329.46984126983;;RealEstate;Cyrela
73.178.600/0001-18;CYRELA BRAZIL REALTY S.A.EMPREEND E PART;Diretoria Estatutária;2015;13631032.83;5718566.48;-7912466.35;-58.04744547739454;6.0;6.0;0.0;0.0;2015;2018;realizado;2271838.805;953094.4133333334;-58.04744547739453;RealEstate;Cyrela
73.178.600/0001-18;CYRELA BRAZIL REALTY S.A.EMPREEND E PART;Conselho de Administração;2015;1580416.26;3515421.82;1935005.5599999998;122.43644974900471;6.0;6.5;0.5;8.333333333333334;2015;2018;realizado;263402.71;540834.1261538462;105.3259536144659;RealEstate;Cyrela
73.178.600/0001-18;CYRELA BRAZIL REALTY S.A.EMPREEND E PART;Diretoria Estatutária;2016;11099966.0;10322599.99;-777366.0099999998;-7.003318838994639;6.0;5.67;-0.33000000000000007;-5.500000000000001;2016;2019;realizado;1849994.3333333333;1820564.372134039;-1.5908135862377049;RealEstate;Cyrela
73.178.600/0001-18;CYRELA BRAZIL REALTY S.A.EMPREEND E PART;Conselho de Administração;2016;1280662.0;3837165.82;2556503.82;199.62361809751516;5.0;6.0;1.0;20.0;2016;2019;realizado;256132.4;639527.6366666666;149.68634841459595;RealEstate;Cyrela
73.178.600/0001-18;CYRELA BRAZIL REALTY S.A.EMPREEND E PART;Diretoria Estatutária;2017;10514995.23;8042582.61;-2472412.62;-23.51320724279587;6.8;6.08;-0.7199999999999998;-10.588235294117643;2017;2020;realizado;1546322.8279411765;1322793.1924342106;-14.455560732074325;RealEstate;Cyrela
73.178.600/0001-18;CYRELA BRAZIL REALTY S.A.EMPREEND E PART;Conselho de Administração;2017;4131528.0;4519946.98;388418.98000000045;9.401339649640532;6.0;7.5;1.5;25.0;2017;2020;realizado;688588.0;602659.5973333333;-12.478928280287583;RealEstate;Cyrela
73.178.600/0001-18;CYRELA BRAZIL REALTY S.A.EMPREEND E PART;Diretoria Estatutária;2018;8630558.12;6619562.86;-2010995.2599999988;-23.300871531585248;6.0;5.8;-0.20000000000000018;-3.333333333333336;2018;2021;realizado;1438426.3533333333;1141303.9413793103;-20.656073998191648;RealEstate;Cyrela
73.178.600/0001-18;CYRELA BRAZIL REALTY S.A.EMPREEND E PART;Conselho de Administração;2018;5208066.54;5077586.25;-130480.29000000004;-2.505349902845136;8.0;7.8;-0.20000000000000018;-2.500000000000002;2018;2021;realizado;651008.3175;650972.5961538461;-0.0054870798411710275;RealEstate;Cyrela
73.178.600/0001-18;CYRELA BRAZIL REALTY S.A.EMPREEND E PART;Conselho Fiscal;2018;116280.0;116281.44;1.4400000000023283;0.0012383900928812593;6.0;6.0;0.0;0.0;2018;2021;realizado;19380.0;19380.24;0.0012383900928947256;RealEstate;Cyrela
73.178.600/0001-18;CYRELA BRAZIL REALTY S.A.EMPREEND E PART;Diretoria Estatutária;2019;7320808.16;6420746.11;-900062.0499999998;-12.294572270283338;5.0;5.0;0.0;0.0;2019;2022;realizado;1464161.632;1284149.222;-12.294572270283332;RealEstate;Cyrela
73.178.600/0001-18;CYRELA BRAZIL REALTY S.A.EMPREEND E PART;Conselho de Administração;2019;5077586.25;4761009.45;-316576.7999999998;-6.2347892170221595;7.0;7.0;0.0;0.0;2019;2022;realizado;725369.4642857143;680144.2071428571;-6.234789217022163;RealEstate;Cyrela
73.178.600/0001-18;CYRELA BRAZIL REALTY S.A.EMPREEND E PART;Conselho Fiscal;2019;120000.0;145351.8;25351.79999999999;21.126499999999993;3.0;6.0;3.0;100.0;2019;2022;realizado;40000.0;24225.3;-39.436749999999996;RealEstate;Cyrela
73.178.600/0001-18;CYRELA BRAZIL REALTY S.A.EMPREEND E PART;Diretoria Estatutária;2020;9903294.13;8766453.96;-1136840.17;-11.479414375426613;5.0;5.0;0.0;0.0;2020;2023;realizado;1980658.8260000001;1753290.7920000001;-11.479414375426611;RealEstate;Cyrela
73.178.600/0001-18;CYRELA BRAZIL REALTY S.A.EMPREEND E PART;Conselho de Administração;2020;5935175.52;5493576.08;-441599.4399999995;-7.440377096042469;7.0;7.0;0.0;0.0;2020;2023;realizado;847882.217142857;784796.5828571429;-7.440377096042461;RealEstate;Cyrela
73.178.600/0001-18;CYRELA BRAZIL REALTY S.A.EMPREEND E PART;Conselho Fiscal;2020;;145351.8;;;;6.0;;;;2023;so realizado;;24225.3;;RealEstate;Cyrela
73.178.600/0001-18;CYRELA BRAZIL REALTY S.A.EMPREEND E PART;Diretoria Estatutária;2021;20973529.11;20082280.3;-891248.8099999987;-4.2493983979789975;5.8;5.7;-0.09999999999999964;-1.7241379310344767;2021;2024;realizado;3616125.70862069;3523207.0701754387;-2.569563282154075;RealEstate;Cyrela
73.178.600/0001-18;CYRELA BRAZIL REALTY S.A.EMPREEND E PART;Conselho de Administração;2021;3994345.6;3827060.88;-167284.7200000002;-4.188038210814812;7.8;7.7;-0.09999999999999964;-1.2820512820512775;2021;2024;realizado;512095.58974358975;497020.8935064935;-2.9437270187474773;RealEstate;Cyrela
73.178.600/0001-18;CYRELA BRAZIL REALTY S.A.EMPREEND E PART;Conselho Fiscal;2021;0.0;145351.8;145351.8;;0.0;6.0;6.0;;2021;2024;realizado;;24225.3;;RealEstate;Cyrela
73.178.600/0001-18;CYRELA BRAZIL REALTY S.A.EMPREEND E PART;Diretoria Estatutária;2022;27370054.64;27131308.69;-238745.94999999925;-0.8722889053026722;6.0;6.0;0.0;0.0;2022;2025;realizado;4561675.773333333;4521884.781666667;-0.872288905302665;RealEstate;Cyrela
73.178.600/0001-18;CYRELA BRAZIL REALTY S.A.EMPREEND E PART;Conselho de Administração;2022;3935060.88;4045735.47;110674.59000000032;2.8125254824520103;8.0;8.0;0.0;0.0;2022;2025;realizado;491882.61;505716.93375;2.8125254824520107;RealEstate;Cyrela
73.178.600/0001-18;CYRELA BRAZIL REALTY S.A.EMPREEND E PART;Conselho Fiscal;2022;;72675.9;;;;3.0;;;;2025;so realizado;;24225.3;;RealEstate;Cyrela
73.178.600/0001-18;CYRELA BRAZIL REALTY S.A.EMPREEND E PART;Diretoria Estatutária;2023;28426982.24;26048118.17;-2378864.0699999966;-8.368331361788604;6.0;6.0;0.0;0.0;2023;2026;realizado;4737830.373333333;4341353.028333333;-8.368331361788606;RealEstate;Cyrela
73.178.600/0001-18;CYRELA BRAZIL REALTY S.A.EMPREEND E PART;Conselho de Administração;2023;4671818.79;4833497.64;161678.84999999963;3.4607260526900623;9.0;9.0;0.0;0.0;2023;2026;realizado;519090.9766666667;537055.2933333333;3.4607260526900774;RealEstate;Cyrela
73.178.600/0001-18;CYRELA BRAZIL REALTY S.A.EMPREEND E PART;Conselho Fiscal;2023;;145351.8;;;;6.0;;;;2026;so realizado;;24225.3;;RealEstate;Cyrela
73.178.600/0001-18;CYRELA BRAZIL REALTY S.A.EMPREEND E PART;Diretoria Estatutária;2024;32144621.81;28893979.21;-3250642.5999999978;-10.112555124194188;6.0;6.0;0.0;0.0;2024;2026;realizado;5357436.968333333;4815663.201666667;-10.112555124194177;RealEstate;Cyrela
73.178.600/0001-18;CYRELA BRAZIL REALTY S.A.EMPREEND E PART;Conselho de Administração;2024;5036022.52;5302889.78;266867.2600000007;5.29916732779028;8.33;8.58;0.25;3.0012004801920766;2024;2026;realizado;604564.5282112844;618052.4219114219;2.23100977161923;RealEstate;Cyrela
73.178.600/0001-18;CYRELA BRAZIL REALTY S.A.EMPREEND E PART;Conselho Fiscal;2024;154023.6;145352.0;-8671.600000000006;-5.630046304592287;6.0;3.0;-3.0;-50.0;2024;2026;realizado;25670.600000000002;48450.666666666664;88.7399073908154;RealEstate;Cyrela
73.178.600/0001-18;CYRELA BRAZIL REALTY S.A.EMPREEND E PART;Diretoria Estatutária;2025;33506941.75;27881045.03;-5625896.719999999;-16.790242338365598;6.0;6.0;0.0;0.0;2025;2026;realizado;5584490.291666667;4646840.838333334;-16.7902423383656;RealEstate;Cyrela
73.178.600/0001-18;CYRELA BRAZIL REALTY S.A.EMPREEND E PART;Conselho de Administração;2025;6789505.48;6165506.13;-623999.3500000006;-9.190645060058197;9.83;9.83;0.0;0.0;2025;2026;realizado;690692.3173957274;627213.2380467955;-9.1906450600582;RealEstate;Cyrela
73.178.600/0001-18;CYRELA BRAZIL REALTY S.A.EMPREEND E PART;Conselho Fiscal;2025;0.0;60563.25;60563.25;;0.0;1.25;1.25;;2025;2026;realizado;;48450.6;;RealEstate;Cyrela
73.178.600/0001-18;CYRELA BRAZIL REALTY S.A.EMPREEND E PART;Diretoria Estatutária;2026;34520292.35;;;;6.0;;;;2026;;so previsao;5753382.058333334;;;RealEstate;Cyrela
73.178.600/0001-18;CYRELA BRAZIL REALTY S.A.EMPREEND E PART;Conselho de Administração;2026;8183411.39;;;;10.0;;;;2026;;so previsao;818341.139;;;RealEstate;Cyrela
73.178.600/0001-18;CYRELA BRAZIL REALTY S.A.EMPREEND E PART;Conselho Fiscal;2026;163668.6;;;;4.0;;;;2026;;so previsao;40917.15;;;RealEstate;Cyrela
92.665.611/0001-77;DIMED S.A. DISTRIBUIDORA DE MEDICAMENTOS;Diretoria Estatutária;2007;;2036184.62;;;;5.0;;;;2010;so realizado;;407236.924;;Retail;Panvel
92.665.611/0001-77;DIMED S.A. DISTRIBUIDORA DE MEDICAMENTOS;Conselho de Administração;2007;;66769.92;;;;3.0;;;;2010;so realizado;;22256.64;;Retail;Panvel
92.665.611/0001-77;DIMED S.A. DISTRIBUIDORA DE MEDICAMENTOS;Conselho Fiscal;2007;;54630.0;;;;3.0;;;;2010;so realizado;;18210.0;;Retail;Panvel
92.665.611/0001-77;DIMED S.A. DISTRIBUIDORA DE MEDICAMENTOS;Diretoria Estatutária;2008;;1908748.62;;;;5.0;;;;2011;so realizado;;381749.72400000005;;Retail;Panvel
92.665.611/0001-77;DIMED S.A. DISTRIBUIDORA DE MEDICAMENTOS;Conselho de Administração;2008;;66769.92;;;;3.0;;;;2011;so realizado;;22256.64;;Retail;Panvel
92.665.611/0001-77;DIMED S.A. DISTRIBUIDORA DE MEDICAMENTOS;Conselho Fiscal;2008;;58680.0;;;;3.0;;;;2011;so realizado;;19560.0;;Retail;Panvel
92.665.611/0001-77;DIMED S.A. DISTRIBUIDORA DE MEDICAMENTOS;Diretoria Estatutária;2009;;2784985.08;;;;5.0;;;;2012;so realizado;;556997.0160000001;;Retail;Panvel
92.665.611/0001-77;DIMED S.A. DISTRIBUIDORA DE MEDICAMENTOS;Conselho de Administração;2009;;67068.0;;;;3.0;;;;2012;so realizado;;22356.0;;Retail;Panvel
92.665.611/0001-77;DIMED S.A. DISTRIBUIDORA DE MEDICAMENTOS;Conselho Fiscal;2009;;64350.0;;;;3.0;;;;2012;so realizado;;21450.0;;Retail;Panvel
92.665.611/0001-77;DIMED S.A. DISTRIBUIDORA DE MEDICAMENTOS;Diretoria Estatutária;2010;2980400.0;6219087.96;3238687.96;108.66621795732117;5.0;6.0;1.0;20.0;2010;2013;realizado;596080.0;1036514.66;73.88851496443432;Retail;Panvel
92.665.611/0001-77;DIMED S.A. DISTRIBUIDORA DE MEDICAMENTOS;Conselho de Administração;2010;141600.0;153600.0;12000.0;8.474576271186441;3.0;4.0;1.0;33.333333333333336;2010;2013;realizado;47200.0;38400.0;-18.644067796610166;Retail;Panvel
92.665.611/0001-77;DIMED S.A. DISTRIBUIDORA DE MEDICAMENTOS;Conselho Fiscal;2010;178824.0;157089.0;-21735.0;-12.154408804187357;3.0;3.0;0.0;0.0;2010;2013;realizado;59608.0;52363.0;-12.154408804187355;Retail;Panvel
92.665.611/0001-77;DIMED S.A. DISTRIBUIDORA DE MEDICAMENTOS;Diretoria Estatutária;2011;6607184.0;3871906.0;-2735278.0;-41.39854437230748;6.0;6.0;0.0;0.0;2011;2014;realizado;1101197.3333333333;645317.6666666666;-41.39854437230748;Retail;Panvel
92.665.611/0001-77;DIMED S.A. DISTRIBUIDORA DE MEDICAMENTOS;Conselho de Administração;2011;162816.0;198389.0;35573.0;21.84858981918239;4.0;4.0;0.0;0.0;2011;2014;realizado;40704.0;49597.25;21.848589819182386;Retail;Panvel
92.665.611/0001-77;DIMED S.A. DISTRIBUIDORA DE MEDICAMENTOS;Conselho Fiscal;2011;166514.34;95337.0;-71177.34;-42.74547165127039;3.0;3.0;0.0;0.0;2011;2014;realizado;55504.78;31779.0;-42.74547165127039;Retail;Panvel
92.665.611/0001-77;DIMED S.A. DISTRIBUIDORA DE MEDICAMENTOS;Diretoria Estatutária;2012;6346948.68;6346948.68;0.0;0.0;6.0;6.0;0.0;0.0;2012;2015;realizado;1057824.78;1057824.78;0.0;Retail;Panvel
92.665.611/0001-77;DIMED S.A. DISTRIBUIDORA DE MEDICAMENTOS;Conselho de Administração;2012;207046.0;207046.0;0.0;0.0;4.0;4.0;0.0;0.0;2012;2015;realizado;51761.5;51761.5;0.0;Retail;Panvel
92.665.611/0001-77;DIMED S.A. DISTRIBUIDORA DE MEDICAMENTOS;Conselho Fiscal;2012;197188.32;197188.32;0.0;0.0;3.0;3.0;0.0;0.0;2012;2015;realizado;65729.44;65729.44;0.0;Retail;Panvel
92.665.611/0001-77;DIMED S.A. DISTRIBUIDORA DE MEDICAMENTOS;Diretoria Estatutária;2013;4581708.0;7759945.05;3178237.05;69.36795295553536;6.0;6.0;0.0;0.0;2013;2016;realizado;763618.0;1293324.175;69.36795295553537;Retail;Panvel
92.665.611/0001-77;DIMED S.A. DISTRIBUIDORA DE MEDICAMENTOS;Conselho de Administração;2013;207046.0;214434.0;7388.0;3.5682891724544303;4.0;4.0;0.0;0.0;2013;2016;realizado;51761.5;53608.5;3.5682891724544197;Retail;Panvel
92.665.611/0001-77;DIMED S.A. DISTRIBUIDORA DE MEDICAMENTOS;Conselho Fiscal;2013;229085.4;229819.0;733.6000000000058;0.3202299229894205;3.0;3.0;0.0;0.0;2013;2016;realizado;76361.8;76606.33333333333;0.32022992298941233;Retail;Panvel
92.665.611/0001-77;DIMED S.A. DISTRIBUIDORA DE MEDICAMENTOS;Diretoria Estatutária;2014;;5747508.72;;;;5.0;;;;2017;so realizado;;1149501.744;;Retail;Panvel
92.665.611/0001-77;DIMED S.A. DISTRIBUIDORA DE MEDICAMENTOS;Conselho de Administração;2014;;192490.0;;;;4.0;;;;2017;so realizado;;48122.5;;Retail;Panvel
92.665.611/0001-77;DIMED S.A. DISTRIBUIDORA DE MEDICAMENTOS;Conselho Fiscal;2014;;216000.0;;;;3.0;;;;2017;so realizado;;72000.0;;Retail;Panvel
92.665.611/0001-77;DIMED S.A. DISTRIBUIDORA DE MEDICAMENTOS;Diretoria Estatutária;2015;;6145885.92;;;;5.0;;;;2018;so realizado;;1229177.184;;Retail;Panvel
92.665.611/0001-77;DIMED S.A. DISTRIBUIDORA DE MEDICAMENTOS;Conselho de Administração;2015;;207889.2;;;;4.0;;;;2018;so realizado;;51972.3;;Retail;Panvel
92.665.611/0001-77;DIMED S.A. DISTRIBUIDORA DE MEDICAMENTOS;Conselho Fiscal;2015;;233280.0;;;;3.0;;;;2018;so realizado;;77760.0;;Retail;Panvel
92.665.611/0001-77;DIMED S.A. DISTRIBUIDORA DE MEDICAMENTOS;Diretoria Estatutária;2016;4197322.0;7401006.06;3203684.0599999996;76.3268593641374;6.0;6.0;0.0;0.0;2016;2019;realizado;699553.6666666666;1233501.01;76.32685936413743;Retail;Panvel
92.665.611/0001-77;DIMED S.A. DISTRIBUIDORA DE MEDICAMENTOS;Conselho de Administração;2016;1189450.0;1538263.12;348813.1200000001;29.32558073058978;5.0;5.0;0.0;0.0;2016;2019;realizado;237890.0;307652.624;29.325580730589774;Retail;Panvel
92.665.611/0001-77;DIMED S.A. DISTRIBUIDORA DE MEDICAMENTOS;Conselho Fiscal;2016;;72000.0;;;;3.0;;;;2019;so realizado;;24000.0;;Retail;Panvel
92.665.611/0001-77;DIMED S.A. DISTRIBUIDORA DE MEDICAMENTOS;Diretoria Estatutária;2017;3478592.0;7115577.77;3636985.7699999996;104.55338740501902;5.0;5.0;0.0;0.0;2017;2020;realizado;695718.4;1423115.554;104.55338740501902;Retail;Panvel
92.665.611/0001-77;DIMED S.A. DISTRIBUIDORA DE MEDICAMENTOS;Conselho de Administração;2017;1544592.0;4302675.5;2758083.5;178.56388612656286;5.0;5.0;0.0;0.0;2017;2020;realizado;308918.4;860535.1;178.56388612656286;Retail;Panvel
92.665.611/0001-77;DIMED S.A. DISTRIBUIDORA DE MEDICAMENTOS;Conselho Fiscal;2017;;0.0;;;;0.0;;;;2020;so realizado;;;;Retail;Panvel
92.665.611/0001-77;DIMED S.A. DISTRIBUIDORA DE MEDICAMENTOS;Diretoria Estatutária;2018;4081867.0;5595604.3;1513737.2999999998;37.08443464718472;3.0;4.0;1.0;33.333333333333336;2018;2020;realizado;1360622.3333333333;1398901.075;2.8133259853885484;Retail;Panvel
92.665.611/0001-77;DIMED S.A. DISTRIBUIDORA DE MEDICAMENTOS;Conselho de Administração;2018;2418133.0;3147976.22;729843.2200000002;30.18209585659681;5.0;5.0;0.0;0.0;2018;2020;realizado;483626.6;629595.2440000001;30.182095856596813;Retail;Panvel
92.665.611/0001-77;DIMED S.A. DISTRIBUIDORA DE MEDICAMENTOS;Conselho Fiscal;2018;;0.0;;;;0.0;;;;2020;so realizado;;;;Retail;Panvel
92.665.611/0001-77;DIMED S.A. DISTRIBUIDORA DE MEDICAMENTOS;Diretoria Estatutária;2019;;5706123.89;;;;3.0;;;;2022;so realizado;;1902041.2966666666;;Retail;Panvel
92.665.611/0001-77;DIMED S.A. DISTRIBUIDORA DE MEDICAMENTOS;Conselho de Administração;2019;;4030637.61;;;;5.0;;;;2022;so realizado;;806127.522;;Retail;Panvel
92.665.611/0001-77;DIMED S.A. DISTRIBUIDORA DE MEDICAMENTOS;Conselho Fiscal;2019;;0.0;;;;0.0;;;;2022;so realizado;;;;Retail;Panvel
92.665.611/0001-77;DIMED S.A. DISTRIBUIDORA DE MEDICAMENTOS;Diretoria Estatutária;2020;;7284163.6;;;;3.0;;;;2023;so realizado;;2428054.533333333;;Retail;Panvel
92.665.611/0001-77;DIMED S.A. DISTRIBUIDORA DE MEDICAMENTOS;Conselho de Administração;2020;;2531978.58;;;;5.0;;;;2023;so realizado;;506395.716;;Retail;Panvel
92.665.611/0001-77;DIMED S.A. DISTRIBUIDORA DE MEDICAMENTOS;Diretoria Estatutária;2021;7997111.0;7997111.0;0.0;0.0;3.0;3.0;0.0;0.0;2021;2024;realizado;2665703.6666666665;2665703.6666666665;0.0;Retail;Panvel
92.665.611/0001-77;DIMED S.A. DISTRIBUIDORA DE MEDICAMENTOS;Conselho de Administração;2021;2879532.0;2879532.0;0.0;0.0;6.0;6.0;0.0;0.0;2021;2024;realizado;479922.0;479922.0;0.0;Retail;Panvel
92.665.611/0001-77;DIMED S.A. DISTRIBUIDORA DE MEDICAMENTOS;Conselho Fiscal;2021;0.0;;;;0.0;;;;2021;;so previsao;;;;Retail;Panvel
92.665.611/0001-77;DIMED S.A. DISTRIBUIDORA DE MEDICAMENTOS;Diretoria Estatutária;2022;;7267602.69;;;;3.0;;;;2025;so realizado;;2422534.23;;Retail;Panvel
92.665.611/0001-77;DIMED S.A. DISTRIBUIDORA DE MEDICAMENTOS;Conselho de Administração;2022;;2938007.0;;;;6.0;;;;2025;so realizado;;489667.8333333333;;Retail;Panvel
92.665.611/0001-77;DIMED S.A. DISTRIBUIDORA DE MEDICAMENTOS;Diretoria Estatutária;2023;;6974806.62;;;;3.0;;;;2026;so realizado;;2324935.54;;Retail;Panvel
92.665.611/0001-77;DIMED S.A. DISTRIBUIDORA DE MEDICAMENTOS;Conselho de Administração;2023;;3171466.0;;;;6.0;;;;2026;so realizado;;528577.6666666666;;Retail;Panvel
92.665.611/0001-77;DIMED S.A. DISTRIBUIDORA DE MEDICAMENTOS;Diretoria Estatutária;2024;;8592879.57;;;;3.0;;;;2026;so realizado;;2864293.19;;Retail;Panvel
92.665.611/0001-77;DIMED S.A. DISTRIBUIDORA DE MEDICAMENTOS;Conselho de Administração;2024;;3286690.0;;;;6.0;;;;2026;so realizado;;547781.6666666666;;Retail;Panvel
92.665.611/0001-77;DIMED S.A. DISTRIBUIDORA DE MEDICAMENTOS;Diretoria Estatutária;2025;;8959870.66;;;;3.0;;;;2026;so realizado;;2986623.553333333;;Retail;Panvel
92.665.611/0001-77;DIMED S.A. DISTRIBUIDORA DE MEDICAMENTOS;Conselho de Administração;2025;;3272702.0;;;;6.0;;;;2026;so realizado;;545450.3333333334;;Retail;Panvel
16.614.075/0001-00;DIRECIONAL ENGENHARIA S.A.;Diretoria Estatutária;2009;;5696505.0;;;;4.33;;;;2011;so realizado;;1315590.0692840647;;RealEstate;Direcional
16.614.075/0001-00;DIRECIONAL ENGENHARIA S.A.;Conselho de Administração;2009;;216367.0;;;;7.0;;;;2011;so realizado;;30909.571428571428;;RealEstate;Direcional
16.614.075/0001-00;DIRECIONAL ENGENHARIA S.A.;Conselho Fiscal;2009;;0.0;;;;0.0;;;;2011;so realizado;;;;RealEstate;Direcional
16.614.075/0001-00;DIRECIONAL ENGENHARIA S.A.;Diretoria Estatutária;2010;4096950.73;6769602.0;2672651.27;65.23513330120034;5.25;5.25;0.0;0.0;2010;2013;realizado;780371.5676190476;1289448.0;65.23513330120035;RealEstate;Direcional
16.614.075/0001-00;DIRECIONAL ENGENHARIA S.A.;Conselho de Administração;2010;968713.0;168314.0;-800399.0;-82.62498799954166;7.0;7.0;0.0;0.0;2010;2013;realizado;138387.57142857142;24044.85714285714;-82.62498799954166;RealEstate;Direcional
16.614.075/0001-00;DIRECIONAL ENGENHARIA S.A.;Conselho Fiscal;2010;0.0;0.0;0.0;;0.0;0.0;0.0;;2010;2013;realizado;;;;RealEstate;Direcional
16.614.075/0001-00;DIRECIONAL ENGENHARIA S.A.;Diretoria Estatutária;2011;11740000.0;8236242.0;-3503758.0;-29.844616695059624;5.0;5.0;0.0;0.0;2011;2014;realizado;2348000.0;1647248.4;-29.844616695059635;RealEstate;Direcional
16.614.075/0001-00;DIRECIONAL ENGENHARIA S.A.;Conselho de Administração;2011;680000.0;167520.0;-512480.0;-75.36470588235294;7.0;7.0;0.0;0.0;2011;2014;realizado;97142.85714285714;23931.428571428572;-75.36470588235295;RealEstate;Direcional
16.614.075/0001-00;DIRECIONAL ENGENHARIA S.A.;Conselho Fiscal;2011;0.0;0.0;0.0;;0.0;0.0;0.0;;2011;2014;realizado;;;;RealEstate;Direcional
16.614.075/0001-00;DIRECIONAL ENGENHARIA S.A.;Diretoria Estatutária;2012;11295792.0;9048196.7;-2247595.3000000007;-19.897633561241218;5.0;4.33;-0.6699999999999999;-13.4;2012;2015;realizado;2259158.4;2089652.8175519628;-7.50304106378894;RealEstate;Direcional
16.614.075/0001-00;DIRECIONAL ENGENHARIA S.A.;Conselho de Administração;2012;576954.0;734637.0;157683.0;27.33025509832673;7.0;7.0;0.0;0.0;2012;2015;realizado;82422.0;104948.14285714286;27.330255098326717;RealEstate;Direcional
16.614.075/0001-00;DIRECIONAL ENGENHARIA S.A.;Conselho Fiscal;2012;;0.0;;;;0.0;;;;2015;so realizado;;;;RealEstate;Direcional
16.614.075/0001-00;DIRECIONAL ENGENHARIA S.A.;Diretoria Estatutária;2013;7949737.7;4934917.05;-3014820.6500000004;-37.923523564808946;4.0;4.0;0.0;0.0;2013;2016;realizado;1987434.425;1233729.2625;-37.92352356480894;RealEstate;Direcional
16.614.075/0001-00;DIRECIONAL ENGENHARIA S.A.;Conselho de Administração;2013;812160.0;705147.6;-107012.40000000002;-13.1762706855792;7.0;7.0;0.0;0.0;2013;2016;realizado;116022.85714285714;100735.37142857142;-13.176270685579205;RealEstate;Direcional
16.614.075/0001-00;DIRECIONAL ENGENHARIA S.A.;Conselho Fiscal;2013;0.0;0.0;0.0;;0.0;0.0;0.0;;2013;2016;realizado;;;;RealEstate;Direcional
16.614.075/0001-00;DIRECIONAL ENGENHARIA S.A.;Diretoria Estatutária;2014;6477840.0;4403930.27;-2073909.7300000004;-32.01545160115101;4.0;4.25;0.25;6.25;2014;2017;realizado;1619460.0;1036218.8870588234;-36.01454268343625;RealEstate;Direcional
16.614.075/0001-00;DIRECIONAL ENGENHARIA S.A.;Conselho de Administração;2014;812160.0;806935.29;-5224.709999999963;-0.6433104314420758;7.0;7.0;0.0;0.0;2014;2017;realizado;116022.85714285714;115276.47;-0.643310431442079;RealEstate;Direcional
16.614.075/0001-00;DIRECIONAL ENGENHARIA S.A.;Conselho Fiscal;2014;150000.0;86398.5;-63601.5;-42.401;3.0;2.0;-1.0;-33.333333333333336;2014;2017;realizado;50000.0;43199.25;-13.6015;RealEstate;Direcional
16.614.075/0001-00;DIRECIONAL ENGENHARIA S.A.;Diretoria Estatutária;2015;6759005.76;2350125.0;-4408880.76;-65.22972337280565;4.0;4.0;0.0;0.0;2015;2018;realizado;1689751.44;587531.25;-65.22972337280565;RealEstate;Direcional
16.614.075/0001-00;DIRECIONAL ENGENHARIA S.A.;Conselho de Administração;2015;720000.0;802478.3;82478.30000000005;11.45531944444445;7.0;7.0;0.0;0.0;2015;2018;realizado;102857.14285714286;114639.75714285715;11.455319444444466;RealEstate;Direcional
16.614.075/0001-00;DIRECIONAL ENGENHARIA S.A.;Conselho Fiscal;2015;130140.0;130140.0;0.0;0.0;3.0;3.0;0.0;0.0;2015;2018;realizado;43380.0;43380.0;0.0;RealEstate;Direcional
16.614.075/0001-00;DIRECIONAL ENGENHARIA S.A.;Diretoria Estatutária;2016;6499000.0;2064902.69;-4434097.3100000005;-68.22737821203263;4.0;4.0;0.0;0.0;2016;2019;realizado;1624750.0;516225.6725;-68.22737821203262;RealEstate;Direcional
16.614.075/0001-00;DIRECIONAL ENGENHARIA S.A.;Conselho de Administração;2016;981000.0;791528.73;-189471.27000000002;-19.31409480122324;7.0;7.0;0.0;0.0;2016;2019;realizado;140142.85714285713;113075.53285714285;-19.314094801223234;RealEstate;Direcional
16.614.075/0001-00;DIRECIONAL ENGENHARIA S.A.;Conselho Fiscal;2016;130000.0;130150.2;150.1999999999971;0.1155384615384593;3.0;3.0;0.0;0.0;2016;2019;realizado;43333.333333333336;43383.4;0.11553846153846692;RealEstate;Direcional
16.614.075/0001-00;DIRECIONAL ENGENHARIA S.A.;Diretoria Estatutária;2017;6395000.0;5072099.5;-1322900.5;-20.686481626270524;4.0;4.0;0.0;0.0;2017;2020;realizado;1598750.0;1268024.875;-20.686481626270524;RealEstate;Direcional
16.614.075/0001-00;DIRECIONAL ENGENHARIA S.A.;Conselho de Administração;2017;1050000.0;839622.04;-210377.95999999996;-20.035996190476187;7.0;7.0;0.0;0.0;2017;2020;realizado;150000.0;119946.00571428573;-20.03599619047618;RealEstate;Direcional
16.614.075/0001-00;DIRECIONAL ENGENHARIA S.A.;Conselho Fiscal;2017;165000.0;130129.68;-34870.32000000001;-21.133527272727278;3.0;3.0;0.0;0.0;2017;2020;realizado;55000.0;43376.56;-21.13352727272728;RealEstate;Direcional
16.614.075/0001-00;DIRECIONAL ENGENHARIA S.A.;Diretoria Estatutária;2018;;4185834.14;;;;4.0;;;;2021;so realizado;;1046458.535;;RealEstate;Direcional
16.614.075/0001-00;DIRECIONAL ENGENHARIA S.A.;Conselho de Administração;2018;;869760.37;;;;7.0;;;;2021;so realizado;;124251.48142857142;;RealEstate;Direcional
16.614.075/0001-00;DIRECIONAL ENGENHARIA S.A.;Conselho Fiscal;2018;;130415.32;;;;3.0;;;;2021;so realizado;;43471.77333333334;;RealEstate;Direcional
16.614.075/0001-00;DIRECIONAL ENGENHARIA S.A.;Diretoria Estatutária;2019;8100000.0;5661028.61;-2438971.3899999997;-30.110757901234564;5.0;4.83;-0.16999999999999993;-3.3999999999999986;2019;2022;realizado;1620000.0;1172055.612836439;-27.650888096516113;RealEstate;Direcional
16.614.075/0001-00;DIRECIONAL ENGENHARIA S.A.;Conselho de Administração;2019;1250000.0;1108731.77;-141268.22999999998;-11.301458399999998;7.0;7.0;0.0;0.0;2019;2022;realizado;178571.42857142858;158390.25285714286;-11.301458400000008;RealEstate;Direcional
16.614.075/0001-00;DIRECIONAL ENGENHARIA S.A.;Conselho Fiscal;2019;180000.0;137835.53;-42164.47;-23.424705555555555;3.0;3.0;0.0;0.0;2019;2022;realizado;60000.0;45945.176666666666;-23.42470555555556;RealEstate;Direcional
16.614.075/0001-00;DIRECIONAL ENGENHARIA S.A.;Diretoria Estatutária;2020;6487000.0;3999615.73;-2487384.27;-38.34413858486203;4.5;4.83;0.33000000000000007;7.333333333333335;2020;2023;realizado;1441555.5555555555;828077.7908902691;-42.55665085546152;RealEstate;Direcional
16.614.075/0001-00;DIRECIONAL ENGENHARIA S.A.;Conselho de Administração;2020;2010000.0;1391953.99;-618046.01;-30.748557711442785;7.0;6.92;-0.08000000000000007;-1.142857142857144;2020;2023;realizado;287142.85714285716;201149.42052023122;-29.947963002904554;RealEstate;Direcional
16.614.075/0001-00;DIRECIONAL ENGENHARIA S.A.;Conselho Fiscal;2020;168000.0;141344.81;-26655.190000000002;-15.866184523809524;3.0;3.0;0.0;0.0;2020;2023;realizado;56000.0;47114.93666666667;-15.866184523809522;RealEstate;Direcional
16.614.075/0001-00;DIRECIONAL ENGENHARIA S.A.;Diretoria Estatutária;2021;9160000.0;6373887.35;-2786112.6500000004;-30.416076965065507;5.83;5.83;0.0;0.0;2021;2024;realizado;1571183.5334476845;1093291.140651801;-30.41607696506552;RealEstate;Direcional
16.614.075/0001-00;DIRECIONAL ENGENHARIA S.A.;Conselho de Administração;2021;2040000.0;1988806.1;-51193.89999999991;-2.5095049019607796;7.0;7.0;0.0;0.0;2021;2024;realizado;291428.5714285714;284115.15714285715;-2.5095049019607796;RealEstate;Direcional
16.614.075/0001-00;DIRECIONAL ENGENHARIA S.A.;Conselho Fiscal;2021;200000.0;157083.12;-42916.880000000005;-21.45844;3.0;3.0;0.0;0.0;2021;2024;realizado;66666.66666666667;52361.04;-21.45844;RealEstate;Direcional
16.614.075/0001-00;DIRECIONAL ENGENHARIA S.A.;Diretoria Estatutária;2022;10600000.0;6537985.43;-4062014.5700000003;-38.32089216981132;7.0;6.83;-0.16999999999999993;-2.4285714285714275;2022;2025;realizado;1514285.7142857143;957245.3045387993;-36.78568743611703;RealEstate;Direcional
16.614.075/0001-00;DIRECIONAL ENGENHARIA S.A.;Conselho de Administração;2022;2300000.0;1935270.85;-364729.1499999999;-15.85778913043478;7.0;7.0;0.0;0.0;2022;2025;realizado;328571.4285714286;276467.2642857143;-15.857789130434774;RealEstate;Direcional
16.614.075/0001-00;DIRECIONAL ENGENHARIA S.A.;Conselho Fiscal;2022;200000.0;157074.48;-42925.51999999999;-21.462759999999996;3.0;3.0;0.0;0.0;2022;2025;realizado;66666.66666666667;52358.16;-21.462760000000003;RealEstate;Direcional
16.614.075/0001-00;DIRECIONAL ENGENHARIA S.A.;Diretoria Estatutária;2023;12000000.0;9908242.37;-2091757.6300000008;-17.431313583333342;8.0;7.33;-0.6699999999999999;-8.375;2023;2026;realizado;1500000.0;1351738.3860845838;-9.88410759436108;RealEstate;Direcional
16.614.075/0001-00;DIRECIONAL ENGENHARIA S.A.;Conselho de Administração;2023;2800000.0;2237755.7;-562244.2999999998;-20.080153571428568;7.0;7.0;0.0;0.0;2023;2026;realizado;400000.0;319679.3857142857;-20.08015357142857;RealEstate;Direcional
16.614.075/0001-00;DIRECIONAL ENGENHARIA S.A.;Conselho Fiscal;2023;200000.0;157074.48;-42925.51999999999;-21.462759999999996;3.0;3.0;0.0;0.0;2023;2026;realizado;66666.66666666667;52358.16;-21.462760000000003;RealEstate;Direcional
16.614.075/0001-00;DIRECIONAL ENGENHARIA S.A.;Diretoria Estatutária;2024;13600000.0;12661229.81;-938770.1899999995;-6.9027219852941135;8.0;7.33;-0.6699999999999999;-8.375;2024;2026;realizado;1700000.0;1727316.4815825375;1.606851857796321;RealEstate;Direcional
16.614.075/0001-00;DIRECIONAL ENGENHARIA S.A.;Conselho de Administração;2024;2800000.0;2742499.67;-57500.330000000075;-2.053583214285717;7.0;7.0;0.0;0.0;2024;2026;realizado;400000.0;391785.66714285716;-2.0535832142857147;RealEstate;Direcional
16.614.075/0001-00;DIRECIONAL ENGENHARIA S.A.;Conselho Fiscal;2024;200000.0;157074.48;-42925.51999999999;-21.462759999999996;3.0;3.0;0.0;0.0;2024;2026;realizado;66666.66666666667;52358.16;-21.462760000000003;RealEstate;Direcional
16.614.075/0001-00;DIRECIONAL ENGENHARIA S.A.;Diretoria Estatutária;2025;18800000.0;18735826.41;-64173.58999999985;-0.3413488829787226;7.0;7.0;0.0;0.0;2025;2026;realizado;2685714.285714286;2676546.63;-0.34134888297873145;RealEstate;Direcional
16.614.075/0001-00;DIRECIONAL ENGENHARIA S.A.;Conselho de Administração;2025;5500000.0;4094012.63;-1405987.37;-25.563406727272728;7.0;7.0;0.0;0.0;2025;2026;realizado;785714.2857142857;584858.9471428571;-25.56340672727273;RealEstate;Direcional
16.614.075/0001-00;DIRECIONAL ENGENHARIA S.A.;Conselho Fiscal;2025;200000.0;190922.49;-9077.51000000001;-4.5387550000000045;3.0;3.0;0.0;0.0;2025;2026;realizado;66666.66666666667;63640.829999999994;-4.538755000000016;RealEstate;Direcional
16.614.075/0001-00;DIRECIONAL ENGENHARIA S.A.;Diretoria Estatutária;2026;25500000.0;;;;7.0;;;;2026;;so previsao;3642857.1428571427;;;RealEstate;Direcional
16.614.075/0001-00;DIRECIONAL ENGENHARIA S.A.;Conselho de Administração;2026;5300000.0;;;;7.0;;;;2026;;so previsao;757142.8571428572;;;RealEstate;Direcional
16.614.075/0001-00;DIRECIONAL ENGENHARIA S.A.;Conselho Fiscal;2026;200000.0;;;;3.0;;;;2026;;so previsao;66666.66666666667;;;RealEstate;Direcional
06.626.253/0001-51;EMPREENDIMENTOS PAGUE MENOS S.A.;Diretoria Estatutária;2009;;650048.0;;;;5.0;;;;2012;so realizado;;130009.6;;Retail;Pague Menos
06.626.253/0001-51;EMPREENDIMENTOS PAGUE MENOS S.A.;Diretoria Estatutária;2010;;343200.0;;;;5.0;;;;2013;so realizado;;68640.0;;Retail;Pague Menos
06.626.253/0001-51;EMPREENDIMENTOS PAGUE MENOS S.A.;Diretoria Estatutária;2011;2000000.0;630720.0;-1369280.0;-68.464;8.0;8.0;0.0;0.0;2011;2014;realizado;250000.0;78840.0;-68.464;Retail;Pague Menos
06.626.253/0001-51;EMPREENDIMENTOS PAGUE MENOS S.A.;Conselho de Administração;2011;80000.0;57600.0;-22400.0;-28.0;8.0;5.0;-3.0;-37.5;2011;2014;realizado;10000.0;11520.0;15.199999999999992;Retail;Pague Menos
06.626.253/0001-51;EMPREENDIMENTOS PAGUE MENOS S.A.;Diretoria Estatutária;2012;3225600.0;1551000.0;-1674600.0;-51.91592261904762;8.0;8.0;0.0;0.0;2012;2015;realizado;403200.0;193875.0;-51.91592261904761;Retail;Pague Menos
06.626.253/0001-51;EMPREENDIMENTOS PAGUE MENOS S.A.;Conselho de Administração;2012;350400.0;312000.0;-38400.0;-10.95890410958904;6.0;6.0;0.0;0.0;2012;2015;realizado;58400.0;52000.0;-10.95890410958904;Retail;Pague Menos
06.626.253/0001-51;EMPREENDIMENTOS PAGUE MENOS S.A.;Diretoria Estatutária;2013;;1760536.8;;;;7.0;;;;2016;so realizado;;251505.25714285715;;Retail;Pague Menos
06.626.253/0001-51;EMPREENDIMENTOS PAGUE MENOS S.A.;Conselho de Administração;2013;;192000.0;;;;5.0;;;;2016;so realizado;;38400.0;;Retail;Pague Menos
06.626.253/0001-51;EMPREENDIMENTOS PAGUE MENOS S.A.;Diretoria Estatutária;2014;;1758005.56;;;;7.0;;;;2017;so realizado;;251143.65142857144;;Retail;Pague Menos
06.626.253/0001-51;EMPREENDIMENTOS PAGUE MENOS S.A.;Conselho de Administração;2014;;192000.0;;;;5.0;;;;2017;so realizado;;38400.0;;Retail;Pague Menos
06.626.253/0001-51;EMPREENDIMENTOS PAGUE MENOS S.A.;Diretoria Estatutária;2015;;2420489.3;;;;7.0;;;;2018;so realizado;;345784.1857142857;;Retail;Pague Menos
06.626.253/0001-51;EMPREENDIMENTOS PAGUE MENOS S.A.;Conselho de Administração;2015;;192000.0;;;;7.0;;;;2018;so realizado;;27428.571428571428;;Retail;Pague Menos
06.626.253/0001-51;EMPREENDIMENTOS PAGUE MENOS S.A.;Diretoria Estatutária;2016;4500000.0;5292713.29;792713.29;17.61585088888889;8.0;7.0;-1.0;-12.5;2016;2018;realizado;562500.0;756101.8985714286;34.418115301587314;Retail;Pague Menos
06.626.253/0001-51;EMPREENDIMENTOS PAGUE MENOS S.A.;Conselho de Administração;2016;500000.0;176000.0;-324000.0;-64.8;7.0;7.0;0.0;0.0;2016;2018;realizado;71428.57142857143;25142.85714285714;-64.80000000000001;Retail;Pague Menos
06.626.253/0001-51;EMPREENDIMENTOS PAGUE MENOS S.A.;Diretoria Estatutária;2017;9500000.0;6130000.0;-3370000.0;-35.473684210526315;11.0;12.0;1.0;9.090909090909092;2017;2020;realizado;863636.3636363636;510833.3333333333;-40.85087719298246;Retail;Pague Menos
06.626.253/0001-51;EMPREENDIMENTOS PAGUE MENOS S.A.;Conselho de Administração;2017;500000.0;210000.0;-290000.0;-58.0;7.0;7.0;0.0;0.0;2017;2020;realizado;71428.57142857143;30000.0;-58.00000000000001;Retail;Pague Menos
06.626.253/0001-51;EMPREENDIMENTOS PAGUE MENOS S.A.;Conselho Fiscal;2017;;0.0;;;;0.0;;;;2020;so realizado;;;;Retail;Pague Menos
06.626.253/0001-51;EMPREENDIMENTOS PAGUE MENOS S.A.;Diretoria Estatutária;2018;9500000.0;9918019.0;418019.0;4.4002;12.0;12.0;0.0;0.0;2018;2021;realizado;791666.6666666666;826501.5833333334;4.40020000000001;Retail;Pague Menos
06.626.253/0001-51;EMPREENDIMENTOS PAGUE MENOS S.A.;Conselho de Administração;2018;500000.0;324000.0;-176000.0;-35.2;7.0;7.0;0.0;0.0;2018;2021;realizado;71428.57142857143;46285.71428571428;-35.20000000000001;Retail;Pague Menos
06.626.253/0001-51;EMPREENDIMENTOS PAGUE MENOS S.A.;Conselho Fiscal;2018;;0.0;;;;0.0;;;;2021;so realizado;;;;Retail;Pague Menos
06.626.253/0001-51;EMPREENDIMENTOS PAGUE MENOS S.A.;Diretoria Estatutária;2019;;12625288.0;;;;17.0;;;;2022;so realizado;;742664.0;;Retail;Pague Menos
06.626.253/0001-51;EMPREENDIMENTOS PAGUE MENOS S.A.;Conselho de Administração;2019;;360000.0;;;;9.0;;;;2022;so realizado;;40000.0;;Retail;Pague Menos
06.626.253/0001-51;EMPREENDIMENTOS PAGUE MENOS S.A.;Conselho Fiscal;2019;;0.0;;;;0.0;;;;2022;so realizado;;;;Retail;Pague Menos
06.626.253/0001-51;EMPREENDIMENTOS PAGUE MENOS S.A.;Diretoria Estatutária;2020;;20070613.77;;;;13.0;;;;2023;so realizado;;1543893.3669230768;;Retail;Pague Menos
06.626.253/0001-51;EMPREENDIMENTOS PAGUE MENOS S.A.;Conselho de Administração;2020;;360000.0;;;;10.0;;;;2023;so realizado;;36000.0;;Retail;Pague Menos
06.626.253/0001-51;EMPREENDIMENTOS PAGUE MENOS S.A.;Conselho Fiscal;2020;;0.0;;;;0.0;;;;2022;so realizado;;;;Retail;Pague Menos
06.626.253/0001-51;EMPREENDIMENTOS PAGUE MENOS S.A.;Diretoria Estatutária;2021;29000000.0;20673639.2;-8326360.800000001;-28.711588965517244;13.0;13.17;0.16999999999999993;1.307692307692307;2021;2024;realizado;2230769.230769231;1569752.4069855732;-29.63178865237086;Retail;Pague Menos
06.626.253/0001-51;EMPREENDIMENTOS PAGUE MENOS S.A.;Conselho de Administração;2021;1000000.0;630000.0;-370000.0;-37.0;10.0;9.0;-1.0;-10.0;2021;2024;realizado;100000.0;70000.0;-30.000000000000004;Retail;Pague Menos
06.626.253/0001-51;EMPREENDIMENTOS PAGUE MENOS S.A.;Conselho Fiscal;2021;0.0;0.0;0.0;;0.0;0.0;0.0;;2021;2022;realizado;;;;Retail;Pague Menos
06.626.253/0001-51;EMPREENDIMENTOS PAGUE MENOS S.A.;Diretoria Estatutária;2022;34000000.0;29884960.17;-4115039.829999998;-12.103058323529407;16.0;14.75;-1.25;-7.8125;2022;2025;realizado;2125000.0;2026098.9945762714;-4.654164961116636;Retail;Pague Menos
06.626.253/0001-51;EMPREENDIMENTOS PAGUE MENOS S.A.;Conselho de Administração;2022;1000000.0;756000.0;-244000.0;-24.4;9.0;9.0;0.0;0.0;2022;2025;realizado;111111.11111111111;84000.0;-24.4;Retail;Pague Menos
06.626.253/0001-51;EMPREENDIMENTOS PAGUE MENOS S.A.;Conselho Fiscal;2022;0.0;;;;0.0;;;;2022;;so previsao;;;;Retail;Pague Menos
06.626.253/0001-51;EMPREENDIMENTOS PAGUE MENOS S.A.;Diretoria Estatutária;2023;32000000.0;23913813.97;-8086186.030000001;-25.269331343750004;14.0;11.75;-2.25;-16.071428571428573;2023;2026;realizado;2285714.285714286;2035218.210212766;-10.9592033031915;Retail;Pague Menos
06.626.253/0001-51;EMPREENDIMENTOS PAGUE MENOS S.A.;Conselho de Administração;2023;2000000.0;963750.0;-1036250.0;-51.8125;9.0;9.0;0.0;0.0;2023;2026;realizado;222222.22222222222;107083.33333333333;-51.81249999999999;Retail;Pague Menos
06.626.253/0001-51;EMPREENDIMENTOS PAGUE MENOS S.A.;Diretoria Estatutária;2024;32494000.0;25246327.2;-7247672.800000001;-22.304649473749002;13.0;7.92;-5.08;-39.07692307692308;2024;2026;realizado;2499538.4615384615;3187667.5757575757;27.530247075917046;Retail;Pague Menos
06.626.253/0001-51;EMPREENDIMENTOS PAGUE MENOS S.A.;Conselho de Administração;2024;1506000.0;1677006.0;171006.0;11.354980079681274;9.0;9.0;0.0;0.0;2024;2026;realizado;167333.33333333334;186334.0;11.354980079681276;Retail;Pague Menos
06.626.253/0001-51;EMPREENDIMENTOS PAGUE MENOS S.A.;Diretoria Estatutária;2025;34309563.89;37883738.0;3574174.1099999994;10.417427984392836;8.0;8.0;0.0;0.0;2025;2026;realizado;4288695.48625;4735467.25;10.417427984392846;Retail;Pague Menos
06.626.253/0001-51;EMPREENDIMENTOS PAGUE MENOS S.A.;Conselho de Administração;2025;1626000.0;1698000.0;72000.0;4.428044280442805;9.0;9.0;0.0;0.0;2025;2026;realizado;180666.66666666666;188666.66666666666;4.428044280442811;Retail;Pague Menos
06.626.253/0001-51;EMPREENDIMENTOS PAGUE MENOS S.A.;Diretoria Estatutária;2026;61949864.0;;;;7.5;;;;2026;;so previsao;8259981.866666666;;;Retail;Pague Menos
06.626.253/0001-51;EMPREENDIMENTOS PAGUE MENOS S.A.;Conselho de Administração;2026;1800000.0;;;;9.0;;;;2026;;so previsao;200000.0;;;Retail;Pague Menos
00.864.214/0001-06;ENERGISA S.A.;Diretoria Estatutária;2007;;2034217.59;;;;5.0;;;;2010;so realizado;;406843.51800000004;;Utilities;Energisa
00.864.214/0001-06;ENERGISA S.A.;Conselho de Administração;2007;;1113597.46;;;;7.0;;;;2010;so realizado;;159085.35142857142;;Utilities;Energisa
00.864.214/0001-06;ENERGISA S.A.;Diretoria Estatutária;2008;;204702.7;;;;4.0;;;;2011;so realizado;;51175.675;;Utilities;Energisa
00.864.214/0001-06;ENERGISA S.A.;Conselho de Administração;2008;;270916.61;;;;7.0;;;;2011;so realizado;;38702.37285714286;;Utilities;Energisa
00.864.214/0001-06;ENERGISA S.A.;Diretoria Estatutária;2009;;119987.66;;;;5.0;;;;2012;so realizado;;23997.532;;Utilities;Energisa
00.864.214/0001-06;ENERGISA S.A.;Conselho de Administração;2009;;165824.54;;;;7.0;;;;2012;so realizado;;23689.22;;Utilities;Energisa
00.864.214/0001-06;ENERGISA S.A.;Diretoria Estatutária;2010;118613.59;125192.6;6579.010000000009;5.546590403342492;5.0;5.0;0.0;0.0;2010;2013;realizado;23722.718;25038.52;5.546590403342488;Utilities;Energisa
00.864.214/0001-06;ENERGISA S.A.;Conselho de Administração;2010;133882.23;224369.52;90487.28999999998;67.58722946278978;7.0;7.0;0.0;0.0;2010;2013;realizado;19126.032857142858;32052.78857142857;67.5872294627898;Utilities;Energisa
00.864.214/0001-06;ENERGISA S.A.;Diretoria Estatutária;2011;662026.67;133554.43;-528472.24;-79.82642753652205;5.0;5.0;0.0;0.0;2011;2014;realizado;132405.334;26710.886;-79.82642753652206;Utilities;Energisa
00.864.214/0001-06;ENERGISA S.A.;Conselho de Administração;2011;258964.88;281922.98;22958.099999999977;8.865333399648623;7.0;7.0;0.0;0.0;2011;2014;realizado;36994.98285714286;40274.71142857143;8.865333399648613;Utilities;Energisa
00.864.214/0001-06;ENERGISA S.A.;Diretoria Estatutária;2012;714988.8;136793.31;-578195.49;-80.86776883777759;5.0;5.0;0.0;0.0;2012;2015;realizado;142997.76;27358.662;-80.8677688377776;Utilities;Energisa
00.864.214/0001-06;ENERGISA S.A.;Conselho de Administração;2012;320506.07;286560.26;-33945.81;-10.591315790056644;7.0;0.07;-6.93;-99.0;2012;2015;realizado;45786.58142857143;4093717.9999999995;8840.868420994335;Utilities;Energisa
00.864.214/0001-06;ENERGISA S.A.;Diretoria Estatutária;2013;754958.0;260359.22;-494598.78;-65.51341664039589;5.0;5.0;0.0;0.0;2013;2016;realizado;150991.6;52071.844;-65.51341664039589;Utilities;Energisa
00.864.214/0001-06;ENERGISA S.A.;Conselho de Administração;2013;343405.0;413151.28;69746.28000000003;20.310210975378933;7.0;8.51;1.5099999999999998;21.571428571428566;2013;2016;realizado;49057.857142857145;48548.91656874266;-1.0374292799468332;Utilities;Energisa
00.864.214/0001-06;ENERGISA S.A.;Diretoria Estatutária;2014;599993.3;264402.72;-335590.5800000001;-55.932387911665025;5.0;5.0;0.0;0.0;2014;2017;realizado;119998.66;52880.543999999994;-55.93238791166502;Utilities;Energisa
00.864.214/0001-06;ENERGISA S.A.;Conselho de Administração;2014;608206.0;568142.98;-40063.02000000002;-6.587080693054659;11.0;10.67;-0.33000000000000007;-3.0000000000000004;2014;2017;realizado;55291.454545454544;53246.764761012186;-3.698021333046031;Utilities;Energisa
00.864.214/0001-06;ENERGISA S.A.;Diretoria Estatutária;2015;1491649.13;252020.07;-1239629.0599999998;-83.10460114705393;5.0;5.0;0.0;0.0;2015;2018;realizado;298329.826;50404.014;-83.10460114705394;Utilities;Energisa
00.864.214/0001-06;ENERGISA S.A.;Conselho de Administração;2015;1508350.87;782761.19;-725589.6800000002;-48.10483385739023;12.0;11.25;-0.75;-6.25;2015;2018;realizado;125695.90583333334;69578.77244444445;-44.645156114549565;Utilities;Energisa
00.864.214/0001-06;ENERGISA S.A.;Diretoria Estatutária;2016;1603522.82;315654.47;-1287868.35;-80.31493745751621;5.0;5.0;0.0;0.0;2016;2019;realizado;320704.564;63130.89399999999;-80.3149374575162;Utilities;Energisa
00.864.214/0001-06;ENERGISA S.A.;Conselho de Administração;2016;1621477.18;970612.96;-650864.22;-40.140202281477684;11.0;11.0;0.0;0.0;2016;2019;realizado;147407.01636363636;88237.54181818181;-40.14020228147769;Utilities;Energisa
00.864.214/0001-06;ENERGISA S.A.;Diretoria Estatutária;2017;3160718.48;3104770.77;-55947.70999999996;-1.7700946906223665;5.0;5.0;0.0;0.0;2017;2020;realizado;632143.696;620954.154;-1.7700946906223702;Utilities;Energisa
00.864.214/0001-06;ENERGISA S.A.;Conselho de Administração;2017;1571294.52;1298634.6;-272659.9199999999;-17.35256608671937;11.0;11.75;0.75;6.818181818181818;2017;2020;realizado;142844.95636363636;110522.09361702128;-22.62793420884367;Utilities;Energisa
00.864.214/0001-06;ENERGISA S.A.;Diretoria Estatutária;2018;6287115.84;5282222.05;-1004893.79;-15.98338277158259;5.0;5.0;0.0;0.0;2018;2021;realizado;1257423.168;1056444.41;-15.9833827715826;Utilities;Energisa
00.864.214/0001-06;ENERGISA S.A.;Conselho de Administração;2018;1521473.72;1001831.09;-519642.63;-34.15390112686271;13.0;13.0;0.0;0.0;2018;2021;realizado;117036.44;77063.93;-34.15390112686272;Utilities;Energisa
00.864.214/0001-06;ENERGISA S.A.;Conselho Fiscal;2018;;0.0;;;;0.0;;;;2021;so realizado;;;;Utilities;Energisa
00.864.214/0001-06;ENERGISA S.A.;Diretoria Estatutária;2019;8082455.18;5671183.26;-2411271.92;-29.833409110225343;5.0;5.0;0.0;0.0;2019;2022;realizado;1616491.0359999998;1134236.652;-29.83340911022534;Utilities;Energisa
00.864.214/0001-06;ENERGISA S.A.;Conselho de Administração;2019;1233972.68;745858.0;-488114.67999999993;-39.556360356373524;13.0;13.0;0.0;0.0;2019;2022;realizado;94920.97538461538;57373.692307692305;-39.55636035637353;Utilities;Energisa
00.864.214/0001-06;ENERGISA S.A.;Conselho Fiscal;2019;63505.44;52920.0;-10585.440000000002;-16.668556268565343;4.0;4.0;0.0;0.0;2019;2022;realizado;15876.36;13230.0;-16.66855626856534;Utilities;Energisa
00.864.214/0001-06;ENERGISA S.A.;Diretoria Estatutária;2020;7509816.03;5798657.72;-1711158.3100000005;-22.785622219829538;5.0;5.0;0.0;0.0;2020;2023;realizado;1501963.206;1159731.544;-22.785622219829538;Utilities;Energisa
00.864.214/0001-06;ENERGISA S.A.;Conselho de Administração;2020;1284390.65;705942.13;-578448.5199999999;-45.03680558559033;13.0;11.67;-1.33;-10.23076923076923;2020;2023;realizado;98799.28076923077;60492.04198800343;-38.77279114076043;Utilities;Energisa
00.864.214/0001-06;ENERGISA S.A.;Conselho Fiscal;2020;116729.96;107146.25;-9583.710000000006;-8.210154445354052;6.0;8.67;2.67;44.5;2020;2023;realizado;19454.993333333336;12358.27566320646;-36.47761553311699;Utilities;Energisa
00.864.214/0001-06;ENERGISA S.A.;Diretoria Estatutária;2021;6539587.65;6565294.71;25707.05999999959;0.3930990970049861;5.0;5.0;0.0;0.0;2021;2024;realizado;1307917.53;1313058.942;0.3930990970050008;Utilities;Energisa
00.864.214/0001-06;ENERGISA S.A.;Conselho de Administração;2021;1230780.0;1110329.35;-120450.6499999999;-9.78652968036529;11.67;11.0;-0.6699999999999999;-5.741216795201371;2021;2024;realizado;105465.29562982006;100939.03181818183;-4.2917092154420855;Utilities;Energisa
00.864.214/0001-06;ENERGISA S.A.;Conselho Fiscal;2021;368405.0;283433.2;-84971.79999999999;-23.064779251095935;8.67;10.0;1.33;15.340253748558247;2021;2024;realizado;42491.9261822376;28343.32;-33.297163610700174;Utilities;Energisa
00.864.214/0001-06;ENERGISA S.A.;Diretoria Estatutária;2022;9778933.19;7425537.76;-2353395.4299999997;-24.06597309005646;5.0;5.0;0.0;0.0;2022;2025;realizado;1955786.6379999998;1485107.552;-24.06597309005646;Utilities;Energisa
00.864.214/0001-06;ENERGISA S.A.;Conselho de Administração;2022;1794315.94;1567739.8;-226576.1399999999;-12.62743839861334;11.0;9.67;-1.33;-12.090909090909092;2022;2025;realizado;163119.6309090909;162124.07445708377;-0.6103228939758676;Utilities;Energisa
00.864.214/0001-06;ENERGISA S.A.;Conselho Fiscal;2022;299920.51;278497.05;-21423.46000000002;-7.143046002422448;6.0;7.33;1.33;22.166666666666668;2022;2025;realizado;49986.75166666667;37994.14051841746;-23.991579265284415;Utilities;Energisa
00.864.214/0001-06;ENERGISA S.A.;Diretoria Estatutária;2023;9231158.42;6499917.51;-2731240.91;-29.58719573138904;5.0;5.0;0.0;0.0;2023;2026;realizado;1846231.684;1299983.5019999999;-29.58719573138905;Utilities;Energisa
00.864.214/0001-06;ENERGISA S.A.;Conselho de Administração;2023;2059687.38;1938295.56;-121391.81999999983;-5.89370120819014;9.67;10.0;0.33000000000000007;3.412616339193382;2023;2026;realizado;212997.6608066184;193829.556;-8.99920906831987;Utilities;Energisa
00.864.214/0001-06;ENERGISA S.A.;Conselho Fiscal;2023;369868.56;252505.92;-117362.63999999998;-31.730904621901352;7.33;8.67;1.3399999999999999;18.281036834924965;2023;2026;realizado;50459.55798090041;29124.09688581315;-42.282298832587884;Utilities;Energisa
00.864.214/0001-06;ENERGISA S.A.;Diretoria Estatutária;2024;9528097.95;5987968.65;-3540129.299999999;-37.15462748785028;5.0;5.0;0.0;0.0;2024;2026;realizado;1905619.5899999999;1197593.73;-37.15462748785029;Utilities;Energisa
00.864.214/0001-06;ENERGISA S.A.;Conselho de Administração;2024;2939059.85;2866580.12;-72479.72999999998;-2.466085540925612;10.0;8.0;-2.0;-20.0;2024;2026;realizado;293905.985;358322.515;21.917393073842995;Utilities;Energisa
00.864.214/0001-06;ENERGISA S.A.;Conselho Fiscal;2024;445531.86;382375.88;-63155.97999999998;-14.175412730303952;8.67;10.0;1.33;15.340253748558247;2024;2026;realizado;51387.757785467125;38237.588;-25.590082837173522;Utilities;Energisa
00.864.214/0001-06;ENERGISA S.A.;Diretoria Estatutária;2025;9281402.33;3438096.65;-5843305.68;-62.95714238259942;5.0;5.0;0.0;0.0;2025;2026;realizado;1856280.466;687619.33;-62.957142382599415;Utilities;Energisa
00.864.214/0001-06;ENERGISA S.A.;Conselho de Administração;2025;3536320.0;3433733.4;-102586.6000000001;-2.900942222423313;7.0;7.0;0.0;0.0;2025;2026;realizado;505188.5714285714;490533.34285714285;-2.9009422224233083;Utilities;Energisa
00.864.214/0001-06;ENERGISA S.A.;Conselho Fiscal;2025;463353.07;148510.6;-314842.47;-67.94871781037297;10.0;3.33;-6.67;-66.7;2025;2026;realizado;46335.307;44597.77777777778;-3.749903334453397;Utilities;Energisa
00.864.214/0001-06;ENERGISA S.A.;Diretoria Estatutária;2026;3203977.16;;;;5.0;;;;2026;;so previsao;640795.432;;;Utilities;Energisa
00.864.214/0001-06;ENERGISA S.A.;Conselho de Administração;2026;3878634.55;;;;7.0;;;;2026;;so previsao;554090.65;;;Utilities;Energisa
00.864.214/0001-06;ENERGISA S.A.;Conselho Fiscal;2026;315228.71;;;;3.33;;;;2026;;so previsao;94663.27627627629;;;Utilities;Energisa
04.423.567/0001-21;ENEVA S.A;Diretoria Estatutária;2009;;36158562.38;;;;6.0;;;;2012;so realizado;;6026427.0633333335;;Utilities;Eneva
04.423.567/0001-21;ENEVA S.A;Conselho de Administração;2009;;17660743.5;;;;9.0;;;;2012;so realizado;;1962304.8333333333;;Utilities;Eneva
04.423.567/0001-21;ENEVA S.A;Diretoria Estatutária;2010;4480000.0;31172947.6;26692947.6;595.8247232142858;6.0;5.67;-0.33000000000000007;-5.500000000000001;2010;2013;realizado;746666.6666666666;5497874.356261023;636.3224584278156;Utilities;Eneva
04.423.567/0001-21;ENEVA S.A;Conselho de Administração;2010;685000.0;17597743.5;16912743.5;2469.0136496350365;9.0;8.92;-0.08000000000000007;-0.8888888888888897;2010;2013;realizado;76111.11111111111;1972841.1995515695;2492.054130797683;Utilities;Eneva
04.423.567/0001-21;ENEVA S.A;Diretoria Estatutária;2011;4480000.0;32243363.8;27763363.8;619.7179419642857;6.0;5.0;-1.0;-16.666666666666668;2011;2014;realizado;746666.6666666666;6448672.76;763.6615303571429;Utilities;Eneva
04.423.567/0001-21;ENEVA S.A;Conselho de Administração;2011;685000.0;9893841.05;9208841.05;1344.3563576642337;9.0;8.92;-0.08000000000000007;-0.8888888888888897;2011;2014;realizado;76111.11111111111;1109175.0056053812;1357.3102263428366;Utilities;Eneva
04.423.567/0001-21;ENEVA S.A;Conselho Fiscal;2011;;69748.0;;;;3.0;;;;2014;so realizado;;23249.333333333332;;Utilities;Eneva
04.423.567/0001-21;ENEVA S.A;Diretoria Estatutária;2012;6010717.37;23864493.95;17853776.58;297.03237535522317;5.0;5.0;0.0;0.0;2012;2015;realizado;1202143.474;4772898.79;297.0323753552232;Utilities;Eneva
04.423.567/0001-21;ENEVA S.A;Conselho de Administração;2012;960000.0;6931161.54;5971161.54;621.99599375;9.0;11.5;2.5;27.77777777777778;2012;2015;realizado;106666.66666666667;602709.6991304348;465.04034293478253;Utilities;Eneva
04.423.567/0001-21;ENEVA S.A;Conselho Fiscal;2012;80219.4;89402.0;9182.600000000006;11.446856994692066;3.0;3.0;0.0;0.0;2012;2015;realizado;26739.8;29800.666666666668;11.446856994692055;Utilities;Eneva
04.423.567/0001-21;ENEVA S.A;Diretoria Estatutária;2013;43560787.01;44389796.0;829008.9900000021;1.903108384634307;3.08;3.3;0.21999999999999975;7.142857142857134;2013;2016;realizado;14143112.665584415;13451453.333333334;-4.890432174341308;Utilities;Eneva
04.423.567/0001-21;ENEVA S.A;Conselho de Administração;2013;610936.53;610936.0;-0.5300000000279397;-8.675205590144359e-05;8.53;9.3;0.7700000000000014;9.026963657678799;2013;2016;realizado;71622.10199296601;65692.04301075268;-8.279649461831939;Utilities;Eneva
04.423.567/0001-21;ENEVA S.A;Conselho Fiscal;2013;0.0;0.0;0.0;;0.0;0.0;0.0;;2013;2016;realizado;;;;Utilities;Eneva
04.423.567/0001-21;ENEVA S.A;Diretoria Estatutária;2014;7880678.64;7212959.03;-667719.6099999994;-8.472869412677884;2.1;2.17;0.06999999999999984;3.3333333333333255;2014;2017;realizado;3752704.114285714;3323944.2534562214;-11.425357496139876;Utilities;Eneva
04.423.567/0001-21;ENEVA S.A;Conselho de Administração;2014;480000.0;780000.0;300000.0;62.5;2.0;7.63;5.63;281.5;2014;2017;realizado;240000.0;102228.04718217562;-57.40498034076016;Utilities;Eneva
04.423.567/0001-21;ENEVA S.A;Conselho Fiscal;2014;;0.0;;;;0.0;;;;2017;so realizado;;;;Utilities;Eneva
04.423.567/0001-21;ENEVA S.A;Diretoria Estatutária;2015;10876319.2;14741888.56;3865569.3600000013;35.54115403306664;2.0;2.08;0.08000000000000007;4.0000000000000036;2015;2018;realizado;5438159.6;7087446.423076923;30.32803272410254;Utilities;Eneva
04.423.567/0001-21;ENEVA S.A;Conselho de Administração;2015;11294528.72;21983114.0;10688585.28;94.63507105943238;4.7;5.08;0.3799999999999999;8.08510638297872;2015;2018;realizado;2403091.2170212767;4327384.645669292;80.07575472034101;Utilities;Eneva
04.423.567/0001-21;ENEVA S.A;Conselho Fiscal;2015;134400.0;115200.0;-19200.0;-14.285714285714286;2.0;1.08;-0.9199999999999999;-46.0;2015;2018;realizado;67200.0;106666.66666666666;58.73015873015872;Utilities;Eneva
04.423.567/0001-21;ENEVA S.A;Diretoria Estatutária;2016;6565842.0;7363326.0;797484.0;12.14595173018175;2.1;2.0;-0.10000000000000009;-4.761904761904766;2016;2019;realizado;3126591.4285714286;3681663.0;17.753249316690844;Utilities;Eneva
04.423.567/0001-21;ENEVA S.A;Conselho de Administração;2016;4481812.0;5274562.24;792750.2400000002;17.688163626676;5.1;5.68;0.5800000000000001;11.372549019607845;2016;2019;realizado;878786.6666666667;928620.1126760565;5.670710298599935;Utilities;Eneva
04.423.567/0001-21;ENEVA S.A;Conselho Fiscal;2016;153600.0;182400.0;28800.0;18.75;3.0;1.0;-2.0;-66.66666666666667;2016;2019;realizado;51200.0;182400.0;256.25;Utilities;Eneva
04.423.567/0001-21;ENEVA S.A;Diretoria Estatutária;2017;;29823739.0;;;;3.94;;;;2020;so realizado;;7569476.9035533;;Utilities;Eneva
04.423.567/0001-21;ENEVA S.A;Conselho de Administração;2017;;3968806.0;;;;8.0;;;;2020;so realizado;;496100.75;;Utilities;Eneva
04.423.567/0001-21;ENEVA S.A;Conselho Fiscal;2017;;0.0;;;;0.0;;;;2020;so realizado;;;;Utilities;Eneva
04.423.567/0001-21;ENEVA S.A;Diretoria Estatutária;2018;11712615.0;11943854.0;231239.0;1.9742730380875664;4.5;3.58;-0.9199999999999999;-20.444444444444443;2018;2021;realizado;2602803.3333333335;3336272.067039106;28.179952142847497;Utilities;Eneva
04.423.567/0001-21;ENEVA S.A;Conselho de Administração;2018;3672000.0;4292858.0;620858.0;16.90789760348584;7.0;6.98;-0.019999999999999574;-0.28571428571427965;2018;2021;realizado;524571.4285714285;615022.6361031518;17.242877252779508;Utilities;Eneva
04.423.567/0001-21;ENEVA S.A;Conselho Fiscal;2018;0.0;0.0;0.0;;0.0;0.0;0.0;;2018;2021;realizado;;;;Utilities;Eneva
04.423.567/0001-21;ENEVA S.A;Diretoria Estatutária;2019;;34621055.78;;;;3.97;;;;2022;so realizado;;8720668.962216625;;Utilities;Eneva
04.423.567/0001-21;ENEVA S.A;Conselho de Administração;2019;;11130098.27;;;;6.83;;;;2022;so realizado;;1629589.7906295753;;Utilities;Eneva
04.423.567/0001-21;ENEVA S.A;Conselho Fiscal;2019;;0.0;;;;0.0;;;;2022;so realizado;;;;Utilities;Eneva
04.423.567/0001-21;ENEVA S.A;Diretoria Estatutária;2020;31111198.0;29743372.85;-1367825.1499999985;-4.396568560297802;4.0;4.0;0.0;0.0;2020;2023;realizado;7777799.5;7435843.2125;-4.396568560297798;Utilities;Eneva
04.423.567/0001-21;ENEVA S.A;Conselho de Administração;2020;20538200.0;37557241.66;17019041.659999996;82.86530299636772;7.0;7.0;0.0;0.0;2020;2023;realizado;2934028.5714285714;5365320.237142856;82.86530299636772;Utilities;Eneva
04.423.567/0001-21;ENEVA S.A;Conselho Fiscal;2020;0.0;0.0;0.0;;0.0;0.0;0.0;;2020;2023;realizado;;;;Utilities;Eneva
04.423.567/0001-21;ENEVA S.A;;2020;;0.0;;;;0.0;;;;2022;so realizado;;;;Utilities;Eneva
04.423.567/0001-21;ENEVA S.A;Diretoria Estatutária;2021;63076182.31;87759823.14;24683640.83;39.133060889271185;3.75;3.75;0.0;0.0;2021;2024;realizado;16820315.28266667;23402619.504;39.13306088927118;Utilities;Eneva
04.423.567/0001-21;ENEVA S.A;Conselho de Administração;2021;3432000.0;3159000.0;-273000.0;-7.954545454545454;7.0;7.0;0.0;0.0;2021;2024;realizado;490285.71428571426;451285.71428571426;-7.954545454545459;Utilities;Eneva
04.423.567/0001-21;ENEVA S.A;Conselho Fiscal;2021;0.0;0.0;0.0;;0.0;0.0;0.0;;2021;2024;realizado;;;;Utilities;Eneva
04.423.567/0001-21;ENEVA S.A;Diretoria Estatutária;2022;;103786364.49;;;;4.0;;;;2025;so realizado;;25946591.1225;;Utilities;Eneva
04.423.567/0001-21;ENEVA S.A;Conselho de Administração;2022;;3860000.0;;;;7.0;;;;2025;so realizado;;551428.5714285715;;Utilities;Eneva
04.423.567/0001-21;ENEVA S.A;Conselho Fiscal;2022;;0.0;;;;0.0;;;;2025;so realizado;;;;Utilities;Eneva
04.423.567/0001-21;ENEVA S.A;Diretoria Estatutária;2023;37146972.85;22985549.91;-14161422.940000001;-38.122683636117614;3.0;3.0;0.0;0.0;2023;2026;realizado;12382324.283333333;7661849.97;-38.12268363611761;Utilities;Eneva
04.423.567/0001-21;ENEVA S.A;Conselho de Administração;2023;4761600.0;4727673.33;-33926.669999999925;-0.7125056703629017;7.0;7.0;0.0;0.0;2023;2026;realizado;680228.5714285715;675381.9042857143;-0.7125056703629173;Utilities;Eneva
04.423.567/0001-21;ENEVA S.A;Conselho Fiscal;2023;0.0;0.0;0.0;;0.0;0.0;0.0;;2023;2026;realizado;;;;Utilities;Eneva
04.423.567/0001-21;ENEVA S.A;Diretoria Estatutária;2024;41703873.72;22058422.59;-19645451.13;-47.107017592417556;3.0;3.0;0.0;0.0;2024;2026;realizado;13901291.24;7352807.53;-47.107017592417556;Utilities;Eneva
04.423.567/0001-21;ENEVA S.A;Conselho de Administração;2024;5241480.0;5181702.78;-59777.21999999974;-1.140464525286746;7.0;7.0;0.0;0.0;2024;2026;realizado;748782.8571428572;740243.2542857144;-1.140464525286744;Utilities;Eneva
04.423.567/0001-21;ENEVA S.A;Conselho Fiscal;2024;0.0;0.0;0.0;;0.0;0.0;0.0;;2024;2026;realizado;;;;Utilities;Eneva
04.423.567/0001-21;ENEVA S.A;Diretoria Estatutária;2025;52242219.54;23876840.42;-28365379.119999997;-54.295892038586985;3.0;3.0;0.0;0.0;2025;2026;realizado;17414073.18;7958946.806666668;-54.29589203858699;Utilities;Eneva
04.423.567/0001-21;ENEVA S.A;Conselho de Administração;2025;5609764.0;5635163.19;25399.19000000041;0.45276753175357126;7.0;7.0;0.0;0.0;2025;2026;realizado;801394.8571428572;805023.3128571429;0.45276753175356177;Utilities;Eneva
04.423.567/0001-21;ENEVA S.A;Conselho Fiscal;2025;0.0;0.0;0.0;;0.0;0.0;0.0;;2025;2026;realizado;;;;Utilities;Eneva
04.423.567/0001-21;ENEVA S.A;Diretoria Estatutária;2026;81746904.19;;;;3.0;;;;2026;;so previsao;27248968.063333333;;;Utilities;Eneva
04.423.567/0001-21;ENEVA S.A;Conselho de Administração;2026;6171872.0;;;;7.0;;;;2026;;so previsao;881696.0;;;Utilities;Eneva
04.423.567/0001-21;ENEVA S.A;Conselho Fiscal;2026;0.0;;;;0.0;;;;2026;;so previsao;;;;Utilities;Eneva
03.220.438/0001-73;EQUATORIAL S.A.;Diretoria Estatutária;2009;;9196000.0;;;;5.0;;;;2012;so realizado;;1839200.0;;Utilities;Equatorial
03.220.438/0001-73;EQUATORIAL S.A.;Conselho de Administração;2009;;1076000.0;;;;7.0;;;;2012;so realizado;;153714.2857142857;;Utilities;Equatorial
03.220.438/0001-73;EQUATORIAL S.A.;Conselho Fiscal;2009;;151000.0;;;;3.0;;;;2012;so realizado;;50333.333333333336;;Utilities;Equatorial
03.220.438/0001-73;EQUATORIAL S.A.;Diretoria Estatutária;2010;8146000.0;8587000.0;441000.0;5.413699975448073;5.0;4.58;-0.41999999999999993;-8.399999999999999;2010;2013;realizado;1629200.0;1874890.829694323;15.080458488480431;Utilities;Equatorial
03.220.438/0001-73;EQUATORIAL S.A.;Conselho de Administração;2010;1177000.0;1401000.0;224000.0;19.03143585386576;7.0;7.0;0.0;0.0;2010;2013;realizado;168142.85714285713;200142.85714285713;19.03143585386575;Utilities;Equatorial
03.220.438/0001-73;EQUATORIAL S.A.;Conselho Fiscal;2010;151000.0;151000.0;0.0;0.0;3.0;3.0;0.0;0.0;2010;2013;realizado;50333.333333333336;50333.333333333336;0.0;Utilities;Equatorial
03.220.438/0001-73;EQUATORIAL S.A.;Diretoria Estatutária;2011;8834000.0;4662000.0;-4172000.0;-47.22662440570523;4.0;4.0;0.0;0.0;2011;2014;realizado;2208500.0;1165500.0;-47.22662440570523;Utilities;Equatorial
03.220.438/0001-73;EQUATORIAL S.A.;Conselho de Administração;2011;1660000.0;1028000.0;-632000.0;-38.0722891566265;7.0;7.0;0.0;0.0;2011;2014;realizado;237142.85714285713;146857.14285714287;-38.072289156626496;Utilities;Equatorial
03.220.438/0001-73;EQUATORIAL S.A.;Conselho Fiscal;2011;151000.0;151000.0;0.0;0.0;3.0;3.0;0.0;0.0;2011;2014;realizado;50333.333333333336;50333.333333333336;0.0;Utilities;Equatorial
03.220.438/0001-73;EQUATORIAL S.A.;Diretoria Estatutária;2012;4571000.0;6295000.0;1724000.0;37.7160358783636;4.0;4.0;0.0;0.0;2012;2015;realizado;1142750.0;1573750.0;37.716035878363606;Utilities;Equatorial
03.220.438/0001-73;EQUATORIAL S.A.;Conselho de Administração;2012;1406000.0;1385000.0;-21000.0;-1.4935988620199145;7.0;7.0;0.0;0.0;2012;2015;realizado;200857.14285714287;197857.14285714287;-1.493598862019918;Utilities;Equatorial
03.220.438/0001-73;EQUATORIAL S.A.;Conselho Fiscal;2012;208000.0;208000.0;0.0;0.0;3.0;3.0;0.0;0.0;2012;2015;realizado;69333.33333333333;69333.33333333333;0.0;Utilities;Equatorial
03.220.438/0001-73;EQUATORIAL S.A.;Diretoria Estatutária;2013;;8040000.0;;;;7.0;;;;2016;so realizado;;1148571.4285714286;;Utilities;Equatorial
03.220.438/0001-73;EQUATORIAL S.A.;Conselho de Administração;2013;;1512000.0;;;;7.0;;;;2016;so realizado;;216000.0;;Utilities;Equatorial
03.220.438/0001-73;EQUATORIAL S.A.;Conselho Fiscal;2013;;227000.0;;;;3.0;;;;2016;so realizado;;75666.66666666667;;Utilities;Equatorial
03.220.438/0001-73;EQUATORIAL S.A.;Diretoria Estatutária;2014;8424000.0;12119010.0;3695010.0;43.86289173789174;7.0;7.0;0.0;0.0;2014;2017;realizado;1203428.5714285714;1731287.142857143;43.86289173789175;Utilities;Equatorial
03.220.438/0001-73;EQUATORIAL S.A.;Conselho de Administração;2014;1512000.0;1404000.0;-108000.0;-7.142857142857143;7.0;7.0;0.0;0.0;2014;2017;realizado;216000.0;200571.42857142858;-7.14285714285714;Utilities;Equatorial
03.220.438/0001-73;EQUATORIAL S.A.;Conselho Fiscal;2014;227000.0;226800.0;-200.0;-0.0881057268722467;3.0;3.0;0.0;0.0;2014;2017;realizado;75666.66666666667;75600.0;-0.08810572687225626;Utilities;Equatorial
03.220.438/0001-73;EQUATORIAL S.A.;Diretoria Estatutária;2015;21417000.0;19740100.0;-1676900.0;-7.829761404491759;7.0;5.83;-1.17;-16.714285714285715;2015;2018;realizado;3059571.4285714286;3385951.9725557463;10.667524900267189;Utilities;Equatorial
03.220.438/0001-73;EQUATORIAL S.A.;Conselho de Administração;2015;1404000.0;-10970.0;-1414970.0;-100.78133903133903;7.0;7.0;0.0;0.0;2015;2018;realizado;200571.42857142858;-1567.142857142857;-100.78133903133903;Utilities;Equatorial
03.220.438/0001-73;EQUATORIAL S.A.;Conselho Fiscal;2015;227000.0;219130.0;-7870.0;-3.4669603524229076;3.0;3.0;0.0;0.0;2015;2018;realizado;75666.66666666667;73043.33333333333;-3.466960352422921;Utilities;Equatorial
03.220.438/0001-73;EQUATORIAL S.A.;Diretoria Estatutária;2016;15796710.0;20291013.0;4494303.0;28.450879961713547;6.0;6.0;0.0;0.0;2016;2019;realizado;2632785.0;3381835.5;28.45087996171354;Utilities;Equatorial
03.220.438/0001-73;EQUATORIAL S.A.;Conselho de Administração;2016;4634020.0;2264340.02;-2369679.98;-51.13659371344966;7.0;6.0;-1.0;-14.285714285714286;2016;2019;realizado;662002.8571428572;377390.00333333336;-42.992692665691266;Utilities;Equatorial
03.220.438/0001-73;EQUATORIAL S.A.;Conselho Fiscal;2016;216000.0;219200.0;3200.0;1.4814814814814814;3.0;3.0;0.0;0.0;2016;2019;realizado;72000.0;73066.66666666667;1.4814814814814836;Utilities;Equatorial
03.220.438/0001-73;EQUATORIAL S.A.;Diretoria Estatutária;2017;;7959312.54;;;;6.0;;;;2020;so realizado;;1326552.09;;Utilities;Equatorial
03.220.438/0001-73;EQUATORIAL S.A.;Conselho de Administração;2017;;4747284.94;;;;6.66;;;;2020;so realizado;;712805.5465465466;;Utilities;Equatorial
03.220.438/0001-73;EQUATORIAL S.A.;Conselho Fiscal;2017;;216000.0;;;;3.0;;;;2020;so realizado;;72000.0;;Utilities;Equatorial
03.220.438/0001-73;EQUATORIAL S.A.;Diretoria Estatutária;2018;7988364.72;6571692.99;-1416671.7299999995;-17.734189407416032;6.0;7.0;1.0;16.666666666666668;2018;2021;realizado;1331394.1199999999;938813.2842857143;-29.48644806349946;Utilities;Equatorial
03.220.438/0001-73;EQUATORIAL S.A.;Conselho de Administração;2018;4802143.54;3614398.26;-1187745.2800000003;-24.733648007531244;7.0;7.0;0.0;0.0;2018;2021;realizado;686020.5057142858;516342.6085714285;-24.73364800753125;Utilities;Equatorial
03.220.438/0001-73;EQUATORIAL S.A.;Conselho Fiscal;2018;216000.0;180000.0;-36000.0;-16.666666666666668;3.0;3.0;0.0;0.0;2018;2021;realizado;72000.0;60000.0;-16.666666666666664;Utilities;Equatorial
03.220.438/0001-73;EQUATORIAL S.A.;Diretoria Estatutária;2019;10124637.74;9681940.38;-442697.3599999994;-4.372476046733099;7.0;6.0;-1.0;-14.285714285714286;2019;2022;realizado;1446376.82;1613656.7300000002;11.565444612144727;Utilities;Equatorial
03.220.438/0001-73;EQUATORIAL S.A.;Conselho de Administração;2019;4332661.08;1885433.52;-2447227.56;-56.48324470373759;7.0;8.0;1.0;14.285714285714286;2019;2022;realizado;618951.5828571429;235679.19;-61.92283911577039;Utilities;Equatorial
03.220.438/0001-73;EQUATORIAL S.A.;Conselho Fiscal;2019;216000.0;180000.0;-36000.0;-16.666666666666668;3.0;3.0;0.0;0.0;2019;2022;realizado;72000.0;60000.0;-16.666666666666664;Utilities;Equatorial
03.220.438/0001-73;EQUATORIAL S.A.;Diretoria Estatutária;2020;16392456.0;6532364.06;-9860091.940000001;-60.15018091248805;6.0;6.0;0.0;0.0;2020;2023;realizado;2732076.0;1088727.3433333333;-60.15018091248804;Utilities;Equatorial
03.220.438/0001-73;EQUATORIAL S.A.;Conselho de Administração;2020;5641434.0;4551814.16;-1089619.8399999999;-19.31458987200772;8.0;8.0;0.0;0.0;2020;2023;realizado;705179.25;568976.77;-19.314589872007716;Utilities;Equatorial
03.220.438/0001-73;EQUATORIAL S.A.;Conselho Fiscal;2020;468000.0;390000.0;-78000.0;-16.666666666666668;3.0;3.0;0.0;0.0;2020;2023;realizado;156000.0;130000.0;-16.666666666666664;Utilities;Equatorial
03.220.438/0001-73;EQUATORIAL S.A.;Diretoria Estatutária;2021;6604786.96;6119862.16;-484924.7999999998;-7.342020309463545;8.0;5.67;-2.33;-29.125;2021;2024;realizado;825598.37;1079340.7689594356;30.73436287906377;Utilities;Equatorial
03.220.438/0001-73;EQUATORIAL S.A.;Conselho de Administração;2021;4140210.6;4186007.91;45797.310000000056;1.1061589475665816;7.0;7.5;0.5;7.142857142857143;2021;2024;realizado;591458.6571428572;558134.388;-5.634251648937861;Utilities;Equatorial
03.220.438/0001-73;EQUATORIAL S.A.;Conselho Fiscal;2021;432000.0;432000.0;0.0;0.0;3.0;3.0;0.0;0.0;2021;2024;realizado;144000.0;144000.0;0.0;Utilities;Equatorial
03.220.438/0001-73;EQUATORIAL S.A.;Diretoria Estatutária;2022;7305009.05;11739284.21;4434275.160000001;60.701843483684684;8.0;7.58;-0.41999999999999993;-5.249999999999999;2022;2025;realizado;913126.13125;1548718.2335092349;69.60616726510256;Utilities;Equatorial
03.220.438/0001-73;EQUATORIAL S.A.;Conselho de Administração;2022;5307317.42;4424039.91;-883277.5099999998;-16.6426358195851;9.0;8.17;-0.8300000000000001;-9.222222222222221;2022;2025;realizado;589701.9355555555;541498.1529987761;-8.174262224757134;Utilities;Equatorial
03.220.438/0001-73;EQUATORIAL S.A.;Conselho Fiscal;2022;500000.0;432000.0;-68000.0;-13.6;3.0;3.0;0.0;0.0;2022;2025;realizado;166666.66666666666;144000.0;-13.59999999999999;Utilities;Equatorial
03.220.438/0001-73;EQUATORIAL S.A.;Diretoria Estatutária;2023;15000000.0;17886363.21;2886363.210000001;19.24242140000001;12.0;9.67;-2.33;-19.416666666666668;2023;2026;realizado;1250000.0;1849675.6163391934;47.974049307135466;Utilities;Equatorial
03.220.438/0001-73;EQUATORIAL S.A.;Conselho de Administração;2023;13500000.0;7672501.54;-5827498.46;-43.16665525925926;9.0;8.5;-0.5;-5.555555555555555;2023;2026;realizado;1500000.0;902647.24;-39.823517333333335;Utilities;Equatorial
03.220.438/0001-73;EQUATORIAL S.A.;Conselho Fiscal;2023;600000.0;432000.0;-168000.0;-28.0;3.0;3.0;0.0;0.0;2023;2026;realizado;200000.0;144000.0;-28.000000000000004;Utilities;Equatorial
03.220.438/0001-73;EQUATORIAL S.A.;Diretoria Estatutária;2024;33290721.42;26728523.23;-6562198.190000001;-19.711793286815475;12.0;9.75;-2.25;-18.75;2024;2026;realizado;2774226.785;2741386.997948718;-1.1837455837728994;Utilities;Equatorial
03.220.438/0001-73;EQUATORIAL S.A.;Conselho de Administração;2024;14909278.58;21248799.66;6339521.08;42.52064273924111;9.0;7.25;-1.75;-19.444444444444443;2024;2026;realizado;1656586.5088888889;2930868.91862069;76.92217719354069;Utilities;Equatorial
03.220.438/0001-73;EQUATORIAL S.A.;Conselho Fiscal;2024;600000.0;432776.25;-167223.75;-27.870625;3.0;3.0;0.0;0.0;2024;2026;realizado;200000.0;144258.75;-27.870625000000004;Utilities;Equatorial
03.220.438/0001-73;EQUATORIAL S.A.;Diretoria Estatutária;2025;39900700.0;33328416.47;-6572283.530000001;-16.47159957093485;12.0;9.0;-3.0;-25.0;2025;2026;realizado;3325058.3333333335;3703157.3855555556;11.37120057208687;Utilities;Equatorial
03.220.438/0001-73;EQUATORIAL S.A.;Conselho de Administração;2025;13148810.67;10236714.95;-2912095.7200000007;-22.147217669231225;8.0;7.98;-0.019999999999999574;-0.24999999999999467;2025;2026;realizado;1643601.33375;1282796.3596491227;-21.952097914016267;Utilities;Equatorial
03.220.438/0001-73;EQUATORIAL S.A.;Conselho Fiscal;2025;600000.0;477000.0;-123000.0;-20.5;3.0;3.0;0.0;0.0;2025;2026;realizado;200000.0;159000.0;-20.499999999999996;Utilities;Equatorial
03.220.438/0001-73;EQUATORIAL S.A.;Diretoria Estatutária;2026;35104094.33;;;;12.0;;;;2026;;so previsao;2925341.1941666664;;;Utilities;Equatorial
03.220.438/0001-73;EQUATORIAL S.A.;Conselho de Administração;2026;17927804.21;;;;8.0;;;;2026;;so previsao;2240975.52625;;;Utilities;Equatorial
03.220.438/0001-73;EQUATORIAL S.A.;Conselho Fiscal;2026;720000.0;;;;3.0;;;;2026;;so previsao;240000.0;;;Utilities;Equatorial
33.611.500/0001-19;GERDAU S.A.;Diretoria Estatutária;2009;;1535952.0;;;;9.0;;;;2012;so realizado;;170661.33333333334;;Metals;Gerdau
33.611.500/0001-19;GERDAU S.A.;Conselho de Administração;2009;;6967868.0;;;;9.0;;;;2012;so realizado;;774207.5555555555;;Metals;Gerdau
33.611.500/0001-19;GERDAU S.A.;Conselho Fiscal;2009;;336000.0;;;;3.0;;;;2012;so realizado;;112000.0;;Metals;Gerdau
33.611.500/0001-19;GERDAU S.A.;Diretoria Estatutária;2010;2000584.0;2076984.0;76400.0;3.818884885613401;8.0;8.33;0.33000000000000007;4.125000000000001;2010;2013;realizado;250073.0;249337.8151260504;-0.29398810505315565;Metals;Gerdau
33.611.500/0001-19;GERDAU S.A.;Conselho de Administração;2010;11650858.0;11677065.0;26207.0;0.22493622358113025;9.0;9.0;0.0;0.0;2010;2013;realizado;1294539.7777777778;1297451.6666666667;0.2249362235811292;Metals;Gerdau
33.611.500/0001-19;GERDAU S.A.;Conselho Fiscal;2010;369600.0;358400.0;-11200.0;-3.0303030303030303;3.0;3.0;0.0;0.0;2010;2013;realizado;123200.0;119466.66666666667;-3.0303030303030276;Metals;Gerdau
33.611.500/0001-19;GERDAU S.A.;Diretoria Estatutária;2011;1054522.0;570666.0;-483856.0;-45.88391707332801;8.3;8.25;-0.05000000000000071;-0.6024096385542254;2011;2014;realizado;127050.84337349396;69171.63636363637;-45.55594081316635;Metals;Gerdau
33.611.500/0001-19;GERDAU S.A.;Conselho de Administração;2011;12725211.0;2006414.44;-10718796.56;-84.23276093418019;8.8;8.33;-0.47000000000000064;-5.340909090909098;2011;2014;realizado;1446046.7045454544;240866.07923169268;-83.34313279961411;Metals;Gerdau
33.611.500/0001-19;GERDAU S.A.;Conselho Fiscal;2011;379200.0;379200.0;0.0;0.0;3.0;3.0;0.0;0.0;2011;2014;realizado;126400.0;126400.0;0.0;Metals;Gerdau
33.611.500/0001-19;GERDAU S.A.;Diretoria Estatutária;2012;213333.0;1513400.8;1300067.8;609.4077334495835;6.67;6.67;0.0;0.0;2012;2015;realizado;31983.958020989507;226896.67166416792;609.4077334495835;Metals;Gerdau
33.611.500/0001-19;GERDAU S.A.;Conselho de Administração;2012;4277553.66;10109018.99;5831465.33;136.32711108994013;8.9;8.92;0.019999999999999574;0.2247191011235907;2012;2015;realizado;480624.00674157304;1133298.0930493274;135.79722967494027;Metals;Gerdau
33.611.500/0001-19;GERDAU S.A.;Conselho Fiscal;2012;384000.0;384000.0;0.0;0.0;3.0;3.0;0.0;0.0;2012;2015;realizado;128000.0;128000.0;0.0;Metals;Gerdau
33.611.500/0001-19;GERDAU S.A.;Diretoria Estatutária;2013;260606.0;2063512.0;1802906.0;691.812928328588;6.42;6.42;0.0;0.0;2013;2016;realizado;40592.834890965736;321419.31464174454;691.8129283285879;Metals;Gerdau
33.611.500/0001-19;GERDAU S.A.;Conselho de Administração;2013;4610871.0;11347285.94;6736414.9399999995;146.0985340947513;9.0;9.0;0.0;0.0;2013;2016;realizado;512319.0;1260809.548888889;146.0985340947513;Metals;Gerdau
33.611.500/0001-19;GERDAU S.A.;Conselho Fiscal;2013;402000.0;400000.0;-2000.0;-0.4975124378109453;3.0;3.0;0.0;0.0;2013;2016;realizado;134000.0;133333.33333333334;-0.497512437810943;Metals;Gerdau
33.611.500/0001-19;GERDAU S.A.;Diretoria Estatutária;2014;344854.8;5328047.03;4983192.23;1445.011706376133;7.75;7.67;-0.08000000000000007;-1.03225806451613;2014;2017;realizado;44497.393548387096;694660.6297262061;1461.126561201438;Metals;Gerdau
33.611.500/0001-19;GERDAU S.A.;Conselho de Administração;2014;4014837.16;9202052.25;5187215.09;129.20113278018977;9.0;9.0;0.0;0.0;2014;2017;realizado;446093.0177777778;1022450.25;129.20113278018977;Metals;Gerdau
33.611.500/0001-19;GERDAU S.A.;Conselho Fiscal;2014;424000.0;424000.0;0.0;0.0;3.0;3.0;0.0;0.0;2014;2017;realizado;141333.33333333334;141333.33333333334;0.0;Metals;Gerdau
33.611.500/0001-19;GERDAU S.A.;Diretoria Estatutária;2015;570732.54;2094372.55;1523640.01;266.9621763637307;6.83;6.83;0.0;0.0;2015;2018;realizado;83562.5973645681;306643.12591508054;266.9621763637307;Metals;Gerdau
33.611.500/0001-19;GERDAU S.A.;Conselho de Administração;2015;3510315.56;4969280.92;1458965.3599999999;41.56222809780668;6.67;6.67;0.0;0.0;2015;2018;realizado;526284.191904048;745019.628185907;41.562228097806674;Metals;Gerdau
33.611.500/0001-19;GERDAU S.A.;Conselho Fiscal;2015;714528.0;714528.0;0.0;0.0;4.33;4.33;0.0;0.0;2015;2018;realizado;165018.01385681293;165018.01385681293;0.0;Metals;Gerdau
33.611.500/0001-19;GERDAU S.A.;Diretoria Estatutária;2016;1537876.97;1484096.55;-53780.419999999925;-3.4970560746481514;5.92;5.92;0.0;0.0;2016;2019;realizado;259776.5152027027;250691.9847972973;-3.4970560746481527;Metals;Gerdau
33.611.500/0001-19;GERDAU S.A.;Conselho de Administração;2016;2699931.73;3096042.43;396110.7000000002;14.671137629098501;6.0;6.0;0.0;0.0;2016;2019;realizado;449988.62166666664;516007.0716666667;14.671137629098506;Metals;Gerdau
33.611.500/0001-19;GERDAU S.A.;Conselho Fiscal;2016;812592.0;812592.0;0.0;0.0;5.0;5.0;0.0;0.0;2016;2019;realizado;162518.4;162518.4;0.0;Metals;Gerdau
33.611.500/0001-19;GERDAU S.A.;Diretoria Estatutária;2017;789796.61;1089117.71;299321.1;37.89850402118084;5.0;6.5;1.5;30.0;2017;2019;realizado;157959.322;167556.57076923078;6.0757723239852846;Metals;Gerdau
33.611.500/0001-19;GERDAU S.A.;Conselho de Administração;2017;2961219.89;2480884.87;-480335.02;-16.22084944188322;6.0;6.0;0.0;0.0;2017;2019;realizado;493536.6483333334;413480.8116666667;-16.220849441883225;Metals;Gerdau
33.611.500/0001-19;GERDAU S.A.;Conselho Fiscal;2017;855449.44;831264.0;-24185.439999999944;-2.8272202738247096;5.0;5.0;0.0;0.0;2017;2019;realizado;171089.88799999998;166252.8;-2.8272202738247154;Metals;Gerdau
33.611.500/0001-19;GERDAU S.A.;Diretoria Estatutária;2018;6771062.13;8468395.81;1697333.6800000006;25.067465744846157;9.0;8.0;-1.0;-11.11111111111111;2018;2021;realizado;752340.2366666667;1058549.47625;40.700898962951925;Metals;Gerdau
33.611.500/0001-19;GERDAU S.A.;Conselho de Administração;2018;28492926.01;24321262.82;-4171663.1900000013;-14.641048759035474;6.67;6.67;0.0;0.0;2018;2021;realizado;4271803.0;3646366.23988006;-14.641048759035469;Metals;Gerdau
33.611.500/0001-19;GERDAU S.A.;Conselho Fiscal;2018;900021.82;683520.0;-216501.81999999995;-24.05517457343423;5.0;3.67;-1.33;-26.6;2018;2021;realizado;180004.364;186245.23160762942;3.467064613849824;Metals;Gerdau
33.611.500/0001-19;GERDAU S.A.;Diretoria Estatutária;2019;12475016.33;9765770.67;-2709245.66;-21.71737165172913;7.33;7.33;0.0;0.0;2019;2022;realizado;1701912.1869031377;1332301.5920873124;-21.717371651729135;Metals;Gerdau
33.611.500/0001-19;GERDAU S.A.;Conselho de Administração;2019;25813434.43;25140453.73;-672980.6999999993;-2.6070947739440316;8.33;8.33;0.0;0.0;2019;2022;realizado;3098851.6722689075;3018061.6722689075;-2.6070947739440298;Metals;Gerdau
33.611.500/0001-19;GERDAU S.A.;Conselho Fiscal;2019;613056.0;613056.0;0.0;0.0;3.0;3.0;0.0;0.0;2019;2022;realizado;204352.0;204352.0;0.0;Metals;Gerdau
33.611.500/0001-19;GERDAU S.A.;Diretoria Estatutária;2020;13051582.44;13051582.44;0.0;0.0;8.67;8.67;0.0;0.0;2020;2023;realizado;1505372.830449827;1505372.830449827;0.0;Metals;Gerdau
33.611.500/0001-19;GERDAU S.A.;Conselho de Administração;2020;30691889.65;30691889.65;0.0;0.0;9.0;9.0;0.0;0.0;2020;2023;realizado;3410209.961111111;3410209.961111111;0.0;Metals;Gerdau
33.611.500/0001-19;GERDAU S.A.;Conselho Fiscal;2020;584016.0;584016.0;0.0;0.0;3.0;3.0;0.0;0.0;2020;2023;realizado;194672.0;194672.0;0.0;Metals;Gerdau
33.611.500/0001-19;GERDAU S.A.;Diretoria Estatutária;2021;9749047.13;16133327.82;6384280.6899999995;65.48620193202409;9.08;9.0;-0.08000000000000007;-0.8810572687224677;2021;2024;realizado;1073683.6046255508;1792591.98;66.95719039364208;Metals;Gerdau
33.611.500/0001-19;GERDAU S.A.;Conselho de Administração;2021;22082656.63;17962336.67;-4120319.959999997;-18.658624408452784;7.67;7.67;0.0;0.0;2021;2024;realizado;2879094.736636245;2341895.2633637553;-18.658624408452784;Metals;Gerdau
33.611.500/0001-19;GERDAU S.A.;Conselho Fiscal;2021;528480.0;502528.0;-25952.0;-4.9106872540115045;3.0;3.0;0.0;0.0;2021;2024;realizado;176160.0;167509.33333333334;-4.910687254011503;Metals;Gerdau
33.611.500/0001-19;GERDAU S.A.;Diretoria Estatutária;2022;15136252.32;13807399.43;-1328852.8900000006;-8.77927284711121;9.5;9.83;0.33000000000000007;3.4736842105263164;2022;2025;realizado;1593289.717894737;1404618.4567650051;-11.841616688459455;Metals;Gerdau
33.611.500/0001-19;GERDAU S.A.;Conselho de Administração;2022;18047940.35;17253669.48;-794270.870000001;-4.400894809030111;6.33;6.83;0.5;7.898894154818326;2022;2025;realizado;2851175.410742496;2526159.513909224;-11.399365174401254;Metals;Gerdau
33.611.500/0001-19;GERDAU S.A.;Conselho Fiscal;2022;559880.0;559880.0;0.0;0.0;3.0;3.0;0.0;0.0;2022;2025;realizado;186626.66666666666;186626.66666666666;0.0;Metals;Gerdau
33.611.500/0001-19;GERDAU S.A.;Diretoria Estatutária;2023;17410996.88;10966169.69;-6444827.1899999995;-37.01584254146395;9.0;8.5;-0.5;-5.555555555555555;2023;2026;realizado;1934555.2088888888;1290137.6105882353;-33.31089210272653;Metals;Gerdau
33.611.500/0001-19;GERDAU S.A.;Conselho de Administração;2023;18217451.94;20386871.04;2169419.0999999978;11.90846616280409;7.0;7.0;0.0;0.0;2023;2026;realizado;2602493.1342857145;2912410.1485714284;11.9084661628041;Metals;Gerdau
33.611.500/0001-19;GERDAU S.A.;Conselho Fiscal;2023;594280.0;594280.0;0.0;0.0;3.0;3.0;0.0;0.0;2023;2026;realizado;198093.33333333334;198093.33333333334;0.0;Metals;Gerdau
33.611.500/0001-19;GERDAU S.A.;Diretoria Estatutária;2024;16845139.51;14410536.87;-2434602.6400000025;-14.452849372691258;8.0;8.67;0.6699999999999999;8.375;2024;2026;realizado;2105642.43875;1662114.9792387541;-21.063759513440615;Metals;Gerdau
33.611.500/0001-19;GERDAU S.A.;Conselho de Administração;2024;19060335.6;18583058.73;-477276.87000000104;-2.504031828274844;7.0;7.0;0.0;0.0;2024;2026;realizado;2722905.0857142857;2654722.6757142856;-2.504031828274844;Metals;Gerdau
33.611.500/0001-19;GERDAU S.A.;Conselho Fiscal;2024;616960.0;616960.0;0.0;0.0;3.0;3.0;0.0;0.0;2024;2026;realizado;205653.33333333334;205653.33333333334;0.0;Metals;Gerdau
33.611.500/0001-19;GERDAU S.A.;Diretoria Estatutária;2025;17490957.71;14072637.13;-3418320.58;-19.543358555178852;9.0;9.0;0.0;0.0;2025;2026;realizado;1943439.7455555557;1563626.3477777778;-19.54335855517886;Metals;Gerdau
33.611.500/0001-19;GERDAU S.A.;Conselho de Administração;2025;20222982.28;19359062.59;-863919.6900000013;-4.271969772007343;6.33;6.33;0.0;0.0;2025;2026;realizado;3194783.9304897315;3058303.726698262;-4.271969772007345;Metals;Gerdau
33.611.500/0001-19;GERDAU S.A.;Conselho Fiscal;2025;634080.0;634080.0;0.0;0.0;3.0;3.0;0.0;0.0;2025;2026;realizado;211360.0;211360.0;0.0;Metals;Gerdau
33.611.500/0001-19;GERDAU S.A.;Diretoria Estatutária;2026;14833986.31;;;;8.75;;;;2026;;so previsao;1695312.721142857;;;Metals;Gerdau
33.611.500/0001-19;GERDAU S.A.;Conselho de Administração;2026;19613671.54;;;;6.0;;;;2026;;so previsao;3268945.2566666664;;;Metals;Gerdau
33.611.500/0001-19;GERDAU S.A.;Conselho Fiscal;2026;651600.0;;;;3.0;;;;2026;;so previsao;217200.0;;;Metals;Gerdau
09.229.201/0001-30;GPS PARTICIPAÇÕES E EMPREENDIMENTOS S.A.;Diretoria Estatutária;2018;;425046.0;;;;4.0;;;;2021;so realizado;;106261.5;;Industrials;GPS
09.229.201/0001-30;GPS PARTICIPAÇÕES E EMPREENDIMENTOS S.A.;Conselho de Administração;2018;;104160.0;;;;16.0;;;;2021;so realizado;;6510.0;;Industrials;GPS
09.229.201/0001-30;GPS PARTICIPAÇÕES E EMPREENDIMENTOS S.A.;Conselho Fiscal;2018;;0.0;;;;0.0;;;;2021;so realizado;;;;Industrials;GPS
09.229.201/0001-30;GPS PARTICIPAÇÕES E EMPREENDIMENTOS S.A.;Diretoria Estatutária;2019;;28144290.0;;;;4.0;;;;2022;so realizado;;7036072.5;;Industrials;GPS
09.229.201/0001-30;GPS PARTICIPAÇÕES E EMPREENDIMENTOS S.A.;Conselho de Administração;2019;;104160.0;;;;16.0;;;;2022;so realizado;;6510.0;;Industrials;GPS
09.229.201/0001-30;GPS PARTICIPAÇÕES E EMPREENDIMENTOS S.A.;Conselho Fiscal;2019;;0.0;;;;0.0;;;;2022;so realizado;;;;Industrials;GPS
09.229.201/0001-30;GPS PARTICIPAÇÕES E EMPREENDIMENTOS S.A.;Diretoria Estatutária;2020;;42912711.0;;;;4.0;;;;2023;so realizado;;10728177.75;;Industrials;GPS
09.229.201/0001-30;GPS PARTICIPAÇÕES E EMPREENDIMENTOS S.A.;Conselho de Administração;2020;;104160.0;;;;15.0;;;;2023;so realizado;;6944.0;;Industrials;GPS
09.229.201/0001-30;GPS PARTICIPAÇÕES E EMPREENDIMENTOS S.A.;Conselho Fiscal;2020;;0.0;;;;0.0;;;;2023;so realizado;;;;Industrials;GPS
09.229.201/0001-30;GPS PARTICIPAÇÕES E EMPREENDIMENTOS S.A.;Diretoria Estatutária;2021;47943279.0;52286253.0;4342974.0;9.058566895268052;5.75;5.0;-0.75;-13.043478260869565;2021;2024;realizado;8337961.565217392;10457250.6;25.41735192955825;Industrials;GPS
09.229.201/0001-30;GPS PARTICIPAÇÕES E EMPREENDIMENTOS S.A.;Conselho de Administração;2021;477162.0;449550.0;-27612.0;-5.786713946206949;10.75;11.0;0.25;2.3255813953488373;2021;2024;realizado;44387.16279069767;40868.181818181816;-7.927924992884061;Industrials;GPS
09.229.201/0001-30;GPS PARTICIPAÇÕES E EMPREENDIMENTOS S.A.;Conselho Fiscal;2021;0.0;0.0;0.0;;0.0;0.0;0.0;;2021;2024;realizado;;;;Industrials;GPS
09.229.201/0001-30;GPS PARTICIPAÇÕES E EMPREENDIMENTOS S.A.;Diretoria Estatutária;2022;75775817.0;68765296.0;-7010521.0;-9.251660064582346;6.0;5.8;-0.20000000000000018;-3.333333333333336;2022;2025;realizado;12629302.833333334;11856085.51724138;-6.122406963361049;Industrials;GPS
09.229.201/0001-30;GPS PARTICIPAÇÕES E EMPREENDIMENTOS S.A.;Conselho de Administração;2022;650656.0;844987.0;194331.0;29.86693429400482;9.0;9.0;0.0;0.0;2022;2025;realizado;72295.11111111111;93887.44444444444;29.86693429400482;Industrials;GPS
09.229.201/0001-30;GPS PARTICIPAÇÕES E EMPREENDIMENTOS S.A.;Conselho Fiscal;2022;0.0;0.0;0.0;;0.0;0.0;0.0;;2022;2025;realizado;;;;Industrials;GPS
09.229.201/0001-30;GPS PARTICIPAÇÕES E EMPREENDIMENTOS S.A.;Diretoria Estatutária;2023;92669778.0;87797889.0;-4871889.0;-5.257257657399373;6.0;6.0;0.0;0.0;2023;2026;realizado;15444963.0;14632981.5;-5.257257657399372;Industrials;GPS
09.229.201/0001-30;GPS PARTICIPAÇÕES E EMPREENDIMENTOS S.A.;Conselho de Administração;2023;1563000.0;1921639.0;358639.0;22.94555342290467;9.0;9.0;0.0;0.0;2023;2026;realizado;173666.66666666666;213515.44444444444;22.945553422904673;Industrials;GPS
09.229.201/0001-30;GPS PARTICIPAÇÕES E EMPREENDIMENTOS S.A.;Conselho Fiscal;2023;0.0;372060.0;372060.0;;6.0;4.5;-1.5;-25.0;2023;2026;realizado;0.0;82680.0;;Industrials;GPS
09.229.201/0001-30;GPS PARTICIPAÇÕES E EMPREENDIMENTOS S.A.;Diretoria Estatutária;2024;106345535.0;77242581.0;-29102954.0;-27.366408942321836;6.0;6.0;0.0;0.0;2024;2026;realizado;17724255.833333332;12873763.5;-27.36640894232183;Industrials;GPS
09.229.201/0001-30;GPS PARTICIPAÇÕES E EMPREENDIMENTOS S.A.;Conselho de Administração;2024;2396160.0;2373120.0;-23040.0;-0.9615384615384616;9.0;9.0;0.0;0.0;2024;2026;realizado;266240.0;263680.0;-0.9615384615384581;Industrials;GPS
09.229.201/0001-30;GPS PARTICIPAÇÕES E EMPREENDIMENTOS S.A.;Conselho Fiscal;2024;523681.0;0.0;-523681.0;-100.0;6.0;0.0;-6.0;-100.0;2024;2026;realizado;87280.16666666667;;;Industrials;GPS
09.229.201/0001-30;GPS PARTICIPAÇÕES E EMPREENDIMENTOS S.A.;Diretoria Estatutária;2025;106554747.0;106554747.0;0.0;0.0;6.0;6.0;0.0;0.0;2025;2026;realizado;17759124.5;17759124.5;0.0;Industrials;GPS
09.229.201/0001-30;GPS PARTICIPAÇÕES E EMPREENDIMENTOS S.A.;Conselho de Administração;2025;2512159.0;2512159.0;0.0;0.0;9.0;9.0;0.0;0.0;2025;2026;realizado;279128.77777777775;279128.77777777775;0.0;Industrials;GPS
09.229.201/0001-30;GPS PARTICIPAÇÕES E EMPREENDIMENTOS S.A.;Conselho Fiscal;2025;612338.0;612338.0;0.0;0.0;6.0;6.0;0.0;0.0;2025;2026;realizado;102056.33333333333;102056.33333333333;0.0;Industrials;GPS
09.229.201/0001-30;GPS PARTICIPAÇÕES E EMPREENDIMENTOS S.A.;Diretoria Estatutária;2026;94009201.0;;;;6.0;;;;2026;;so previsao;15668200.166666666;;;Industrials;GPS
09.229.201/0001-30;GPS PARTICIPAÇÕES E EMPREENDIMENTOS S.A.;Conselho de Administração;2026;1941035.0;;;;9.0;;;;2026;;so previsao;215670.55555555556;;;Industrials;GPS
09.229.201/0001-30;GPS PARTICIPAÇÕES E EMPREENDIMENTOS S.A.;Conselho Fiscal;2026;658264.0;;;;6.0;;;;2026;;so previsao;109710.66666666667;;;Industrials;GPS
24.990.777/0001-09;GRUPO MATEUS S.A.;Diretoria Estatutária;2017;;0.0;;;;2.0;;;;2020;so realizado;;0.0;;Retail;Grupo Mateus
24.990.777/0001-09;GRUPO MATEUS S.A.;Conselho de Administração;2017;;0.0;;;;0.0;;;;2020;so realizado;;;;Retail;Grupo Mateus
24.990.777/0001-09;GRUPO MATEUS S.A.;Conselho Fiscal;2017;;0.0;;;;0.0;;;;2020;so realizado;;;;Retail;Grupo Mateus
24.990.777/0001-09;GRUPO MATEUS S.A.;Diretoria Estatutária;2018;;0.0;;;;2.0;;;;2021;so realizado;;0.0;;Retail;Grupo Mateus
24.990.777/0001-09;GRUPO MATEUS S.A.;Conselho de Administração;2018;;0.0;;;;0.0;;;;2021;so realizado;;;;Retail;Grupo Mateus
24.990.777/0001-09;GRUPO MATEUS S.A.;Conselho Fiscal;2018;;0.0;;;;0.0;;;;2021;so realizado;;;;Retail;Grupo Mateus
24.990.777/0001-09;GRUPO MATEUS S.A.;;2018;;0.0;;;;0.0;;;;2021;so realizado;;;;Retail;Grupo Mateus
24.990.777/0001-09;GRUPO MATEUS S.A.;Diretoria Estatutária;2019;;0.0;;;;2.0;;;;2022;so realizado;;0.0;;Retail;Grupo Mateus
24.990.777/0001-09;GRUPO MATEUS S.A.;Conselho de Administração;2019;;0.0;;;;0.0;;;;2022;so realizado;;;;Retail;Grupo Mateus
24.990.777/0001-09;GRUPO MATEUS S.A.;Conselho Fiscal;2019;;0.0;;;;3.0;;;;2022;so realizado;;0.0;;Retail;Grupo Mateus
24.990.777/0001-09;GRUPO MATEUS S.A.;Diretoria Estatutária;2020;;1086080.57;;;;3.0;;;;2023;so realizado;;362026.8566666667;;Retail;Grupo Mateus
24.990.777/0001-09;GRUPO MATEUS S.A.;Conselho de Administração;2020;;800787.35;;;;3.0;;;;2023;so realizado;;266929.11666666664;;Retail;Grupo Mateus
24.990.777/0001-09;GRUPO MATEUS S.A.;Conselho Fiscal;2020;;0.0;;;;0.0;;;;2022;so realizado;;;;Retail;Grupo Mateus
24.990.777/0001-09;GRUPO MATEUS S.A.;Diretoria Estatutária;2021;3778439.0;2244368.4;-1534070.6;-40.60064486948181;3.0;3.0;0.0;0.0;2021;2024;realizado;1259479.6666666667;748122.7999999999;-40.600644869481826;Retail;Grupo Mateus
24.990.777/0001-09;GRUPO MATEUS S.A.;Conselho de Administração;2021;11110780.0;4603690.87;-6507089.13;-58.56554742331321;5.0;5.0;0.0;0.0;2021;2024;realizado;2222156.0;920738.174;-58.56554742331321;Retail;Grupo Mateus
24.990.777/0001-09;GRUPO MATEUS S.A.;Conselho Fiscal;2021;110781.0;65853.15;-44927.850000000006;-40.555555555555564;2.0;3.0;1.0;50.0;2021;2024;realizado;55390.5;21951.05;-60.370370370370374;Retail;Grupo Mateus
24.990.777/0001-09;GRUPO MATEUS S.A.;Diretoria Estatutária;2022;2493119.23;5227727.23;2734608.0000000005;109.68621023391651;3.0;3.0;0.0;0.0;2022;2025;realizado;831039.7433333333;1742575.7433333334;109.6862102339165;Retail;Grupo Mateus
24.990.777/0001-09;GRUPO MATEUS S.A.;Conselho de Administração;2022;4705469.02;4765548.91;60079.890000000596;1.2768098088551565;5.0;5.0;0.0;0.0;2022;2025;realizado;941093.8039999999;953109.782;1.2768098088551616;Retail;Grupo Mateus
24.990.777/0001-09;GRUPO MATEUS S.A.;Conselho Fiscal;2022;119640.92;110883.58;-8757.339999999997;-7.319686274562246;3.0;3.0;0.0;0.0;2022;2025;realizado;39880.306666666664;36961.193333333336;-7.3196862745622315;Retail;Grupo Mateus
24.990.777/0001-09;GRUPO MATEUS S.A.;Diretoria Estatutária;2023;31671044.46;30275493.14;-1395551.3200000003;-4.406395001473848;3.0;3.0;0.0;0.0;2023;2026;realizado;10557014.82;10091831.046666667;-4.40639500147385;Retail;Grupo Mateus
24.990.777/0001-09;GRUPO MATEUS S.A.;Conselho de Administração;2023;2855591.24;2678726.53;-176864.71000000043;-6.193628399000146;5.0;4.92;-0.08000000000000007;-1.6000000000000014;2023;2026;realizado;571118.248;544456.6117886178;-4.668321543699339;Retail;Grupo Mateus
24.990.777/0001-09;GRUPO MATEUS S.A.;Conselho Fiscal;2023;505705.02;449707.0;-55998.02000000002;-11.073257686862593;3.0;3.0;0.0;0.0;2023;2026;realizado;168568.34;149902.33333333334;-11.073257686862581;Retail;Grupo Mateus
24.990.777/0001-09;GRUPO MATEUS S.A.;Diretoria Estatutária;2024;31094531.8;30588779.31;-505752.4900000021;-1.6264997757580066;3.0;3.0;0.0;0.0;2024;2026;realizado;10364843.933333334;10196259.77;-1.6264997757580058;Retail;Grupo Mateus
24.990.777/0001-09;GRUPO MATEUS S.A.;Conselho de Administração;2024;3292623.2;3136475.7;-156147.5;-4.7423434300043805;5.0;4.92;-0.08000000000000007;-1.6000000000000014;2024;2026;realizado;658524.64;637495.0609756098;-3.1934384451263953;Retail;Grupo Mateus
24.990.777/0001-09;GRUPO MATEUS S.A.;Conselho Fiscal;2024;632012.31;594403.2;-37609.1100000001;-5.950692637616521;3.0;3.0;0.0;0.0;2024;2026;realizado;210670.77000000002;198134.4;-5.950692637616517;Retail;Grupo Mateus
24.990.777/0001-09;GRUPO MATEUS S.A.;Diretoria Estatutária;2025;39139061.75;39132899.68;-6162.070000000298;-0.015744041181570474;3.0;3.0;0.0;0.0;2025;2026;realizado;13046353.916666666;13044299.893333333;-0.015744041181575685;Retail;Grupo Mateus
24.990.777/0001-09;GRUPO MATEUS S.A.;Conselho de Administração;2025;3384582.4;3302563.2;-82019.19999999972;-2.4233181617915323;5.0;5.0;0.0;0.0;2025;2026;realizado;676916.48;660512.64;-2.4233181617915323;Retail;Grupo Mateus
24.990.777/0001-09;GRUPO MATEUS S.A.;Conselho Fiscal;2025;616167.91;594403.2;-21764.71000000008;-3.532269312759257;3.0;3.0;0.0;0.0;2025;2026;realizado;205389.30333333334;198134.4;-3.532269312759251;Retail;Grupo Mateus
24.990.777/0001-09;GRUPO MATEUS S.A.;Diretoria Estatutária;2026;48779591.62;;;;3.0;;;;2026;;so previsao;16259863.873333333;;;Retail;Grupo Mateus
24.990.777/0001-09;GRUPO MATEUS S.A.;Conselho de Administração;2026;3374763.2;;;;5.0;;;;2026;;so previsao;674952.64;;;Retail;Grupo Mateus
24.990.777/0001-09;GRUPO MATEUS S.A.;Conselho Fiscal;2026;628307.73;;;;3.0;;;;2026;;so previsao;209435.91;;;Retail;Grupo Mateus
08.402.943/0001-52;GUARARAPES CONFECCOES S.A.;Diretoria Estatutária;2009;;3600000.0;;;;5.0;;;;2012;so realizado;;720000.0;;Retail;Guararapes
08.402.943/0001-52;GUARARAPES CONFECCOES S.A.;Conselho de Administração;2009;;1664000.0;;;;3.0;;;;2012;so realizado;;554666.6666666666;;Retail;Guararapes
08.402.943/0001-52;GUARARAPES CONFECCOES S.A.;Conselho Fiscal;2009;;247000.0;;;;3.0;;;;2012;so realizado;;82333.33333333333;;Retail;Guararapes
08.402.943/0001-52;GUARARAPES CONFECCOES S.A.;Diretoria Estatutária;2010;3235120.0;4213792.0;978672.0;30.25148989836544;4.0;4.25;0.25;6.25;2010;2013;realizado;808780.0;991480.4705882353;22.589637551402774;Retail;Guararapes
08.402.943/0001-52;GUARARAPES CONFECCOES S.A.;Conselho de Administração;2010;2039472.0;1060800.0;-978672.0;-47.98653769210855;3.0;2.0;-1.0;-33.333333333333336;2010;2013;realizado;679824.0;530400.0;-21.979806538162816;Retail;Guararapes
08.402.943/0001-52;GUARARAPES CONFECCOES S.A.;Conselho Fiscal;2010;271080.0;271080.0;0.0;0.0;3.0;3.0;0.0;0.0;2010;2013;realizado;90360.0;90360.0;0.0;Retail;Guararapes
08.402.943/0001-52;GUARARAPES CONFECCOES S.A.;Diretoria Estatutária;2011;2134016.0;3061178.26;927162.2599999998;43.44682795255517;2.0;3.08;1.08;54.0;2011;2014;realizado;1067008.0;993889.0454545454;-6.852709121717416;Retail;Guararapes
08.402.943/0001-52;GUARARAPES CONFECCOES S.A.;Conselho de Administração;2011;2040612.0;1061898.2;-978713.8;-47.9617781332267;3.0;2.0;-1.0;-33.333333333333336;2011;2014;realizado;680204.0;530949.1;-21.94266719984005;Retail;Guararapes
08.402.943/0001-52;GUARARAPES CONFECCOES S.A.;Conselho Fiscal;2011;271440.0;271440.0;0.0;0.0;3.0;3.0;0.0;0.0;2011;2014;realizado;90480.0;90480.0;0.0;Retail;Guararapes
08.402.943/0001-52;GUARARAPES CONFECCOES S.A.;Diretoria Estatutária;2012;2099196.0;3175942.44;1076746.44;51.29327799786204;2.0;3.0;1.0;50.0;2012;2014;realizado;1049598.0;1058647.48;0.8621853319080275;Retail;Guararapes
08.402.943/0001-52;GUARARAPES CONFECCOES S.A.;Conselho de Administração;2012;2127816.0;1061157.02;-1066658.98;-50.129286554852484;3.0;2.0;-1.0;-33.333333333333336;2012;2014;realizado;709272.0;530578.51;-25.193929832278727;Retail;Guararapes
08.402.943/0001-52;GUARARAPES CONFECCOES S.A.;Conselho Fiscal;2012;295920.0;295920.0;0.0;0.0;3.0;3.0;0.0;0.0;2012;2014;realizado;98640.0;98640.0;0.0;Retail;Guararapes
08.402.943/0001-52;GUARARAPES CONFECCOES S.A.;Diretoria Estatutária;2013;3706314.43;3705213.33;-1101.1000000000931;-0.029708758412062008;3.0;3.0;0.0;0.0;2013;2016;realizado;1235438.1433333333;1235071.11;-0.02970875841205034;Retail;Guararapes
08.402.943/0001-52;GUARARAPES CONFECCOES S.A.;Conselho de Administração;2013;1238715.4;1237981.32;-734.0799999998417;-0.05926139289136485;2.0;2.0;0.0;0.0;2013;2016;realizado;619357.7;618990.66;-0.05926139289136323;Retail;Guararapes
08.402.943/0001-52;GUARARAPES CONFECCOES S.A.;Conselho Fiscal;2013;345800.0;345600.0;-200.0;-0.0578368999421631;3.0;3.0;0.0;0.0;2013;2016;realizado;115266.66666666667;115200.0;-0.05783689994216523;Retail;Guararapes
08.402.943/0001-52;GUARARAPES CONFECCOES S.A.;Diretoria Estatutária;2014;3707362.87;3707362.96;0.08999999985098839;2.427601586541983e-06;3.0;3.0;0.0;0.0;2014;2017;realizado;1235787.6233333333;1235787.6533333333;2.4276015864188594e-06;Retail;Guararapes
08.402.943/0001-52;GUARARAPES CONFECCOES S.A.;Conselho de Administração;2014;1239414.2;1239414.2;0.0;0.0;2.0;2.0;0.0;0.0;2014;2017;realizado;619707.1;619707.1;0.0;Retail;Guararapes
08.402.943/0001-52;GUARARAPES CONFECCOES S.A.;Conselho Fiscal;2014;345600.0;345600.0;0.0;0.0;3.0;3.0;0.0;0.0;2014;2017;realizado;115200.0;115200.0;0.0;Retail;Guararapes
08.402.943/0001-52;GUARARAPES CONFECCOES S.A.;Diretoria Estatutária;2015;3394587.18;2411624.35;-982962.8300000001;-28.956770820067728;3.0;3.0;0.0;0.0;2015;2018;realizado;1131529.06;803874.7833333333;-28.956770820067735;Retail;Guararapes
08.402.943/0001-52;GUARARAPES CONFECCOES S.A.;Conselho de Administração;2015;1239063.32;910000.0;-329063.32000000007;-26.557425652790695;2.0;3.0;1.0;50.0;2015;2018;realizado;619531.66;303333.3333333333;-51.03828376852712;Retail;Guararapes
08.402.943/0001-52;GUARARAPES CONFECCOES S.A.;Conselho Fiscal;2015;345600.0;272541.75;-73058.25;-21.139539930555557;3.0;3.0;0.0;0.0;2015;2018;realizado;115200.0;90847.25;-21.13953993055555;Retail;Guararapes
08.402.943/0001-52;GUARARAPES CONFECCOES S.A.;Diretoria Estatutária;2016;2460749.87;1729000.0;-731749.8700000001;-29.736865128839774;3.0;3.0;0.0;0.0;2016;2019;realizado;820249.9566666667;576333.3333333334;-29.736865128839764;Retail;Guararapes
08.402.943/0001-52;GUARARAPES CONFECCOES S.A.;Conselho de Administração;2016;1240094.6;910000.0;-330094.6000000001;-26.618501523996642;2.0;3.0;1.0;50.0;2016;2019;realizado;620047.3;303333.3333333333;-51.07900101599776;Retail;Guararapes
08.402.943/0001-52;GUARARAPES CONFECCOES S.A.;Conselho Fiscal;2016;345600.0;272137.81;-73462.19;-21.256420717592594;3.0;3.0;0.0;0.0;2016;2019;realizado;115200.0;90712.60333333333;-21.256420717592594;Retail;Guararapes
08.402.943/0001-52;GUARARAPES CONFECCOES S.A.;Diretoria Estatutária;2017;;1729000.0;;;;3.0;;;;2020;so realizado;;576333.3333333334;;Retail;Guararapes
08.402.943/0001-52;GUARARAPES CONFECCOES S.A.;Conselho de Administração;2017;;910000.0;;;;3.0;;;;2020;so realizado;;303333.3333333333;;Retail;Guararapes
08.402.943/0001-52;GUARARAPES CONFECCOES S.A.;Conselho Fiscal;2017;;271270.08;;;;3.0;;;;2020;so realizado;;90423.36;;Retail;Guararapes
08.402.943/0001-52;GUARARAPES CONFECCOES S.A.;Diretoria Estatutária;2018;1347016.35;1182916.95;-164099.40000000014;-12.182435647496048;3.0;3.0;0.0;0.0;2018;2021;realizado;449005.45;394305.64999999997;-12.182435647496048;Retail;Guararapes
08.402.943/0001-52;GUARARAPES CONFECCOES S.A.;Conselho de Administração;2018;1286864.93;1365187.66;78322.72999999998;6.086320962993372;3.0;3.0;0.0;0.0;2018;2021;realizado;428954.9766666666;455062.5533333333;6.0863209629933746;Retail;Guararapes
08.402.943/0001-52;GUARARAPES CONFECCOES S.A.;Conselho Fiscal;2018;347324.6;348495.58;1170.9800000000396;0.33714283410965984;4.0;4.0;0.0;0.0;2018;2021;realizado;86831.15;87123.895;0.3371428341096605;Retail;Guararapes
08.402.943/0001-52;GUARARAPES CONFECCOES S.A.;Diretoria Estatutária;2019;910000.0;910000.0;0.0;0.0;3.0;3.0;0.0;0.0;2019;2022;realizado;303333.3333333333;303333.3333333333;0.0;Retail;Guararapes
08.402.943/0001-52;GUARARAPES CONFECCOES S.A.;Conselho de Administração;2019;2191706.76;2191706.76;0.0;0.0;3.0;3.0;0.0;0.0;2019;2022;realizado;730568.9199999999;730568.9199999999;0.0;Retail;Guararapes
08.402.943/0001-52;GUARARAPES CONFECCOES S.A.;Conselho Fiscal;2019;325524.92;325524.92;0.0;0.0;3.0;3.0;0.0;0.0;2019;2022;realizado;108508.30666666666;108508.30666666666;0.0;Retail;Guararapes
08.402.943/0001-52;GUARARAPES CONFECCOES S.A.;Diretoria Estatutária;2020;910000.0;546038.33;-363961.67000000004;-39.99578791208792;3.0;2.5;-0.5;-16.666666666666668;2020;2023;realizado;303333.3333333333;218415.332;-27.994945494505497;Retail;Guararapes
08.402.943/0001-52;GUARARAPES CONFECCOES S.A.;Conselho de Administração;2020;2190042.96;2190042.96;0.0;0.0;3.0;3.0;0.0;0.0;2020;2023;realizado;730014.32;730014.32;0.0;Retail;Guararapes
08.402.943/0001-52;GUARARAPES CONFECCOES S.A.;Conselho Fiscal;2020;284632.26;290110.33;5478.070000000007;1.9246131833404994;3.0;3.0;0.0;0.0;2020;2023;realizado;94877.42;96703.44333333334;1.9246131833405178;Retail;Guararapes
08.402.943/0001-52;GUARARAPES CONFECCOES S.A.;Diretoria Estatutária;2021;0.0;0.0;0.0;;2.0;2.0;0.0;0.0;2021;2024;realizado;0.0;0.0;;Retail;Guararapes
08.402.943/0001-52;GUARARAPES CONFECCOES S.A.;Conselho de Administração;2021;4056000.0;3258280.55;-797719.4500000002;-19.667639299802765;5.0;4.33;-0.6699999999999999;-13.4;2021;2024;realizado;811200.0;752489.7344110854;-7.23745877575378;Retail;Guararapes
08.402.943/0001-52;GUARARAPES CONFECCOES S.A.;Conselho Fiscal;2021;540000.0;334797.17;-205202.83000000002;-38.00052407407407;3.0;3.0;0.0;0.0;2021;2024;realizado;180000.0;111599.05666666666;-38.00052407407408;Retail;Guararapes
08.402.943/0001-52;GUARARAPES CONFECCOES S.A.;Diretoria Estatutária;2022;7641747.65;8536915.1;895167.4499999993;11.714171822986058;1.33;2.25;0.9199999999999999;69.17293233082707;2022;2025;realizado;5745674.92481203;3794184.4888888886;-33.96451176685713;Retail;Guararapes
08.402.943/0001-52;GUARARAPES CONFECCOES S.A.;Conselho de Administração;2022;7323120.0;4304929.44;-3018190.5599999996;-41.21454462032575;5.67;6.0;0.33000000000000007;5.820105820105821;2022;2025;realizado;1291555.5555555555;717488.2400000001;-44.44774466620783;Retail;Guararapes
08.402.943/0001-52;GUARARAPES CONFECCOES S.A.;Conselho Fiscal;2022;596268.0;394731.72;-201536.28000000003;-33.79961359657067;3.0;3.0;0.0;0.0;2022;2025;realizado;198756.0;131577.24;-33.79961359657068;Retail;Guararapes
08.402.943/0001-52;GUARARAPES CONFECCOES S.A.;Diretoria Estatutária;2023;22501550.79;22506907.84;5357.050000000745;0.02380747020503801;3.0;3.0;0.0;0.0;2023;2026;realizado;7500516.93;7502302.613333333;0.02380747020502838;Retail;Guararapes
08.402.943/0001-52;GUARARAPES CONFECCOES S.A.;Conselho de Administração;2023;6256760.7;6397000.0;140239.2999999998;2.241404246130107;5.33;5.0;-0.33000000000000007;-6.191369606003754;2023;2026;realizado;1173876.3039399625;1279400.0;8.98933692637469;Retail;Guararapes
08.402.943/0001-52;GUARARAPES CONFECCOES S.A.;Conselho Fiscal;2023;571788.0;590400.0;18612.0;3.2550525719322545;3.0;3.0;0.0;0.0;2023;2026;realizado;190596.0;196800.0;3.25505257193226;Retail;Guararapes
08.402.943/0001-52;GUARARAPES CONFECCOES S.A.;Diretoria Estatutária;2024;20947724.04;18759680.23;-2188043.8099999987;-10.44525794698219;3.0;3.0;0.0;0.0;2024;2026;realizado;6982574.68;6253226.743333333;-10.445257946982188;Retail;Guararapes
08.402.943/0001-52;GUARARAPES CONFECCOES S.A.;Conselho de Administração;2024;6330370.0;6191800.0;-138570.0;-2.188971576700888;5.0;5.0;0.0;0.0;2024;2026;realizado;1266074.0;1238360.0;-2.1889715767008933;Retail;Guararapes
08.402.943/0001-52;GUARARAPES CONFECCOES S.A.;Conselho Fiscal;2024;608505.6;608505.6;0.0;0.0;3.0;3.0;0.0;0.0;2024;2026;realizado;202835.19999999998;202835.19999999998;0.0;Retail;Guararapes
08.402.943/0001-52;GUARARAPES CONFECCOES S.A.;Diretoria Estatutária;2025;22635905.83;21844013.75;-791892.0799999982;-3.4983891784462258;3.0;3.0;0.0;0.0;2025;2026;realizado;7545301.943333332;7281337.916666667;-3.498389178446215;Retail;Guararapes
08.402.943/0001-52;GUARARAPES CONFECCOES S.A.;Conselho de Administração;2025;6463800.0;6550941.6;87141.59999999963;1.3481481481481423;5.0;5.0;0.0;0.0;2025;2026;realizado;1292760.0;1310188.3199999998;1.3481481481481428;Retail;Guararapes
08.402.943/0001-52;GUARARAPES CONFECCOES S.A.;Conselho Fiscal;2025;617558.4;617558.4;0.0;0.0;3.0;3.0;0.0;0.0;2025;2026;realizado;205852.80000000002;205852.80000000002;0.0;Retail;Guararapes
08.402.943/0001-52;GUARARAPES CONFECCOES S.A.;Diretoria Estatutária;2026;26145881.1;;;;3.0;;;;2026;;so previsao;8715293.700000001;;;Retail;Guararapes
08.402.943/0001-52;GUARARAPES CONFECCOES S.A.;Conselho de Administração;2026;6745365.85;;;;5.0;;;;2026;;so previsao;1349073.17;;;Retail;Guararapes
08.402.943/0001-52;GUARARAPES CONFECCOES S.A.;Conselho Fiscal;2026;617558.4;;;;3.0;;;;2026;;so previsao;205852.80000000002;;;Retail;Guararapes
05.197.443/0001-38;HAPVIDA PARTICIPAÇÕES E INVESTIMENTOS S.A.;Diretoria Estatutária;2015;;0.0;;;;0.0;;;;2018;so realizado;;;;Saude;Hapvida
05.197.443/0001-38;HAPVIDA PARTICIPAÇÕES E INVESTIMENTOS S.A.;Conselho de Administração;2015;;0.0;;;;0.0;;;;2018;so realizado;;;;Saude;Hapvida
05.197.443/0001-38;HAPVIDA PARTICIPAÇÕES E INVESTIMENTOS S.A.;Conselho Fiscal;2015;;0.0;;;;0.0;;;;2018;so realizado;;;;Saude;Hapvida
05.197.443/0001-38;HAPVIDA PARTICIPAÇÕES E INVESTIMENTOS S.A.;Diretoria Estatutária;2016;;2148143.4;;;;5.0;;;;2019;so realizado;;429628.68;;Saude;Hapvida
05.197.443/0001-38;HAPVIDA PARTICIPAÇÕES E INVESTIMENTOS S.A.;Conselho de Administração;2016;;126000.0;;;;6.0;;;;2019;so realizado;;21000.0;;Saude;Hapvida
05.197.443/0001-38;HAPVIDA PARTICIPAÇÕES E INVESTIMENTOS S.A.;Conselho Fiscal;2016;;0.0;;;;0.0;;;;2018;so realizado;;;;Saude;Hapvida
05.197.443/0001-38;HAPVIDA PARTICIPAÇÕES E INVESTIMENTOS S.A.;Diretoria Estatutária;2017;;10360290.59;;;;5.0;;;;2020;so realizado;;2072058.118;;Saude;Hapvida
05.197.443/0001-38;HAPVIDA PARTICIPAÇÕES E INVESTIMENTOS S.A.;Conselho de Administração;2017;;438930.0;;;;6.0;;;;2020;so realizado;;73155.0;;Saude;Hapvida
05.197.443/0001-38;HAPVIDA PARTICIPAÇÕES E INVESTIMENTOS S.A.;Conselho Fiscal;2017;;0.0;;;;0.0;;;;2018;so realizado;;;;Saude;Hapvida
05.197.443/0001-38;HAPVIDA PARTICIPAÇÕES E INVESTIMENTOS S.A.;Diretoria Estatutária;2018;18283753.07;15506976.06;-2776777.01;-15.18712815344317;5.0;5.0;0.0;0.0;2018;2021;realizado;3656750.614;3101395.2120000003;-15.187128153443163;Saude;Hapvida
05.197.443/0001-38;HAPVIDA PARTICIPAÇÕES E INVESTIMENTOS S.A.;Conselho de Administração;2018;8411920.8;9525769.56;1113848.7599999998;13.241312970992304;6.0;7.0;1.0;16.666666666666668;2018;2021;realizado;1401986.8;1360824.222857143;-2.936017453435158;Saude;Hapvida
05.197.443/0001-38;HAPVIDA PARTICIPAÇÕES E INVESTIMENTOS S.A.;Conselho Fiscal;2018;0.0;0.0;0.0;;0.0;0.0;0.0;;2018;2021;realizado;;;;Saude;Hapvida
05.197.443/0001-38;HAPVIDA PARTICIPAÇÕES E INVESTIMENTOS S.A.;Diretoria Estatutária;2019;;19418335.11;;;;5.0;;;;2022;so realizado;;3883667.022;;Saude;Hapvida
05.197.443/0001-38;HAPVIDA PARTICIPAÇÕES E INVESTIMENTOS S.A.;Conselho de Administração;2019;;7099737.11;;;;6.75;;;;2022;so realizado;;1051812.9051851851;;Saude;Hapvida
05.197.443/0001-38;HAPVIDA PARTICIPAÇÕES E INVESTIMENTOS S.A.;Conselho Fiscal;2019;;0.0;;;;0.0;;;;2022;so realizado;;;;Saude;Hapvida
05.197.443/0001-38;HAPVIDA PARTICIPAÇÕES E INVESTIMENTOS S.A.;Diretoria Estatutária;2020;20195068.52;20120634.57;-74433.94999999925;-0.36857488216137657;5.0;5.0;0.0;0.0;2020;2023;realizado;4039013.704;4024126.914;-0.36857488216137657;Saude;Hapvida
05.197.443/0001-38;HAPVIDA PARTICIPAÇÕES E INVESTIMENTOS S.A.;Conselho de Administração;2020;7383726.59;6264524.88;-1119201.71;-15.157680831732964;8.0;6.83;-1.17;-14.625;2020;2023;realizado;922965.82375;917207.1566617863;-0.6239306960268975;Saude;Hapvida
05.197.443/0001-38;HAPVIDA PARTICIPAÇÕES E INVESTIMENTOS S.A.;Conselho Fiscal;2020;;0.0;;;;0.0;;;;2023;so realizado;;;;Saude;Hapvida
05.197.443/0001-38;HAPVIDA PARTICIPAÇÕES E INVESTIMENTOS S.A.;Diretoria Estatutária;2021;40996624.69;47598633.67;6602008.980000004;16.103786665174862;5.0;5.0;0.0;0.0;2021;2024;realizado;8199324.937999999;9519726.734000001;16.10378666517487;Saude;Hapvida
05.197.443/0001-38;HAPVIDA PARTICIPAÇÕES E INVESTIMENTOS S.A.;Conselho de Administração;2021;10642235.82;10344971.26;-297264.5600000005;-2.7932528937326304;7.0;7.0;0.0;0.0;2021;2024;realizado;1520319.402857143;1477853.0371428572;-2.793252893732623;Saude;Hapvida
05.197.443/0001-38;HAPVIDA PARTICIPAÇÕES E INVESTIMENTOS S.A.;Conselho Fiscal;2021;0.0;0.0;0.0;;0.0;0.0;0.0;;2021;2024;realizado;;;;Saude;Hapvida
05.197.443/0001-38;HAPVIDA PARTICIPAÇÕES E INVESTIMENTOS S.A.;Diretoria Estatutária;2022;233012355.49;199054296.85;-33958058.640000015;-14.573501292920652;6.0;5.08;-0.9199999999999999;-15.333333333333334;2022;2025;realizado;38835392.58166667;39183916.702755906;0.8974394178102418;Saude;Hapvida
05.197.443/0001-38;HAPVIDA PARTICIPAÇÕES E INVESTIMENTOS S.A.;Conselho de Administração;2022;35656115.63;39162050.15;3505934.519999996;9.83263167637421;9.0;8.75;-0.25;-2.7777777777777777;2022;2025;realizado;3961790.625555556;4475662.874285714;12.970706867127756;Saude;Hapvida
05.197.443/0001-38;HAPVIDA PARTICIPAÇÕES E INVESTIMENTOS S.A.;Conselho Fiscal;2022;683097.49;577175.04;-105922.44999999995;-15.506198097726866;3.0;2.0;-1.0;-33.333333333333336;2022;2025;realizado;227699.16333333333;288587.52;26.740702853409704;Saude;Hapvida
05.197.443/0001-38;HAPVIDA PARTICIPAÇÕES E INVESTIMENTOS S.A.;Diretoria Estatutária;2023;109121585.07;108462327.39;-659257.6799999923;-0.6041496552465652;4.0;4.08;0.08000000000000007;2.0000000000000018;2023;2026;realizado;27280396.2675;26583903.772058822;-2.5530878973005544;Saude;Hapvida
05.197.443/0001-38;HAPVIDA PARTICIPAÇÕES E INVESTIMENTOS S.A.;Conselho de Administração;2023;115157396.98;67137704.65;-48019692.33;-41.69918180621939;9.0;9.0;0.0;0.0;2023;2026;realizado;12795266.33111111;7459744.961111112;-41.699181806219386;Saude;Hapvida
05.197.443/0001-38;HAPVIDA PARTICIPAÇÕES E INVESTIMENTOS S.A.;Conselho Fiscal;2023;780041.85;197379.0;-582662.85;-74.69635763773444;3.0;1.0;-2.0;-66.66666666666667;2023;2026;realizado;260013.94999999998;197379.0;-24.089072913203303;Saude;Hapvida
05.197.443/0001-38;HAPVIDA PARTICIPAÇÕES E INVESTIMENTOS S.A.;Diretoria Estatutária;2024;111432625.61;89073236.65;-22359388.959999993;-20.06538824478121;5.0;5.0;0.0;0.0;2024;2026;realizado;22286525.122;17814647.330000002;-20.06538824478121;Saude;Hapvida
05.197.443/0001-38;HAPVIDA PARTICIPAÇÕES E INVESTIMENTOS S.A.;Conselho de Administração;2024;55736095.02;60441848.42;4705753.3999999985;8.442919078402271;9.0;9.0;0.0;0.0;2024;2026;realizado;6192899.446666667;6715760.935555556;8.442919078402266;Saude;Hapvida
05.197.443/0001-38;HAPVIDA PARTICIPAÇÕES E INVESTIMENTOS S.A.;Conselho Fiscal;2024;513792.0;453849.6;-59942.40000000002;-11.66666666666667;2.0;2.0;0.0;0.0;2024;2026;realizado;256896.0;226924.8;-11.66666666666667;Saude;Hapvida
05.197.443/0001-38;HAPVIDA PARTICIPAÇÕES E INVESTIMENTOS S.A.;Diretoria Estatutária;2025;88588334.58;42511855.78;-46076478.8;-52.01190316812026;5.0;5.0;0.0;0.0;2025;2026;realizado;17717666.916;8502371.156;-52.01190316812028;Saude;Hapvida
05.197.443/0001-38;HAPVIDA PARTICIPAÇÕES E INVESTIMENTOS S.A.;Conselho de Administração;2025;60876482.91;23210988.91;-37665494.0;-61.87199424067385;9.0;9.0;0.0;0.0;2025;2026;realizado;6764053.656666666;2578998.7677777777;-61.87199424067384;Saude;Hapvida
05.197.443/0001-38;HAPVIDA PARTICIPAÇÕES E INVESTIMENTOS S.A.;Conselho Fiscal;2025;;330310.44;;;;1.0;;;;2026;so realizado;;330310.44;;Saude;Hapvida
05.197.443/0001-38;HAPVIDA PARTICIPAÇÕES E INVESTIMENTOS S.A.;Diretoria Estatutária;2026;50998728.65;;;;5.58;;;;2026;;so previsao;9139557.105734767;;;Saude;Hapvida
05.197.443/0001-38;HAPVIDA PARTICIPAÇÕES E INVESTIMENTOS S.A.;Conselho de Administração;2026;57104739.62;;;;9.75;;;;2026;;so previsao;5856896.371282051;;;Saude;Hapvida
12.648.327/0001-53;HIDROVIAS DO BRASIL S.A.;Diretoria Estatutária;2010;;70000.0;;;;2.0;;;;2013;so realizado;;35000.0;;Logistics;Hidrovias
12.648.327/0001-53;HIDROVIAS DO BRASIL S.A.;Diretoria Estatutária;2011;944000.0;1354000.0;410000.0;43.432203389830505;2.0;2.0;0.0;0.0;2011;2014;realizado;472000.0;677000.0;43.43220338983051;Logistics;Hidrovias
12.648.327/0001-53;HIDROVIAS DO BRASIL S.A.;Conselho de Administração;2011;;0.0;;;;3.0;;;;2014;so realizado;;0.0;;Logistics;Hidrovias
12.648.327/0001-53;HIDROVIAS DO BRASIL S.A.;Diretoria Estatutária;2012;4000000.0;2851000.0;-1149000.0;-28.725;4.0;4.0;0.0;0.0;2012;2015;realizado;1000000.0;712750.0;-28.725;Logistics;Hidrovias
12.648.327/0001-53;HIDROVIAS DO BRASIL S.A.;Conselho de Administração;2012;0.0;0.0;0.0;;5.0;5.0;0.0;0.0;2012;2015;realizado;0.0;0.0;;Logistics;Hidrovias
12.648.327/0001-53;HIDROVIAS DO BRASIL S.A.;Diretoria Estatutária;2013;4560000.0;3444520.0;-1115480.0;-24.462280701754388;4.0;4.0;0.0;0.0;2013;2016;realizado;1140000.0;861130.0;-24.46228070175439;Logistics;Hidrovias
12.648.327/0001-53;HIDROVIAS DO BRASIL S.A.;Conselho de Administração;2013;120000.0;126000.0;6000.0;5.0;5.0;5.0;0.0;0.0;2013;2016;realizado;24000.0;25200.0;5.000000000000004;Logistics;Hidrovias
12.648.327/0001-53;HIDROVIAS DO BRASIL S.A.;Diretoria Estatutária;2014;5000000.0;4885550.0;-114450.0;-2.289;4.0;4.0;0.0;0.0;2014;2017;realizado;1250000.0;1221387.5;-2.2889999999999966;Logistics;Hidrovias
12.648.327/0001-53;HIDROVIAS DO BRASIL S.A.;Conselho de Administração;2014;120000.0;108000.0;-12000.0;-10.0;5.0;5.0;0.0;0.0;2014;2017;realizado;24000.0;21600.0;-9.999999999999998;Logistics;Hidrovias
12.648.327/0001-53;HIDROVIAS DO BRASIL S.A.;Conselho Fiscal;2014;;0.0;;;;0.0;;;;2017;so realizado;;;;Logistics;Hidrovias
12.648.327/0001-53;HIDROVIAS DO BRASIL S.A.;Diretoria Estatutária;2015;5912000.0;6003475.96;91475.95999999996;1.5472929634641401;4.0;4.0;0.0;0.0;2015;2018;realizado;1478000.0;1500868.99;1.547292963464142;Logistics;Hidrovias
12.648.327/0001-53;HIDROVIAS DO BRASIL S.A.;Conselho de Administração;2015;120000.0;108000.0;-12000.0;-10.0;9.0;9.0;0.0;0.0;2015;2018;realizado;13333.333333333334;12000.0;-10.000000000000009;Logistics;Hidrovias
12.648.327/0001-53;HIDROVIAS DO BRASIL S.A.;Conselho Fiscal;2015;0.0;;;;0.0;;;;2015;;so previsao;;;;Logistics;Hidrovias
12.648.327/0001-53;HIDROVIAS DO BRASIL S.A.;Diretoria Estatutária;2016;6450182.55;6122967.05;-327215.5;-5.072964950426093;4.0;4.0;0.0;0.0;2016;2019;realizado;1612545.6375;1530741.7625;-5.072964950426096;Logistics;Hidrovias
12.648.327/0001-53;HIDROVIAS DO BRASIL S.A.;Conselho de Administração;2016;120000.0;108000.0;-12000.0;-10.0;9.0;9.0;0.0;0.0;2016;2019;realizado;13333.333333333334;12000.0;-10.000000000000009;Logistics;Hidrovias
12.648.327/0001-53;HIDROVIAS DO BRASIL S.A.;Diretoria Estatutária;2017;7038219.37;8718914.42;1680695.0499999998;23.879549096805142;4.0;4.0;0.0;0.0;2017;2020;realizado;1759554.8425;2179728.605;23.879549096805142;Logistics;Hidrovias
12.648.327/0001-53;HIDROVIAS DO BRASIL S.A.;Conselho de Administração;2017;273000.0;268600.0;-4400.0;-1.6117216117216118;9.0;9.0;0.0;0.0;2017;2020;realizado;30333.333333333332;29844.444444444445;-1.611721611721606;Logistics;Hidrovias
12.648.327/0001-53;HIDROVIAS DO BRASIL S.A.;Diretoria Estatutária;2018;8213877.93;10993187.74;2779309.8100000005;33.83675571618826;4.0;4.0;0.0;0.0;2018;2021;realizado;2053469.4825;2748296.935;33.83675571618825;Logistics;Hidrovias
12.648.327/0001-53;HIDROVIAS DO BRASIL S.A.;Conselho de Administração;2018;288000.0;288000.0;0.0;0.0;9.0;9.0;0.0;0.0;2018;2021;realizado;32000.0;32000.0;0.0;Logistics;Hidrovias
12.648.327/0001-53;HIDROVIAS DO BRASIL S.A.;Diretoria Estatutária;2019;3169112.96;12880913.29;9711800.329999998;306.45169334702405;4.0;4.0;0.0;0.0;2019;2022;realizado;792278.24;3220228.3225;306.4516933470241;Logistics;Hidrovias
12.648.327/0001-53;HIDROVIAS DO BRASIL S.A.;Conselho de Administração;2019;300000.0;288000.0;-12000.0;-4.0;9.0;9.0;0.0;0.0;2019;2022;realizado;33333.333333333336;32000.0;-4.0000000000000036;Logistics;Hidrovias
12.648.327/0001-53;HIDROVIAS DO BRASIL S.A.;Diretoria Estatutária;2020;17922193.62;16765573.42;-1156620.2000000011;-6.453563802085523;4.0;3.92;-0.08000000000000007;-2.0000000000000018;2020;2023;realizado;4480548.405;4276931.994897959;-4.544452859270953;Logistics;Hidrovias
12.648.327/0001-53;HIDROVIAS DO BRASIL S.A.;Conselho de Administração;2020;14916121.18;13907387.0;-1008734.1799999997;-6.762711081702272;15.0;12.17;-2.83;-18.866666666666667;2020;2023;realizado;994408.0786666666;1142759.8192276089;14.918597680728496;Logistics;Hidrovias
12.648.327/0001-53;HIDROVIAS DO BRASIL S.A.;Conselho Fiscal;2020;;0.0;;;;0.0;;;;2023;so realizado;;;;Logistics;Hidrovias
12.648.327/0001-53;HIDROVIAS DO BRASIL S.A.;Diretoria Estatutária;2021;20119095.51;5093538.48;-15025557.030000001;-74.68306426862824;3.0;3.0;0.0;0.0;2021;2024;realizado;6706365.170000001;1697846.1600000001;-74.68306426862826;Logistics;Hidrovias
12.648.327/0001-53;HIDROVIAS DO BRASIL S.A.;Conselho de Administração;2021;7170461.5;4648260.5;-2522201.0;-35.174876819295385;9.0;9.0;0.0;0.0;2021;2024;realizado;796717.9444444445;516473.3888888889;-35.174876819295385;Logistics;Hidrovias
12.648.327/0001-53;HIDROVIAS DO BRASIL S.A.;Conselho Fiscal;2021;351000.0;0.0;-351000.0;-100.0;3.0;0.0;-3.0;-100.0;2021;2024;realizado;117000.0;;;Logistics;Hidrovias
12.648.327/0001-53;HIDROVIAS DO BRASIL S.A.;Diretoria Estatutária;2022;12746495.28;13273884.34;527389.0600000005;4.1375221063903345;3.5;3.5;0.0;0.0;2022;2025;realizado;3641855.794285714;3792538.382857143;4.1375221063903345;Logistics;Hidrovias
12.648.327/0001-53;HIDROVIAS DO BRASIL S.A.;Conselho de Administração;2022;4010873.37;2864261.82;-1146611.5500000003;-28.587577921962673;9.0;9.0;0.0;0.0;2022;2025;realizado;445652.5966666667;318251.3133333333;-28.58757792196268;Logistics;Hidrovias
12.648.327/0001-53;HIDROVIAS DO BRASIL S.A.;Conselho Fiscal;2022;351000.0;0.0;-351000.0;-100.0;3.0;0.0;-3.0;-100.0;2022;2025;realizado;117000.0;;;Logistics;Hidrovias
12.648.327/0001-53;HIDROVIAS DO BRASIL S.A.;Diretoria Estatutária;2023;14160303.62;11070818.88;-3089484.7399999984;-21.817927234529158;4.0;4.0;0.0;0.0;2023;2026;realizado;3540075.905;2767704.72;-21.817927234529154;Logistics;Hidrovias
12.648.327/0001-53;HIDROVIAS DO BRASIL S.A.;Conselho de Administração;2023;2361734.22;2304015.55;-57718.67000000039;-2.443910475243924;9.0;9.0;0.0;0.0;2023;2026;realizado;262414.91333333333;256001.72777777776;-2.4439104752439156;Logistics;Hidrovias
12.648.327/0001-53;HIDROVIAS DO BRASIL S.A.;Conselho Fiscal;2023;540000.0;215100.42;-324899.57999999996;-60.16658888888888;3.0;3.0;0.0;0.0;2023;2026;realizado;180000.0;71700.14;-60.16658888888888;Logistics;Hidrovias
12.648.327/0001-53;HIDROVIAS DO BRASIL S.A.;Diretoria Estatutária;2024;18029248.96;17197909.39;-831339.5700000003;-4.611060459836261;4.0;3.67;-0.33000000000000007;-8.250000000000002;2024;2026;realizado;4507312.24;4686078.852861036;3.966146637780632;Logistics;Hidrovias
12.648.327/0001-53;HIDROVIAS DO BRASIL S.A.;Conselho de Administração;2024;3287176.87;2475820.0;-811356.8700000001;-24.682482935577486;9.0;8.42;-0.5800000000000001;-6.4444444444444455;2024;2026;realizado;365241.87444444443;294040.38004750595;-19.494340429952175;Logistics;Hidrovias
12.648.327/0001-53;HIDROVIAS DO BRASIL S.A.;Conselho Fiscal;2024;332640.0;318838.0;-13802.0;-4.149230399230399;6.0;3.0;-3.0;-50.0;2024;2026;realizado;55440.0;106279.33333333333;91.70153920153919;Logistics;Hidrovias
12.648.327/0001-53;HIDROVIAS DO BRASIL S.A.;Diretoria Estatutária;2025;19030000.0;17744346.88;-1285653.120000001;-6.755928113504997;4.0;3.75;-0.25;-6.25;2025;2026;realizado;4757500.0;4731825.834666667;-0.5396566544053294;Logistics;Hidrovias
12.648.327/0001-53;HIDROVIAS DO BRASIL S.A.;Conselho de Administração;2025;2352000.0;2309067.09;-42932.91000000015;-1.8253788265306186;7.0;6.92;-0.08000000000000007;-1.142857142857144;2025;2026;realizado;336000.0;333680.21531791904;-0.690412107762195;Logistics;Hidrovias
12.648.327/0001-53;HIDROVIAS DO BRASIL S.A.;Conselho Fiscal;2025;468000.0;480500.0;12500.0;2.6709401709401708;3.0;3.0;0.0;0.0;2025;2026;realizado;156000.0;160166.66666666666;2.6709401709401615;Logistics;Hidrovias
12.648.327/0001-53;HIDROVIAS DO BRASIL S.A.;Diretoria Estatutária;2026;29747489.36;;;;4.75;;;;2026;;so previsao;6262629.338947368;;;Logistics;Hidrovias
12.648.327/0001-53;HIDROVIAS DO BRASIL S.A.;Conselho de Administração;2026;3253600.0;;;;7.0;;;;2026;;so previsao;464800.0;;;Logistics;Hidrovias
12.648.327/0001-53;HIDROVIAS DO BRASIL S.A.;Conselho Fiscal;2026;540000.0;;;;3.0;;;;2026;;so previsao;180000.0;;;Logistics;Hidrovias
16.676.520/0001-59;HOSPITAL MATER DEI S.A.;Diretoria Estatutária;2018;;13820631.5;;;;5.42;;;;2021;so realizado;;2549932.011070111;;Saude;Mater Dei
16.676.520/0001-59;HOSPITAL MATER DEI S.A.;Conselho de Administração;2018;;674336.0;;;;9.0;;;;2021;so realizado;;74926.22222222222;;Saude;Mater Dei
16.676.520/0001-59;HOSPITAL MATER DEI S.A.;Conselho Fiscal;2018;;0.0;;;;0.0;;;;2021;so realizado;;;;Saude;Mater Dei
16.676.520/0001-59;HOSPITAL MATER DEI S.A.;Diretoria Estatutária;2019;;15647366.4;;;;6.75;;;;2022;so realizado;;2318128.355555556;;Saude;Mater Dei
16.676.520/0001-59;HOSPITAL MATER DEI S.A.;Conselho de Administração;2019;;694848.0;;;;9.0;;;;2022;so realizado;;77205.33333333333;;Saude;Mater Dei
16.676.520/0001-59;HOSPITAL MATER DEI S.A.;Conselho Fiscal;2019;;0.0;;;;0.0;;;;2022;so realizado;;;;Saude;Mater Dei
16.676.520/0001-59;HOSPITAL MATER DEI S.A.;Diretoria Estatutária;2020;;13476728.74;;;;8.0;;;;2023;so realizado;;1684591.0925;;Saude;Mater Dei
16.676.520/0001-59;HOSPITAL MATER DEI S.A.;Conselho de Administração;2020;;2556802.18;;;;10.0;;;;2023;so realizado;;255680.21800000002;;Saude;Mater Dei
16.676.520/0001-59;HOSPITAL MATER DEI S.A.;Conselho Fiscal;2020;;0.0;;;;0.0;;;;2023;so realizado;;;;Saude;Mater Dei
16.676.520/0001-59;HOSPITAL MATER DEI S.A.;Diretoria Estatutária;2021;19739785.04;17075919.72;-2663865.3200000003;-13.494905413620453;8.0;8.17;0.16999999999999993;2.124999999999999;2021;2024;realizado;2467473.13;2090075.853121175;-15.294889021904968;Saude;Mater Dei
16.676.520/0001-59;HOSPITAL MATER DEI S.A.;Conselho de Administração;2021;3114433.8;2631190.98;-483242.81999999983;-15.516233480384136;10.0;10.0;0.0;0.0;2021;2024;realizado;311443.38;263119.098;-15.516233480384145;Saude;Mater Dei
16.676.520/0001-59;HOSPITAL MATER DEI S.A.;Conselho Fiscal;2021;0.0;0.0;0.0;;0.0;0.0;0.0;;2021;2024;realizado;;;;Saude;Mater Dei
16.676.520/0001-59;HOSPITAL MATER DEI S.A.;Diretoria Estatutária;2022;24134980.42;25970237.1;1835256.6799999997;7.604135773315865;9.0;9.0;0.0;0.0;2022;2025;realizado;2681664.4911111114;2885581.9000000004;7.604135773315868;Saude;Mater Dei
16.676.520/0001-59;HOSPITAL MATER DEI S.A.;Conselho de Administração;2022;0.0;4881031.72;4881031.72;;10.0;10.0;0.0;0.0;2022;2025;realizado;0.0;488103.17199999996;;Saude;Mater Dei
16.676.520/0001-59;HOSPITAL MATER DEI S.A.;Conselho Fiscal;2022;;0.0;;;;0.0;;;;2025;so realizado;;;;Saude;Mater Dei
16.676.520/0001-59;HOSPITAL MATER DEI S.A.;Diretoria Estatutária;2023;28475875.88;26054090.5;-2421785.379999999;-8.504691445508572;9.0;8.0;-1.0;-11.11111111111111;2023;2026;realizado;3163986.208888889;3256761.3125;2.9322221238028634;Saude;Mater Dei
16.676.520/0001-59;HOSPITAL MATER DEI S.A.;Conselho de Administração;2023;6823093.62;6555454.88;-267638.7400000002;-3.9225423965383053;10.0;10.0;0.0;0.0;2023;2026;realizado;682309.362;655545.488;-3.9225423965382977;Saude;Mater Dei
16.676.520/0001-59;HOSPITAL MATER DEI S.A.;Conselho Fiscal;2023;625000.0;364583.31;-260416.69;-41.6666704;3.0;1.75;-1.25;-41.666666666666664;2023;2026;realizado;208333.33333333334;208333.32;-6.3999999966313226e-06;Saude;Mater Dei
16.676.520/0001-59;HOSPITAL MATER DEI S.A.;Diretoria Estatutária;2024;17703970.32;15561657.72;-2142312.5999999996;-12.100746675901565;6.5;6.58;0.08000000000000007;1.230769230769232;2024;2026;realizado;2723687.7415384618;2364993.574468085;-13.16943060689365;Saude;Mater Dei
16.676.520/0001-59;HOSPITAL MATER DEI S.A.;Conselho de Administração;2024;20683986.18;20448674.25;-235311.9299999997;-1.1376527133223975;10.0;10.0;0.0;0.0;2024;2026;realizado;2068398.618;2044867.425;-1.1376527133224013;Saude;Mater Dei
16.676.520/0001-59;HOSPITAL MATER DEI S.A.;Conselho Fiscal;2024;571742.05;578399.28;6657.229999999981;1.164376487613598;3.0;3.0;0.0;0.0;2024;2026;realizado;190580.68333333335;192799.76;1.1643764876136053;Saude;Mater Dei
16.676.520/0001-59;HOSPITAL MATER DEI S.A.;Diretoria Estatutária;2025;19340192.45;14153104.06;-5187088.389999999;-26.820252194543176;7.0;7.0;0.0;0.0;2025;2026;realizado;2762884.6357142855;2021872.0085714287;-26.82025219454317;Saude;Mater Dei
16.676.520/0001-59;HOSPITAL MATER DEI S.A.;Conselho de Administração;2025;19547744.91;17106635.88;-2441109.030000001;-12.487931683368796;9.25;9.25;0.0;0.0;2025;2026;realizado;2113269.72;1849366.041081081;-12.487931683368803;Saude;Mater Dei
16.676.520/0001-59;HOSPITAL MATER DEI S.A.;Conselho Fiscal;2025;592568.86;592568.76;-0.09999999997671694;-1.6875675845794012e-05;3.0;3.0;0.0;0.0;2025;2026;realizado;197522.95333333334;197522.92;-1.687567584562899e-05;Saude;Mater Dei
16.676.520/0001-59;HOSPITAL MATER DEI S.A.;Diretoria Estatutária;2026;19459029.45;;;;7.0;;;;2026;;so previsao;2779861.35;;;Saude;Mater Dei
16.676.520/0001-59;HOSPITAL MATER DEI S.A.;Conselho de Administração;2026;18345129.26;;;;9.0;;;;2026;;so previsao;2038347.6955555556;;;Saude;Mater Dei
16.676.520/0001-59;HOSPITAL MATER DEI S.A.;Conselho Fiscal;2026;651918.66;;;;3.0;;;;2026;;so previsao;217306.22;;;Saude;Mater Dei
60.543.816/0001-93;IGUATEMI S.A.;Diretoria Estatutária;2009;;1250251.0;;;;5.0;;;;2012;so realizado;;250050.2;;Malls;Iguatemi
60.543.816/0001-93;IGUATEMI S.A.;Conselho de Administração;2009;;292000.0;;;;10.0;;;;2012;so realizado;;29200.0;;Malls;Iguatemi
60.543.816/0001-93;IGUATEMI S.A.;Conselho Fiscal;2009;;62400.0;;;;3.0;;;;2012;so realizado;;20800.0;;Malls;Iguatemi
60.543.816/0001-93;IGUATEMI S.A.;Diretoria Estatutária;2010;1425000.0;1666775.0;241775.0;16.966666666666665;5.0;5.0;0.0;0.0;2010;2013;realizado;285000.0;333355.0;16.96666666666666;Malls;Iguatemi
60.543.816/0001-93;IGUATEMI S.A.;Conselho de Administração;2010;306000.0;372000.0;66000.0;21.568627450980394;10.0;10.0;0.0;0.0;2010;2013;realizado;30600.0;37200.0;21.568627450980383;Malls;Iguatemi
60.543.816/0001-93;IGUATEMI S.A.;Conselho Fiscal;2010;65500.0;62400.0;-3100.0;-4.732824427480916;3.0;3.0;0.0;0.0;2010;2013;realizado;21833.333333333332;20800.0;-4.732824427480908;Malls;Iguatemi
60.543.816/0001-93;IGUATEMI S.A.;Diretoria Estatutária;2011;2832887.36;2832887.36;0.0;0.0;5.0;5.0;0.0;0.0;2011;2014;realizado;566577.472;566577.472;0.0;Malls;Iguatemi
60.543.816/0001-93;IGUATEMI S.A.;Conselho de Administração;2011;733444.0;733444.0;0.0;0.0;11.0;11.0;0.0;0.0;2011;2014;realizado;66676.72727272728;66676.72727272728;0.0;Malls;Iguatemi
60.543.816/0001-93;IGUATEMI S.A.;Conselho Fiscal;2011;67600.0;67600.0;0.0;0.0;3.0;3.0;0.0;0.0;2011;2014;realizado;22533.333333333332;22533.333333333332;0.0;Malls;Iguatemi
60.543.816/0001-93;IGUATEMI S.A.;Diretoria Estatutária;2012;2845471.53;2845471.53;0.0;0.0;5.0;5.0;0.0;0.0;2012;2015;realizado;569094.306;569094.306;0.0;Malls;Iguatemi
60.543.816/0001-93;IGUATEMI S.A.;Conselho de Administração;2012;900745.29;900745.29;0.0;0.0;11.0;11.0;0.0;0.0;2012;2015;realizado;81885.93545454546;81885.93545454546;0.0;Malls;Iguatemi
60.543.816/0001-93;IGUATEMI S.A.;Conselho Fiscal;2012;196960.0;196960.0;0.0;0.0;4.33;4.33;0.0;0.0;2012;2015;realizado;45487.29792147806;45487.29792147806;0.0;Malls;Iguatemi
60.543.816/0001-93;IGUATEMI S.A.;Diretoria Estatutária;2013;3648281.69;3648281.69;0.0;0.0;5.0;5.0;0.0;0.0;2013;2016;realizado;729656.338;729656.338;0.0;Malls;Iguatemi
60.543.816/0001-93;IGUATEMI S.A.;Conselho de Administração;2013;792000.0;792000.0;0.0;0.0;9.67;9.67;0.0;0.0;2013;2016;realizado;81902.79214064116;81902.79214064116;0.0;Malls;Iguatemi
60.543.816/0001-93;IGUATEMI S.A.;Conselho Fiscal;2013;234300.0;234300.0;0.0;0.0;5.0;5.0;0.0;0.0;2013;2016;realizado;46860.0;46860.0;0.0;Malls;Iguatemi
60.543.816/0001-93;IGUATEMI S.A.;Diretoria Estatutária;2014;3564757.93;3564757.93;0.0;0.0;5.0;5.0;0.0;0.0;2014;2017;realizado;712951.586;712951.586;0.0;Malls;Iguatemi
60.543.816/0001-93;IGUATEMI S.A.;Conselho de Administração;2014;840000.0;840000.0;0.0;0.0;9.67;9.67;0.0;0.0;2014;2017;realizado;86866.59772492244;86866.59772492244;0.0;Malls;Iguatemi
60.543.816/0001-93;IGUATEMI S.A.;Conselho Fiscal;2014;253043.6;253043.6;0.0;0.0;5.0;5.0;0.0;0.0;2014;2017;realizado;50608.72;50608.72;0.0;Malls;Iguatemi
60.543.816/0001-93;IGUATEMI S.A.;Diretoria Estatutária;2015;3850870.0;3059160.0;-791710.0;-20.559250247346704;5.0;5.0;0.0;0.0;2015;2018;realizado;770174.0;611832.0;-20.559250247346704;Malls;Iguatemi
60.543.816/0001-93;IGUATEMI S.A.;Conselho de Administração;2015;907200.0;884000.0;-23200.0;-2.557319223985891;10.0;9.75;-0.25;-2.5;2015;2018;realizado;90720.0;90666.66666666667;-0.05878894767783471;Malls;Iguatemi
60.543.816/0001-93;IGUATEMI S.A.;Conselho Fiscal;2015;273715.0;246609.0;-27106.0;-9.903001296969476;5.0;5.0;0.0;0.0;2015;2018;realizado;54743.0;49321.8;-9.903001296969471;Malls;Iguatemi
60.543.816/0001-93;IGUATEMI S.A.;Diretoria Estatutária;2016;4100000.0;4019530.0;-80470.0;-1.9626829268292683;5.0;5.0;0.0;0.0;2016;2019;realizado;820000.0;803906.0;-1.9626829268292734;Malls;Iguatemi
60.543.816/0001-93;IGUATEMI S.A.;Conselho de Administração;2016;704895.0;672000.0;-32895.0;-4.666652480156619;7.0;6.83;-0.16999999999999993;-2.4285714285714275;2016;2019;realizado;100699.28571428571;98389.45827232796;-2.2937873149482146;Malls;Iguatemi
60.543.816/0001-93;IGUATEMI S.A.;Conselho Fiscal;2016;300000.0;276000.0;-24000.0;-8.0;5.0;5.0;0.0;0.0;2016;2019;realizado;60000.0;55200.0;-7.9999999999999964;Malls;Iguatemi
60.543.816/0001-93;IGUATEMI S.A.;Diretoria Estatutária;2017;4300000.0;4414028.0;114028.0;2.651813953488372;5.0;5.0;0.0;0.0;2017;2020;realizado;860000.0;882805.6;2.651813953488369;Malls;Iguatemi
60.543.816/0001-93;IGUATEMI S.A.;Conselho de Administração;2017;720000.0;600000.0;-120000.0;-16.666666666666668;6.0;6.33;0.33000000000000007;5.500000000000001;2017;2020;realizado;120000.0;94786.7298578199;-21.011058451816755;Malls;Iguatemi
60.543.816/0001-93;IGUATEMI S.A.;Conselho Fiscal;2017;300000.0;300000.0;0.0;0.0;5.0;4.33;-0.6699999999999999;-13.4;2017;2020;realizado;60000.0;69284.06466512702;15.473441108545028;Malls;Iguatemi
60.543.816/0001-93;IGUATEMI S.A.;Diretoria Estatutária;2018;4800000.0;5380000.0;580000.0;12.083333333333334;5.0;5.0;0.0;0.0;2018;2021;realizado;960000.0;1076000.0;12.083333333333336;Malls;Iguatemi
60.543.816/0001-93;IGUATEMI S.A.;Conselho de Administração;2018;720000.0;720000.0;0.0;0.0;6.0;6.0;0.0;0.0;2018;2021;realizado;120000.0;120000.0;0.0;Malls;Iguatemi
60.543.816/0001-93;IGUATEMI S.A.;Conselho Fiscal;2018;300000.0;206296.46;-93703.54000000001;-31.234513333333332;3.0;3.33;0.33000000000000007;11.000000000000002;2018;2021;realizado;100000.0;61950.88888888888;-38.04911111111111;Malls;Iguatemi
60.543.816/0001-93;IGUATEMI S.A.;Diretoria Estatutária;2019;7330000.0;7311554.63;-18445.37000000011;-0.2516421555252403;5.0;5.0;0.0;0.0;2019;2022;realizado;1466000.0;1462310.926;-0.2516421555252446;Malls;Iguatemi
60.543.816/0001-93;IGUATEMI S.A.;Conselho de Administração;2019;735000.0;643200.0;-91800.0;-12.489795918367347;5.33;5.33;0.0;0.0;2019;2022;realizado;137898.68667917448;120675.42213883677;-12.489795918367342;Malls;Iguatemi
60.543.816/0001-93;IGUATEMI S.A.;Conselho Fiscal;2019;212000.0;212000.0;0.0;0.0;3.0;3.0;0.0;0.0;2019;2022;realizado;70666.66666666667;70666.66666666667;0.0;Malls;Iguatemi
60.543.816/0001-93;IGUATEMI S.A.;Diretoria Estatutária;2020;5970965.37;5881585.89;-89379.48000000045;-1.4969016643283672;5.0;5.0;0.0;0.0;2020;2023;realizado;1194193.074;1176317.1779999998;-1.4969016643283761;Malls;Iguatemi
60.543.816/0001-93;IGUATEMI S.A.;Conselho de Administração;2020;632933.0;604800.0;-28133.0;-4.444862252402703;5.0;5.0;0.0;0.0;2020;2023;realizado;126586.6;120960.0;-4.444862252402704;Malls;Iguatemi
60.543.816/0001-93;IGUATEMI S.A.;Conselho Fiscal;2020;221040.0;225165.11;4125.109999999986;1.866227832066588;3.0;3.0;0.0;0.0;2020;2023;realizado;73680.0;75055.03666666667;1.8662278320666026;Malls;Iguatemi
60.543.816/0001-93;IGUATEMI S.A.;Diretoria Estatutária;2021;;6849460.15;;;;5.0;;;;2024;so realizado;;1369892.03;;Malls;Iguatemi
60.543.816/0001-93;IGUATEMI S.A.;Conselho de Administração;2021;;604800.0;;;;5.0;;;;2024;so realizado;;120960.0;;Malls;Iguatemi
60.543.816/0001-93;IGUATEMI S.A.;Conselho Fiscal;2021;;236923.3;;;;3.0;;;;2024;so realizado;;78974.43333333333;;Malls;Iguatemi
60.543.816/0001-93;IGUATEMI S.A.;Diretoria Estatutária;2022;6948065.14;6948065.0;-0.13999999966472387;-2.0149494405103388e-06;5.0;5.0;0.0;0.0;2022;2025;realizado;1389613.028;1389613.0;-2.0149494406318524e-06;Malls;Iguatemi
60.543.816/0001-93;IGUATEMI S.A.;Conselho de Administração;2022;4200000.0;3725700.0;-474300.0;-11.292857142857143;8.0;8.0;0.0;0.0;2022;2025;realizado;525000.0;465712.5;-11.292857142857137;Malls;Iguatemi
60.543.816/0001-93;IGUATEMI S.A.;Conselho Fiscal;2022;330000.0;322022.0;-7978.0;-2.4175757575757575;3.0;3.0;0.0;0.0;2022;2025;realizado;110000.0;107340.66666666667;-2.4175757575757517;Malls;Iguatemi
60.543.816/0001-93;IGUATEMI S.A.;Diretoria Estatutária;2023;7168000.0;7168310.0;310.0;0.004324776785714286;5.0;5.0;0.0;0.0;2023;2026;realizado;1433600.0;1433662.0;0.004324776785713524;Malls;Iguatemi
60.543.816/0001-93;IGUATEMI S.A.;Conselho de Administração;2023;11647324.0;11523310.0;-124014.0;-1.0647424249552944;8.0;8.0;0.0;0.0;2023;2026;realizado;1455915.5;1440413.75;-1.0647424249552895;Malls;Iguatemi
60.543.816/0001-93;IGUATEMI S.A.;Conselho Fiscal;2023;400000.0;384000.0;-16000.0;-4.0;3.0;3.0;0.0;0.0;2023;2026;realizado;133333.33333333334;128000.0;-4.0000000000000036;Malls;Iguatemi
60.543.816/0001-93;IGUATEMI S.A.;Diretoria Estatutária;2024;9430000.0;9592434.0;162434.0;1.722523860021209;5.0;5.0;0.0;0.0;2024;2026;realizado;1886000.0;1918486.8;1.7225238600212078;Malls;Iguatemi
60.543.816/0001-93;IGUATEMI S.A.;Conselho de Administração;2024;12268424.0;11243166.0;-1025258.0;-8.356884307226421;8.0;8.0;0.0;0.0;2024;2026;realizado;1533553.0;1405395.75;-8.35688430722642;Malls;Iguatemi
60.543.816/0001-93;IGUATEMI S.A.;Conselho Fiscal;2024;400000.0;384000.0;-16000.0;-4.0;3.0;3.0;0.0;0.0;2024;2026;realizado;133333.33333333334;128000.0;-4.0000000000000036;Malls;Iguatemi
60.543.816/0001-93;IGUATEMI S.A.;Diretoria Estatutária;2025;10027000.0;10026749.0;-251.0;-0.0025032412486287025;5.0;5.0;0.0;0.0;2025;2026;realizado;2005400.0;2005349.8;-0.002503241248630328;Malls;Iguatemi
60.543.816/0001-93;IGUATEMI S.A.;Conselho de Administração;2025;13956822.0;14846722.0;889900.0;6.376093354203414;8.0;8.0;0.0;0.0;2025;2026;realizado;1744602.75;1855840.25;6.376093354203416;Malls;Iguatemi
60.543.816/0001-93;IGUATEMI S.A.;Conselho Fiscal;2025;425321.0;384000.0;-41321.0;-9.71525036384284;3.0;3.0;0.0;0.0;2025;2026;realizado;141773.66666666666;128000.0;-9.71525036384283;Malls;Iguatemi
60.543.816/0001-93;IGUATEMI S.A.;Diretoria Estatutária;2026;11957725.0;;;;5.0;;;;2026;;so previsao;2391545.0;;;Malls;Iguatemi
60.543.816/0001-93;IGUATEMI S.A.;Conselho de Administração;2026;15965465.0;;;;8.0;;;;2026;;so previsao;1995683.125;;;Malls;Iguatemi
60.543.816/0001-93;IGUATEMI S.A.;Conselho Fiscal;2026;713318.0;;;;5.0;;;;2026;;so previsao;142663.6;;;Malls;Iguatemi
82.901.000/0001-27;INTELBRAS S.A. IND. DE TELECOMUNICAÇÃO ELETRÔNICA BRASILEIRA;Diretoria Estatutária;2017;;4619911.0;;;;2.0;;;;2020;so realizado;;2309955.5;;TMT;Intelbras
82.901.000/0001-27;INTELBRAS S.A. IND. DE TELECOMUNICAÇÃO ELETRÔNICA BRASILEIRA;Conselho de Administração;2017;;4760164.0;;;;7.0;;;;2020;so realizado;;680023.4285714285;;TMT;Intelbras
82.901.000/0001-27;INTELBRAS S.A. IND. DE TELECOMUNICAÇÃO ELETRÔNICA BRASILEIRA;Conselho Fiscal;2017;;0.0;;;;0.0;;;;2020;so realizado;;;;TMT;Intelbras
82.901.000/0001-27;INTELBRAS S.A. IND. DE TELECOMUNICAÇÃO ELETRÔNICA BRASILEIRA;Diretoria Estatutária;2018;;5061516.0;;;;2.0;;;;2021;so realizado;;2530758.0;;TMT;Intelbras
82.901.000/0001-27;INTELBRAS S.A. IND. DE TELECOMUNICAÇÃO ELETRÔNICA BRASILEIRA;Conselho de Administração;2018;;4967021.0;;;;7.0;;;;2021;so realizado;;709574.4285714285;;TMT;Intelbras
82.901.000/0001-27;INTELBRAS S.A. IND. DE TELECOMUNICAÇÃO ELETRÔNICA BRASILEIRA;Conselho Fiscal;2018;;0.0;;;;0.0;;;;2021;so realizado;;;;TMT;Intelbras
82.901.000/0001-27;INTELBRAS S.A. IND. DE TELECOMUNICAÇÃO ELETRÔNICA BRASILEIRA;Diretoria Estatutária;2019;;5952295.0;;;;2.0;;;;2022;so realizado;;2976147.5;;TMT;Intelbras
82.901.000/0001-27;INTELBRAS S.A. IND. DE TELECOMUNICAÇÃO ELETRÔNICA BRASILEIRA;Conselho de Administração;2019;;5274464.0;;;;7.17;;;;2022;so realizado;;735629.5676429567;;TMT;Intelbras
82.901.000/0001-27;INTELBRAS S.A. IND. DE TELECOMUNICAÇÃO ELETRÔNICA BRASILEIRA;Conselho Fiscal;2019;;0.0;;;;0.0;;;;2022;so realizado;;;;TMT;Intelbras
82.901.000/0001-27;INTELBRAS S.A. IND. DE TELECOMUNICAÇÃO ELETRÔNICA BRASILEIRA;Diretoria Estatutária;2020;4818860.0;4834567.0;15707.0;0.32594846083928564;2.0;2.0;0.0;0.0;2020;2023;realizado;2409430.0;2417283.5;0.3259484608392871;TMT;Intelbras
82.901.000/0001-27;INTELBRAS S.A. IND. DE TELECOMUNICAÇÃO ELETRÔNICA BRASILEIRA;Conselho de Administração;2020;5041714.0;5012159.0;-29555.0;-0.5862093724475447;7.42;7.42;0.0;0.0;2020;2023;realizado;679476.2803234501;675493.1266846361;-0.5862093724475437;TMT;Intelbras
82.901.000/0001-27;INTELBRAS S.A. IND. DE TELECOMUNICAÇÃO ELETRÔNICA BRASILEIRA;Conselho Fiscal;2020;0.0;0.0;0.0;;0.0;0.0;0.0;;2020;2023;realizado;;;;TMT;Intelbras
82.901.000/0001-27;INTELBRAS S.A. IND. DE TELECOMUNICAÇÃO ELETRÔNICA BRASILEIRA;Diretoria Estatutária;2021;8581991.0;11373120.0;2791129.0;32.52309399998205;2.0;2.0;0.0;0.0;2021;2024;realizado;4290995.5;5686560.0;32.52309399998205;TMT;Intelbras
82.901.000/0001-27;INTELBRAS S.A. IND. DE TELECOMUNICAÇÃO ELETRÔNICA BRASILEIRA;Conselho de Administração;2021;7994570.0;9014749.0;1020179.0;12.760898960169214;7.0;7.0;0.0;0.0;2021;2024;realizado;1142081.4285714286;1287821.2857142857;12.760898960169209;TMT;Intelbras
82.901.000/0001-27;INTELBRAS S.A. IND. DE TELECOMUNICAÇÃO ELETRÔNICA BRASILEIRA;Conselho Fiscal;2021;0.0;0.0;0.0;;0.0;0.0;0.0;;2021;2024;realizado;;;;TMT;Intelbras
82.901.000/0001-27;INTELBRAS S.A. IND. DE TELECOMUNICAÇÃO ELETRÔNICA BRASILEIRA;Diretoria Estatutária;2022;13858163.0;10004298.9;-3853864.0999999996;-27.809343128667194;2.0;2.0;0.0;0.0;2022;2025;realizado;6929081.5;5002149.45;-27.809343128667198;TMT;Intelbras
82.901.000/0001-27;INTELBRAS S.A. IND. DE TELECOMUNICAÇÃO ELETRÔNICA BRASILEIRA;Conselho de Administração;2022;11310482.0;9428093.44;-1882388.5600000005;-16.64286773985406;7.75;7.75;0.0;0.0;2022;2025;realizado;1459417.0322580645;1216528.1858064516;-16.64286773985406;TMT;Intelbras
82.901.000/0001-27;INTELBRAS S.A. IND. DE TELECOMUNICAÇÃO ELETRÔNICA BRASILEIRA;Conselho Fiscal;2022;0.0;0.0;0.0;;0.0;0.0;0.0;;2022;2025;realizado;;;;TMT;Intelbras
82.901.000/0001-27;INTELBRAS S.A. IND. DE TELECOMUNICAÇÃO ELETRÔNICA BRASILEIRA;Diretoria Estatutária;2023;11860384.93;12189337.2;328952.26999999955;2.7735378905615296;2.0;3.75;1.75;87.5;2023;2026;realizado;5930192.465;3250489.92;-45.187446458367184;TMT;Intelbras
82.901.000/0001-27;INTELBRAS S.A. IND. DE TELECOMUNICAÇÃO ELETRÔNICA BRASILEIRA;Conselho de Administração;2023;9581683.15;10296467.58;714784.4299999997;7.459904682821824;6.67;6.67;0.0;0.0;2023;2026;realizado;1436534.2053973014;1543698.287856072;7.459904682821827;TMT;Intelbras
82.901.000/0001-27;INTELBRAS S.A. IND. DE TELECOMUNICAÇÃO ELETRÔNICA BRASILEIRA;Conselho Fiscal;2023;0.0;0.0;0.0;;0.0;0.0;0.0;;2023;2026;realizado;;;;TMT;Intelbras
82.901.000/0001-27;INTELBRAS S.A. IND. DE TELECOMUNICAÇÃO ELETRÔNICA BRASILEIRA;Diretoria Estatutária;2024;15651900.84;15542252.68;-109648.16000000015;-0.7005421330026784;5.0;5.0;0.0;0.0;2024;2026;realizado;3130380.168;3108450.536;-0.7005421330026795;TMT;Intelbras
82.901.000/0001-27;INTELBRAS S.A. IND. DE TELECOMUNICAÇÃO ELETRÔNICA BRASILEIRA;Conselho de Administração;2024;10793333.81;10000467.93;-792865.8800000008;-7.345884913384337;6.67;6.67;0.0;0.0;2024;2026;realizado;1618190.976011994;1499320.5292353823;-7.345884913384326;TMT;Intelbras
82.901.000/0001-27;INTELBRAS S.A. IND. DE TELECOMUNICAÇÃO ELETRÔNICA BRASILEIRA;Conselho Fiscal;2024;0.0;0.0;0.0;;0.0;0.0;0.0;;2024;2026;realizado;;;;TMT;Intelbras
82.901.000/0001-27;INTELBRAS S.A. IND. DE TELECOMUNICAÇÃO ELETRÔNICA BRASILEIRA;Diretoria Estatutária;2025;13431183.09;10339686.36;-3091496.7300000004;-23.017307628705705;4.25;4.25;0.0;0.0;2025;2026;realizado;3160278.374117647;2432867.3788235295;-23.017307628705698;TMT;Intelbras
82.901.000/0001-27;INTELBRAS S.A. IND. DE TELECOMUNICAÇÃO ELETRÔNICA BRASILEIRA;Conselho de Administração;2025;8431137.45;8332732.92;-98404.52999999933;-1.1671560401378505;7.0;7.0;0.0;0.0;2025;2026;realizado;1204448.2071428571;1190390.417142857;-1.1671560401378622;TMT;Intelbras
82.901.000/0001-27;INTELBRAS S.A. IND. DE TELECOMUNICAÇÃO ELETRÔNICA BRASILEIRA;Conselho Fiscal;2025;0.0;0.0;0.0;;0.0;0.0;0.0;;2025;2026;realizado;;;;TMT;Intelbras
82.901.000/0001-27;INTELBRAS S.A. IND. DE TELECOMUNICAÇÃO ELETRÔNICA BRASILEIRA;Diretoria Estatutária;2026;11077589.0;;;;4.0;;;;2026;;so previsao;2769397.25;;;TMT;Intelbras
82.901.000/0001-27;INTELBRAS S.A. IND. DE TELECOMUNICAÇÃO ELETRÔNICA BRASILEIRA;Conselho de Administração;2026;8693618.0;;;;5.67;;;;2026;;so previsao;1533265.9611992945;;;TMT;Intelbras
82.901.000/0001-27;INTELBRAS S.A. IND. DE TELECOMUNICAÇÃO ELETRÔNICA BRASILEIRA;Conselho Fiscal;2026;0.0;;;;0.0;;;;2026;;so previsao;;;;TMT;Intelbras
60.872.504/0001-23;ITAU UNIBANCO HOLDING S.A.;Diretoria Estatutária;2009;;133526136.0;;;;16.0;;;;2012;so realizado;;8345383.5;;Financials;Itau
60.872.504/0001-23;ITAU UNIBANCO HOLDING S.A.;Conselho de Administração;2009;;8134694.0;;;;9.17;;;;2012;so realizado;;887098.5823336969;;Financials;Itau
60.872.504/0001-23;ITAU UNIBANCO HOLDING S.A.;Conselho Fiscal;2009;;719075.0;;;;5.5;;;;2012;so realizado;;130740.90909090909;;Financials;Itau
60.872.504/0001-23;ITAU UNIBANCO HOLDING S.A.;Diretoria Estatutária;2010;87650000.0;127720062.0;40070062.0;45.71598630918425;15.0;15.67;0.6699999999999999;4.466666666666667;2010;2013;realizado;5843333.333333333;8150610.210593491;39.4856282474642;Financials;Itau
60.872.504/0001-23;ITAU UNIBANCO HOLDING S.A.;Conselho de Administração;2010;8250000.0;11174698.0;2924698.0;35.45088484848485;8.0;8.0;0.0;0.0;2010;2013;realizado;1031250.0;1396837.25;35.45088484848484;Financials;Itau
60.872.504/0001-23;ITAU UNIBANCO HOLDING S.A.;Conselho Fiscal;2010;663000.0;706825.0;43825.0;6.610105580693816;6.0;5.42;-0.5800000000000001;-9.666666666666668;2010;2013;realizado;110500.0;130410.51660516605;18.018567063498693;Financials;Itau
60.872.504/0001-23;ITAU UNIBANCO HOLDING S.A.;Diretoria Estatutária;2011;;111237787.0;;;;14.92;;;;2014;so realizado;;7455615.750670241;;Financials;Itau
60.872.504/0001-23;ITAU UNIBANCO HOLDING S.A.;Conselho de Administração;2011;;4614692.0;;;;8.0;;;;2014;so realizado;;576836.5;;Financials;Itau
60.872.504/0001-23;ITAU UNIBANCO HOLDING S.A.;Conselho Fiscal;2011;;688450.0;;;;5.17;;;;2014;so realizado;;133162.4758220503;;Financials;Itau
60.872.504/0001-23;ITAU UNIBANCO HOLDING S.A.;Diretoria Estatutária;2012;125000000.0;150100851.0;25100851.0;20.0806808;15.0;16.58;1.5799999999999983;10.533333333333323;2012;2015;realizado;8333333.333333333;9053127.32207479;8.637527864897487;Financials;Itau
60.872.504/0001-23;ITAU UNIBANCO HOLDING S.A.;Conselho de Administração;2012;13000000.0;22688648.0;9688648.0;74.52806153846154;8.0;7.33;-0.6699999999999999;-8.375;2012;2015;realizado;1625000.0;3095313.506139154;90.48083114702487;Financials;Itau
60.872.504/0001-23;ITAU UNIBANCO HOLDING S.A.;Conselho Fiscal;2012;749700.0;749700.0;0.0;0.0;6.0;6.0;0.0;0.0;2012;2015;realizado;124950.0;124950.0;0.0;Financials;Itau
60.872.504/0001-23;ITAU UNIBANCO HOLDING S.A.;Diretoria Estatutária;2013;125000000.0;156894920.0;31894920.0;25.515936;16.0;15.08;-0.9199999999999999;-5.75;2013;2016;realizado;7812500.0;10404172.413793104;33.173406896551725;Financials;Itau
60.872.504/0001-23;ITAU UNIBANCO HOLDING S.A.;Conselho de Administração;2013;15500000.0;24926959.0;9426959.0;60.81909032258064;8.0;8.0;0.0;0.0;2013;2016;realizado;1937500.0;3115869.875;60.819090322580635;Financials;Itau
60.872.504/0001-23;ITAU UNIBANCO HOLDING S.A.;Conselho Fiscal;2013;926100.0;852600.0;-73500.0;-7.936507936507937;6.0;6.0;0.0;0.0;2013;2016;realizado;154350.0;142100.0;-7.936507936507942;Financials;Itau
60.872.504/0001-23;ITAU UNIBANCO HOLDING S.A.;Diretoria Estatutária;2014;112000000.0;227704447.0;115704447.0;103.30754196428572;16.0;14.92;-1.08;-6.75;2014;2017;realizado;7000000.0;15261692.158176944;118.02417368824206;Financials;Itau
60.872.504/0001-23;ITAU UNIBANCO HOLDING S.A.;Conselho de Administração;2014;33000000.0;27929574.0;-5070426.0;-15.364927272727273;9.0;8.0;-1.0;-11.11111111111111;2014;2017;realizado;3666666.6666666665;3491196.75;-4.785543181818175;Financials;Itau
60.872.504/0001-23;ITAU UNIBANCO HOLDING S.A.;Conselho Fiscal;2014;926100.0;926100.0;0.0;0.0;6.0;6.0;0.0;0.0;2014;2017;realizado;154350.0;154350.0;0.0;Financials;Itau
60.872.504/0001-23;ITAU UNIBANCO HOLDING S.A.;Diretoria Estatutária;2015;256360000.0;288329653.0;31969653.0;12.470608909346232;20.0;19.83;-0.1700000000000017;-0.8500000000000085;2015;2018;realizado;12818000.0;14540073.272818962;13.434804749718854;Financials;Itau
60.872.504/0001-23;ITAU UNIBANCO HOLDING S.A.;Conselho de Administração;2015;33640000.0;35691070.0;2051070.0;6.097116527942925;9.0;8.5;-0.5;-5.555555555555555;2015;2018;realizado;3737777.777777778;4198949.411764706;12.338123382527776;Financials;Itau
60.872.504/0001-23;ITAU UNIBANCO HOLDING S.A.;Conselho Fiscal;2015;926100.0;926100.0;0.0;0.0;6.0;6.0;0.0;0.0;2015;2018;realizado;154350.0;154350.0;0.0;Financials;Itau
60.872.504/0001-23;ITAU UNIBANCO HOLDING S.A.;Diretoria Estatutária;2016;250000000.0;284584000.0;34584000.0;13.8336;20.0;21.33;1.3299999999999983;6.6499999999999915;2016;2019;realizado;12500000.0;13341959.68120019;6.735677449601507;Financials;Itau
60.872.504/0001-23;ITAU UNIBANCO HOLDING S.A.;Conselho de Administração;2016;40000000.0;29214000.0;-10786000.0;-26.965;9.0;8.67;-0.33000000000000007;-3.6666666666666674;2016;2019;realizado;4444444.444444444;3369550.1730103805;-24.185121107266426;Financials;Itau
60.872.504/0001-23;ITAU UNIBANCO HOLDING S.A.;Conselho Fiscal;2016;926100.0;691000.0;-235100.0;-25.386027426843754;6.0;4.33;-1.67;-27.833333333333332;2016;2019;realizado;154350.0;159584.29561200924;3.391186013611436;Financials;Itau
60.872.504/0001-23;ITAU UNIBANCO HOLDING S.A.;Diretoria Estatutária;2017;265000000.0;292667072.0;27667072.0;10.440404528301887;23.67;21.67;-2.0;-8.449514152936205;2017;2020;realizado;11195606.252640473;13505633.22565759;20.633335264647236;Financials;Itau
60.872.504/0001-23;ITAU UNIBANCO HOLDING S.A.;Conselho de Administração;2017;55000000.0;49095871.0;-5904129.0;-10.73478;10.33;10.18;-0.15000000000000036;-1.4520813165537305;2017;2020;realizado;5324298.160696999;4822777.111984283;-9.419477151277022;Financials;Itau
60.872.504/0001-23;ITAU UNIBANCO HOLDING S.A.;Conselho Fiscal;2017;838000.0;869000.0;31000.0;3.6992840095465396;5.0;5.58;0.5800000000000001;11.600000000000001;2017;2020;realizado;167600.0;155734.7670250896;-7.079494615101678;Financials;Itau
60.872.504/0001-23;ITAU UNIBANCO HOLDING S.A.;Diretoria Estatutária;2018;310000000.0;277387160.0;-32612840.0;-10.520270967741935;23.0;20.83;-2.1700000000000017;-9.43478260869566;2018;2021;realizado;13478260.869565217;13316714.354296688;-1.1985709197342431;Financials;Itau
60.872.504/0001-23;ITAU UNIBANCO HOLDING S.A.;Conselho de Administração;2018;60000000.0;58704142.0;-1295858.0;-2.1597633333333333;11.0;11.25;0.25;2.272727272727273;2018;2021;realizado;5454545.454545454;5218145.955555555;-4.333990814814815;Financials;Itau
60.872.504/0001-23;ITAU UNIBANCO HOLDING S.A.;Conselho Fiscal;2018;927000.0;927000.0;0.0;0.0;6.0;6.0;0.0;0.0;2018;2021;realizado;154500.0;154500.0;0.0;Financials;Itau
60.872.504/0001-23;ITAU UNIBANCO HOLDING S.A.;Diretoria Estatutária;2019;310000000.0;355532690.0;45532690.0;14.687964516129032;21.0;21.0;0.0;0.0;2019;2022;realizado;14761904.761904761;16930128.095238097;14.68796451612906;Financials;Itau
60.872.504/0001-23;ITAU UNIBANCO HOLDING S.A.;Conselho de Administração;2019;70000000.0;61526709.0;-8473291.0;-12.10470142857143;11.33;11.75;0.41999999999999993;3.7069726390114734;2019;2022;realizado;6178287.73168579;5236315.659574468;-15.246490824316117;Financials;Itau
60.872.504/0001-23;ITAU UNIBANCO HOLDING S.A.;Conselho Fiscal;2019;927000.0;927000.0;0.0;0.0;6.0;6.0;0.0;0.0;2019;2022;realizado;154500.0;154500.0;0.0;Financials;Itau
60.872.504/0001-23;ITAU UNIBANCO HOLDING S.A.;Diretoria Estatutária;2020;310000000.0;231034969.0;-78965031.0;-25.47259064516129;20.0;19.92;-0.0799999999999983;-0.3999999999999915;2020;2023;realizado;15500000.0;11598141.014056224;-25.173283780282418;Financials;Itau
60.872.504/0001-23;ITAU UNIBANCO HOLDING S.A.;Conselho de Administração;2020;70000000.0;51554676.0;-18445324.0;-26.35046285714286;12.0;11.5;-0.5;-4.166666666666667;2020;2023;realizado;5833333.333333333;4483015.304347826;-23.14830906832298;Financials;Itau
60.872.504/0001-23;ITAU UNIBANCO HOLDING S.A.;Conselho Fiscal;2020;927000.0;924630.0;-2370.0;-0.255663430420712;6.0;6.0;0.0;0.0;2020;2023;realizado;154500.0;154105.0;-0.25566343042071615;Financials;Itau
60.872.504/0001-23;ITAU UNIBANCO HOLDING S.A.;Diretoria Estatutária;2021;375000000.0;419267519.0;44267519.0;11.804671733333333;26.0;25.25;-0.75;-2.8846153846153846;2021;2024;realizado;14423076.923076924;16604654.217821782;15.125602576897679;Financials;Itau
60.872.504/0001-23;ITAU UNIBANCO HOLDING S.A.;Conselho de Administração;2021;75000000.0;58149925.0;-16850075.0;-22.46676666666667;13.0;12.17;-0.8300000000000001;-6.384615384615385;2021;2024;realizado;5769230.769230769;4778136.811832375;-17.178961928238834;Financials;Itau
60.872.504/0001-23;ITAU UNIBANCO HOLDING S.A.;Conselho Fiscal;2021;927000.0;756000.0;-171000.0;-18.446601941747574;6.0;6.0;0.0;0.0;2021;2024;realizado;154500.0;126000.0;-18.446601941747577;Financials;Itau
60.872.504/0001-23;ITAU UNIBANCO HOLDING S.A.;Diretoria Estatutária;2022;425000000.0;445535892.0;20535892.0;4.831974588235294;25.0;26.5;1.5;6.0;2022;2025;realizado;17000000.0;16812675.16981132;-1.1019107658157723;Financials;Itau
60.872.504/0001-23;ITAU UNIBANCO HOLDING S.A.;Conselho de Administração;2022;75000000.0;62412454.0;-12587546.0;-16.783394666666666;12.0;12.0;0.0;0.0;2022;2025;realizado;6250000.0;5201037.833333333;-16.783394666666673;Financials;Itau
60.872.504/0001-23;ITAU UNIBANCO HOLDING S.A.;Conselho Fiscal;2022;1116000.0;968000.0;-148000.0;-13.261648745519713;6.0;6.0;0.0;0.0;2022;2025;realizado;186000.0;161333.33333333334;-13.261648745519706;Financials;Itau
60.872.504/0001-23;ITAU UNIBANCO HOLDING S.A.;Diretoria Estatutária;2023;495000000.0;553929458.0;58929458.0;11.90494101010101;30.83;30.5;-0.3299999999999983;-1.0703859876743378;2023;2026;realizado;16055789.815115148;18161621.573770493;13.115715781685712;Financials;Itau
60.872.504/0001-23;ITAU UNIBANCO HOLDING S.A.;Conselho de Administração;2023;75000000.0;69486149.0;-5513851.0;-7.351801333333333;12.0;12.0;0.0;0.0;2023;2026;realizado;6250000.0;5790512.416666667;-7.35180133333333;Financials;Itau
60.872.504/0001-23;ITAU UNIBANCO HOLDING S.A.;Conselho Fiscal;2023;1116000.0;1116733.0;733.0;0.06568100358422939;6.0;6.0;0.0;0.0;2023;2026;realizado;186000.0;186122.16666666666;0.06568100358421702;Financials;Itau
60.872.504/0001-23;ITAU UNIBANCO HOLDING S.A.;Diretoria Estatutária;2024;594950000.0;650205552.0;55255552.0;9.287427851079922;35.33;35.92;0.5900000000000034;1.6699688649872726;2024;2026;realizado;16839796.20718936;18101490.86859688;7.49233925330326;Financials;Itau
60.872.504/0001-23;ITAU UNIBANCO HOLDING S.A.;Conselho de Administração;2024;85049999.0;47590339.0;-37459660.0;-44.04428035325432;13.0;12.75;-0.25;-1.9230769230769231;2024;2026;realizado;6542307.615384615;3732575.6078431373;-42.947109379788714;Financials;Itau
60.872.504/0001-23;ITAU UNIBANCO HOLDING S.A.;Conselho Fiscal;2024;1147027.0;1116000.0;-31027.0;-2.7049929949338596;6.0;6.0;0.0;0.0;2024;2026;realizado;191171.16666666666;186000.0;-2.7049929949338525;Financials;Itau
60.872.504/0001-23;ITAU UNIBANCO HOLDING S.A.;Diretoria Estatutária;2025;756000000.0;812935024.0;56935024.0;7.531087830687831;40.83;45.5;4.670000000000002;11.437668381092339;2025;2026;realizado;18515797.20793534;17866703.824175823;-3.5056194257805706;Financials;Itau
60.872.504/0001-23;ITAU UNIBANCO HOLDING S.A.;Conselho de Administração;2025;56000000.0;50183158.0;-5816842.0;-10.387217857142858;13.0;13.0;0.0;0.0;2025;2026;realizado;4307692.307692308;3860242.923076923;-10.387217857142861;Financials;Itau
60.872.504/0001-23;ITAU UNIBANCO HOLDING S.A.;Conselho Fiscal;2025;1170908.0;1116000.0;-54908.0;-4.689352195048629;6.0;6.0;0.0;0.0;2025;2026;realizado;195151.33333333334;186000.0;-4.6893521950486345;Financials;Itau
60.872.504/0001-23;ITAU UNIBANCO HOLDING S.A.;Diretoria Estatutária;2026;881000000.0;;;;49.25;;;;2026;;so previsao;17888324.873096447;;;Financials;Itau
60.872.504/0001-23;ITAU UNIBANCO HOLDING S.A.;Conselho de Administração;2026;57000000.0;;;;13.0;;;;2026;;so previsao;4384615.384615385;;;Financials;Itau
60.872.504/0001-23;ITAU UNIBANCO HOLDING S.A.;Conselho Fiscal;2026;1200000.0;;;;6.0;;;;2026;;so previsao;200000.0;;;Financials;Itau
89.637.490/0001-45;KLABIN S.A.;Diretoria Estatutária;2009;;5859671.48;;;;4.0;;;;2012;so realizado;;1464917.87;;Pulp;Klabin
89.637.490/0001-45;KLABIN S.A.;Conselho de Administração;2009;;13531128.15;;;;12.0;;;;2012;so realizado;;1127594.0125;;Pulp;Klabin
89.637.490/0001-45;KLABIN S.A.;Conselho Fiscal;2009;;1758050.53;;;;5.0;;;;2012;so realizado;;351610.106;;Pulp;Klabin
89.637.490/0001-45;KLABIN S.A.;Diretoria Estatutária;2010;10824528.3;15577024.44;4752496.139999999;43.904879808942795;4.58;4.67;0.08999999999999986;1.965065502183403;2010;2013;realizado;2363434.1266375547;3335551.271948608;41.131552360804704;Pulp;Klabin
89.637.490/0001-45;KLABIN S.A.;Conselho de Administração;2010;11324506.2;13533050.22;2208544.0200000014;19.502342804139236;12.0;12.0;0.0;0.0;2010;2013;realizado;943708.85;1127754.185;19.50234280413923;Pulp;Klabin
89.637.490/0001-45;KLABIN S.A.;Conselho Fiscal;2010;1553031.11;1876835.06;323803.94999999995;20.849804483311345;5.0;5.0;0.0;0.0;2010;2013;realizado;310606.222;375367.012;20.849804483311352;Pulp;Klabin
89.637.490/0001-45;KLABIN S.A.;Diretoria Estatutária;2011;15396969.93;11454386.88;-3942583.049999999;-25.606226861027576;5.0;5.67;0.6699999999999999;13.4;2011;2014;realizado;3079393.986;2020174.0529100532;-34.39702545064161;Pulp;Klabin
89.637.490/0001-45;KLABIN S.A.;Conselho de Administração;2011;12000000.0;13665222.68;1665222.6799999997;13.876855666666664;12.0;12.0;0.0;0.0;2011;2014;realizado;1000000.0;1138768.5566666666;13.876855666666653;Pulp;Klabin
89.637.490/0001-45;KLABIN S.A.;Conselho Fiscal;2011;1659212.19;2014138.38;354926.18999999994;21.39124773426357;5.0;5.0;0.0;0.0;2011;2014;realizado;331842.43799999997;402827.676;21.391247734263573;Pulp;Klabin
89.637.490/0001-45;KLABIN S.A.;Diretoria Estatutária;2012;17782557.4;20827072.34;3044514.9400000013;17.120793547951667;6.0;6.0;0.0;0.0;2012;2015;realizado;2963759.5666666664;3471178.723333333;17.120793547951664;Pulp;Klabin
89.637.490/0001-45;KLABIN S.A.;Conselho de Administração;2012;14280291.03;13740856.2;-539434.8300000001;-3.7774778459819673;12.0;12.0;0.0;0.0;2012;2015;realizado;1190024.2525;1145071.3499999999;-3.777477845981969;Pulp;Klabin
89.637.490/0001-45;KLABIN S.A.;Conselho Fiscal;2012;1972531.86;2071684.04;99152.17999999993;5.0266452983933005;5.0;5.0;0.0;0.0;2012;2015;realizado;394506.37200000003;414336.808;5.026645298393295;Pulp;Klabin
89.637.490/0001-45;KLABIN S.A.;Diretoria Estatutária;2013;18340000.0;21161919.4;2821919.3999999985;15.38669247546346;6.0;6.0;0.0;0.0;2013;2016;realizado;3056666.6666666665;3526986.5666666664;15.38669247546347;Pulp;Klabin
89.637.490/0001-45;KLABIN S.A.;Conselho de Administração;2013;12007000.0;12935567.43;928567.4299999997;7.7335506787707144;12.0;12.0;0.0;0.0;2013;2016;realizado;1000583.3333333334;1077963.9525;7.7335506787707065;Pulp;Klabin
89.637.490/0001-45;KLABIN S.A.;Conselho Fiscal;2013;1700000.0;1966489.98;266489.98;15.675881176470588;5.0;5.0;0.0;0.0;2013;2016;realizado;340000.0;393297.996;15.675881176470586;Pulp;Klabin
89.637.490/0001-45;KLABIN S.A.;Diretoria Estatutária;2014;20469150.78;25601825.29;5132674.509999998;25.075170754103933;6.0;6.0;0.0;0.0;2014;2017;realizado;3411525.1300000004;4266970.881666667;25.075170754103947;Pulp;Klabin
89.637.490/0001-45;KLABIN S.A.;Conselho de Administração;2014;13229219.0;14835197.03;1605978.0299999993;12.139628424021096;12.75;12.75;0.0;0.0;2014;2017;realizado;1037585.8039215687;1163544.8650980392;12.139628424021097;Pulp;Klabin
89.637.490/0001-45;KLABIN S.A.;Conselho Fiscal;2014;1807581.0;1827519.65;19938.649999999907;1.1030570690884618;5.0;5.0;0.0;0.0;2014;2017;realizado;361516.2;365503.93;1.1030570690884645;Pulp;Klabin
89.637.490/0001-45;KLABIN S.A.;Diretoria Estatutária;2015;31628397.72;29027218.08;-2601179.6400000006;-8.22419037166452;6.0;5.67;-0.33000000000000007;-5.500000000000001;2015;2018;realizado;5271399.62;5119438.814814814;-2.882741134036537;Pulp;Klabin
89.637.490/0001-45;KLABIN S.A.;Conselho de Administração;2015;16180407.61;14990128.96;-1190278.6499999985;-7.356295828198846;12.87;12.92;0.05000000000000071;0.38850038850039403;2015;2018;realizado;1257218.9285159286;1160226.6996904025;-7.7148240951175895;Pulp;Klabin
89.637.490/0001-45;KLABIN S.A.;Conselho Fiscal;2015;2130304.09;2077038.51;-53265.57999999984;-2.500374488789525;5.0;5.0;0.0;0.0;2015;2018;realizado;426060.81799999997;415407.702;-2.500374488789525;Pulp;Klabin
89.637.490/0001-45;KLABIN S.A.;Diretoria Estatutária;2016;36283316.1;27773281.64;-8510034.46;-23.454401016008568;6.0;6.0;0.0;0.0;2016;2019;realizado;6047219.350000001;4628880.273333333;-23.454401016008575;Pulp;Klabin
89.637.490/0001-45;KLABIN S.A.;Conselho de Administração;2016;17415447.38;14959814.17;-2455633.209999999;-14.10031655471603;13.0;12.75;-0.25;-1.9230769230769231;2016;2019;realizado;1339649.7984615383;1173318.7584313725;-12.416009036181052;Pulp;Klabin
89.637.490/0001-45;KLABIN S.A.;Conselho Fiscal;2016;2088448.84;2086043.98;-2404.8600000001024;-0.1151505344033279;5.0;5.0;0.0;0.0;2016;2019;realizado;417689.76800000004;417208.796;-0.115150534403341;Pulp;Klabin
89.637.490/0001-45;KLABIN S.A.;Diretoria Estatutária;2017;41933742.97;38378422.21;-3555320.759999998;-8.478424553094449;6.0;4.1;-1.9000000000000004;-31.66666666666667;2017;2020;realizado;6988957.161666666;9360590.78292683;33.93401284913007;Pulp;Klabin
89.637.490/0001-45;KLABIN S.A.;Conselho de Administração;2017;18211567.07;17599621.51;-611945.5599999987;-3.360202653883967;13.0;13.0;0.0;0.0;2017;2020;realizado;1400889.7746153846;1353817.0392307693;-3.36020265388397;Pulp;Klabin
89.637.490/0001-45;KLABIN S.A.;Conselho Fiscal;2017;2105668.7;2089981.83;-15686.870000000112;-0.7449828170974907;5.0;5.0;0.0;0.0;2017;2020;realizado;421133.74000000005;417996.36600000004;-0.7449828170974837;Pulp;Klabin
89.637.490/0001-45;KLABIN S.A.;Diretoria Estatutária;2018;27233110.09;21859748.81;-5373361.280000001;-19.730986516935133;4.0;4.0;0.0;0.0;2018;2021;realizado;6808277.5225;5464937.2025;-19.730986516935133;Pulp;Klabin
89.637.490/0001-45;KLABIN S.A.;Conselho de Administração;2018;16072249.84;13534438.66;-2537811.1799999997;-15.790018231822108;13.0;13.0;0.0;0.0;2018;2021;realizado;1236326.9107692307;1041110.6661538462;-15.790018231822101;Pulp;Klabin
89.637.490/0001-45;KLABIN S.A.;Conselho Fiscal;2018;2106850.55;1757624.81;-349225.73999999976;-16.57572436735011;5.0;5.0;0.0;0.0;2018;2021;realizado;421370.11;351524.962;-16.57572436735012;Pulp;Klabin
89.637.490/0001-45;KLABIN S.A.;Diretoria Estatutária;2019;28682086.44;19562010.9;-9120075.540000003;-31.797113362301136;4.0;3.42;-0.5800000000000001;-14.500000000000002;2019;2022;realizado;7170521.61;5719886.228070175;-20.230541944211854;Pulp;Klabin
89.637.490/0001-45;KLABIN S.A.;Conselho de Administração;2019;16857976.72;13965800.31;-2892176.4099999983;-17.156130050700405;14.0;13.67;-0.33000000000000007;-2.3571428571428577;2019;2022;realizado;1204141.1942857143;1021638.6474030724;-15.156241456459817;Pulp;Klabin
89.637.490/0001-45;KLABIN S.A.;Conselho Fiscal;2019;2106678.25;1760845.3;-345832.94999999995;-16.416030782109225;5.0;5.0;0.0;0.0;2019;2022;realizado;421335.65;352169.06;-16.416030782109235;Pulp;Klabin
89.637.490/0001-45;KLABIN S.A.;Diretoria Estatutária;2020;31670239.1;29728746.45;-1941492.6500000022;-6.130337835056011;4.0;4.0;0.0;0.0;2020;2023;realizado;7917559.775;7432186.6125;-6.13033783505601;Pulp;Klabin
89.637.490/0001-45;KLABIN S.A.;Conselho de Administração;2020;17015493.94;13709975.25;-3305518.6900000013;-19.42652209601387;14.0;13.58;-0.41999999999999993;-2.9999999999999996;2020;2023;realizado;1215392.4242857143;1009571.0787923416;-16.934558861869963;Pulp;Klabin
89.637.490/0001-45;KLABIN S.A.;Conselho Fiscal;2020;2107735.33;1735069.09;-372666.24;-17.68088406052386;5.0;5.0;0.0;0.0;2020;2023;realizado;421547.066;347013.818;-17.680884060523848;Pulp;Klabin
89.637.490/0001-45;KLABIN S.A.;Diretoria Estatutária;2021;33791102.1;34724165.09;933062.9900000021;2.761268298496846;4.0;3.92;-0.08000000000000007;-2.0000000000000018;2021;2024;realizado;8447775.525;8858205.380102042;4.858437039282504;Pulp;Klabin
89.637.490/0001-45;KLABIN S.A.;Conselho de Administração;2021;14411728.09;13810950.23;-600777.8599999994;-4.168673293363526;13.0;13.0;0.0;0.0;2021;2024;realizado;1108594.4684615384;1062380.786923077;-4.168673293363523;Pulp;Klabin
89.637.490/0001-45;KLABIN S.A.;Conselho Fiscal;2021;1744526.99;1784393.79;39866.80000000005;2.2852498257994878;5.0;5.0;0.0;0.0;2021;2024;realizado;348905.398;356878.75800000003;2.2852498257994958;Pulp;Klabin
89.637.490/0001-45;KLABIN S.A.;Diretoria Estatutária;2022;56830017.0;32369549.37;-24460467.63;-43.04145752763016;4.0;4.0;0.0;0.0;2022;2025;realizado;14207504.25;8092387.3425;-43.04145752763016;Pulp;Klabin
89.637.490/0001-45;KLABIN S.A.;Conselho de Administração;2022;14534573.43;13939191.62;-595381.8100000005;-4.096314300983242;14.0;13.75;-0.25;-1.7857142857142858;2022;2025;realizado;1038183.8164285714;1013759.3905454545;-2.352610924637477;Pulp;Klabin
89.637.490/0001-45;KLABIN S.A.;Conselho Fiscal;2022;2001826.99;1784053.56;-217773.42999999993;-10.87873383103901;5.0;5.0;0.0;0.0;2022;2025;realizado;400365.398;356810.712;-10.87873383103901;Pulp;Klabin
89.637.490/0001-45;KLABIN S.A.;Diretoria Estatutária;2023;69377219.57;42443946.14;-26933273.429999992;-38.82149442847727;7.0;5.42;-1.58;-22.571428571428573;2023;2026;realizado;9911031.367142856;7830986.372693727;-20.987169926077666;Pulp;Klabin
89.637.490/0001-45;KLABIN S.A.;Conselho de Administração;2023;14551241.57;13987301.13;-563940.4399999995;-3.875548607224445;14.0;14.0;0.0;0.0;2023;2026;realizado;1039374.3978571428;999092.9378571429;-3.875548607224444;Pulp;Klabin
89.637.490/0001-45;KLABIN S.A.;Conselho Fiscal;2023;1996519.09;1757461.16;-239057.93000000017;-11.973736249123474;5.0;5.0;0.0;0.0;2023;2026;realizado;399303.818;351492.23199999996;-11.97373624912349;Pulp;Klabin
89.637.490/0001-45;KLABIN S.A.;Diretoria Estatutária;2024;77794112.78;64750833.22;-13043279.560000002;-16.76640955709091;6.0;6.0;0.0;0.0;2024;2026;realizado;12965685.463333333;10791805.536666667;-16.7664095570909;Pulp;Klabin
89.637.490/0001-45;KLABIN S.A.;Conselho de Administração;2024;14733820.28;14327751.19;-406069.08999999985;-2.7560339564559957;15.0;14.75;-0.25;-1.6666666666666667;2024;2026;realizado;982254.6853333333;971372.9620338982;-1.107831142158644;Pulp;Klabin
89.637.490/0001-45;KLABIN S.A.;Conselho Fiscal;2024;2063133.41;1798957.25;-264176.1599999999;-12.804608694694151;5.0;5.0;0.0;0.0;2024;2026;realizado;412626.682;359791.45;-12.804608694694142;Pulp;Klabin
89.637.490/0001-45;KLABIN S.A.;Diretoria Estatutária;2025;90566478.41;59192268.92;-31374209.489999995;-34.64218775071172;6.66;6.67;0.009999999999999787;0.15015015015014693;2025;2026;realizado;13598570.331831831;8874403.136431785;-34.74017547522339;Pulp;Klabin
89.637.490/0001-45;KLABIN S.A.;Conselho de Administração;2025;15289796.18;14178387.77;-1111408.4100000001;-7.268955039791774;14.0;14.25;0.25;1.7857142857142858;2025;2026;realizado;1092128.2985714285;994974.5803508771;-8.89581547769016;Pulp;Klabin
89.637.490/0001-45;KLABIN S.A.;Conselho Fiscal;2025;1796165.81;1791921.2;-4244.610000000102;-0.2363150426518865;5.0;5.0;0.0;0.0;2025;2026;realizado;359233.162;358384.24;-0.23631504265189118;Pulp;Klabin
89.637.490/0001-45;KLABIN S.A.;Diretoria Estatutária;2026;78438391.12;;;;8.0;;;;2026;;so previsao;9804798.89;;;Pulp;Klabin
89.637.490/0001-45;KLABIN S.A.;Conselho de Administração;2026;14327384.55;;;;14.0;;;;2026;;so previsao;1023384.6107142858;;;Pulp;Klabin
89.637.490/0001-45;KLABIN S.A.;Conselho Fiscal;2026;1803027.31;;;;5.0;;;;2026;;so previsao;360605.462;;;Pulp;Klabin
16.670.085/0001-55;LOCALIZA RENT A CAR S.A.;Diretoria Estatutária;2009;;8643563.98;;;;5.17;;;;2012;so realizado;;1671869.2417794971;;Locadoras;Localiza
16.670.085/0001-55;LOCALIZA RENT A CAR S.A.;Conselho de Administração;2009;;1051200.0;;;;8.0;;;;2012;so realizado;;131400.0;;Locadoras;Localiza
16.670.085/0001-55;LOCALIZA RENT A CAR S.A.;Diretoria Estatutária;2010;10029400.0;17125336.79;7095936.789999999;70.75135890481982;5.0;5.75;0.75;15.0;2010;2013;realizado;2005880.0;2978319.4417391303;48.47944252593028;Locadoras;Localiza
16.670.085/0001-55;LOCALIZA RENT A CAR S.A.;Conselho de Administração;2010;1970600.0;2289067.2;318467.2000000002;16.1609256064143;9.0;9.0;0.0;0.0;2010;2013;realizado;218955.55555555556;254340.80000000002;16.16092560641429;Locadoras;Localiza
16.670.085/0001-55;LOCALIZA RENT A CAR S.A.;Diretoria Estatutária;2011;19094663.0;22089535.53;2994872.530000001;15.684343473356932;6.0;6.0;0.0;0.0;2011;2014;realizado;3182443.8333333335;3681589.2550000004;15.684343473356943;Locadoras;Localiza
16.670.085/0001-55;LOCALIZA RENT A CAR S.A.;Conselho de Administração;2011;2518568.0;2828028.0;309460.0;12.287140946760223;9.0;9.0;0.0;0.0;2011;2014;realizado;279840.8888888889;314225.3333333333;12.287140946760221;Locadoras;Localiza
16.670.085/0001-55;LOCALIZA RENT A CAR S.A.;Diretoria Estatutária;2012;21925151.26;22759016.21;833864.9499999993;3.803234650979549;6.0;6.0;0.0;0.0;2012;2015;realizado;3654191.876666667;3793169.3683333336;3.803234650979559;Locadoras;Localiza
16.670.085/0001-55;LOCALIZA RENT A CAR S.A.;Conselho de Administração;2012;2710193.5;3024000.0;313806.5;11.578748897449573;8.0;8.0;0.0;0.0;2012;2015;realizado;338774.1875;378000.0;11.578748897449564;Locadoras;Localiza
16.670.085/0001-55;LOCALIZA RENT A CAR S.A.;Diretoria Estatutária;2013;27684116.33;23583378.18;-4100738.1499999985;-14.812602653154647;6.0;6.0;0.0;0.0;2013;2016;realizado;4614019.388333333;3930563.03;-14.812602653154649;Locadoras;Localiza
16.670.085/0001-55;LOCALIZA RENT A CAR S.A.;Conselho de Administração;2013;7587563.48;9231466.77;1643903.289999999;21.665759954867607;8.0;8.0;0.0;0.0;2013;2016;realizado;948445.435;1153933.34625;21.665759954867614;Locadoras;Localiza
16.670.085/0001-55;LOCALIZA RENT A CAR S.A.;Diretoria Estatutária;2014;31203146.96;26755566.15;-4447580.810000002;-14.253629019218652;6.0;6.0;0.0;0.0;2014;2017;realizado;5200524.493333333;4459261.024999999;-14.25362901921865;Locadoras;Localiza
16.670.085/0001-55;LOCALIZA RENT A CAR S.A.;Conselho de Administração;2014;13956318.49;13018864.5;-937453.9900000002;-6.717057873619795;8.0;8.0;0.0;0.0;2014;2017;realizado;1744539.81125;1627358.0625;-6.717057873619792;Locadoras;Localiza
16.670.085/0001-55;LOCALIZA RENT A CAR S.A.;Diretoria Estatutária;2015;27793777.72;28645410.98;851633.2600000016;3.0641148122415136;6.0;6.0;0.0;0.0;2015;2018;realizado;4632296.286666666;4774235.163333333;3.064114812241514;Locadoras;Localiza
16.670.085/0001-55;LOCALIZA RENT A CAR S.A.;Conselho de Administração;2015;14831098.44;13828590.8;-1002507.6399999987;-6.759496904802412;8.0;8.0;0.0;0.0;2015;2018;realizado;1853887.305;1728573.85;-6.759496904802409;Locadoras;Localiza
16.670.085/0001-55;LOCALIZA RENT A CAR S.A.;Diretoria Estatutária;2016;27581680.67;25171132.23;-2410548.4400000013;-8.739672062920743;6.0;6.0;0.0;0.0;2016;2019;realizado;4596946.778333333;4195188.705;-8.739672062920734;Locadoras;Localiza
16.670.085/0001-55;LOCALIZA RENT A CAR S.A.;Conselho de Administração;2016;14418319.33;14370681.06;-47638.26999999955;-0.3304009913338461;8.0;8.0;0.0;0.0;2016;2019;realizado;1802289.91625;1796335.1325;-0.3304009913338457;Locadoras;Localiza
16.670.085/0001-55;LOCALIZA RENT A CAR S.A.;Diretoria Estatutária;2017;32211088.43;28909950.65;-3301137.780000001;-10.248451514371883;4.67;4.67;0.0;0.0;2017;2020;realizado;6897449.342612419;6190567.591006423;-10.248451514371881;Locadoras;Localiza
16.670.085/0001-55;LOCALIZA RENT A CAR S.A.;Conselho de Administração;2017;13788911.57;13804776.11;15864.539999999106;0.11505288085620166;8.0;8.0;0.0;0.0;2017;2020;realizado;1723613.94625;1725597.01375;0.11505288085620347;Locadoras;Localiza
16.670.085/0001-55;LOCALIZA RENT A CAR S.A.;Diretoria Estatutária;2018;37005621.15;29002967.57;-8002653.579999998;-21.625508047984752;7.0;6.0;-1.0;-14.285714285714286;2018;2021;realizado;5286517.3071428565;4833827.928333334;-8.563092722648868;Locadoras;Localiza
16.670.085/0001-55;LOCALIZA RENT A CAR S.A.;Conselho de Administração;2018;17994378.85;16137514.19;-1856864.660000002;-10.31913730103555;8.0;7.83;-0.16999999999999993;-2.124999999999999;2018;2021;realizado;2249297.35625;2060985.20945083;-8.372043219448845;Locadoras;Localiza
16.670.085/0001-55;LOCALIZA RENT A CAR S.A.;Conselho Fiscal;2018;288000.0;288000.0;0.0;0.0;3.0;3.0;0.0;0.0;2018;2021;realizado;96000.0;96000.0;0.0;Locadoras;Localiza
16.670.085/0001-55;LOCALIZA RENT A CAR S.A.;Diretoria Estatutária;2019;49958000.0;43276518.01;-6681481.990000002;-13.37419830657753;9.0;8.75;-0.25;-2.7777777777777777;2019;2022;realizado;5550888.888888889;4945887.772571429;-10.899175401051163;Locadoras;Localiza
16.670.085/0001-55;LOCALIZA RENT A CAR S.A.;Conselho de Administração;2019;11898000.0;11056905.25;-841094.75;-7.069211211968398;7.0;7.0;0.0;0.0;2019;2022;realizado;1699714.2857142857;1579557.892857143;-7.069211211968396;Locadoras;Localiza
16.670.085/0001-55;LOCALIZA RENT A CAR S.A.;Conselho Fiscal;2019;144000.0;136913.25;-7086.75;-4.921354166666666;3.0;3.0;0.0;0.0;2019;2022;realizado;48000.0;45637.75;-4.921354166666669;Locadoras;Localiza
16.670.085/0001-55;LOCALIZA RENT A CAR S.A.;Diretoria Estatutária;2020;57186000.0;52130902.18;-5055097.82;-8.83974717588221;9.67;9.67;0.0;0.0;2020;2023;realizado;5913753.877973113;5390992.98655636;-8.839747175882218;Locadoras;Localiza
16.670.085/0001-55;LOCALIZA RENT A CAR S.A.;Conselho de Administração;2020;12814000.0;12099375.0;-714625.0;-5.576908069299204;7.0;5.67;-1.33;-19.0;2020;2023;realizado;1830571.4285714286;2133928.5714285714;16.571718432963944;Locadoras;Localiza
16.670.085/0001-55;LOCALIZA RENT A CAR S.A.;Conselho Fiscal;2020;;0.0;;;;3.0;;;;2023;so realizado;;0.0;;Locadoras;Localiza
16.670.085/0001-55;LOCALIZA RENT A CAR S.A.;Diretoria Estatutária;2021;61465266.29;61238346.0;-226920.2899999991;-0.3691845878115354;9.0;8.33;-0.6699999999999999;-7.444444444444445;2021;2024;realizado;6829474.032222223;7351542.136854742;7.644338380515747;Locadoras;Localiza
16.670.085/0001-55;LOCALIZA RENT A CAR S.A.;Conselho de Administração;2021;18162733.72;15509595.0;-2653138.719999999;-14.607595755690014;6.67;6.0;-0.6699999999999999;-10.044977511244378;2021;2024;realizado;2723048.533733133;2584932.5;-5.072110615075398;Locadoras;Localiza
16.670.085/0001-55;LOCALIZA RENT A CAR S.A.;Conselho Fiscal;2021;372000.0;322392.0;-49608.0;-13.335483870967742;3.0;3.0;0.0;0.0;2021;2024;realizado;124000.0;107464.0;-13.335483870967746;Locadoras;Localiza
16.670.085/0001-55;LOCALIZA RENT A CAR S.A.;Diretoria Estatutária;2022;69152186.0;65820207.0;-3331979.0;-4.818327796607905;8.67;8.0;-0.6699999999999999;-7.7277970011534025;2022;2025;realizado;7976030.680507497;8227525.875;3.1531372504261856;Locadoras;Localiza
16.670.085/0001-55;LOCALIZA RENT A CAR S.A.;Conselho de Administração;2022;20273254.0;20632494.0;359240.0;1.7719898344883362;6.0;8.0;2.0;33.333333333333336;2022;2025;realizado;3378875.6666666665;2579061.75;-23.671007624133743;Locadoras;Localiza
16.670.085/0001-55;LOCALIZA RENT A CAR S.A.;Conselho Fiscal;2022;574560.0;603297.0;28737.0;5.0015664160401005;3.0;3.0;0.0;0.0;2022;2025;realizado;191520.0;201099.0;5.001566416040104;Locadoras;Localiza
16.670.085/0001-55;LOCALIZA RENT A CAR S.A.;Diretoria Estatutária;2023;82880365.0;74187460.0;-8692905.0;-10.488497486708704;8.0;8.0;0.0;0.0;2023;2026;realizado;10360045.625;9273432.5;-10.488497486708702;Locadoras;Localiza
16.670.085/0001-55;LOCALIZA RENT A CAR S.A.;Conselho de Administração;2023;26436604.0;24335068.0;-2101536.0;-7.949341753577729;8.0;8.0;0.0;0.0;2023;2026;realizado;3304575.5;3041883.5;-7.949341753577732;Locadoras;Localiza
16.670.085/0001-55;LOCALIZA RENT A CAR S.A.;Conselho Fiscal;2023;683031.0;617666.0;-65365.0;-9.569843828464593;3.0;3.0;0.0;0.0;2023;2026;realizado;227677.0;205888.66666666666;-9.569843828464597;Locadoras;Localiza
16.670.085/0001-55;LOCALIZA RENT A CAR S.A.;Diretoria Estatutária;2024;113534439.0;102628904.0;-10905535.0;-9.605486314157064;8.0;7.92;-0.08000000000000007;-1.0000000000000009;2024;2026;realizado;14191804.875;12958194.94949495;-8.692410418340458;Locadoras;Localiza
16.670.085/0001-55;LOCALIZA RENT A CAR S.A.;Conselho de Administração;2024;25759374.0;23127550.0;-2631824.0;-10.216956359265563;8.0;7.92;-0.08000000000000007;-1.0000000000000009;2024;2026;realizado;3219921.75;2920145.202020202;-9.31005692855108;Locadoras;Localiza
16.670.085/0001-55;LOCALIZA RENT A CAR S.A.;Conselho Fiscal;2024;706187.0;617666.0;-88521.0;-12.535065074831454;3.0;3.0;0.0;0.0;2024;2026;realizado;235395.66666666666;205888.66666666666;-12.535065074831452;Locadoras;Localiza
16.670.085/0001-55;LOCALIZA RENT A CAR S.A.;Diretoria Estatutária;2025;118700654.0;110993812.0;-7706842.0;-6.492670208876861;7.0;7.0;0.0;0.0;2025;2026;realizado;16957236.285714287;15856258.857142856;-6.492670208876872;Locadoras;Localiza
16.670.085/0001-55;LOCALIZA RENT A CAR S.A.;Conselho de Administração;2025;22681680.0;22742154.0;60474.0;0.2666204619763615;7.33;7.33;0.0;0.0;2025;2026;realizado;3094362.892223738;3102613.09686221;0.26662046197636347;Locadoras;Localiza
16.670.085/0001-55;LOCALIZA RENT A CAR S.A.;Conselho Fiscal;2025;617666.0;525696.0;-91970.0;-14.889924328034892;3.0;3.0;0.0;0.0;2025;2026;realizado;205888.66666666666;175232.0;-14.889924328034887;Locadoras;Localiza
16.670.085/0001-55;LOCALIZA RENT A CAR S.A.;Diretoria Estatutária;2026;122425959.0;;;;6.17;;;;2026;;so previsao;19842132.739059966;;;Locadoras;Localiza
16.670.085/0001-55;LOCALIZA RENT A CAR S.A.;Conselho de Administração;2026;23027384.0;;;;7.0;;;;2026;;so previsao;3289626.285714286;;;Locadoras;Localiza
16.670.085/0001-55;LOCALIZA RENT A CAR S.A.;Conselho Fiscal;2026;546657.0;;;;3.0;;;;2026;;so previsao;182219.0;;;Locadoras;Localiza
92.754.738/0001-62;LOJAS RENNER S.A.;Diretoria Estatutária;2007;;13994047.75;;;;4.0;;;;2010;so realizado;;3498511.9375;;Retail;Renner
92.754.738/0001-62;LOJAS RENNER S.A.;Conselho de Administração;2007;;923833.33;;;;5.42;;;;2010;so realizado;;170448.95387453874;;Retail;Renner
92.754.738/0001-62;LOJAS RENNER S.A.;Conselho Fiscal;2007;;216850.83;;;;3.0;;;;2010;so realizado;;72283.61;;Retail;Renner
92.754.738/0001-62;LOJAS RENNER S.A.;Diretoria Estatutária;2008;;14324302.42;;;;4.83;;;;2011;so realizado;;2965694.082815735;;Retail;Renner
92.754.738/0001-62;LOJAS RENNER S.A.;Conselho de Administração;2008;;1027750.0;;;;5.83;;;;2011;so realizado;;176286.44939965694;;Retail;Renner
92.754.738/0001-62;LOJAS RENNER S.A.;Conselho Fiscal;2008;;205823.76;;;;3.0;;;;2011;so realizado;;68607.92;;Retail;Renner
92.754.738/0001-62;LOJAS RENNER S.A.;Diretoria Estatutária;2009;;23145916.09;;;;5.67;;;;2012;so realizado;;4082172.1499118167;;Retail;Renner
92.754.738/0001-62;LOJAS RENNER S.A.;Conselho de Administração;2009;;1045000.0;;;;6.0;;;;2012;so realizado;;174166.66666666666;;Retail;Renner
92.754.738/0001-62;LOJAS RENNER S.A.;Conselho Fiscal;2009;;203437.44;;;;3.0;;;;2012;so realizado;;67812.48;;Retail;Renner
92.754.738/0001-62;LOJAS RENNER S.A.;Diretoria Estatutária;2010;19472720.88;27714463.78;8241742.900000002;42.32455726546625;6.5;6.5;0.0;0.0;2010;2013;realizado;2995803.212307692;4263763.658461539;42.32455726546627;Retail;Renner
92.754.738/0001-62;LOJAS RENNER S.A.;Conselho de Administração;2010;1023700.0;998700.0;-25000.0;-2.442121715346293;5.42;5.42;0.0;0.0;2010;2013;realizado;188874.53874538746;184261.9926199262;-2.4421217153462904;Retail;Renner
92.754.738/0001-62;LOJAS RENNER S.A.;Conselho Fiscal;2010;208970.28;208970.21;-0.07000000000698492;-3.3497586358684556e-05;3.0;3.0;0.0;0.0;2010;2013;realizado;69656.76;69656.73666666666;-3.349758634918487e-05;Retail;Renner
92.754.738/0001-62;LOJAS RENNER S.A.;Diretoria Estatutária;2011;22004877.62;19382741.03;-2622136.59;-11.916160749818339;6.0;6.0;0.0;0.0;2011;2014;realizado;3667479.6033333335;3230456.8383333334;-11.916160749818339;Retail;Renner
92.754.738/0001-62;LOJAS RENNER S.A.;Conselho de Administração;2011;2535091.26;1301966.66;-1233124.5999999999;-48.642217321991005;5.75;5.75;0.0;0.0;2011;2014;realizado;440885.4365217391;226428.98434782607;-48.64221732199101;Retail;Renner
92.754.738/0001-62;LOJAS RENNER S.A.;Conselho Fiscal;2011;296989.47;296989.47;0.0;0.0;3.0;3.0;0.0;0.0;2011;2014;realizado;98996.48999999999;98996.48999999999;0.0;Retail;Renner
92.754.738/0001-62;LOJAS RENNER S.A.;Diretoria Estatutária;2012;20137331.39;20190292.47;52961.07999999821;0.2629994956844091;6.0;6.0;0.0;0.0;2012;2015;realizado;3356221.8983333334;3365048.7449999996;0.26299949568440173;Retail;Renner
92.754.738/0001-62;LOJAS RENNER S.A.;Conselho de Administração;2012;1867470.0;1795226.67;-72243.33000000007;-3.8685135504184847;6.75;6.75;0.0;0.0;2012;2015;realizado;276662.22222222225;265959.50666666665;-3.8685135504184953;Retail;Renner
92.754.738/0001-62;LOJAS RENNER S.A.;Conselho Fiscal;2012;339960.0;339960.0;0.0;0.0;3.0;3.0;0.0;0.0;2012;2015;realizado;113320.0;113320.0;0.0;Retail;Renner
92.754.738/0001-62;LOJAS RENNER S.A.;Diretoria Estatutária;2013;20129267.07;16731001.02;-3398266.0500000007;-16.882214529632154;6.0;6.0;0.0;0.0;2013;2016;realizado;3354877.845;2788500.17;-16.882214529632154;Retail;Renner
92.754.738/0001-62;LOJAS RENNER S.A.;Conselho de Administração;2013;2109000.0;2045010.0;-63990.0;-3.0341394025604553;7.0;8.0;1.0;14.285714285714286;2013;2016;realizado;301285.71428571426;255626.25;-15.154871977240392;Retail;Renner
92.754.738/0001-62;LOJAS RENNER S.A.;Conselho Fiscal;2013;361200.0;361200.0;0.0;0.0;3.0;3.0;0.0;0.0;2013;2016;realizado;120400.0;120400.0;0.0;Retail;Renner
92.754.738/0001-62;LOJAS RENNER S.A.;Diretoria Estatutária;2014;31429210.11;38216323.66;6787113.549999997;21.594922450311614;6.0;6.0;0.0;0.0;2014;2017;realizado;5238201.685;6369387.276666666;21.59492245031163;Retail;Renner
92.754.738/0001-62;LOJAS RENNER S.A.;Conselho de Administração;2014;2579660.0;2537188.0;-42472.0;-1.6464185202701132;7.0;8.0;1.0;14.285714285714286;2014;2017;realizado;368522.85714285716;317148.5;-13.940616205236356;Retail;Renner
92.754.738/0001-62;LOJAS RENNER S.A.;Conselho Fiscal;2014;409773.0;409773.0;0.0;0.0;3.0;3.0;0.0;0.0;2014;2017;realizado;136591.0;136591.0;0.0;Retail;Renner
92.754.738/0001-62;LOJAS RENNER S.A.;Diretoria Estatutária;2015;31108387.54;33882790.64;2774403.1000000015;8.918505005868914;6.0;6.0;0.0;0.0;2015;2018;realizado;5184731.256666667;5647131.773333333;8.918505005868905;Retail;Renner
92.754.738/0001-62;LOJAS RENNER S.A.;Conselho de Administração;2015;3214060.0;3003634.0;-210426.0;-6.547046414814907;7.0;8.0;1.0;14.285714285714286;2015;2018;realizado;459151.4285714286;375454.25;-18.228665612963045;Retail;Renner
92.754.738/0001-62;LOJAS RENNER S.A.;Conselho Fiscal;2015;472800.0;472800.0;0.0;0.0;3.0;3.0;0.0;0.0;2015;2018;realizado;157600.0;157600.0;0.0;Retail;Renner
92.754.738/0001-62;LOJAS RENNER S.A.;Diretoria Estatutária;2016;28421546.02;27007618.57;-1413927.4499999993;-4.974843553566828;6.0;6.0;0.0;0.0;2016;2019;realizado;4736924.336666667;4501269.761666667;-4.974843553566832;Retail;Renner
92.754.738/0001-62;LOJAS RENNER S.A.;Conselho de Administração;2016;3354550.0;3469220.0;114670.0;3.418342251568765;8.0;8.0;0.0;0.0;2016;2019;realizado;419318.75;433652.5;3.4183422515687623;Retail;Renner
92.754.738/0001-62;LOJAS RENNER S.A.;Conselho Fiscal;2016;526320.0;526320.0;0.0;0.0;3.0;3.0;0.0;0.0;2016;2019;realizado;175440.0;175440.0;0.0;Retail;Renner
92.754.738/0001-62;LOJAS RENNER S.A.;Diretoria Estatutária;2017;32487770.57;36685372.17;4197601.6000000015;12.920559109944493;6.0;6.0;0.0;0.0;2017;2020;realizado;5414628.428333334;6114228.695;12.920559109944495;Retail;Renner
92.754.738/0001-62;LOJAS RENNER S.A.;Conselho de Administração;2017;3912000.0;3902013.34;-9986.660000000149;-0.2552827198364046;8.0;8.0;0.0;0.0;2017;2020;realizado;489000.0;487751.6675;-0.2552827198364027;Retail;Renner
92.754.738/0001-62;LOJAS RENNER S.A.;Conselho Fiscal;2017;564000.0;564000.0;0.0;0.0;3.0;3.0;0.0;0.0;2017;2020;realizado;188000.0;188000.0;0.0;Retail;Renner
92.754.738/0001-62;LOJAS RENNER S.A.;Diretoria Estatutária;2018;38924000.0;28864902.2;-10059097.8;-25.842919021683283;6.0;6.0;0.0;0.0;2018;2021;realizado;6487333.333333333;4810817.033333333;-25.842919021683276;Retail;Renner
92.754.738/0001-62;LOJAS RENNER S.A.;Conselho de Administração;2018;4500000.0;4093170.0;-406830.0;-9.040666666666667;8.0;8.0;0.0;0.0;2018;2021;realizado;562500.0;511646.25;-9.040666666666663;Retail;Renner
92.754.738/0001-62;LOJAS RENNER S.A.;Conselho Fiscal;2018;576000.0;576000.0;0.0;0.0;3.0;3.0;0.0;0.0;2018;2021;realizado;192000.0;192000.0;0.0;Retail;Renner
92.754.738/0001-62;LOJAS RENNER S.A.;Diretoria Estatutária;2019;29151480.0;21087826.3;-8063653.699999999;-27.661215485457337;6.0;5.6;-0.40000000000000036;-6.666666666666672;2019;2022;realizado;4858580.0;3765683.267857143;-22.494159448704288;Retail;Renner
92.754.738/0001-62;LOJAS RENNER S.A.;Conselho de Administração;2019;15445000.0;16306996.61;861996.6099999994;5.581072256393651;8.0;8.0;0.0;0.0;2019;2022;realizado;1930625.0;2038374.57625;5.58107225639366;Retail;Renner
92.754.738/0001-62;LOJAS RENNER S.A.;Conselho Fiscal;2019;653520.0;657130.0;3610.0;0.5523931937813686;3.0;3.0;0.0;0.0;2019;2022;realizado;217840.0;219043.33333333334;0.5523931937813753;Retail;Renner
92.754.738/0001-62;LOJAS RENNER S.A.;Diretoria Estatutária;2020;19021681.43;15781174.34;-3240507.09;-17.03586037819581;5.0;5.0;0.0;0.0;2020;2023;realizado;3804336.286;3156234.868;-17.03586037819581;Retail;Renner
92.754.738/0001-62;LOJAS RENNER S.A.;Conselho de Administração;2020;19101192.03;19325115.6;223923.5700000003;1.172301548763605;8.0;8.0;0.0;0.0;2020;2023;realizado;2387649.00375;2415639.45;1.172301548763599;Retail;Renner
92.754.738/0001-62;LOJAS RENNER S.A.;Conselho Fiscal;2020;687600.0;631254.98;-56345.02000000002;-8.194447353112277;3.0;3.0;0.0;0.0;2020;2023;realizado;229200.0;210418.32666666666;-8.194447353112277;Retail;Renner
92.754.738/0001-62;LOJAS RENNER S.A.;Diretoria Estatutária;2021;23655521.85;23893505.86;237984.0099999979;1.0060399914618579;5.0;4.92;-0.08000000000000007;-1.6000000000000014;2021;2024;realizado;4731104.37;4856403.630081301;2.648414625469364;Retail;Renner
92.754.738/0001-62;LOJAS RENNER S.A.;Conselho de Administração;2021;15595603.15;15342128.75;-253474.40000000037;-1.6252939855038588;8.0;8.0;0.0;0.0;2021;2024;realizado;1949450.39375;1917766.09375;-1.6252939855038617;Retail;Renner
92.754.738/0001-62;LOJAS RENNER S.A.;Conselho Fiscal;2021;669375.0;683990.0;14615.0;2.183380018674136;3.0;3.0;0.0;0.0;2021;2024;realizado;223125.0;227996.66666666666;2.1833800186741303;Retail;Renner
92.754.738/0001-62;LOJAS RENNER S.A.;Diretoria Estatutária;2022;31170000.0;20747132.82;-10422867.18;-33.438778248315685;5.0;5.0;0.0;0.0;2022;2025;realizado;6234000.0;4149426.5640000002;-33.43877824831568;Retail;Renner
92.754.738/0001-62;LOJAS RENNER S.A.;Conselho de Administração;2022;16040000.0;15756941.6;-283058.4000000004;-1.7647032418952642;8.0;8.0;0.0;0.0;2022;2025;realizado;2005000.0;1969617.7;-1.7647032418952602;Retail;Renner
92.754.738/0001-62;LOJAS RENNER S.A.;Conselho Fiscal;2022;790000.0;788080.0;-1920.0;-0.2430379746835443;3.0;3.0;0.0;0.0;2022;2025;realizado;263333.3333333333;262693.3333333333;-0.2430379746835465;Retail;Renner
92.754.738/0001-62;LOJAS RENNER S.A.;Diretoria Estatutária;2023;36009100.0;23217664.25;-12791435.75;-35.522786601164704;5.0;5.0;0.0;0.0;2023;2026;realizado;7201820.0;4643532.85;-35.52278660116471;Retail;Renner
92.754.738/0001-62;LOJAS RENNER S.A.;Conselho de Administração;2023;16140000.0;15900386.83;-239613.16999999993;-1.4845921313506811;8.0;8.0;0.0;0.0;2023;2026;realizado;2017500.0;1987548.35375;-1.4845921313506816;Retail;Renner
92.754.738/0001-62;LOJAS RENNER S.A.;Conselho Fiscal;2023;850900.0;858610.0;7710.0;0.9060994241391468;3.0;3.0;0.0;0.0;2023;2026;realizado;283633.3333333333;286203.3333333333;0.9060994241391507;Retail;Renner
92.754.738/0001-62;LOJAS RENNER S.A.;Diretoria Estatutária;2024;40015000.0;38800301.7;-1214698.299999997;-3.0356073972260327;5.7;5.75;0.04999999999999982;0.8771929824561372;2024;2026;realizado;7020175.438596491;6747878.55652174;-3.878776028554498;Retail;Renner
92.754.738/0001-62;LOJAS RENNER S.A.;Conselho de Administração;2024;11100000.0;10203474.67;-896525.3300000001;-8.076804774774775;8.0;8.0;0.0;0.0;2024;2026;realizado;1387500.0;1275434.33375;-8.076804774774772;Retail;Renner
92.754.738/0001-62;LOJAS RENNER S.A.;Conselho Fiscal;2024;885000.0;883937.0;-1063.0;-0.12011299435028248;3.0;3.0;0.0;0.0;2024;2026;realizado;295000.0;294645.6666666667;-0.12011299435027434;Retail;Renner
92.754.738/0001-62;LOJAS RENNER S.A.;Diretoria Estatutária;2025;44200000.0;39139637.76;-5060362.240000002;-11.448783348416296;6.0;5.42;-0.5800000000000001;-9.666666666666668;2025;2026;realizado;7366666.666666667;7221335.380073801;-1.9728228949257853;Retail;Renner
92.754.738/0001-62;LOJAS RENNER S.A.;Conselho de Administração;2025;9400000.0;8492127.34;-907872.6600000001;-9.658219787234044;8.0;8.0;0.0;0.0;2025;2026;realizado;1175000.0;1061515.9175;-9.658219787234046;Retail;Renner
92.754.738/0001-62;LOJAS RENNER S.A.;Conselho Fiscal;2025;900000.0;883200.0;-16800.0;-1.8666666666666667;3.0;3.0;0.0;0.0;2025;2026;realizado;300000.0;294400.0;-1.866666666666672;Retail;Renner
92.754.738/0001-62;LOJAS RENNER S.A.;Diretoria Estatutária;2026;45600000.0;;;;5.0;;;;2026;;so previsao;9120000.0;;;Retail;Renner
92.754.738/0001-62;LOJAS RENNER S.A.;Conselho de Administração;2026;10300000.0;;;;8.0;;;;2026;;so previsao;1287500.0;;;Retail;Renner
92.754.738/0001-62;LOJAS RENNER S.A.;Conselho Fiscal;2026;900000.0;;;;3.0;;;;2026;;so previsao;300000.0;;;Retail;Renner
02.351.877/0001-52;LWSA S/A;Diretoria Estatutária;2016;;12155480.13;;;;8.4;;;;2019;so realizado;;1447080.967857143;;TMT;Locaweb
02.351.877/0001-52;LWSA S/A;Conselho de Administração;2016;;380589.85;;;;3.0;;;;2019;so realizado;;126863.28333333333;;TMT;Locaweb
02.351.877/0001-52;LWSA S/A;Conselho Fiscal;2016;;0.0;;;;0.0;;;;2019;so realizado;;;;TMT;Locaweb
02.351.877/0001-52;LWSA S/A;Diretoria Estatutária;2017;;8282917.49;;;;7.5;;;;2020;so realizado;;1104388.9986666667;;TMT;Locaweb
02.351.877/0001-52;LWSA S/A;Conselho de Administração;2017;;817349.4;;;;3.0;;;;2020;so realizado;;272449.8;;TMT;Locaweb
02.351.877/0001-52;LWSA S/A;Conselho Fiscal;2017;;0.0;;;;0.0;;;;2020;so realizado;;;;TMT;Locaweb
02.351.877/0001-52;LWSA S/A;Diretoria Estatutária;2018;;7493236.24;;;;8.0;;;;2021;so realizado;;936654.53;;TMT;Locaweb
02.351.877/0001-52;LWSA S/A;Conselho de Administração;2018;;627271.13;;;;3.0;;;;2021;so realizado;;209090.37666666668;;TMT;Locaweb
02.351.877/0001-52;LWSA S/A;Conselho Fiscal;2018;;0.0;;;;0.0;;;;2020;so realizado;;;;TMT;Locaweb
02.351.877/0001-52;LWSA S/A;Diretoria Estatutária;2019;6715243.33;6665381.69;-49861.639999999665;-0.7425142701418634;7.7;7.7;0.0;0.0;2019;2022;realizado;872109.5233766234;865633.9857142858;-0.7425142701418697;TMT;Locaweb
02.351.877/0001-52;LWSA S/A;Conselho de Administração;2019;944589.51;942189.51;-2400.0;-0.2540786208815721;3.4;3.4;0.0;0.0;2019;2022;realizado;277820.4441176471;277114.56176470587;-0.2540786208815815;TMT;Locaweb
02.351.877/0001-52;LWSA S/A;Conselho Fiscal;2019;0.0;;;;0.0;;;;2019;;so previsao;;;;TMT;Locaweb
02.351.877/0001-52;LWSA S/A;Diretoria Estatutária;2020;14051808.0;17964977.81;3913169.8099999987;27.848158827675405;5.0;5.0;0.0;0.0;2020;2023;realizado;2810361.6;3592995.562;27.848158827675395;TMT;Locaweb
02.351.877/0001-52;LWSA S/A;Conselho de Administração;2020;1948192.0;2562141.19;613949.19;31.513792788390464;8.0;8.0;0.0;0.0;2020;2023;realizado;243524.0;320267.64875;31.51379278839046;TMT;Locaweb
02.351.877/0001-52;LWSA S/A;Diretoria Estatutária;2021;;18347852.34;;;;7.33;;;;2024;so realizado;;2503117.645293315;;TMT;Locaweb
02.351.877/0001-52;LWSA S/A;Conselho de Administração;2021;;2419258.67;;;;8.0;;;;2024;so realizado;;302407.33375;;TMT;Locaweb
02.351.877/0001-52;LWSA S/A;Conselho Fiscal;2021;;154680.24;;;;3.0;;;;2024;so realizado;;51560.079999999994;;TMT;Locaweb
02.351.877/0001-52;LWSA S/A;Diretoria Estatutária;2022;15974144.49;15007745.18;-966399.3100000005;-6.0497719336705496;9.0;9.0;0.0;0.0;2022;2025;realizado;1774904.9433333334;1667527.2422222223;-6.049771933670545;TMT;Locaweb
02.351.877/0001-52;LWSA S/A;Conselho de Administração;2022;1887531.41;2017320.26;129788.8500000001;6.8761160377193455;8.0;8.0;0.0;0.0;2022;2025;realizado;235941.42625;252165.0325;6.8761160377193375;TMT;Locaweb
02.351.877/0001-52;LWSA S/A;Conselho Fiscal;2022;267024.95;235575.0;-31449.95000000001;-11.777906895966092;3.0;3.0;0.0;0.0;2022;2025;realizado;89008.31666666667;78525.0;-11.777906895966083;TMT;Locaweb
02.351.877/0001-52;LWSA S/A;Diretoria Estatutária;2023;18838580.0;16171224.18;-2667355.8200000003;-14.159006782889158;8.0;8.0;0.0;0.0;2023;2026;realizado;2354822.5;2021403.0225;-14.159006782889161;TMT;Locaweb
02.351.877/0001-52;LWSA S/A;Conselho de Administração;2023;1798545.0;1895077.0;96532.0;5.367227397702031;8.0;8.0;0.0;0.0;2023;2026;realizado;224818.125;236884.625;5.367227397702035;TMT;Locaweb
02.351.877/0001-52;LWSA S/A;Conselho Fiscal;2023;;88341.0;;;;1.0;;;;2026;so realizado;;88341.0;;TMT;Locaweb
02.351.877/0001-52;LWSA S/A;Diretoria Estatutária;2024;23318859.44;21476489.32;-1842370.120000001;-7.900772869018165;7.58;7.75;0.16999999999999993;2.2427440633245372;2024;2026;realizado;3076366.6807387862;2771159.9122580644;-9.921013980278415;TMT;Locaweb
02.351.877/0001-52;LWSA S/A;Conselho de Administração;2024;2060805.0;2008732.18;-52072.820000000065;-2.5268193739825002;8.0;8.0;0.0;0.0;2024;2026;realizado;257600.625;251091.5225;-2.526819373982503;TMT;Locaweb
02.351.877/0001-52;LWSA S/A;Diretoria Estatutária;2025;24903807.1;23010097.4;-1893709.700000003;-7.6040972064869665;8.0;8.17;0.16999999999999993;2.124999999999999;2025;2026;realizado;3112975.8875;2816413.390452876;-9.52665577134587;TMT;Locaweb
02.351.877/0001-52;LWSA S/A;Conselho de Administração;2025;4456419.57;2581320.55;-1875099.0200000005;-42.076357276206835;8.0;8.0;0.0;0.0;2025;2026;realizado;557052.44625;322665.06875;-42.076357276206835;TMT;Locaweb
02.351.877/0001-52;LWSA S/A;Diretoria Estatutária;2026;28893130.57;;;;8.0;;;;2026;;so previsao;3611641.32125;;;TMT;Locaweb
02.351.877/0001-52;LWSA S/A;Conselho de Administração;2026;2423851.43;;;;8.0;;;;2026;;so previsao;302981.42875;;;TMT;Locaweb
47.960.950/0001-21;MAGAZINE LUIZA S.A.;Diretoria Estatutária;2009;;5803000.0;;;;0.0;;;;2012;so realizado;;;;Retail;Magalu
47.960.950/0001-21;MAGAZINE LUIZA S.A.;Conselho de Administração;2009;;150000.0;;;;0.0;;;;2012;so realizado;;;;Retail;Magalu
47.960.950/0001-21;MAGAZINE LUIZA S.A.;Diretoria Estatutária;2010;;10840805.0;;;;7.0;;;;2013;so realizado;;1548686.4285714286;;Retail;Magalu
47.960.950/0001-21;MAGAZINE LUIZA S.A.;Conselho de Administração;2010;;174000.0;;;;7.0;;;;2013;so realizado;;24857.14285714286;;Retail;Magalu
47.960.950/0001-21;MAGAZINE LUIZA S.A.;Diretoria Estatutária;2011;11415000.0;7620582.0;-3794418.0;-33.24063074901446;7.0;6.17;-0.8300000000000001;-11.857142857142858;2011;2014;realizado;1630714.2857142857;1235102.4311183144;-24.260034885429693;Retail;Magalu
47.960.950/0001-21;MAGAZINE LUIZA S.A.;Conselho de Administração;2011;180000.0;194000.0;14000.0;7.777777777777778;7.0;6.25;-0.75;-10.714285714285714;2011;2014;realizado;25714.285714285714;31040.0;20.711111111111123;Retail;Magalu
47.960.950/0001-21;MAGAZINE LUIZA S.A.;Diretoria Estatutária;2012;6090894.0;10320778.0;4229884.0;69.44602877672801;6.0;6.0;0.0;0.0;2012;2015;realizado;1015149.0;1720129.6666666667;69.44602877672803;Retail;Magalu
47.960.950/0001-21;MAGAZINE LUIZA S.A.;Conselho de Administração;2012;406000.0;440515.0;34515.0;8.501231527093596;6.0;6.0;0.0;0.0;2012;2015;realizado;67666.66666666667;73419.16666666667;8.501231527093589;Retail;Magalu
47.960.950/0001-21;MAGAZINE LUIZA S.A.;Conselho Fiscal;2012;194696.0;175500.0;-19196.0;-9.859473230061223;3.0;3.0;0.0;0.0;2012;2015;realizado;64898.666666666664;58500.0;-9.859473230061223;Retail;Magalu
47.960.950/0001-21;MAGAZINE LUIZA S.A.;Diretoria Estatutária;2013;16383088.0;15753531.0;-629557.0;-3.8427248880064613;6.0;6.0;0.0;0.0;2013;2016;realizado;2730514.6666666665;2625588.5;-3.8427248880064546;Retail;Magalu
47.960.950/0001-21;MAGAZINE LUIZA S.A.;Conselho de Administração;2013;602515.0;572515.0;-30000.0;-4.979129150311611;6.0;6.0;0.0;0.0;2013;2016;realizado;100419.16666666667;95419.16666666667;-4.979129150311612;Retail;Magalu
47.960.950/0001-21;MAGAZINE LUIZA S.A.;Conselho Fiscal;2013;362500.0;301062.0;-61438.0;-16.948413793103448;3.0;3.0;0.0;0.0;2013;2016;realizado;120833.33333333333;100354.0;-16.948413793103445;Retail;Magalu
47.960.950/0001-21;MAGAZINE LUIZA S.A.;Diretoria Estatutária;2014;18235541.0;17301291.0;-934250.0;-5.123237089593339;6.0;6.0;0.0;0.0;2014;2017;realizado;3039256.8333333335;2883548.5;-5.123237089593347;Retail;Magalu
47.960.950/0001-21;MAGAZINE LUIZA S.A.;Conselho de Administração;2014;1145898.0;805402.0;-340496.0;-29.714337576293875;6.0;6.0;0.0;0.0;2014;2017;realizado;190983.0;134233.66666666666;-29.714337576293882;Retail;Magalu
47.960.950/0001-21;MAGAZINE LUIZA S.A.;Conselho Fiscal;2014;355722.0;319176.0;-36546.0;-10.273753099330376;3.0;3.0;0.0;0.0;2014;2017;realizado;118574.0;106392.0;-10.273753099330374;Retail;Magalu
47.960.950/0001-21;MAGAZINE LUIZA S.A.;Diretoria Estatutária;2015;18122032.0;11717677.0;-6404355.0;-35.34015942583039;6.0;6.0;0.0;0.0;2015;2018;realizado;3020338.6666666665;1952946.1666666667;-35.340159425830386;Retail;Magalu
47.960.950/0001-21;MAGAZINE LUIZA S.A.;Conselho de Administração;2015;815745.0;805402.0;-10343.0;-1.2679207350336197;6.0;6.0;0.0;0.0;2015;2018;realizado;135957.5;134233.66666666666;-1.267920735033623;Retail;Magalu
47.960.950/0001-21;MAGAZINE LUIZA S.A.;Conselho Fiscal;2015;352690.0;334662.0;-18028.0;-5.111571068076781;3.0;3.0;0.0;0.0;2015;2018;realizado;117563.33333333333;111554.0;-5.111571068076781;Retail;Magalu
47.960.950/0001-21;MAGAZINE LUIZA S.A.;Diretoria Estatutária;2016;9801449.0;11461999.0;1660550.0;16.941882776720053;4.0;4.0;0.0;0.0;2016;2019;realizado;2450362.25;2865499.75;16.941882776720064;Retail;Magalu
47.960.950/0001-21;MAGAZINE LUIZA S.A.;Conselho de Administração;2016;5796583.0;5366418.0;-430165.0;-7.421009929470517;6.66;6.58;-0.08000000000000007;-1.2012012012012023;2016;2019;realizado;870357.8078078078;815565.0455927051;-6.295429503081107;Retail;Magalu
47.960.950/0001-21;MAGAZINE LUIZA S.A.;Conselho Fiscal;2016;308388.0;365929.0;57541.0;18.65863781988923;3.0;3.0;0.0;0.0;2016;2019;realizado;102796.0;121976.33333333333;18.658637819889236;Retail;Magalu
47.960.950/0001-21;MAGAZINE LUIZA S.A.;Diretoria Estatutária;2017;;16173524.0;;;;4.0;;;;2020;so realizado;;4043381.0;;Retail;Magalu
47.960.950/0001-21;MAGAZINE LUIZA S.A.;Conselho de Administração;2017;;3155808.0;;;;7.0;;;;2020;so realizado;;450829.71428571426;;Retail;Magalu
47.960.950/0001-21;MAGAZINE LUIZA S.A.;Conselho Fiscal;2017;;362723.0;;;;3.0;;;;2020;so realizado;;120907.66666666667;;Retail;Magalu
47.960.950/0001-21;MAGAZINE LUIZA S.A.;Diretoria Estatutária;2018;24289603.0;27765928.0;3476325.0;14.311987725777156;4.0;4.0;0.0;0.0;2018;2021;realizado;6072400.75;6941482.0;14.311987725777154;Retail;Magalu
47.960.950/0001-21;MAGAZINE LUIZA S.A.;Conselho de Administração;2018;4190635.0;3926635.0;-264000.0;-6.299761253366136;7.0;7.0;0.0;0.0;2018;2021;realizado;598662.1428571428;560947.8571428572;-6.299761253366132;Retail;Magalu
47.960.950/0001-21;MAGAZINE LUIZA S.A.;Conselho Fiscal;2018;432000.0;362642.0;-69358.0;-16.055092592592594;3.0;3.0;0.0;0.0;2018;2021;realizado;144000.0;120880.66666666667;-16.05509259259259;Retail;Magalu
47.960.950/0001-21;MAGAZINE LUIZA S.A.;Diretoria Estatutária;2019;61015490.0;74267562.0;13252072.0;21.71919294592242;4.0;5.0;1.0;25.0;2019;2022;realizado;15253872.5;14853512.4;-2.624645643262058;Retail;Magalu
47.960.950/0001-21;MAGAZINE LUIZA S.A.;Conselho de Administração;2019;4269835.0;4680235.0;410400.0;9.611612626717426;7.0;7.0;0.0;0.0;2019;2022;realizado;609976.4285714285;668605.0;9.611612626717436;Retail;Magalu
47.960.950/0001-21;MAGAZINE LUIZA S.A.;Conselho Fiscal;2019;432000.0;364064.0;-67936.0;-15.725925925925926;3.0;3.0;0.0;0.0;2019;2022;realizado;144000.0;121354.66666666667;-15.725925925925921;Retail;Magalu
47.960.950/0001-21;MAGAZINE LUIZA S.A.;Diretoria Estatutária;2020;73639321.0;64783297.0;-8856024.0;-12.026216265627978;6.0;6.0;0.0;0.0;2020;2023;realizado;12273220.166666666;10797216.166666666;-12.026216265627976;Retail;Magalu
47.960.950/0001-21;MAGAZINE LUIZA S.A.;Conselho de Administração;2020;4611600.0;4258800.0;-352800.0;-7.6502732240437155;7.0;7.0;0.0;0.0;2020;2023;realizado;658800.0;608400.0;-7.650273224043714;Retail;Magalu
47.960.950/0001-21;MAGAZINE LUIZA S.A.;Conselho Fiscal;2020;432000.0;361592.0;-70408.0;-16.298148148148147;3.0;3.0;0.0;0.0;2020;2023;realizado;144000.0;120530.66666666667;-16.29814814814814;Retail;Magalu
47.960.950/0001-21;MAGAZINE LUIZA S.A.;Diretoria Estatutária;2021;;40710405.0;;;;6.0;;;;2024;so realizado;;6785067.5;;Retail;Magalu
47.960.950/0001-21;MAGAZINE LUIZA S.A.;Conselho de Administração;2021;;23724189.0;;;;7.67;;;;2024;so realizado;;3093114.602346806;;Retail;Magalu
47.960.950/0001-21;MAGAZINE LUIZA S.A.;Conselho Fiscal;2021;;348340.0;;;;3.0;;;;2024;so realizado;;116113.33333333333;;Retail;Magalu
47.960.950/0001-21;MAGAZINE LUIZA S.A.;Diretoria Estatutária;2022;41570975.0;36609047.0;-4961928.0;-11.936039508334842;6.0;6.0;0.0;0.0;2022;2025;realizado;6928495.833333333;6101507.833333333;-11.93603950833484;Retail;Magalu
47.960.950/0001-21;MAGAZINE LUIZA S.A.;Conselho de Administração;2022;17822594.0;17150594.0;-672000.0;-3.770494912244536;8.0;8.0;0.0;0.0;2022;2025;realizado;2227824.25;2143824.25;-3.7704949122445375;Retail;Magalu
47.960.950/0001-21;MAGAZINE LUIZA S.A.;Conselho Fiscal;2022;463200.0;349074.0;-114126.0;-24.63860103626943;3.0;3.0;0.0;0.0;2022;2025;realizado;154400.0;116358.0;-24.638601036269424;Retail;Magalu
47.960.950/0001-21;MAGAZINE LUIZA S.A.;Diretoria Estatutária;2023;40900793.0;10634544.0;-30266249.0;-73.99917405024397;6.0;6.0;0.0;0.0;2023;2026;realizado;6816798.833333333;1772424.0;-73.99917405024397;Retail;Magalu
47.960.950/0001-21;MAGAZINE LUIZA S.A.;Conselho de Administração;2023;10410757.0;4780675.0;-5630082.0;-54.079467996419474;7.0;7.33;0.33000000000000007;4.714285714285715;2023;2026;realizado;1487251.0;652206.6848567531;-56.146831647331005;Retail;Magalu
47.960.950/0001-21;MAGAZINE LUIZA S.A.;Conselho Fiscal;2023;479200.0;356004.0;-123196.0;-25.708681135225376;3.0;3.0;0.0;0.0;2023;2026;realizado;159733.33333333334;118668.0;-25.708681135225376;Retail;Magalu
47.960.950/0001-21;MAGAZINE LUIZA S.A.;Diretoria Estatutária;2024;27212486.0;24772802.0;-2439684.0;-8.965310997312043;6.0;6.0;0.0;0.0;2024;2026;realizado;4535414.333333333;4128800.3333333335;-8.965310997312038;Retail;Magalu
47.960.950/0001-21;MAGAZINE LUIZA S.A.;Conselho de Administração;2024;6380521.0;6273454.0;-107067.0;-1.6780291139234556;7.0;7.0;0.0;0.0;2024;2026;realizado;911503.0;896207.7142857143;-1.6780291139234516;Retail;Magalu
47.960.950/0001-21;MAGAZINE LUIZA S.A.;Conselho Fiscal;2024;492000.0;359388.0;-132612.0;-26.953658536585365;3.0;3.0;0.0;0.0;2024;2026;realizado;164000.0;119796.0;-26.95365853658537;Retail;Magalu
47.960.950/0001-21;MAGAZINE LUIZA S.A.;Diretoria Estatutária;2025;34490941.0;34490941.0;0.0;0.0;5.33;5.33;0.0;0.0;2025;2026;realizado;6471095.872420263;6471095.872420263;0.0;Retail;Magalu
47.960.950/0001-21;MAGAZINE LUIZA S.A.;Conselho de Administração;2025;8312521.0;8312521.0;0.0;0.0;7.67;7.67;0.0;0.0;2025;2026;realizado;1083770.6649282922;1083770.6649282922;0.0;Retail;Magalu
47.960.950/0001-21;MAGAZINE LUIZA S.A.;Conselho Fiscal;2025;430484.0;430484.0;0.0;0.0;3.0;3.0;0.0;0.0;2025;2026;realizado;143494.66666666666;143494.66666666666;0.0;Retail;Magalu
47.960.950/0001-21;MAGAZINE LUIZA S.A.;Diretoria Estatutária;2026;31553585.0;;;;5.0;;;;2026;;so previsao;6310717.0;;;Retail;Magalu
47.960.950/0001-21;MAGAZINE LUIZA S.A.;Conselho de Administração;2026;7800000.0;;;;8.0;;;;2026;;so previsao;975000.0;;;Retail;Magalu
47.960.950/0001-21;MAGAZINE LUIZA S.A.;Conselho Fiscal;2026;465355.0;;;;3.0;;;;2026;;so previsao;155118.33333333334;;;Retail;Magalu
02.846.056/0001-97;MOTIVA INFRAESTRUTURA DE MOBILIDADE S.A.;Diretoria Estatutária;2009;;21102000.0;;;;8.0;;;;2012;so realizado;;2637750.0;;Logistics;Motiva
02.846.056/0001-97;MOTIVA INFRAESTRUTURA DE MOBILIDADE S.A.;Conselho de Administração;2009;;1002000.0;;;;10.0;;;;2012;so realizado;;100200.0;;Logistics;Motiva
02.846.056/0001-97;MOTIVA INFRAESTRUTURA DE MOBILIDADE S.A.;Conselho Fiscal;2009;;132000.0;;;;3.0;;;;2012;so realizado;;44000.0;;Logistics;Motiva
02.846.056/0001-97;MOTIVA INFRAESTRUTURA DE MOBILIDADE S.A.;Diretoria Estatutária;2010;21019000.0;20162000.0;-857000.0;-4.077263428326752;8.0;9.0;1.0;12.5;2010;2013;realizado;2627375.0;2240222.222222222;-14.735345269623789;Logistics;Motiva
02.846.056/0001-97;MOTIVA INFRAESTRUTURA DE MOBILIDADE S.A.;Conselho de Administração;2010;1042000.0;991000.0;-51000.0;-4.89443378119002;8.0;10.0;2.0;25.0;2010;2013;realizado;130250.0;99100.0;-23.915547024952012;Logistics;Motiva
02.846.056/0001-97;MOTIVA INFRAESTRUTURA DE MOBILIDADE S.A.;Conselho Fiscal;2010;137000.0;130000.0;-7000.0;-5.109489051094891;3.0;3.0;0.0;0.0;2010;2013;realizado;45666.666666666664;43333.333333333336;-5.109489051094885;Logistics;Motiva
02.846.056/0001-97;MOTIVA INFRAESTRUTURA DE MOBILIDADE S.A.;Diretoria Estatutária;2011;21169000.0;34316000.0;13147000.0;62.10496480702915;9.0;9.0;0.0;0.0;2011;2014;realizado;2352111.111111111;3812888.888888889;62.10496480702916;Logistics;Motiva
02.846.056/0001-97;MOTIVA INFRAESTRUTURA DE MOBILIDADE S.A.;Conselho de Administração;2011;1041000.0;1132000.0;91000.0;8.741594620557157;11.0;10.0;-1.0;-9.090909090909092;2011;2014;realizado;94636.36363636363;113200.0;19.615754082612867;Logistics;Motiva
02.846.056/0001-97;MOTIVA INFRAESTRUTURA DE MOBILIDADE S.A.;Conselho Fiscal;2011;136000.0;142000.0;6000.0;4.411764705882353;3.0;3.0;0.0;0.0;2011;2014;realizado;45333.333333333336;47333.333333333336;4.4117647058823595;Logistics;Motiva
02.846.056/0001-97;MOTIVA INFRAESTRUTURA DE MOBILIDADE S.A.;Diretoria Estatutária;2012;30423000.0;31255000.0;832000.0;2.7347730335601352;9.0;9.0;0.0;0.0;2012;2015;realizado;3380333.3333333335;3472777.777777778;2.734773033560134;Logistics;Motiva
02.846.056/0001-97;MOTIVA INFRAESTRUTURA DE MOBILIDADE S.A.;Conselho de Administração;2012;1039000.0;1247000.0;208000.0;20.01924927815207;10.0;10.0;0.0;0.0;2012;2015;realizado;103900.0;124700.0;20.019249278152063;Logistics;Motiva
02.846.056/0001-97;MOTIVA INFRAESTRUTURA DE MOBILIDADE S.A.;Conselho Fiscal;2012;306000.0;367000.0;61000.0;19.934640522875817;3.0;3.0;0.0;0.0;2012;2015;realizado;102000.0;122333.33333333333;19.934640522875814;Logistics;Motiva
02.846.056/0001-97;MOTIVA INFRAESTRUTURA DE MOBILIDADE S.A.;Diretoria Estatutária;2013;;30495000.0;;;;9.0;;;;2016;so realizado;;3388333.3333333335;;Logistics;Motiva
02.846.056/0001-97;MOTIVA INFRAESTRUTURA DE MOBILIDADE S.A.;Conselho de Administração;2013;;1555000.0;;;;11.0;;;;2016;so realizado;;141363.63636363635;;Logistics;Motiva
02.846.056/0001-97;MOTIVA INFRAESTRUTURA DE MOBILIDADE S.A.;Conselho Fiscal;2013;;294000.0;;;;3.0;;;;2016;so realizado;;98000.0;;Logistics;Motiva
02.846.056/0001-97;MOTIVA INFRAESTRUTURA DE MOBILIDADE S.A.;Diretoria Estatutária;2014;;39139000.0;;;;9.0;;;;2017;so realizado;;4348777.777777778;;Logistics;Motiva
02.846.056/0001-97;MOTIVA INFRAESTRUTURA DE MOBILIDADE S.A.;Conselho de Administração;2014;;1703000.0;;;;11.0;;;;2017;so realizado;;154818.18181818182;;Logistics;Motiva
02.846.056/0001-97;MOTIVA INFRAESTRUTURA DE MOBILIDADE S.A.;Conselho Fiscal;2014;;309000.0;;;;3.0;;;;2017;so realizado;;103000.0;;Logistics;Motiva
02.846.056/0001-97;MOTIVA INFRAESTRUTURA DE MOBILIDADE S.A.;Diretoria Estatutária;2015;46916000.0;42764000.0;-4152000.0;-8.849859323045443;11.0;10.5;-0.5;-4.545454545454546;2015;2018;realizado;4265090.909090909;4072761.904761905;-4.509376433666656;Logistics;Motiva
02.846.056/0001-97;MOTIVA INFRAESTRUTURA DE MOBILIDADE S.A.;Conselho de Administração;2015;1848000.0;1906000.0;58000.0;3.1385281385281387;11.0;11.0;0.0;0.0;2015;2018;realizado;168000.0;173272.72727272726;3.1385281385281294;Logistics;Motiva
02.846.056/0001-97;MOTIVA INFRAESTRUTURA DE MOBILIDADE S.A.;Conselho Fiscal;2015;335000.0;342000.0;7000.0;2.08955223880597;3.0;3.0;0.0;0.0;2015;2018;realizado;111666.66666666667;114000.0;2.0895522388059584;Logistics;Motiva
02.846.056/0001-97;MOTIVA INFRAESTRUTURA DE MOBILIDADE S.A.;Diretoria Estatutária;2016;;35135000.0;;;;11.0;;;;2019;so realizado;;3194090.909090909;;Logistics;Motiva
02.846.056/0001-97;MOTIVA INFRAESTRUTURA DE MOBILIDADE S.A.;Conselho de Administração;2016;;1985000.0;;;;11.0;;;;2019;so realizado;;180454.54545454544;;Logistics;Motiva
02.846.056/0001-97;MOTIVA INFRAESTRUTURA DE MOBILIDADE S.A.;Conselho Fiscal;2016;;353000.0;;;;3.0;;;;2019;so realizado;;117666.66666666667;;Logistics;Motiva
02.846.056/0001-97;MOTIVA INFRAESTRUTURA DE MOBILIDADE S.A.;Diretoria Estatutária;2017;76340000.0;50024000.0;-26316000.0;-34.47209850668064;11.0;11.0;0.0;0.0;2017;2020;realizado;6940000.0;4547636.363636363;-34.47209850668065;Logistics;Motiva
02.846.056/0001-97;MOTIVA INFRAESTRUTURA DE MOBILIDADE S.A.;Conselho de Administração;2017;1753000.0;2388000.0;635000.0;36.223616657159155;11.0;11.0;0.0;0.0;2017;2020;realizado;159363.63636363635;217090.9090909091;36.22361665715916;Logistics;Motiva
02.846.056/0001-97;MOTIVA INFRAESTRUTURA DE MOBILIDADE S.A.;Conselho Fiscal;2017;312000.0;380000.0;68000.0;21.794871794871796;3.0;3.0;0.0;0.0;2017;2020;realizado;104000.0;126666.66666666667;21.794871794871806;Logistics;Motiva
02.846.056/0001-97;MOTIVA INFRAESTRUTURA DE MOBILIDADE S.A.;Diretoria Estatutária;2018;64096000.0;52077000.0;-12019000.0;-18.75156015976036;11.0;11.0;0.0;0.0;2018;2021;realizado;5826909.090909091;4734272.7272727275;-18.75156015976035;Logistics;Motiva
02.846.056/0001-97;MOTIVA INFRAESTRUTURA DE MOBILIDADE S.A.;Conselho de Administração;2018;5604000.0;2919000.0;-2685000.0;-47.91220556745182;12.0;12.0;0.0;0.0;2018;2021;realizado;467000.0;243250.0;-47.912205567451814;Logistics;Motiva
02.846.056/0001-97;MOTIVA INFRAESTRUTURA DE MOBILIDADE S.A.;Conselho Fiscal;2018;1400000.0;392000.0;-1008000.0;-72.0;3.0;3.0;0.0;0.0;2018;2021;realizado;466666.6666666667;130666.66666666667;-72.0;Logistics;Motiva
02.846.056/0001-97;MOTIVA INFRAESTRUTURA DE MOBILIDADE S.A.;Diretoria Estatutária;2019;58734000.0;41554000.0;-17180000.0;-29.25051929035993;11.0;12.17;1.17;10.636363636363637;2019;2022;realizado;5339454.545454546;3414461.7912900574;-36.05223600607719;Logistics;Motiva
02.846.056/0001-97;MOTIVA INFRAESTRUTURA DE MOBILIDADE S.A.;Conselho de Administração;2019;5604000.0;7417000.0;1813000.0;32.3518915060671;12.0;12.17;0.16999999999999993;1.416666666666666;2019;2022;realizado;467000.0;609449.4658997535;30.50309762307355;Logistics;Motiva
02.846.056/0001-97;MOTIVA INFRAESTRUTURA DE MOBILIDADE S.A.;Conselho Fiscal;2019;409000.0;404000.0;-5000.0;-1.2224938875305624;3.0;3.0;0.0;0.0;2019;2022;realizado;136333.33333333334;134666.66666666666;-1.2224938875305735;Logistics;Motiva
02.846.056/0001-97;MOTIVA INFRAESTRUTURA DE MOBILIDADE S.A.;Diretoria Estatutária;2020;75720000.0;57768000.0;-17952000.0;-23.70839936608558;11.0;12.25;1.25;11.363636363636363;2020;2023;realizado;6883636.363636363;4715755.102040816;-31.49325657362787;Logistics;Motiva
02.846.056/0001-97;MOTIVA INFRAESTRUTURA DE MOBILIDADE S.A.;Conselho de Administração;2020;8420000.0;7559000.0;-861000.0;-10.225653206650831;13.0;12.75;-0.25;-1.9230769230769231;2020;2023;realizado;647692.3076923077;592862.7450980392;-8.465371896977336;Logistics;Motiva
02.846.056/0001-97;MOTIVA INFRAESTRUTURA DE MOBILIDADE S.A.;Conselho Fiscal;2020;540000.0;409000.0;-131000.0;-24.25925925925926;3.0;3.08;0.08000000000000007;2.666666666666669;2020;2023;realizado;180000.0;132792.2077922078;-26.22655122655122;Logistics;Motiva
02.846.056/0001-97;MOTIVA INFRAESTRUTURA DE MOBILIDADE S.A.;Diretoria Estatutária;2021;29670000.0;25565000.0;-4105000.0;-13.835524098415908;12.0;12.25;0.25;2.0833333333333335;2021;2024;realizado;2472500.0;2086938.775510204;-15.593982790284977;Logistics;Motiva
02.846.056/0001-97;MOTIVA INFRAESTRUTURA DE MOBILIDADE S.A.;Conselho de Administração;2021;7157000.0;6839000.0;-318000.0;-4.443202459130921;13.0;13.0;0.0;0.0;2021;2024;realizado;550538.4615384615;526076.9230769231;-4.443202459130902;Logistics;Motiva
02.846.056/0001-97;MOTIVA INFRAESTRUTURA DE MOBILIDADE S.A.;Conselho Fiscal;2021;373000.0;367000.0;-6000.0;-1.6085790884718498;3.0;3.0;0.0;0.0;2021;2024;realizado;124333.33333333333;122333.33333333333;-1.608579088471851;Logistics;Motiva
02.846.056/0001-97;MOTIVA INFRAESTRUTURA DE MOBILIDADE S.A.;Diretoria Estatutária;2022;32112000.0;35711143.0;3599143.0;11.208093547583458;12.0;11.25;-0.75;-6.25;2022;2025;realizado;2676000.0;3174323.822222222;18.62196645075569;Logistics;Motiva
02.846.056/0001-97;MOTIVA INFRAESTRUTURA DE MOBILIDADE S.A.;Conselho de Administração;2022;8341000.0;7907236.0;-433764.0;-5.200383647044719;13.0;12.4;-0.5999999999999996;-4.615384615384612;2022;2025;realizado;641615.3846153846;637680.3225806451;-0.6133054364178658;Logistics;Motiva
02.846.056/0001-97;MOTIVA INFRAESTRUTURA DE MOBILIDADE S.A.;Conselho Fiscal;2022;131000.0;416386.0;285386.0;217.85190839694656;1.0;3.0;2.0;200.0;2022;2025;realizado;131000.0;138795.33333333334;5.950636132315523;Logistics;Motiva
02.846.056/0001-97;MOTIVA INFRAESTRUTURA DE MOBILIDADE S.A.;Diretoria Estatutária;2023;41537895.0;43087901.0;1550006.0;3.7315468200783886;11.0;8.42;-2.58;-23.454545454545453;2023;2026;realizado;3776172.272727273;5117327.909738718;35.51627256779837;Logistics;Motiva
02.846.056/0001-97;MOTIVA INFRAESTRUTURA DE MOBILIDADE S.A.;Conselho de Administração;2023;7640615.0;7636445.0;-4170.0;-0.05457675854626885;11.0;11.0;0.0;0.0;2023;2026;realizado;694601.3636363636;694222.2727272727;-0.054576758546276416;Logistics;Motiva
02.846.056/0001-97;MOTIVA INFRAESTRUTURA DE MOBILIDADE S.A.;Conselho Fiscal;2023;435220.0;471397.0;36177.0;8.312347778135196;3.0;3.0;0.0;0.0;2023;2026;realizado;145073.33333333334;157132.33333333334;8.312347778135187;Logistics;Motiva
02.846.056/0001-97;MOTIVA INFRAESTRUTURA DE MOBILIDADE S.A.;Diretoria Estatutária;2024;43630464.0;44493963.41;863499.4099999964;1.9791203916602775;7.75;7.75;0.0;0.0;2024;2026;realizado;5629737.29032258;5741156.569032257;1.9791203916602829;Logistics;Motiva
02.846.056/0001-97;MOTIVA INFRAESTRUTURA DE MOBILIDADE S.A.;Conselho de Administração;2024;8701268.0;8720888.7;19620.699999999255;0.22549242248370302;11.0;11.0;0.0;0.0;2024;2026;realizado;791024.3636363636;792808.0636363636;0.2254924224837085;Logistics;Motiva
02.846.056/0001-97;MOTIVA INFRAESTRUTURA DE MOBILIDADE S.A.;Conselho Fiscal;2024;535620.0;535703.4;83.40000000002328;0.015570740450323603;3.0;3.0;0.0;0.0;2024;2026;realizado;178540.0;178567.80000000002;0.015570740450332465;Logistics;Motiva
02.846.056/0001-97;MOTIVA INFRAESTRUTURA DE MOBILIDADE S.A.;Diretoria Estatutária;2025;62894809.57;48148676.0;-14746133.57;-23.445708271980703;7.79;7.17;-0.6200000000000001;-7.958921694480105;2025;2026;realizado;8073788.13478819;6715296.5132496515;-16.825950828274706;Logistics;Motiva
02.846.056/0001-97;MOTIVA INFRAESTRUTURA DE MOBILIDADE S.A.;Conselho de Administração;2025;9177963.36;9177510.0;-453.35999999940395;-0.0049396579852918916;11.0;11.0;0.0;0.0;2025;2026;realizado;834360.3054545454;834319.0909090909;-0.004939657985292278;Logistics;Motiva
02.846.056/0001-97;MOTIVA INFRAESTRUTURA DE MOBILIDADE S.A.;Conselho Fiscal;2025;556902.29;556033.0;-869.2900000000373;-0.1560938095621832;3.0;3.0;0.0;0.0;2025;2026;realizado;185634.09666666668;185344.33333333334;-0.15609380956217445;Logistics;Motiva
02.846.056/0001-97;MOTIVA INFRAESTRUTURA DE MOBILIDADE S.A.;Diretoria Estatutária;2026;62961740.0;;;;8.0;;;;2026;;so previsao;7870217.5;;;Logistics;Motiva
02.846.056/0001-97;MOTIVA INFRAESTRUTURA DE MOBILIDADE S.A.;Conselho de Administração;2026;10553163.0;;;;11.0;;;;2026;;so previsao;959378.4545454546;;;Logistics;Motiva
02.846.056/0001-97;MOTIVA INFRAESTRUTURA DE MOBILIDADE S.A.;Conselho Fiscal;2026;618218.0;;;;3.0;;;;2026;;so previsao;206072.66666666666;;;Logistics;Motiva
21.314.559/0001-66;MOVIDA PARTICIPACOES SA;Diretoria Estatutária;2014;;0.0;;;;2.0;;;;2015;so realizado;;0.0;;Locadoras;Movida
21.314.559/0001-66;MOVIDA PARTICIPACOES SA;Conselho de Administração;2014;;0.0;;;;0.0;;;;2015;so realizado;;;;Locadoras;Movida
21.314.559/0001-66;MOVIDA PARTICIPACOES SA;Conselho Fiscal;2014;;0.0;;;;0.0;;;;2015;so realizado;;;;Locadoras;Movida
21.314.559/0001-66;MOVIDA PARTICIPACOES SA;Diretoria Estatutária;2015;0.0;2108778.08;2108778.08;;2.5;2.0;-0.5;-20.0;2015;2018;realizado;0.0;1054389.04;;Locadoras;Movida
21.314.559/0001-66;MOVIDA PARTICIPACOES SA;Conselho de Administração;2015;0.0;0.0;0.0;;1.5;0.0;-1.5;-100.0;2015;2018;realizado;0.0;;;Locadoras;Movida
21.314.559/0001-66;MOVIDA PARTICIPACOES SA;Conselho Fiscal;2015;0.0;0.0;0.0;;0.0;0.0;0.0;;2015;2018;realizado;;;;Locadoras;Movida
21.314.559/0001-66;MOVIDA PARTICIPACOES SA;Diretoria Estatutária;2016;;2630673.96;;;;2.0;;;;2019;so realizado;;1315336.98;;Locadoras;Movida
21.314.559/0001-66;MOVIDA PARTICIPACOES SA;Conselho de Administração;2016;;0.0;;;;0.0;;;;2019;so realizado;;;;Locadoras;Movida
21.314.559/0001-66;MOVIDA PARTICIPACOES SA;Conselho Fiscal;2016;;0.0;;;;0.0;;;;2019;so realizado;;;;Locadoras;Movida
21.314.559/0001-66;MOVIDA PARTICIPACOES SA;Diretoria Estatutária;2017;;7333474.36;;;;2.0;;;;2020;so realizado;;3666737.18;;Locadoras;Movida
21.314.559/0001-66;MOVIDA PARTICIPACOES SA;Conselho de Administração;2017;;1783512.0;;;;5.0;;;;2020;so realizado;;356702.4;;Locadoras;Movida
21.314.559/0001-66;MOVIDA PARTICIPACOES SA;Conselho Fiscal;2017;;802872.0;;;;3.0;;;;2020;so realizado;;267624.0;;Locadoras;Movida
21.314.559/0001-66;MOVIDA PARTICIPACOES SA;Diretoria Estatutária;2018;6110764.36;11706916.13;5596151.7700000005;91.57858886903634;5.0;5.17;0.16999999999999993;3.3999999999999986;2018;2021;realizado;1222152.872;2264393.835589942;85.2790994864955;Locadoras;Movida
21.314.559/0001-66;MOVIDA PARTICIPACOES SA;Conselho de Administração;2018;2271024.0;2767575.46;496551.45999999996;21.864650483658473;5.0;5.0;0.0;0.0;2018;2021;realizado;454204.8;553515.092;21.864650483658465;Locadoras;Movida
21.314.559/0001-66;MOVIDA PARTICIPACOES SA;Conselho Fiscal;2018;315360.0;310210.02;-5149.979999999981;-1.6330479452054736;3.0;3.0;0.0;0.0;2018;2021;realizado;105120.0;103403.34000000001;-1.633047945205468;Locadoras;Movida
21.314.559/0001-66;MOVIDA PARTICIPACOES SA;Diretoria Estatutária;2019;17173629.25;12318674.29;-4854954.960000001;-28.269825144851087;5.83;4.92;-0.9100000000000001;-15.60891938250429;2019;2022;realizado;2945734.0051457975;2503795.587398374;-15.002658657415003;Locadoras;Movida
21.314.559/0001-66;MOVIDA PARTICIPACOES SA;Conselho de Administração;2019;2767575.46;2957175.46;189600.0;6.850761713286762;5.0;5.25;0.25;5.0;2019;2022;realizado;553515.092;563271.5161904761;1.7626302031302554;Locadoras;Movida
21.314.559/0001-66;MOVIDA PARTICIPACOES SA;Conselho Fiscal;2019;324820.8;317358.4;-7462.399999999965;-2.2973898223266382;3.0;3.08;0.08000000000000007;2.666666666666669;2019;2022;realizado;108273.59999999999;103038.44155844157;-4.835119956811651;Locadoras;Movida
21.314.559/0001-66;MOVIDA PARTICIPACOES SA;Diretoria Estatutária;2020;13353965.68;13626036.84;272071.16000000015;2.037381003663027;5.5;6.0;0.5;9.090909090909092;2020;2023;realizado;2427993.76;2271006.14;-6.465734079975549;Locadoras;Movida
21.314.559/0001-66;MOVIDA PARTICIPACOES SA;Conselho de Administração;2020;3050705.21;2969175.46;-81529.75;-2.6724886341935346;5.0;5.0;0.0;0.0;2020;2023;realizado;610141.042;593835.092;-2.6724886341935483;Locadoras;Movida
21.314.559/0001-66;MOVIDA PARTICIPACOES SA;Conselho Fiscal;2020;366957.22;150750.0;-216207.21999999997;-58.918917033435115;3.0;1.0;-2.0;-66.66666666666667;2020;2023;realizado;122319.07333333332;150750.0;23.243248899694645;Locadoras;Movida
21.314.559/0001-66;MOVIDA PARTICIPACOES SA;Diretoria Estatutária;2021;23687220.85;11845231.61;-11841989.240000002;-49.993155866573524;7.25;4.42;-2.83;-39.03448275862069;2021;2024;realizado;3267202.875862069;2679916.6538461535;-17.97519910241132;Locadoras;Movida
21.314.559/0001-66;MOVIDA PARTICIPACOES SA;Conselho de Administração;2021;3051653.92;2474312.88;-577341.04;-18.918955266067655;5.0;5.0;0.0;0.0;2021;2024;realizado;610330.784;494862.576;-18.91895526606765;Locadoras;Movida
21.314.559/0001-66;MOVIDA PARTICIPACOES SA;Conselho Fiscal;2021;0.0;197838.06;197838.06;;0.0;2.0;2.0;;2021;2024;realizado;;98919.03;;Locadoras;Movida
21.314.559/0001-66;MOVIDA PARTICIPACOES SA;Diretoria Estatutária;2022;;19077930.19;;;;5.75;;;;2025;so realizado;;3317900.902608696;;Locadoras;Movida
21.314.559/0001-66;MOVIDA PARTICIPACOES SA;Conselho de Administração;2022;;2474312.88;;;;5.0;;;;2025;so realizado;;494862.576;;Locadoras;Movida
21.314.559/0001-66;MOVIDA PARTICIPACOES SA;Conselho Fiscal;2022;;308824.96;;;;3.08;;;;2025;so realizado;;100267.84415584416;;Locadoras;Movida
21.314.559/0001-66;MOVIDA PARTICIPACOES SA;Diretoria Estatutária;2023;27189687.11;10593118.69;-16596568.42;-61.03993897706901;6.0;4.25;-1.75;-29.166666666666668;2023;2026;realizado;4531614.518333334;2492498.5152941174;-44.99756090880332;Locadoras;Movida
21.314.559/0001-66;MOVIDA PARTICIPACOES SA;Conselho de Administração;2023;2474312.88;2336175.07;-138137.81000000006;-5.582875598174151;5.0;5.0;0.0;0.0;2023;2026;realizado;494862.576;467235.01399999997;-5.582875598174153;Locadoras;Movida
21.314.559/0001-66;MOVIDA PARTICIPACOES SA;Conselho Fiscal;2023;336000.0;315289.28;-20710.719999999972;-6.163904761904754;3.0;2.92;-0.08000000000000007;-2.666666666666669;2023;2026;realizado;112000.0;107975.78082191783;-3.593052837573374;Locadoras;Movida
21.314.559/0001-66;MOVIDA PARTICIPACOES SA;Diretoria Estatutária;2024;27355204.2;8338719.89;-19016484.31;-69.51687938779853;4.0;3.42;-0.5800000000000001;-14.500000000000002;2024;2026;realizado;6838801.05;2438222.1900584796;-64.34722735415033;Locadoras;Movida
21.314.559/0001-66;MOVIDA PARTICIPACOES SA;Conselho de Administração;2024;2308795.8;2308795.8;0.0;0.0;5.0;5.0;0.0;0.0;2024;2026;realizado;461759.16;461759.16;0.0;Locadoras;Movida
21.314.559/0001-66;MOVIDA PARTICIPACOES SA;Conselho Fiscal;2024;0.0;111737.52;111737.52;;0.0;1.0;1.0;;2024;2026;realizado;;111737.52;;Locadoras;Movida
21.314.559/0001-66;MOVIDA PARTICIPACOES SA;Diretoria Estatutária;2025;27691204.2;15290570.41;-12400633.79;-44.78185094601267;4.0;4.17;0.16999999999999993;4.249999999999998;2025;2026;realizado;6922801.05;3666803.4556354918;-47.032950547733975;Locadoras;Movida
21.314.559/0001-66;MOVIDA PARTICIPACOES SA;Conselho de Administração;2025;2308795.8;2308795.8;0.0;0.0;5.0;5.0;0.0;0.0;2025;2026;realizado;461759.16;461759.16;0.0;Locadoras;Movida
21.314.559/0001-66;MOVIDA PARTICIPACOES SA;Conselho Fiscal;2025;0.0;0.0;0.0;;0.0;0.0;0.0;;2025;2026;realizado;;;;Locadoras;Movida
21.314.559/0001-66;MOVIDA PARTICIPACOES SA;Diretoria Estatutária;2026;32691204.2;;;;4.0;;;;2026;;so previsao;8172801.05;;;Locadoras;Movida
21.314.559/0001-66;MOVIDA PARTICIPACOES SA;Conselho de Administração;2026;2308795.8;;;;5.0;;;;2026;;so previsao;461759.16;;;Locadoras;Movida
21.314.559/0001-66;MOVIDA PARTICIPACOES SA;Conselho Fiscal;2026;0.0;;;;0.0;;;;2026;;so previsao;;;;Locadoras;Movida
08.343.492/0001-20;MRV ENGENHARIA E PARTICIPACOES S.A.;Diretoria Estatutária;2008;;5834000.0;;;;7.0;;;;2010;so realizado;;833428.5714285715;;RealEstate;MRV
08.343.492/0001-20;MRV ENGENHARIA E PARTICIPACOES S.A.;Conselho de Administração;2008;;478000.0;;;;7.0;;;;2010;so realizado;;68285.71428571429;;RealEstate;MRV
08.343.492/0001-20;MRV ENGENHARIA E PARTICIPACOES S.A.;Diretoria Estatutária;2009;;5989000.0;;;;7.0;;;;2012;so realizado;;855571.4285714285;;RealEstate;MRV
08.343.492/0001-20;MRV ENGENHARIA E PARTICIPACOES S.A.;Conselho de Administração;2009;;555000.0;;;;7.0;;;;2012;so realizado;;79285.71428571429;;RealEstate;MRV
08.343.492/0001-20;MRV ENGENHARIA E PARTICIPACOES S.A.;Diretoria Estatutária;2010;;9587000.0;;;;11.67;;;;2013;so realizado;;821508.1405312768;;RealEstate;MRV
08.343.492/0001-20;MRV ENGENHARIA E PARTICIPACOES S.A.;Conselho de Administração;2010;;806000.0;;;;7.0;;;;2013;so realizado;;115142.85714285714;;RealEstate;MRV
08.343.492/0001-20;MRV ENGENHARIA E PARTICIPACOES S.A.;Diretoria Estatutária;2011;11926000.0;11883200.0;-42800.0;-0.3588797585108167;12.0;12.0;0.0;0.0;2011;2014;realizado;993833.3333333334;990266.6666666666;-0.35887975851082166;RealEstate;MRV
08.343.492/0001-20;MRV ENGENHARIA E PARTICIPACOES S.A.;Conselho de Administração;2011;840000.0;1008000.0;168000.0;20.0;7.0;7.0;0.0;0.0;2011;2014;realizado;120000.0;144000.0;19.999999999999996;RealEstate;MRV
08.343.492/0001-20;MRV ENGENHARIA E PARTICIPACOES S.A.;Diretoria Estatutária;2012;12199000.0;8271800.0;-3927200.0;-32.192802688744976;12.0;11.25;-0.75;-6.25;2012;2015;realizado;1016583.3333333334;735271.1111111111;-27.672322867994648;RealEstate;MRV
08.343.492/0001-20;MRV ENGENHARIA E PARTICIPACOES S.A.;Conselho de Administração;2012;906000.0;1084800.0;178800.0;19.735099337748345;7.0;7.0;0.0;0.0;2012;2015;realizado;129428.57142857143;154971.42857142858;19.735099337748352;RealEstate;MRV
08.343.492/0001-20;MRV ENGENHARIA E PARTICIPACOES S.A.;Diretoria Estatutária;2013;12331000.0;13635598.0;1304598.0;10.579823209796448;11.0;11.0;0.0;0.0;2013;2016;realizado;1121000.0;1239599.8181818181;10.579823209796446;RealEstate;MRV
08.343.492/0001-20;MRV ENGENHARIA E PARTICIPACOES S.A.;Conselho de Administração;2013;960000.0;1152032.0;192032.0;20.003333333333334;7.0;7.0;0.0;0.0;2013;2016;realizado;137142.85714285713;164576.0;20.00333333333335;RealEstate;MRV
08.343.492/0001-20;MRV ENGENHARIA E PARTICIPACOES S.A.;Conselho Fiscal;2013;;0.0;;;;0.0;;;;2016;so realizado;;;;RealEstate;MRV
08.343.492/0001-20;MRV ENGENHARIA E PARTICIPACOES S.A.;Diretoria Estatutária;2014;14479252.0;13345272.0;-1133980.0;-7.8317581598828445;10.0;10.2;0.1999999999999993;1.999999999999993;2014;2017;realizado;1447925.2;1308360.0;-9.638978588120429;RealEstate;MRV
08.343.492/0001-20;MRV ENGENHARIA E PARTICIPACOES S.A.;Conselho de Administração;2014;5072682.0;3918046.0;-1154636.0;-22.761844720406287;7.0;6.7;-0.2999999999999998;-4.285714285714283;2014;2017;realizado;724668.8571428572;584782.9850746269;-19.303419857140902;RealEstate;MRV
08.343.492/0001-20;MRV ENGENHARIA E PARTICIPACOES S.A.;Conselho Fiscal;2014;0.0;;;;0.0;;;;2014;;so previsao;;;;RealEstate;MRV
08.343.492/0001-20;MRV ENGENHARIA E PARTICIPACOES S.A.;Diretoria Estatutária;2015;16520980.0;13102318.0;-3418662.0;-20.692852361058485;9.0;9.0;0.0;0.0;2015;2018;realizado;1835664.4444444445;1455813.111111111;-20.69285236105849;RealEstate;MRV
08.343.492/0001-20;MRV ENGENHARIA E PARTICIPACOES S.A.;Conselho de Administração;2015;4656599.0;5875104.0;1218505.0;26.167273583145125;7.0;7.0;0.0;0.0;2015;2018;realizado;665228.4285714285;839300.5714285715;26.167273583145146;RealEstate;MRV
08.343.492/0001-20;MRV ENGENHARIA E PARTICIPACOES S.A.;Diretoria Estatutária;2016;15792398.0;14123268.0;-1669130.0;-10.569199180517106;9.0;9.0;0.0;0.0;2016;2019;realizado;1754710.888888889;1569252.0;-10.569199180517108;RealEstate;MRV
08.343.492/0001-20;MRV ENGENHARIA E PARTICIPACOES S.A.;Conselho de Administração;2016;7391039.0;7177626.0;-213413.0;-2.8874560126120294;7.0;7.0;0.0;0.0;2016;2019;realizado;1055862.7142857143;1025375.1428571428;-2.887456012612033;RealEstate;MRV
08.343.492/0001-20;MRV ENGENHARIA E PARTICIPACOES S.A.;Diretoria Estatutária;2017;15896712.0;17390792.0;1494080.0;9.398673134419244;9.0;9.0;0.0;0.0;2017;2020;realizado;1766301.3333333333;1932310.2222222222;9.398673134419244;RealEstate;MRV
08.343.492/0001-20;MRV ENGENHARIA E PARTICIPACOES S.A.;Conselho de Administração;2017;8021388.0;8381867.0;360479.0;4.493972863549301;7.0;7.0;0.0;0.0;2017;2020;realizado;1145912.5714285714;1197409.5714285714;4.4939728635493115;RealEstate;MRV
08.343.492/0001-20;MRV ENGENHARIA E PARTICIPACOES S.A.;Diretoria Estatutária;2018;18888299.0;18888299.0;0.0;0.0;9.0;9.0;0.0;0.0;2018;2021;realizado;2098699.888888889;2098699.888888889;0.0;RealEstate;MRV
08.343.492/0001-20;MRV ENGENHARIA E PARTICIPACOES S.A.;Conselho de Administração;2018;9168484.0;9168485.0;1.0;1.0906928560926758e-05;8.0;8.0;0.0;0.0;2018;2021;realizado;1146060.5;1146060.625;1.0906928560316942e-05;RealEstate;MRV
08.343.492/0001-20;MRV ENGENHARIA E PARTICIPACOES S.A.;Conselho Fiscal;2018;228181.0;228181.0;0.0;0.0;3.0;3.0;0.0;0.0;2018;2021;realizado;76060.33333333333;76060.33333333333;0.0;RealEstate;MRV
08.343.492/0001-20;MRV ENGENHARIA E PARTICIPACOES S.A.;Diretoria Estatutária;2019;23869829.0;23225713.0;-644116.0;-2.6984525109082265;10.0;10.0;0.0;0.0;2019;2022;realizado;2386982.9;2322571.3;-2.6984525109082336;RealEstate;MRV
08.343.492/0001-20;MRV ENGENHARIA E PARTICIPACOES S.A.;Conselho de Administração;2019;12795371.0;13301147.0;505776.0;3.9528044946879617;7.0;8.0;1.0;14.285714285714286;2019;2022;realizado;1827910.142857143;1662643.375;-9.041296067148041;RealEstate;MRV
08.343.492/0001-20;MRV ENGENHARIA E PARTICIPACOES S.A.;Conselho Fiscal;2019;334800.0;374598.0;39798.0;11.887096774193548;3.0;3.0;0.0;0.0;2019;2022;realizado;111600.0;124866.0;11.887096774193552;RealEstate;MRV
08.343.492/0001-20;MRV ENGENHARIA E PARTICIPACOES S.A.;Diretoria Estatutária;2020;24485607.0;19320171.37;-5165435.629999999;-21.095803873679746;10.0;8.0;-2.0;-20.0;2020;2023;realizado;2448560.7;2415021.42125;-1.3697548420996908;RealEstate;MRV
08.343.492/0001-20;MRV ENGENHARIA E PARTICIPACOES S.A.;Conselho de Administração;2020;15139795.0;15113142.91;-26652.08999999985;-0.17603996619504989;8.0;8.0;0.0;0.0;2020;2023;realizado;1892474.375;1889142.86375;-0.1760399661950518;RealEstate;MRV
08.343.492/0001-20;MRV ENGENHARIA E PARTICIPACOES S.A.;Conselho Fiscal;2020;374598.0;252000.0;-122598.0;-32.72788429196098;3.0;3.0;0.0;0.0;2020;2023;realizado;124866.0;84000.0;-32.72788429196098;RealEstate;MRV
08.343.492/0001-20;MRV ENGENHARIA E PARTICIPACOES S.A.;Diretoria Estatutária;2021;10776756.77;21269063.0;10492306.23;97.36051814037555;8.08;7.0;-1.08;-13.366336633663366;2021;2024;realizado;1333757.025990099;3038437.5714285714;127.81042665346205;RealEstate;MRV
08.343.492/0001-20;MRV ENGENHARIA E PARTICIPACOES S.A.;Conselho de Administração;2021;13991836.8;12549085.0;-1442751.8000000007;-10.311382419783516;8.0;7.58;-0.41999999999999993;-5.249999999999999;2021;2024;realizado;1748979.6;1655552.1108179418;-5.341828411381022;RealEstate;MRV
08.343.492/0001-20;MRV ENGENHARIA E PARTICIPACOES S.A.;Conselho Fiscal;2021;277200.0;252000.0;-25200.0;-9.090909090909092;3.0;3.0;0.0;0.0;2021;2024;realizado;92400.0;84000.0;-9.090909090909093;RealEstate;MRV
08.343.492/0001-20;MRV ENGENHARIA E PARTICIPACOES S.A.;Diretoria Estatutária;2022;23395969.0;18758675.0;-4637294.0;-19.820910174739932;7.0;7.0;0.0;0.0;2022;2025;realizado;3342281.285714286;2679810.714285714;-19.820910174739936;RealEstate;MRV
08.343.492/0001-20;MRV ENGENHARIA E PARTICIPACOES S.A.;Conselho de Administração;2022;13803993.0;13939995.0;136002.0;0.9852366630438019;7.0;6.92;-0.08000000000000007;-1.142857142857144;2022;2025;realizado;1971999.0;2014450.1445086705;2.1526960464316014;RealEstate;MRV
08.343.492/0001-20;MRV ENGENHARIA E PARTICIPACOES S.A.;Conselho Fiscal;2022;277200.0;246233.0;-30967.0;-11.171356421356421;3.0;3.0;0.0;0.0;2022;2025;realizado;92400.0;82077.66666666667;-11.171356421356416;RealEstate;MRV
08.343.492/0001-20;MRV ENGENHARIA E PARTICIPACOES S.A.;Diretoria Estatutária;2023;31988227.0;32242324.0;254097.0;0.794345369626144;8.25;7.92;-0.33000000000000007;-4.000000000000001;2023;2026;realizado;3877360.8484848486;4071000.505050505;4.994109760027232;RealEstate;MRV
08.343.492/0001-20;MRV ENGENHARIA E PARTICIPACOES S.A.;Conselho de Administração;2023;15362466.0;15010697.0;-351769.0;-2.289795140962395;7.0;7.0;0.0;0.0;2023;2026;realizado;2194638.0;2144385.285714286;-2.2897951409623807;RealEstate;MRV
08.343.492/0001-20;MRV ENGENHARIA E PARTICIPACOES S.A.;Conselho Fiscal;2023;252000.0;252000.0;0.0;0.0;3.0;2.58;-0.41999999999999993;-13.999999999999998;2023;2026;realizado;84000.0;97674.41860465116;16.279069767441868;RealEstate;MRV
08.343.492/0001-20;MRV ENGENHARIA E PARTICIPACOES S.A.;Diretoria Estatutária;2024;39633503.0;38307294.0;-1326209.0;-3.346181638297276;9.0;9.0;0.0;0.0;2024;2026;realizado;4403722.555555556;4256366.0;-3.3461816382972853;RealEstate;MRV
08.343.492/0001-20;MRV ENGENHARIA E PARTICIPACOES S.A.;Conselho de Administração;2024;15010697.0;15128438.0;117741.0;0.7843806320252817;7.0;7.5;0.5;7.142857142857143;2024;2026;realizado;2144385.285714286;2017125.0666666667;-5.934578076776409;RealEstate;MRV
08.343.492/0001-20;MRV ENGENHARIA E PARTICIPACOES S.A.;Conselho Fiscal;2024;252000.0;252000.0;0.0;0.0;3.0;3.0;0.0;0.0;2024;2026;realizado;84000.0;84000.0;0.0;RealEstate;MRV
08.343.492/0001-20;MRV ENGENHARIA E PARTICIPACOES S.A.;Diretoria Estatutária;2025;48368614.0;37933801.0;-10434813.0;-21.573520795944248;9.0;9.0;0.0;0.0;2025;2026;realizado;5374290.444444444;4214866.777777778;-21.573520795944233;RealEstate;MRV
08.343.492/0001-20;MRV ENGENHARIA E PARTICIPACOES S.A.;Conselho de Administração;2025;15834460.0;15238365.0;-596095.0;-3.764542649386212;8.0;8.0;0.0;0.0;2025;2026;realizado;1979307.5;1904795.625;-3.7645426493862155;RealEstate;MRV
08.343.492/0001-20;MRV ENGENHARIA E PARTICIPACOES S.A.;Conselho Fiscal;2025;427200.0;296733.0;-130467.0;-30.54002808988764;3.0;3.0;0.0;0.0;2025;2026;realizado;142400.0;98911.0;-30.540028089887638;RealEstate;MRV
08.343.492/0001-20;MRV ENGENHARIA E PARTICIPACOES S.A.;Diretoria Estatutária;2026;51018810.0;;;;9.0;;;;2026;;so previsao;5668756.666666667;;;RealEstate;MRV
08.343.492/0001-20;MRV ENGENHARIA E PARTICIPACOES S.A.;Conselho de Administração;2026;16004740.0;;;;8.0;;;;2026;;so previsao;2000592.5;;;RealEstate;MRV
08.343.492/0001-20;MRV ENGENHARIA E PARTICIPACOES S.A.;Conselho Fiscal;2026;514800.0;;;;3.0;;;;2026;;so previsao;171600.0;;;RealEstate;MRV
07.816.890/0001-53;MULTIPLAN - EMPREEND IMOBILIARIOS S.A.;Diretoria Estatutária;2009;;10641000.0;;;;5.0;;;;2012;so realizado;;2128200.0;;Malls;Multiplan
07.816.890/0001-53;MULTIPLAN - EMPREEND IMOBILIARIOS S.A.;Conselho de Administração;2009;;1856000.0;;;;3.0;;;;2012;so realizado;;618666.6666666666;;Malls;Multiplan
07.816.890/0001-53;MULTIPLAN - EMPREEND IMOBILIARIOS S.A.;Diretoria Estatutária;2010;13159000.0;15376462.34;2217462.34;16.851298274944906;5.0;5.0;0.0;0.0;2010;2013;realizado;2631800.0;3075292.468;16.85129827494489;Malls;Multiplan
07.816.890/0001-53;MULTIPLAN - EMPREEND IMOBILIARIOS S.A.;Conselho de Administração;2010;2075000.0;2478925.06;403925.06000000006;19.466267951807232;3.0;7.0;4.0;133.33333333333334;2010;2013;realizado;691666.6666666666;354132.15142857144;-48.8001708777969;Malls;Multiplan
07.816.890/0001-53;MULTIPLAN - EMPREEND IMOBILIARIOS S.A.;Diretoria Estatutária;2011;16093000.0;18296586.84;2203586.84;13.6928281861679;5.0;5.0;0.0;0.0;2011;2014;realizado;3218600.0;3659317.368;13.692828186167883;Malls;Multiplan
07.816.890/0001-53;MULTIPLAN - EMPREEND IMOBILIARIOS S.A.;Conselho de Administração;2011;2416000.0;2743639.92;327639.9199999999;13.561254966887414;3.0;7.0;4.0;133.33333333333334;2011;2014;realizado;805333.3333333334;391948.56;-51.33089072847683;Malls;Multiplan
07.816.890/0001-53;MULTIPLAN - EMPREEND IMOBILIARIOS S.A.;Diretoria Estatutária;2012;18282700.51;19852735.55;1570035.039999999;8.587544488524792;5.0;5.0;0.0;0.0;2012;2015;realizado;3656540.1020000004;3970547.1100000003;8.58754448852479;Malls;Multiplan
07.816.890/0001-53;MULTIPLAN - EMPREEND IMOBILIARIOS S.A.;Conselho de Administração;2012;3035521.53;3173722.73;138201.2000000002;4.5527992021852075;3.0;6.75;3.75;125.0;2012;2015;realizado;1011840.5099999999;470181.1451851852;-53.53208924347324;Malls;Multiplan
07.816.890/0001-53;MULTIPLAN - EMPREEND IMOBILIARIOS S.A.;Diretoria Estatutária;2013;26520171.21;23510712.28;-3009458.9299999997;-11.347811091299512;5.0;5.0;0.0;0.0;2013;2016;realizado;5304034.242000001;4702142.456;-11.34781109129952;Malls;Multiplan
07.816.890/0001-53;MULTIPLAN - EMPREEND IMOBILIARIOS S.A.;Conselho de Administração;2013;4500372.24;3613292.31;-887079.9300000002;-19.711256818169336;7.0;7.0;0.0;0.0;2013;2016;realizado;642910.3200000001;516184.6157142857;-19.711256818169343;Malls;Multiplan
07.816.890/0001-53;MULTIPLAN - EMPREEND IMOBILIARIOS S.A.;Diretoria Estatutária;2014;27521192.0;25870922.95;-1650269.0500000007;-5.9963574615518125;5.0;5.0;0.0;0.0;2014;2017;realizado;5504238.4;5174184.59;-5.996357461551815;Malls;Multiplan
07.816.890/0001-53;MULTIPLAN - EMPREEND IMOBILIARIOS S.A.;Conselho de Administração;2014;3277208.0;2035822.81;-1241385.19;-37.87935309568389;7.0;7.0;0.0;0.0;2014;2017;realizado;468172.5714285714;290831.83;-37.87935309568389;Malls;Multiplan
07.816.890/0001-53;MULTIPLAN - EMPREEND IMOBILIARIOS S.A.;Diretoria Estatutária;2015;32977456.02;28755364.9;-4222091.120000001;-12.802961870192197;5.0;5.0;0.0;0.0;2015;2018;realizado;6595491.204;5751072.9799999995;-12.802961870192197;Malls;Multiplan
07.816.890/0001-53;MULTIPLAN - EMPREEND IMOBILIARIOS S.A.;Conselho de Administração;2015;1632000.0;1350063.15;-281936.8500000001;-17.27554227941177;7.0;7.0;0.0;0.0;2015;2018;realizado;233142.85714285713;192866.16428571427;-17.27554227941177;Malls;Multiplan
07.816.890/0001-53;MULTIPLAN - EMPREEND IMOBILIARIOS S.A.;Diretoria Estatutária;2016;34994348.15;30786958.68;-4207389.469999999;-12.023054271408107;5.0;5.0;0.0;0.0;2016;2019;realizado;6998869.63;6157391.736;-12.023054271408117;Malls;Multiplan
07.816.890/0001-53;MULTIPLAN - EMPREEND IMOBILIARIOS S.A.;Conselho de Administração;2016;1795200.0;1440000.0;-355200.0;-19.78609625668449;7.0;7.0;0.0;0.0;2016;2019;realizado;256457.14285714287;205714.2857142857;-19.786096256684495;Malls;Multiplan
07.816.890/0001-53;MULTIPLAN - EMPREEND IMOBILIARIOS S.A.;Diretoria Estatutária;2017;36180400.0;49130193.16;12949793.159999996;35.79228853191229;5.0;5.0;0.0;0.0;2017;2020;realizado;7236080.0;9826038.632;35.7922885319123;Malls;Multiplan
07.816.890/0001-53;MULTIPLAN - EMPREEND IMOBILIARIOS S.A.;Conselho de Administração;2017;1795200.0;1440000.0;-355200.0;-19.78609625668449;7.0;7.0;0.0;0.0;2017;2020;realizado;256457.14285714287;205714.2857142857;-19.786096256684495;Malls;Multiplan
07.816.890/0001-53;MULTIPLAN - EMPREEND IMOBILIARIOS S.A.;Diretoria Estatutária;2018;49648712.07;24441047.21;-25207664.86;-50.77204182952333;5.0;5.0;0.0;0.0;2018;2021;realizado;9929742.414;4888209.442;-50.77204182952334;Malls;Multiplan
07.816.890/0001-53;MULTIPLAN - EMPREEND IMOBILIARIOS S.A.;Conselho de Administração;2018;1795200.0;1075000.0;-720200.0;-40.1180926916221;7.0;7.0;0.0;0.0;2018;2021;realizado;256457.14285714287;153571.42857142858;-40.118092691622095;Malls;Multiplan
07.816.890/0001-53;MULTIPLAN - EMPREEND IMOBILIARIOS S.A.;Conselho Fiscal;2018;576000.0;475333.34;-100666.65999999997;-17.47685069444444;2.0;2.0;0.0;0.0;2018;2021;realizado;288000.0;237666.67;-17.476850694444433;Malls;Multiplan
07.816.890/0001-53;MULTIPLAN - EMPREEND IMOBILIARIOS S.A.;Diretoria Estatutária;2019;50491753.85;50363184.0;-128569.85000000149;-0.25463534180641556;5.67;5.67;0.0;0.0;2019;2022;realizado;8905071.22574956;8882395.767195767;-0.25463534180641956;Malls;Multiplan
07.816.890/0001-53;MULTIPLAN - EMPREEND IMOBILIARIOS S.A.;Conselho de Administração;2019;1488000.0;900000.0;-588000.0;-39.516129032258064;7.0;7.0;0.0;0.0;2019;2022;realizado;212571.42857142858;128571.42857142857;-39.51612903225807;Malls;Multiplan
07.816.890/0001-53;MULTIPLAN - EMPREEND IMOBILIARIOS S.A.;Conselho Fiscal;2019;892800.0;720000.0;-172800.0;-19.35483870967742;3.0;3.0;0.0;0.0;2019;2022;realizado;297600.0;240000.0;-19.354838709677423;Malls;Multiplan
07.816.890/0001-53;MULTIPLAN - EMPREEND IMOBILIARIOS S.A.;Diretoria Estatutária;2020;38560000.0;32403687.28;-6156312.719999999;-15.965541286307051;6.0;6.0;0.0;0.0;2020;2023;realizado;6426666.666666667;5400614.546666667;-15.965541286307051;Malls;Multiplan
07.816.890/0001-53;MULTIPLAN - EMPREEND IMOBILIARIOS S.A.;Conselho de Administração;2020;1440000.0;800000.0;-640000.0;-44.44444444444444;7.0;7.0;0.0;0.0;2020;2023;realizado;205714.2857142857;114285.71428571429;-44.44444444444444;Malls;Multiplan
07.816.890/0001-53;MULTIPLAN - EMPREEND IMOBILIARIOS S.A.;Conselho Fiscal;2020;898560.0;600000.0;-298560.0;-33.22649572649573;3.0;3.0;0.0;0.0;2020;2023;realizado;299520.0;200000.0;-33.22649572649573;Malls;Multiplan
07.816.890/0001-53;MULTIPLAN - EMPREEND IMOBILIARIOS S.A.;Diretoria Estatutária;2021;44914102.82;39357442.01;-5556660.810000002;-12.37175065539916;6.0;6.0;0.0;0.0;2021;2024;realizado;7485683.803333334;6559573.668333333;-12.371750655399161;Malls;Multiplan
07.816.890/0001-53;MULTIPLAN - EMPREEND IMOBILIARIOS S.A.;Conselho de Administração;2021;975000.0;900000.0;-75000.0;-7.6923076923076925;7.0;7.0;0.0;0.0;2021;2024;realizado;139285.7142857143;128571.42857142857;-7.692307692307699;Malls;Multiplan
07.816.890/0001-53;MULTIPLAN - EMPREEND IMOBILIARIOS S.A.;Conselho Fiscal;2021;780000.0;720000.0;-60000.0;-7.6923076923076925;3.0;3.0;0.0;0.0;2021;2024;realizado;260000.0;240000.0;-7.692307692307687;Malls;Multiplan
07.816.890/0001-53;MULTIPLAN - EMPREEND IMOBILIARIOS S.A.;Diretoria Estatutária;2022;45341370.51;43152864.34;-2188506.1699999943;-4.826731405300864;6.0;6.0;0.0;0.0;2022;2025;realizado;7556895.085;7192144.056666668;-4.826731405300865;Malls;Multiplan
07.816.890/0001-53;MULTIPLAN - EMPREEND IMOBILIARIOS S.A.;Conselho de Administração;2022;900000.0;960000.0;60000.0;6.666666666666667;7.0;7.0;0.0;0.0;2022;2025;realizado;128571.42857142857;137142.85714285713;6.666666666666665;Malls;Multiplan
07.816.890/0001-53;MULTIPLAN - EMPREEND IMOBILIARIOS S.A.;Conselho Fiscal;2022;240000.0;240000.0;0.0;0.0;1.0;1.0;0.0;0.0;2022;2025;realizado;240000.0;240000.0;0.0;Malls;Multiplan
07.816.890/0001-53;MULTIPLAN - EMPREEND IMOBILIARIOS S.A.;Diretoria Estatutária;2023;54549733.99;50009312.14;-4540421.8500000015;-8.323453696093818;5.92;5.92;0.0;0.0;2023;2026;realizado;9214482.092905406;8447518.942567568;-8.323453696093818;Malls;Multiplan
07.816.890/0001-53;MULTIPLAN - EMPREEND IMOBILIARIOS S.A.;Conselho de Administração;2023;7465956.21;7407160.86;-58795.34999999963;-0.7875126553950097;7.0;7.0;0.0;0.0;2023;2026;realizado;1066565.1728571428;1058165.8371428573;-0.7875126553949952;Malls;Multiplan
07.816.890/0001-53;MULTIPLAN - EMPREEND IMOBILIARIOS S.A.;Conselho Fiscal;2023;370329.4;328896.45;-41432.95000000001;-11.188134131397616;2.0;2.0;0.0;0.0;2023;2026;realizado;185164.7;164448.225;-11.18813413139762;Malls;Multiplan
07.816.890/0001-53;MULTIPLAN - EMPREEND IMOBILIARIOS S.A.;Diretoria Estatutária;2024;66775180.36;65771267.1;-1003913.2599999979;-1.5034227606539974;6.0;6.0;0.0;0.0;2024;2026;realizado;11129196.726666667;10961877.85;-1.5034227606540052;Malls;Multiplan
07.816.890/0001-53;MULTIPLAN - EMPREEND IMOBILIARIOS S.A.;Conselho de Administração;2024;5660587.56;5285846.9;-374740.6599999992;-6.6201724825894095;7.0;6.83;-0.16999999999999993;-2.4285714285714275;2024;2026;realizado;808655.3657142856;773916.0907759883;-4.295930802068215;Malls;Multiplan
07.816.890/0001-53;MULTIPLAN - EMPREEND IMOBILIARIOS S.A.;Conselho Fiscal;2024;734832.04;714564.4;-20267.640000000014;-2.7581323209586794;3.67;3.67;0.0;0.0;2024;2026;realizado;200226.71389645778;194704.19618528613;-2.758132320958673;Malls;Multiplan
07.816.890/0001-53;MULTIPLAN - EMPREEND IMOBILIARIOS S.A.;Diretoria Estatutária;2025;74632882.12;72711248.07;-1921634.050000012;-2.5747820470208738;6.0;6.0;0.0;0.0;2025;2026;realizado;12438813.686666667;12118541.344999999;-2.5747820470208738;Malls;Multiplan
07.816.890/0001-53;MULTIPLAN - EMPREEND IMOBILIARIOS S.A.;Conselho de Administração;2025;4247396.51;4110102.0;-137294.50999999978;-3.232439205446345;6.75;6.75;0.0;0.0;2025;2026;realizado;629243.9274074073;608904.0;-3.232439205446336;Malls;Multiplan
07.816.890/0001-53;MULTIPLAN - EMPREEND IMOBILIARIOS S.A.;Conselho Fiscal;2025;850350.15;798676.4;-51673.75;-6.0767614376266055;4.0;4.0;0.0;0.0;2025;2026;realizado;212587.5375;199669.1;-6.07676143762661;Malls;Multiplan
07.816.890/0001-53;MULTIPLAN - EMPREEND IMOBILIARIOS S.A.;Diretoria Estatutária;2026;73198887.18;;;;6.0;;;;2026;;so previsao;12199814.530000001;;;Malls;Multiplan
07.816.890/0001-53;MULTIPLAN - EMPREEND IMOBILIARIOS S.A.;Conselho de Administração;2026;3225867.48;;;;7.0;;;;2026;;so previsao;460838.21142857143;;;Malls;Multiplan
07.816.890/0001-53;MULTIPLAN - EMPREEND IMOBILIARIOS S.A.;Conselho Fiscal;2026;692570.28;;;;3.25;;;;2026;;so previsao;213098.5476923077;;;Malls;Multiplan
71.673.990/0001-77;NATURA COSMÉTICOS S.A.;Diretoria Estatutária;2009;;9633492.0;;;;4.0;;;;2012;so realizado;;2408373.0;;Consumo;Natura
71.673.990/0001-77;NATURA COSMÉTICOS S.A.;Conselho de Administração;2009;;5497900.0;;;;7.0;;;;2012;so realizado;;785414.2857142857;;Consumo;Natura
71.673.990/0001-77;NATURA COSMÉTICOS S.A.;Diretoria Estatutária;2010;13168160.0;12122800.0;-1045360.0;-7.9385426665532615;4.0;4.0;0.0;0.0;2010;2013;realizado;3292040.0;3030700.0;-7.938542666553261;Consumo;Natura
71.673.990/0001-77;NATURA COSMÉTICOS S.A.;Conselho de Administração;2010;5250100.0;5332900.0;82800.0;1.5771128168987258;7.0;6.42;-0.5800000000000001;-8.285714285714286;2010;2013;realizado;750014.2857142857;830669.7819314642;10.753861326836622;Consumo;Natura
71.673.990/0001-77;NATURA COSMÉTICOS S.A.;Diretoria Estatutária;2011;14003070.0;9385300.0;-4617770.0;-32.976840078639896;4.0;4.0;0.0;0.0;2011;2014;realizado;3500767.5;2346325.0;-32.9768400786399;Consumo;Natura
71.673.990/0001-77;NATURA COSMÉTICOS S.A.;Conselho de Administração;2011;7500390.0;3786600.0;-3713790.0;-49.51462523948754;6.83;6.83;0.0;0.0;2011;2014;realizado;1098153.7335285505;554407.027818448;-49.51462523948754;Consumo;Natura
71.673.990/0001-77;NATURA COSMÉTICOS S.A.;Diretoria Estatutária;2012;16854700.0;15206700.0;-1648000.0;-9.777688122600818;4.0;4.0;0.0;0.0;2012;2015;realizado;4213675.0;3801675.0;-9.777688122600814;Consumo;Natura
71.673.990/0001-77;NATURA COSMÉTICOS S.A.;Conselho de Administração;2012;8004400.0;7997700.0;-6700.0;-0.08370396282044876;9.0;9.0;0.0;0.0;2012;2015;realizado;889377.7777777778;888633.3333333334;-0.08370396282043613;Consumo;Natura
71.673.990/0001-77;NATURA COSMÉTICOS S.A.;Diretoria Estatutária;2013;;13912500.0;;;;4.0;;;;2015;so realizado;;3478125.0;;Consumo;Natura
71.673.990/0001-77;NATURA COSMÉTICOS S.A.;Conselho de Administração;2013;;6541000.0;;;;9.0;;;;2015;so realizado;;726777.7777777778;;Consumo;Natura
71.673.990/0001-77;NATURA COSMÉTICOS S.A.;Diretoria Estatutária;2014;21795400.0;14926300.0;-6869100.0;-31.51628325242941;4.0;4.0;0.0;0.0;2014;2017;realizado;5448850.0;3731575.0;-31.51628325242941;Consumo;Natura
71.673.990/0001-77;NATURA COSMÉTICOS S.A.;Conselho de Administração;2014;9025800.0;6387000.0;-2638800.0;-29.23618958984245;8.25;8.25;0.0;0.0;2014;2017;realizado;1094036.3636363635;774181.8181818182;-29.236189589842443;Consumo;Natura
71.673.990/0001-77;NATURA COSMÉTICOS S.A.;Diretoria Estatutária;2015;52154208.82;27907200.0;-24247008.82;-46.49099155867513;9.0;6.17;-2.83;-31.444444444444443;2015;2018;realizado;5794912.091111111;4523047.001620745;-21.947961754955625;Consumo;Natura
71.673.990/0001-77;NATURA COSMÉTICOS S.A.;Conselho de Administração;2015;9164805.11;5744700.0;-3420105.1099999994;-37.317816025004376;9.0;8.42;-0.5800000000000001;-6.4444444444444455;2015;2018;realizado;1018311.6788888888;682268.4085510689;-33.00004088183365;Consumo;Natura
71.673.990/0001-77;NATURA COSMÉTICOS S.A.;Diretoria Estatutária;2016;52470400.0;32291100.0;-20179300.0;-38.458445142404095;6.17;7.1;0.9299999999999997;15.072933549432735;2016;2019;realizado;8504116.693679092;4548042.253521127;-46.519522046286376;Consumo;Natura
71.673.990/0001-77;NATURA COSMÉTICOS S.A.;Conselho de Administração;2016;12166900.0;7913300.0;-4253600.0;-34.960425416498865;8.42;8.8;0.3800000000000008;4.513064133016637;2016;2019;realizado;1445000.0;899238.6363636362;-37.768952500786426;Consumo;Natura
71.673.990/0001-77;NATURA COSMÉTICOS S.A.;Diretoria Estatutária;2017;51022000.0;47252000.0;-3770000.0;-7.388969464152718;6.1;6.4;0.3000000000000007;4.918032786885258;2017;2020;realizado;8364262.2950819675;7383125.0;-11.730111520520559;Consumo;Natura
71.673.990/0001-77;NATURA COSMÉTICOS S.A.;Conselho de Administração;2017;21391800.0;16000700.0;-5391100.0;-25.201712805841492;9.3;9.3;0.0;0.0;2017;2020;realizado;2300193.5483870967;1720505.376344086;-25.201712805841492;Consumo;Natura
71.673.990/0001-77;NATURA COSMÉTICOS S.A.;Diretoria Estatutária;2018;42414400.0;35294700.0;-7119700.0;-16.786044362292053;5.0;4.8;-0.20000000000000018;-4.0000000000000036;2018;2021;realizado;8482880.0;7353062.5;-13.318796210720885;Consumo;Natura
71.673.990/0001-77;NATURA COSMÉTICOS S.A.;Conselho de Administração;2018;34178100.0;38860500.0;4682400.0;13.700000877755054;10.0;9.2;-0.8000000000000007;-8.000000000000007;2018;2021;realizado;3417810.0;4223967.391304349;23.586957475820736;Consumo;Natura
71.673.990/0001-77;NATURA COSMÉTICOS S.A.;Diretoria Estatutária;2019;37893700.0;39893100.0;1999400.0;5.2763388109369105;5.0;5.0;0.0;0.0;2019;2022;realizado;7578740.0;7978620.0;5.27633881093692;Consumo;Natura
71.673.990/0001-77;NATURA COSMÉTICOS S.A.;Conselho de Administração;2019;52241400.0;57094200.0;4852800.0;9.289184439926954;10.0;9.67;-0.33000000000000007;-3.3000000000000007;2019;2022;realizado;5224140.0;5904260.599793175;13.018805005095091;Consumo;Natura
71.673.990/0001-77;NATURA COSMÉTICOS S.A.;Diretoria Estatutária;2020;31388000.0;38638000.0;7250000.0;23.097999235376577;5.0;5.0;0.0;0.0;2020;2023;realizado;6277600.0;7727600.0;23.097999235376587;Consumo;Natura
71.673.990/0001-77;NATURA COSMÉTICOS S.A.;Conselho de Administração;2020;0.0;2199600.0;2199600.0;;4.0;4.0;0.0;0.0;2020;2023;realizado;0.0;549900.0;;Consumo;Natura
71.673.990/0001-77;NATURA COSMÉTICOS S.A.;Diretoria Estatutária;2021;35051800.0;26831500.0;-8220300.0;-23.45186267181714;5.0;4.9;-0.09999999999999964;-1.999999999999993;2021;2024;realizado;7010360.0;5475816.326530612;-21.889655787568508;Consumo;Natura
71.673.990/0001-77;NATURA COSMÉTICOS S.A.;Conselho de Administração;2021;0.0;0.0;0.0;;0.0;0.0;0.0;;2021;2022;realizado;;;;Consumo;Natura
71.673.990/0001-77;NATURA COSMÉTICOS S.A.;Diretoria Estatutária;2022;30206000.0;29591217.1;-614782.8999999985;-2.035300602529294;5.0;4.2;-0.7999999999999998;-15.999999999999996;2022;2025;realizado;6041200.0;7045527.880952381;16.624642139846067;Consumo;Natura
71.673.990/0001-77;NATURA COSMÉTICOS S.A.;Conselho de Administração;2022;0.0;0.0;0.0;;0.0;3.67;3.67;;2022;2025;realizado;;0.0;;Consumo;Natura
71.673.990/0001-77;NATURA COSMÉTICOS S.A.;Conselho Fiscal;2022;;0.0;;;;0.0;;;;2025;so realizado;;;;Consumo;Natura
71.673.990/0001-77;NATURA COSMÉTICOS S.A.;Diretoria Estatutária;2023;32572521.0;30486378.27;-2086142.7300000004;-6.404609363825418;4.0;4.0;0.0;0.0;2023;2026;realizado;8143130.25;7621594.5675;-6.40460936382542;Consumo;Natura
71.673.990/0001-77;NATURA COSMÉTICOS S.A.;Conselho de Administração;2023;;0.0;;;;3.0;;;;2026;so realizado;;0.0;;Consumo;Natura
71.673.990/0001-77;NATURA COSMÉTICOS S.A.;Conselho Fiscal;2023;;0.0;;;;0.0;;;;2026;so realizado;;;;Consumo;Natura
71.673.990/0001-77;NATURA COSMÉTICOS S.A.;Diretoria Estatutária;2024;40861695.88;41235889.96;374194.0799999982;0.9157575865155164;4.0;4.17;0.16999999999999993;4.249999999999998;2024;2026;realizado;10215423.97;9888702.628297362;-3.1983140656925535;Consumo;Natura
71.673.990/0001-77;NATURA COSMÉTICOS S.A.;Conselho de Administração;2024;;0.0;;;;3.0;;;;2026;so realizado;;0.0;;Consumo;Natura
71.673.990/0001-77;NATURA COSMÉTICOS S.A.;Conselho Fiscal;2024;;0.0;;;;0.0;;;;2026;so realizado;;;;Consumo;Natura
71.673.990/0001-77;NATURA COSMÉTICOS S.A.;Diretoria Estatutária;2025;44849315.53;39683777.95;-5165537.579999998;-11.51753938484242;4.0;4.0;0.0;0.0;2025;2026;realizado;11212328.8825;9920944.4875;-11.517539384842424;Consumo;Natura
71.673.990/0001-77;NATURA COSMÉTICOS S.A.;Conselho de Administração;2025;18884841.12;8736469.18;-10148371.940000001;-53.738190729348325;9.0;8.0;-1.0;-11.11111111111111;2025;2026;realizado;2098315.68;1092058.6475;-47.95546457051687;Consumo;Natura
71.673.990/0001-77;NATURA COSMÉTICOS S.A.;Conselho Fiscal;2025;0.0;0.0;0.0;;0.0;0.0;0.0;;2025;2026;realizado;;;;Consumo;Natura
71.673.990/0001-77;NATURA COSMÉTICOS S.A.;Diretoria Estatutária;2026;40058723.1;;;;4.0;;;;2026;;so previsao;10014680.775;;;Consumo;Natura
71.673.990/0001-77;NATURA COSMÉTICOS S.A.;Conselho de Administração;2026;21754287.32;;;;8.33;;;;2026;;so previsao;2611559.1020408166;;;Consumo;Natura
71.673.990/0001-77;NATURA COSMÉTICOS S.A.;Conselho Fiscal;2026;0.0;;;;0.0;;;;2026;;so previsao;;;;Consumo;Natura
33.000.167/0001-01;PETROLEO BRASILEIRO S.A. PETROBRAS;Diretoria Estatutária;2009;;6615569.25;;;;7.0;;;;2012;so realizado;;945081.3214285715;;Oil;Petrobras
33.000.167/0001-01;PETROLEO BRASILEIRO S.A. PETROBRAS;Conselho de Administração;2009;;590197.4;;;;7.75;;;;2012;so realizado;;76154.50322580646;;Oil;Petrobras
33.000.167/0001-01;PETROLEO BRASILEIRO S.A. PETROBRAS;Conselho Fiscal;2009;;372117.85;;;;5.0;;;;2012;so realizado;;74423.56999999999;;Oil;Petrobras
33.000.167/0001-01;PETROLEO BRASILEIRO S.A. PETROBRAS;Diretoria Estatutária;2010;9727505.44;8175925.97;-1551579.4699999997;-15.95043538726615;7.0;7.0;0.0;0.0;2010;2013;realizado;1389643.6342857142;1167989.4242857143;-15.950435387266149;Oil;Petrobras
33.000.167/0001-01;PETROLEO BRASILEIRO S.A. PETROBRAS;Conselho de Administração;2010;693136.68;687894.5;-5242.180000000051;-0.7562981661856434;8.0;8.0;0.0;0.0;2010;2013;realizado;86642.085;85986.8125;-0.7562981661856427;Oil;Petrobras
33.000.167/0001-01;PETROLEO BRASILEIRO S.A. PETROBRAS;Conselho Fiscal;2010;419376.85;419376.85;0.0;0.0;5.0;5.0;0.0;0.0;2010;2013;realizado;83875.37;83875.37;0.0;Oil;Petrobras
33.000.167/0001-01;PETROLEO BRASILEIRO S.A. PETROBRAS;Diretoria Estatutária;2011;;12222358.48;;;;7.0;;;;2014;so realizado;;1746051.2114285715;;Oil;Petrobras
33.000.167/0001-01;PETROLEO BRASILEIRO S.A. PETROBRAS;Conselho de Administração;2011;;710000.4;;;;7.92;;;;2014;so realizado;;89646.51515151515;;Oil;Petrobras
33.000.167/0001-01;PETROLEO BRASILEIRO S.A. PETROBRAS;Conselho Fiscal;2011;;454562.04;;;;5.0;;;;2014;so realizado;;90912.408;;Oil;Petrobras
33.000.167/0001-01;PETROLEO BRASILEIRO S.A. PETROBRAS;Diretoria Estatutária;2012;13227249.24;12932748.18;-294501.0600000005;-2.2264724483259264;7.83;7.42;-0.41000000000000014;-5.236270753512135;2012;2015;realizado;1689303.8620689656;1742957.97574124;3.176107915041504;Oil;Petrobras
33.000.167/0001-01;PETROLEO BRASILEIRO S.A. PETROBRAS;Conselho de Administração;2012;956657.72;1147152.13;190494.40999999992;19.91249388548288;8.75;9.83;1.08;12.342857142857143;2012;2015;realizado;109332.31085714286;116699.0976602238;6.737977771920156;Oil;Petrobras
33.000.167/0001-01;PETROLEO BRASILEIRO S.A. PETROBRAS;Conselho Fiscal;2012;543395.4;651937.51;108542.10999999999;19.974793676943158;5.0;5.0;0.0;0.0;2012;2015;realizado;108679.08;130387.50200000001;19.97479367694317;Oil;Petrobras
33.000.167/0001-01;PETROLEO BRASILEIRO S.A. PETROBRAS;Diretoria Estatutária;2013;13524784.72;13113362.01;-411422.7100000009;-3.04199082290458;7.67;7.0;-0.6699999999999999;-8.735332464146024;2013;2016;realizado;1763335.6870925685;1873337.43;6.23827576976026;Oil;Petrobras
33.000.167/0001-01;PETROLEO BRASILEIRO S.A. PETROBRAS;Conselho de Administração;2013;1046915.85;1268657.94;221742.08999999997;21.180507487779458;9.0;10.0;1.0;11.11111111111111;2013;2016;realizado;116323.98333333334;126865.794;9.062456739001501;Oil;Petrobras
33.000.167/0001-01;PETROLEO BRASILEIRO S.A. PETROBRAS;Conselho Fiscal;2013;577866.63;710222.66;132356.03000000003;22.904252145516697;5.0;5.0;0.0;0.0;2013;2016;realizado;115573.326;142044.532;22.9042521455167;Oil;Petrobras
33.000.167/0001-01;PETROLEO BRASILEIRO S.A. PETROBRAS;Diretoria Estatutária;2014;17223245.07;15428288.86;-1794956.210000001;-10.421707423338667;7.67;7.0;-0.6699999999999999;-8.735332464146024;2014;2017;realizado;2245533.9074315517;2204041.2657142854;-1.8477851338582374;Oil;Petrobras
33.000.167/0001-01;PETROLEO BRASILEIRO S.A. PETROBRAS;Conselho de Administração;2014;1286862.73;1406136.64;119273.90999999992;9.268580651177917;9.0;10.0;1.0;11.11111111111111;2014;2017;realizado;142984.74777777778;140613.664;-1.6582774139398793;Oil;Petrobras
33.000.167/0001-01;PETROLEO BRASILEIRO S.A. PETROBRAS;Conselho Fiscal;2014;845173.95;725073.84;-120100.10999999999;-14.210105505499783;5.0;5.0;0.0;0.0;2014;2017;realizado;169034.78999999998;145014.76799999998;-14.210105505499781;Oil;Petrobras
33.000.167/0001-01;PETROLEO BRASILEIRO S.A. PETROBRAS;Diretoria Estatutária;2015;;16999302.76;;;;8.0;;;;2018;so realizado;;2124912.845;;Oil;Petrobras
33.000.167/0001-01;PETROLEO BRASILEIRO S.A. PETROBRAS;Conselho de Administração;2015;;1736631.13;;;;13.67;;;;2018;so realizado;;127039.5852231163;;Oil;Petrobras
33.000.167/0001-01;PETROLEO BRASILEIRO S.A. PETROBRAS;Conselho Fiscal;2015;;783012.36;;;;5.0;;;;2018;so realizado;;156602.472;;Oil;Petrobras
33.000.167/0001-01;PETROLEO BRASILEIRO S.A. PETROBRAS;Diretoria Estatutária;2016;25348361.63;16971808.92;-8376552.709999997;-33.045736179202514;8.0;7.67;-0.33000000000000007;-4.125000000000001;2016;2019;realizado;3168545.20375;2212752.1408083444;-30.165044254709272;Oil;Petrobras
33.000.167/0001-01;PETROLEO BRASILEIRO S.A. PETROBRAS;Conselho de Administração;2016;2997698.82;1571158.82;-1426539.9999999998;-47.58783605886064;11.25;11.0;-0.25;-2.2222222222222223;2016;2019;realizado;266462.1173333333;142832.62;-46.39665051474383;Oil;Petrobras
33.000.167/0001-01;PETROLEO BRASILEIRO S.A. PETROBRAS;Conselho Fiscal;2016;854659.08;816706.42;-37952.659999999916;-4.4406782643671106;5.0;5.0;0.0;0.0;2016;2019;realizado;170931.816;163341.284;-4.440678264367104;Oil;Petrobras
33.000.167/0001-01;PETROLEO BRASILEIRO S.A. PETROBRAS;Diretoria Estatutária;2017;25457388.84;16734662.12;-8722726.72;-34.26402752781303;8.0;7.92;-0.08000000000000007;-1.0000000000000009;2017;2020;realizado;3182173.605;2112962.388888889;-33.60002780587173;Oil;Petrobras
33.000.167/0001-01;PETROLEO BRASILEIRO S.A. PETROBRAS;Conselho de Administração;2017;2580293.83;974846.46;-1605447.37;-62.219556212324854;9.83;9.0;-0.8300000000000001;-8.443540183112919;2017;2020;realizado;262491.7426246185;108316.27333333333;-58.73535972968371;Oil;Petrobras
33.000.167/0001-01;PETROLEO BRASILEIRO S.A. PETROBRAS;Conselho Fiscal;2017;863092.1;800343.12;-62748.97999999998;-7.270253081913272;5.0;5.0;0.0;0.0;2017;2020;realizado;172618.41999999998;160068.624;-7.270253081913259;Oil;Petrobras
33.000.167/0001-01;PETROLEO BRASILEIRO S.A. PETROBRAS;Diretoria Estatutária;2018;;17624080.98;;;;7.92;;;;2021;so realizado;;2225262.75;;Oil;Petrobras
33.000.167/0001-01;PETROLEO BRASILEIRO S.A. PETROBRAS;Conselho de Administração;2018;;1119085.59;;;;10.08;;;;2021;so realizado;;111020.39583333334;;Oil;Petrobras
33.000.167/0001-01;PETROLEO BRASILEIRO S.A. PETROBRAS;Conselho Fiscal;2018;;891756.51;;;;5.0;;;;2021;so realizado;;178351.302;;Oil;Petrobras
33.000.167/0001-01;PETROLEO BRASILEIRO S.A. PETROBRAS;Diretoria Estatutária;2019;;22460160.53;;;;7.67;;;;2022;so realizado;;2928312.976531943;;Oil;Petrobras
33.000.167/0001-01;PETROLEO BRASILEIRO S.A. PETROBRAS;Conselho de Administração;2019;;971411.32;;;;9.75;;;;2022;so realizado;;99631.93025641025;;Oil;Petrobras
33.000.167/0001-01;PETROLEO BRASILEIRO S.A. PETROBRAS;Conselho Fiscal;2019;;661845.5;;;;5.0;;;;2022;so realizado;;132369.1;;Oil;Petrobras
33.000.167/0001-01;PETROLEO BRASILEIRO S.A. PETROBRAS;Diretoria Estatutária;2020;40445986.49;24646429.73;-15799556.760000002;-39.06334875502749;9.0;9.0;0.0;0.0;2020;2023;realizado;4493998.498888889;2738492.192222222;-39.06334875502749;Oil;Petrobras
33.000.167/0001-01;PETROLEO BRASILEIRO S.A. PETROBRAS;Conselho de Administração;2020;2894209.98;784969.06;-2109240.92;-72.87795061780555;11.0;10.0;-1.0;-9.090909090909092;2020;2023;realizado;263109.99818181817;78496.906;-70.16574567958611;Oil;Petrobras
33.000.167/0001-01;PETROLEO BRASILEIRO S.A. PETROBRAS;Conselho Fiscal;2020;1918813.25;864919.61;-1053893.6400000001;-54.92424236699429;5.0;5.0;0.0;0.0;2020;2023;realizado;383762.65;172983.922;-54.92424236699429;Oil;Petrobras
33.000.167/0001-01;PETROLEO BRASILEIRO S.A. PETROBRAS;Diretoria Estatutária;2021;44165187.52;35456855.2;-8708332.32;-19.717639183704296;9.0;9.0;0.0;0.0;2021;2024;realizado;4907243.057777778;3939650.5777777783;-19.717639183704293;Oil;Petrobras
33.000.167/0001-01;PETROLEO BRASILEIRO S.A. PETROBRAS;Conselho de Administração;2021;2894209.98;765102.54;-2129107.44;-73.5643735151518;11.0;10.58;-0.41999999999999993;-3.8181818181818175;2021;2024;realizado;263109.99818181817;72315.93005671077;-72.51494410838089;Oil;Petrobras
33.000.167/0001-01;PETROLEO BRASILEIRO S.A. PETROBRAS;Conselho Fiscal;2021;1918813.25;849414.05;-1069399.2;-55.73232309084795;5.0;5.17;0.16999999999999993;3.3999999999999986;2021;2024;realizado;383762.65;164296.72147001934;-57.18793335671949;Oil;Petrobras
33.000.167/0001-01;PETROLEO BRASILEIRO S.A. PETROBRAS;Diretoria Estatutária;2022;37009673.5;27663694.7;-9345978.8;-25.252799919999298;9.0;9.0;0.0;0.0;2022;2025;realizado;4112185.9444444445;3073743.8555555553;-25.2527999199993;Oil;Petrobras
33.000.167/0001-01;PETROLEO BRASILEIRO S.A. PETROBRAS;Conselho de Administração;2022;2574406.89;554068.09;-2020338.8000000003;-78.47783533550131;11.0;11.0;0.0;0.0;2022;2025;realizado;234036.99000000002;50369.82636363636;-78.4778353355013;Oil;Petrobras
33.000.167/0001-01;PETROLEO BRASILEIRO S.A. PETROBRAS;Conselho Fiscal;2022;1090234.43;726823.2;-363411.23;-33.33331070822997;5.0;5.0;0.0;0.0;2022;2025;realizado;218046.886;145364.63999999998;-33.33331070822998;Oil;Petrobras
33.000.167/0001-01;PETROLEO BRASILEIRO S.A. PETROBRAS;Diretoria Estatutária;2023;41750663.11;33733249.63;-8017413.479999997;-19.20308058072421;9.0;9.0;0.0;0.0;2023;2026;realizado;4638962.567777778;3748138.8477777783;-19.203080580724208;Oil;Petrobras
33.000.167/0001-01;PETROLEO BRASILEIRO S.A. PETROBRAS;Conselho de Administração;2023;2766168.23;989787.58;-1776380.65;-64.21809891150401;11.0;11.0;0.0;0.0;2023;2026;realizado;251469.83909090908;89980.68909090909;-64.21809891150401;Oil;Petrobras
33.000.167/0001-01;PETROLEO BRASILEIRO S.A. PETROBRAS;Conselho Fiscal;2023;1237361.56;781016.37;-456345.19000000006;-36.88050483805235;5.0;5.0;0.0;0.0;2023;2026;realizado;247472.312;156203.274;-36.88050483805234;Oil;Petrobras
33.000.167/0001-01;PETROLEO BRASILEIRO S.A. PETROBRAS;Diretoria Estatutária;2024;40071401.94;29861952.08;-10209449.86;-25.478144925617745;9.0;9.0;0.0;0.0;2024;2026;realizado;4452377.993333333;3317994.675555555;-25.47814492561775;Oil;Petrobras
33.000.167/0001-01;PETROLEO BRASILEIRO S.A. PETROBRAS;Conselho de Administração;2024;2913400.34;1341621.15;-1571779.19;-53.94998992826369;11.0;11.0;0.0;0.0;2024;2026;realizado;264854.57636363636;121965.55909090908;-53.94998992826368;Oil;Petrobras
33.000.167/0001-01;PETROLEO BRASILEIRO S.A. PETROBRAS;Conselho Fiscal;2024;1324272.88;836081.6;-488191.2799999999;-36.864855225306734;5.0;5.0;0.0;0.0;2024;2026;realizado;264854.576;167216.32;-36.864855225306734;Oil;Petrobras
33.000.167/0001-01;PETROLEO BRASILEIRO S.A. PETROBRAS;Diretoria Estatutária;2025;44181419.11;29519771.95;-14661647.16;-33.18509784282029;9.0;9.0;0.0;0.0;2025;2026;realizado;4909046.567777778;3279974.661111111;-33.1850978428203;Oil;Petrobras
33.000.167/0001-01;PETROLEO BRASILEIRO S.A. PETROBRAS;Conselho de Administração;2025;3053102.33;1562580.59;-1490521.74;-48.81990771662082;11.0;11.0;0.0;0.0;2025;2026;realizado;277554.75727272726;142052.7809090909;-48.81990771662081;Oil;Petrobras
33.000.167/0001-01;PETROLEO BRASILEIRO S.A. PETROBRAS;Conselho Fiscal;2025;1387773.74;846836.64;-540937.1;-38.97876753309945;5.0;4.92;-0.08000000000000007;-1.6000000000000014;2025;2026;realizado;277554.748;172121.26829268294;-37.98655237103603;Oil;Petrobras
33.000.167/0001-01;PETROLEO BRASILEIRO S.A. PETROBRAS;Diretoria Estatutária;2026;53620497.69;;;;9.0;;;;2026;;so previsao;5957833.076666666;;;Oil;Petrobras
33.000.167/0001-01;PETROLEO BRASILEIRO S.A. PETROBRAS;Conselho de Administração;2026;3186049.04;;;;11.0;;;;2026;;so previsao;289640.82181818184;;;Oil;Petrobras
33.000.167/0001-01;PETROLEO BRASILEIRO S.A. PETROBRAS;Conselho Fiscal;2026;1448204.11;;;;5.0;;;;2026;;so previsao;289640.82200000004;;;Oil;Petrobras
03.342.704/0001-30;PETRORECÔNCAVO S.A.;Diretoria Estatutária;2018;;4494000.0;;;;2.0;;;;2021;so realizado;;2247000.0;;Oil;PetroReconcavo
03.342.704/0001-30;PETRORECÔNCAVO S.A.;Conselho de Administração;2018;;360000.0;;;;4.0;;;;2021;so realizado;;90000.0;;Oil;PetroReconcavo
03.342.704/0001-30;PETRORECÔNCAVO S.A.;Conselho Fiscal;2018;;0.0;;;;0.0;;;;2021;so realizado;;;;Oil;PetroReconcavo
03.342.704/0001-30;PETRORECÔNCAVO S.A.;Diretoria Estatutária;2019;;5436000.0;;;;3.0;;;;2022;so realizado;;1812000.0;;Oil;PetroReconcavo
03.342.704/0001-30;PETRORECÔNCAVO S.A.;Conselho de Administração;2019;;360000.0;;;;4.0;;;;2022;so realizado;;90000.0;;Oil;PetroReconcavo
03.342.704/0001-30;PETRORECÔNCAVO S.A.;Conselho Fiscal;2019;;0.0;;;;0.0;;;;2022;so realizado;;;;Oil;PetroReconcavo
03.342.704/0001-30;PETRORECÔNCAVO S.A.;Diretoria Estatutária;2020;;10874623.0;;;;3.0;;;;2023;so realizado;;3624874.3333333335;;Oil;PetroReconcavo
03.342.704/0001-30;PETRORECÔNCAVO S.A.;Conselho de Administração;2020;;360000.0;;;;4.0;;;;2023;so realizado;;90000.0;;Oil;PetroReconcavo
03.342.704/0001-30;PETRORECÔNCAVO S.A.;Conselho Fiscal;2020;;0.0;;;;0.0;;;;2023;so realizado;;;;Oil;PetroReconcavo
03.342.704/0001-30;PETRORECÔNCAVO S.A.;Diretoria Estatutária;2021;11785216.36;14967165.84;3181949.4800000004;26.99949990565978;3.0;3.0;0.0;0.0;2021;2024;realizado;3928405.453333333;4989055.28;26.999499905659775;Oil;PetroReconcavo
03.342.704/0001-30;PETRORECÔNCAVO S.A.;Conselho de Administração;2021;2954999.99;2123333.31;-831666.6800000002;-28.144388589321114;11.17;6.58;-4.59;-41.09221128021486;2021;2024;realizado;264547.8952551477;322695.0319148936;21.979814507185893;Oil;PetroReconcavo
03.342.704/0001-30;PETRORECÔNCAVO S.A.;Conselho Fiscal;2021;0.0;0.0;0.0;;0.0;0.0;0.0;;2021;2024;realizado;;;;Oil;PetroReconcavo
03.342.704/0001-30;PETRORECÔNCAVO S.A.;Diretoria Estatutária;2022;21596803.2;19352886.46;-2243916.7399999984;-10.390041152016417;3.0;3.0;0.0;0.0;2022;2025;realizado;7198934.399999999;6450962.153333333;-10.390041152016416;Oil;PetroReconcavo
03.342.704/0001-30;PETRORECÔNCAVO S.A.;Conselho de Administração;2022;4968000.0;3780000.0;-1188000.0;-23.91304347826087;12.0;7.0;-5.0;-41.666666666666664;2022;2025;realizado;414000.0;540000.0;30.434782608695656;Oil;PetroReconcavo
03.342.704/0001-30;PETRORECÔNCAVO S.A.;Conselho Fiscal;2022;0.0;0.0;0.0;;0.0;0.0;0.0;;2022;2025;realizado;;;;Oil;PetroReconcavo
03.342.704/0001-30;PETRORECÔNCAVO S.A.;Diretoria Estatutária;2023;28144232.33;21710904.17;-6433328.159999996;-22.858424719378363;5.0;5.0;0.0;0.0;2023;2026;realizado;5628846.466;4342180.834000001;-22.858424719378355;Oil;PetroReconcavo
03.342.704/0001-30;PETRORECÔNCAVO S.A.;Conselho de Administração;2023;5054060.23;4000500.0;-1053560.2300000004;-20.84581864985017;7.0;7.0;0.0;0.0;2023;2026;realizado;722008.6042857143;571500.0;-20.845818649850166;Oil;PetroReconcavo
03.342.704/0001-30;PETRORECÔNCAVO S.A.;Conselho Fiscal;2023;0.0;0.0;0.0;;0.0;0.0;0.0;;2023;2026;realizado;;;;Oil;PetroReconcavo
03.342.704/0001-30;PETRORECÔNCAVO S.A.;Diretoria Estatutária;2024;29121040.51;20849113.76;-8271926.75;-28.405326887820053;5.0;5.0;0.0;0.0;2024;2026;realizado;5824208.102;4169822.7520000003;-28.40532688782005;Oil;PetroReconcavo
03.342.704/0001-30;PETRORECÔNCAVO S.A.;Conselho de Administração;2024;5100637.5;4857750.0;-242887.5;-4.761904761904762;7.0;7.0;0.0;0.0;2024;2026;realizado;728662.5;693964.2857142857;-4.761904761904767;Oil;PetroReconcavo
03.342.704/0001-30;PETRORECÔNCAVO S.A.;Conselho Fiscal;2024;0.0;0.0;0.0;;0.0;0.0;0.0;;2024;2026;realizado;;;;Oil;PetroReconcavo
03.342.704/0001-30;PETRORECÔNCAVO S.A.;Diretoria Estatutária;2025;32032699.93;21792254.98;-10240444.95;-31.968722500376504;5.0;5.0;0.0;0.0;2025;2026;realizado;6406539.986;4358450.996;-31.9687225003765;Oil;PetroReconcavo
03.342.704/0001-30;PETRORECÔNCAVO S.A.;Conselho de Administração;2025;5610701.25;4884150.0;-726551.25;-12.949384000796693;7.0;7.0;0.0;0.0;2025;2026;realizado;801528.75;697735.7142857143;-12.949384000796693;Oil;PetroReconcavo
03.342.704/0001-30;PETRORECÔNCAVO S.A.;Conselho Fiscal;2025;0.0;0.0;0.0;;0.0;0.0;0.0;;2025;2026;realizado;;;;Oil;PetroReconcavo
03.342.704/0001-30;PETRORECÔNCAVO S.A.;Diretoria Estatutária;2026;32214007.77;;;;4.17;;;;2026;;so previsao;7725181.71942446;;;Oil;PetroReconcavo
03.342.704/0001-30;PETRORECÔNCAVO S.A.;Conselho de Administração;2026;5835129.3;;;;7.0;;;;2026;;so previsao;833589.9;;;Oil;PetroReconcavo
03.342.704/0001-30;PETRORECÔNCAVO S.A.;Conselho Fiscal;2026;0.0;;;;0.0;;;;2026;;so previsao;;;;Oil;PetroReconcavo
10.629.105/0001-68;PRIO S.A.;Diretoria Estatutária;2009;;0.0;;;;2.0;;;;2012;so realizado;;0.0;;Oil;PetroRio
10.629.105/0001-68;PRIO S.A.;Conselho de Administração;2009;;367200.0;;;;8.17;;;;2012;so realizado;;44944.92044063647;;Oil;PetroRio
10.629.105/0001-68;PRIO S.A.;Conselho Fiscal;2009;;0.0;;;;0.0;;;;2012;so realizado;;;;Oil;PetroRio
10.629.105/0001-68;PRIO S.A.;Diretoria Estatutária;2010;9064860.0;17348779.0;8283919.0;91.38496347433937;2.0;2.17;0.16999999999999993;8.499999999999996;2010;2013;realizado;4532430.0;7994829.0322580645;76.39167140492107;Oil;PetroRio
10.629.105/0001-68;PRIO S.A.;Conselho de Administração;2010;21883223.0;28800.0;-21854423.0;-99.86839232959423;8.0;8.0;0.0;0.0;2010;2013;realizado;2735402.875;3600.0;-99.86839232959423;Oil;PetroRio
10.629.105/0001-68;PRIO S.A.;Conselho Fiscal;2010;0.0;0.0;0.0;;0.0;0.0;0.0;;2010;2013;realizado;;;;Oil;PetroRio
10.629.105/0001-68;PRIO S.A.;Diretoria Estatutária;2011;30906808.0;8330742.0;-22576066.0;-73.04560859212637;5.0;3.25;-1.75;-35.0;2011;2014;realizado;6181361.6;2563305.230769231;-58.531705526348254;Oil;PetroRio
10.629.105/0001-68;PRIO S.A.;Conselho de Administração;2011;7433296.0;2600985.0;-4832311.0;-65.00899466400908;8.75;8.75;0.0;0.0;2011;2014;realizado;849519.5428571429;297255.4285714286;-65.00899466400907;Oil;PetroRio
10.629.105/0001-68;PRIO S.A.;Conselho Fiscal;2011;0.0;0.0;0.0;;0.0;0.0;0.0;;2011;2014;realizado;;;;Oil;PetroRio
10.629.105/0001-68;PRIO S.A.;Diretoria Estatutária;2012;34254784.0;33292880.0;-961904.0;-2.808086601859758;5.0;4.42;-0.5800000000000001;-11.600000000000001;2012;2015;realizado;6850956.8;7532325.791855204;9.945603391561363;Oil;PetroRio
10.629.105/0001-68;PRIO S.A.;Conselho de Administração;2012;8991154.0;5258257.0;-3732897.0;-41.517440364162375;9.0;9.42;0.41999999999999993;4.666666666666666;2012;2015;realizado;999017.1111111111;558201.3800424628;-44.12494302308507;Oil;PetroRio
10.629.105/0001-68;PRIO S.A.;Conselho Fiscal;2012;0.0;0.0;0.0;;0.0;0.0;0.0;;2012;2015;realizado;;;;Oil;PetroRio
10.629.105/0001-68;PRIO S.A.;Diretoria Estatutária;2013;37758475.0;39053291.0;1294816.0;3.429206290773131;3.0;4.0;1.0;33.333333333333336;2013;2016;realizado;12586158.333333334;9763322.75;-22.428095281920157;Oil;PetroRio
10.629.105/0001-68;PRIO S.A.;Conselho de Administração;2013;5926818.0;4584073.0;-1342745.0;-22.655411386008478;10.0;11.0;1.0;10.0;2013;2016;realizado;592681.8;416733.9090909091;-29.686737623644078;Oil;PetroRio
10.629.105/0001-68;PRIO S.A.;Conselho Fiscal;2013;299200.0;299200.0;0.0;0.0;2.0;1.0;-1.0;-50.0;2013;2016;realizado;149600.0;299200.0;100.0;Oil;PetroRio
10.629.105/0001-68;PRIO S.A.;Diretoria Estatutária;2014;9144603.0;8364983.0;-779620.0;-8.525465785666146;5.0;5.0;0.0;0.0;2014;2017;realizado;1828920.6;1672996.6;-8.525465785666142;Oil;PetroRio
10.629.105/0001-68;PRIO S.A.;Conselho de Administração;2014;330750.0;408249.0;77499.0;23.431292517006803;7.0;7.0;0.0;0.0;2014;2017;realizado;47250.0;58321.28571428572;23.431292517006817;Oil;PetroRio
10.629.105/0001-68;PRIO S.A.;Conselho Fiscal;2014;343800.0;387756.0;43956.0;12.785340314136125;3.0;3.0;0.0;0.0;2014;2017;realizado;114600.0;129252.0;12.785340314136118;Oil;PetroRio
10.629.105/0001-68;PRIO S.A.;Diretoria Estatutária;2015;10013231.0;5496939.0;-4516292.0;-45.10324389799856;4.0;3.83;-0.16999999999999993;-4.249999999999998;2015;2018;realizado;2503307.75;1435232.1148825064;-42.6665732616173;Oil;PetroRio
10.629.105/0001-68;PRIO S.A.;Conselho de Administração;2015;1728000.0;864000.0;-864000.0;-50.0;6.0;6.0;0.0;0.0;2015;2018;realizado;288000.0;144000.0;-50.0;Oil;PetroRio
10.629.105/0001-68;PRIO S.A.;Conselho Fiscal;2015;576000.0;394200.0;-181800.0;-31.5625;3.0;3.0;0.0;0.0;2015;2018;realizado;192000.0;131400.0;-31.562500000000004;Oil;PetroRio
10.629.105/0001-68;PRIO S.A.;Diretoria Estatutária;2016;6752000.0;2829414.0;-3922586.0;-58.09517180094787;3.0;2.08;-0.9199999999999999;-30.666666666666668;2016;2019;realizado;2250666.6666666665;1360295.1923076923;-39.5603439436748;Oil;PetroRio
10.629.105/0001-68;PRIO S.A.;Conselho de Administração;2016;1296000.0;1170000.0;-126000.0;-9.722222222222221;6.0;5.42;-0.5800000000000001;-9.666666666666668;2016;2019;realizado;216000.0;215867.15867158672;-0.06150061500614923;Oil;PetroRio
10.629.105/0001-68;PRIO S.A.;Conselho Fiscal;2016;432000.0;432000.0;0.0;0.0;3.0;3.0;0.0;0.0;2016;2019;realizado;144000.0;144000.0;0.0;Oil;PetroRio
10.629.105/0001-68;PRIO S.A.;Diretoria Estatutária;2017;6845200.0;6164685.0;-680515.0;-9.94149184830246;2.75;2.0;-0.75;-27.272727272727273;2017;2020;realizado;2489163.6363636362;3082342.5;23.83044870858413;Oil;PetroRio
10.629.105/0001-68;PRIO S.A.;Conselho de Administração;2017;1080000.0;1080000.0;0.0;0.0;5.0;5.0;0.0;0.0;2017;2020;realizado;216000.0;216000.0;0.0;Oil;PetroRio
10.629.105/0001-68;PRIO S.A.;Conselho Fiscal;2017;144000.0;144000.0;0.0;0.0;1.0;1.0;0.0;0.0;2017;2020;realizado;144000.0;144000.0;0.0;Oil;PetroRio
10.629.105/0001-68;PRIO S.A.;Diretoria Estatutária;2018;18662004.0;13604769.0;-5057235.0;-27.09909932502426;2.67;2.67;0.0;0.0;2018;2021;realizado;6989514.606741574;5095419.101123596;-27.099099325024266;Oil;PetroRio
10.629.105/0001-68;PRIO S.A.;Conselho de Administração;2018;1080000.0;1107600.0;27600.0;2.5555555555555554;5.0;5.0;0.0;0.0;2018;2021;realizado;216000.0;221520.0;2.5555555555555554;Oil;PetroRio
10.629.105/0001-68;PRIO S.A.;Conselho Fiscal;2018;288000.0;432000.0;144000.0;50.0;3.0;3.0;0.0;0.0;2018;2021;realizado;96000.0;144000.0;50.0;Oil;PetroRio
10.629.105/0001-68;PRIO S.A.;Diretoria Estatutária;2019;17686000.0;17389501.0;-296499.0;-1.6764616080515662;3.0;3.42;0.41999999999999993;13.999999999999998;2019;2022;realizado;5895333.333333333;5084649.415204679;-13.751282112325924;Oil;PetroRio
10.629.105/0001-68;PRIO S.A.;Conselho de Administração;2019;1632000.0;1203600.0;-428400.0;-26.25;5.58;5.5;-0.08000000000000007;-1.4336917562724028;2019;2022;realizado;292473.1182795699;218836.36363636365;-25.177272727272726;Oil;PetroRio
10.629.105/0001-68;PRIO S.A.;Conselho Fiscal;2019;432000.0;432000.0;0.0;0.0;3.0;3.0;0.0;0.0;2019;2022;realizado;144000.0;144000.0;0.0;Oil;PetroRio
10.629.105/0001-68;PRIO S.A.;Diretoria Estatutária;2020;;16394400.0;;;;2.25;;;;2023;so realizado;;7286400.0;;Oil;PetroRio
10.629.105/0001-68;PRIO S.A.;Conselho de Administração;2020;;1215000.0;;;;6.75;;;;2023;so realizado;;180000.0;;Oil;PetroRio
10.629.105/0001-68;PRIO S.A.;Conselho Fiscal;2020;;360000.0;;;;3.0;;;;2023;so realizado;;120000.0;;Oil;PetroRio
10.629.105/0001-68;PRIO S.A.;Diretoria Estatutária;2021;21056800.0;15007600.0;-6049200.0;-28.728011853652976;2.83;2.75;-0.08000000000000007;-2.826855123674914;2021;2024;realizado;7440565.371024734;5457309.090909091;-26.654644925759243;Oil;PetroRio
10.629.105/0001-68;PRIO S.A.;Conselho de Administração;2021;1512000.0;1260000.0;-252000.0;-16.666666666666668;7.0;7.0;0.0;0.0;2021;2024;realizado;216000.0;180000.0;-16.666666666666664;Oil;PetroRio
10.629.105/0001-68;PRIO S.A.;Conselho Fiscal;2021;432000.0;360000.0;-72000.0;-16.666666666666668;3.0;3.0;0.0;0.0;2021;2024;realizado;144000.0;120000.0;-16.666666666666664;Oil;PetroRio
10.629.105/0001-68;PRIO S.A.;Diretoria Estatutária;2022;48975400.0;40926100.0;-8049300.0;-16.43539409581137;3.0;3.0;0.0;0.0;2022;2025;realizado;16325133.333333334;13642033.333333334;-16.43539409581136;Oil;PetroRio
10.629.105/0001-68;PRIO S.A.;Conselho de Administração;2022;4459962.0;2024862.0;-2435100.0;-54.59911990281532;7.67;7.67;0.0;0.0;2022;2025;realizado;581481.3559322034;263997.65319426334;-54.59911990281532;Oil;PetroRio
10.629.105/0001-68;PRIO S.A.;Conselho Fiscal;2022;432000.0;360000.0;-72000.0;-16.666666666666668;6.0;3.0;-3.0;-50.0;2022;2025;realizado;72000.0;120000.0;66.66666666666667;Oil;PetroRio
10.629.105/0001-68;PRIO S.A.;Diretoria Estatutária;2023;76967300.0;76967300.0;0.0;0.0;3.0;3.0;0.0;0.0;2023;2026;realizado;25655766.666666668;25655766.666666668;0.0;Oil;PetroRio
10.629.105/0001-68;PRIO S.A.;Conselho de Administração;2023;13138240.0;13138240.0;0.0;0.0;8.0;8.0;0.0;0.0;2023;2026;realizado;1642280.0;1642280.0;0.0;Oil;PetroRio
10.629.105/0001-68;PRIO S.A.;Conselho Fiscal;2023;360000.0;360000.0;0.0;0.0;3.0;3.0;0.0;0.0;2023;2026;realizado;120000.0;120000.0;0.0;Oil;PetroRio
10.629.105/0001-68;PRIO S.A.;Diretoria Estatutária;2024;182320800.0;116233255.0;-66087545.0;-36.247945928275875;3.0;3.0;0.0;0.0;2024;2026;realizado;60773600.0;38744418.333333336;-36.24794592827587;Oil;PetroRio
10.629.105/0001-68;PRIO S.A.;Conselho de Administração;2024;14988138.0;14988138.0;0.0;0.0;8.0;8.0;0.0;0.0;2024;2026;realizado;1873517.25;1873517.25;0.0;Oil;PetroRio
10.629.105/0001-68;PRIO S.A.;Conselho Fiscal;2024;480000.0;480000.0;0.0;0.0;3.0;3.0;0.0;0.0;2024;2026;realizado;160000.0;160000.0;0.0;Oil;PetroRio
10.629.105/0001-68;PRIO S.A.;Diretoria Estatutária;2025;124769779.0;116607809.0;-8161970.0;-6.5416241540349285;3.83;3.83;0.0;0.0;2025;2026;realizado;32576965.796344645;30445903.13315927;-6.54162415403492;Oil;PetroRio
10.629.105/0001-68;PRIO S.A.;Conselho de Administração;2025;1920000.0;1920000.0;0.0;0.0;8.0;8.0;0.0;0.0;2025;2026;realizado;240000.0;240000.0;0.0;Oil;PetroRio
10.629.105/0001-68;PRIO S.A.;Conselho Fiscal;2025;540000.0;540000.0;0.0;0.0;3.0;3.0;0.0;0.0;2025;2026;realizado;180000.0;180000.0;0.0;Oil;PetroRio
10.629.105/0001-68;PRIO S.A.;Diretoria Estatutária;2026;126502896.17;;;;4.0;;;;2026;;so previsao;31625724.0425;;;Oil;PetroRio
10.629.105/0001-68;PRIO S.A.;Conselho de Administração;2026;23161379.31;;;;8.0;;;;2026;;so previsao;2895172.41375;;;Oil;PetroRio
10.629.105/0001-68;PRIO S.A.;Conselho Fiscal;2026;540000.0;;;;3.0;;;;2026;;so previsao;180000.0;;;Oil;PetroRio
61.585.865/0001-51;RAIA DROGASIL S.A.;Diretoria Estatutária;2009;;12491000.0;;;;3.67;;;;2012;so realizado;;3403542.234332425;;Retail;Raia Drogasil
61.585.865/0001-51;RAIA DROGASIL S.A.;Conselho de Administração;2009;;1235000.0;;;;8.0;;;;2012;so realizado;;154375.0;;Retail;Raia Drogasil
61.585.865/0001-51;RAIA DROGASIL S.A.;Conselho Fiscal;2009;;165000.0;;;;3.0;;;;2012;so realizado;;55000.0;;Retail;Raia Drogasil
61.585.865/0001-51;RAIA DROGASIL S.A.;Diretoria Estatutária;2010;;5613000.0;;;;4.0;;;;2013;so realizado;;1403250.0;;Retail;Raia Drogasil
61.585.865/0001-51;RAIA DROGASIL S.A.;Conselho de Administração;2010;;1213000.0;;;;8.0;;;;2013;so realizado;;151625.0;;Retail;Raia Drogasil
61.585.865/0001-51;RAIA DROGASIL S.A.;Conselho Fiscal;2010;;198000.0;;;;3.0;;;;2013;so realizado;;66000.0;;Retail;Raia Drogasil
61.585.865/0001-51;RAIA DROGASIL S.A.;Diretoria Estatutária;2011;12717000.0;10148000.0;-2569000.0;-20.201305339309584;4.0;4.5;0.5;12.5;2011;2014;realizado;3179250.0;2255111.111111111;-29.06782696827519;Retail;Raia Drogasil
61.585.865/0001-51;RAIA DROGASIL S.A.;Conselho de Administração;2011;1431000.0;1440000.0;9000.0;0.6289308176100629;8.0;8.17;0.16999999999999993;2.124999999999999;2011;2014;realizado;178875.0;176254.5899632803;-1.4649392238824333;Retail;Raia Drogasil
61.585.865/0001-51;RAIA DROGASIL S.A.;Conselho Fiscal;2011;216000.0;216000.0;0.0;0.0;3.0;3.0;0.0;0.0;2011;2014;realizado;72000.0;72000.0;0.0;Retail;Raia Drogasil
61.585.865/0001-51;RAIA DROGASIL S.A.;Diretoria Estatutária;2012;16670000.0;10124000.0;-6546000.0;-39.26814637072585;7.0;7.0;0.0;0.0;2012;2015;realizado;2381428.5714285714;1446285.7142857143;-39.26814637072585;Retail;Raia Drogasil
61.585.865/0001-51;RAIA DROGASIL S.A.;Conselho de Administração;2012;3534000.0;1549000.0;-1985000.0;-56.16864742501415;9.0;9.0;0.0;0.0;2012;2015;realizado;392666.6666666667;172111.11111111112;-56.16864742501415;Retail;Raia Drogasil
61.585.865/0001-51;RAIA DROGASIL S.A.;Conselho Fiscal;2012;256000.0;216000.0;-40000.0;-15.625;3.0;3.0;0.0;0.0;2012;2015;realizado;85333.33333333333;72000.0;-15.625;Retail;Raia Drogasil
61.585.865/0001-51;RAIA DROGASIL S.A.;Diretoria Estatutária;2013;18369000.0;19635176.0;1266176.0;6.8930045184822255;7.75;7.92;0.16999999999999993;2.193548387096773;2013;2016;realizado;2370193.5483870967;2479188.888888889;4.5985839669491435;Retail;Raia Drogasil
61.585.865/0001-51;RAIA DROGASIL S.A.;Conselho de Administração;2013;3057000.0;1803600.0;-1253400.0;-41.000981354268895;9.0;9.0;0.0;0.0;2013;2016;realizado;339666.6666666667;200400.0;-41.000981354268895;Retail;Raia Drogasil
61.585.865/0001-51;RAIA DROGASIL S.A.;Conselho Fiscal;2013;247000.0;303450.0;56450.0;22.85425101214575;3.0;3.0;0.0;0.0;2013;2016;realizado;82333.33333333333;101150.0;22.854251012145752;Retail;Raia Drogasil
61.585.865/0001-51;RAIA DROGASIL S.A.;Diretoria Estatutária;2014;21926000.0;18242688.0;-3683312.0;-16.798832436376905;8.0;8.0;0.0;0.0;2014;2017;realizado;2740750.0;2280336.0;-16.79883243637691;Retail;Raia Drogasil
61.585.865/0001-51;RAIA DROGASIL S.A.;Conselho de Administração;2014;3364000.0;1900800.0;-1463200.0;-43.495838287752676;9.0;9.0;0.0;0.0;2014;2017;realizado;373777.77777777775;211200.0;-43.495838287752676;Retail;Raia Drogasil
61.585.865/0001-51;RAIA DROGASIL S.A.;Conselho Fiscal;2014;271000.0;336960.0;65960.0;24.339483394833948;3.0;3.0;0.0;0.0;2014;2017;realizado;90333.33333333333;112320.0;24.339483394833962;Retail;Raia Drogasil
61.585.865/0001-51;RAIA DROGASIL S.A.;Diretoria Estatutária;2015;19198000.0;24144825.0;4946825.0;25.767397645588083;8.0;8.0;0.0;0.0;2015;2018;realizado;2399750.0;3018103.125;25.767397645588087;Retail;Raia Drogasil
61.585.865/0001-51;RAIA DROGASIL S.A.;Conselho de Administração;2015;1688000.0;1989331.0;301331.0;17.851362559241707;9.0;9.0;0.0;0.0;2015;2018;realizado;187555.55555555556;221036.77777777778;17.851362559241714;Retail;Raia Drogasil
61.585.865/0001-51;RAIA DROGASIL S.A.;Conselho Fiscal;2015;299000.0;361104.0;62104.0;20.77056856187291;3.0;3.0;0.0;0.0;2015;2018;realizado;99666.66666666667;120368.0;20.770568561872892;Retail;Raia Drogasil
61.585.865/0001-51;RAIA DROGASIL S.A.;Diretoria Estatutária;2016;38327215.0;36102973.0;-2224242.0;-5.803296691398005;8.0;8.0;0.0;0.0;2016;2019;realizado;4790901.875;4512871.625;-5.803296691398008;Retail;Raia Drogasil
61.585.865/0001-51;RAIA DROGASIL S.A.;Conselho de Administração;2016;3740653.0;3740178.0;-475.0;-0.012698317646678267;9.0;9.0;0.0;0.0;2016;2019;realizado;415628.1111111111;415575.3333333333;-0.012698317646686608;Retail;Raia Drogasil
61.585.865/0001-51;RAIA DROGASIL S.A.;Conselho Fiscal;2016;393044.0;392040.0;-1004.0;-0.25544213879362104;3.0;3.0;0.0;0.0;2016;2019;realizado;131014.66666666667;130680.0;-0.25544213879362676;Retail;Raia Drogasil
61.585.865/0001-51;RAIA DROGASIL S.A.;Diretoria Estatutária;2017;46548742.0;41775983.0;-4772759.0;-10.253250238212667;7.08;7.08;0.0;0.0;2017;2020;realizado;6574681.073446328;5900562.570621469;-10.253250238212663;Retail;Raia Drogasil
61.585.865/0001-51;RAIA DROGASIL S.A.;Conselho de Administração;2017;4173697.0;4091826.0;-81871.0;-1.9615942412685923;9.0;9.0;0.0;0.0;2017;2020;realizado;463744.1111111111;454647.3333333333;-1.9615942412685938;Retail;Raia Drogasil
61.585.865/0001-51;RAIA DROGASIL S.A.;Conselho Fiscal;2017;431042.0;427071.0;-3971.0;-0.9212559332965233;3.0;3.0;0.0;0.0;2017;2020;realizado;143680.66666666666;142357.0;-0.9212559332965164;Retail;Raia Drogasil
61.585.865/0001-51;RAIA DROGASIL S.A.;Diretoria Estatutária;2018;47051402.0;26877857.0;-20173545.0;-42.87554492000047;7.0;7.0;0.0;0.0;2018;2021;realizado;6721628.857142857;3839693.8571428573;-42.87554492000047;Retail;Raia Drogasil
61.585.865/0001-51;RAIA DROGASIL S.A.;Conselho de Administração;2018;5503029.0;5725614.0;222585.0;4.044772433508891;8.67;9.0;0.33000000000000007;3.806228373702423;2018;2021;realizado;634720.7612456748;636179.3333333334;0.22979744428022197;Retail;Raia Drogasil
61.585.865/0001-51;RAIA DROGASIL S.A.;Conselho Fiscal;2018;445569.0;445999.0;430.0;0.09650581615866453;3.0;3.0;0.0;0.0;2018;2021;realizado;148523.0;148666.33333333334;0.09650581615867626;Retail;Raia Drogasil
61.585.865/0001-51;RAIA DROGASIL S.A.;Diretoria Estatutária;2019;45952767.0;29714972.0;-16237795.0;-35.33583733924009;7.0;7.0;0.0;0.0;2019;2022;realizado;6564681.0;4244996.0;-35.33583733924009;Retail;Raia Drogasil
61.585.865/0001-51;RAIA DROGASIL S.A.;Conselho de Administração;2019;6583281.0;5702733.0;-880548.0;-13.375518985138262;9.0;9.0;0.0;0.0;2019;2022;realizado;731475.6666666666;633637.0;-13.375518985138257;Retail;Raia Drogasil
61.585.865/0001-51;RAIA DROGASIL S.A.;Conselho Fiscal;2019;463952.0;390825.0;-73127.0;-15.76175983722454;3.0;3.0;0.0;0.0;2019;2022;realizado;154650.66666666666;130275.0;-15.761759837224531;Retail;Raia Drogasil
61.585.865/0001-51;RAIA DROGASIL S.A.;Diretoria Estatutária;2020;50677788.0;30379402.0;-20298386.0;-40.05381213560466;7.75;7.75;0.0;0.0;2020;2023;realizado;6539069.419354838;3919922.8387096776;-40.05381213560465;Retail;Raia Drogasil
61.585.865/0001-51;RAIA DROGASIL S.A.;Conselho de Administração;2020;8676904.0;6813079.0;-1863825.0;-21.480299885765707;9.0;9.0;0.0;0.0;2020;2023;realizado;964100.4444444445;757008.7777777778;-21.480299885765707;Retail;Raia Drogasil
61.585.865/0001-51;RAIA DROGASIL S.A.;Conselho Fiscal;2020;645308.0;497893.0;-147415.0;-22.84413024478234;3.75;3.75;0.0;0.0;2020;2023;realizado;172082.13333333333;132771.46666666667;-22.844130244782335;Retail;Raia Drogasil
61.585.865/0001-51;RAIA DROGASIL S.A.;Diretoria Estatutária;2021;45181194.0;32155723.0;-13025471.0;-28.829408536657972;8.0;8.0;0.0;0.0;2021;2024;realizado;5647649.25;4019465.375;-28.829408536657976;Retail;Raia Drogasil
61.585.865/0001-51;RAIA DROGASIL S.A.;Conselho de Administração;2021;9257493.0;7757125.0;-1500368.0;-16.207065995080956;10.33;10.5;0.16999999999999993;1.64569215876089;2021;2024;realizado;896175.5082284608;738773.8095238095;-17.56371349801775;Retail;Raia Drogasil
61.585.865/0001-51;RAIA DROGASIL S.A.;Conselho Fiscal;2021;561313.0;550401.0;-10912.0;-1.9440134114121712;4.0;4.0;0.0;0.0;2021;2024;realizado;140328.25;137600.25;-1.944013411412171;Retail;Raia Drogasil
61.585.865/0001-51;RAIA DROGASIL S.A.;Diretoria Estatutária;2022;49765623.0;43611206.0;-6154417.0;-12.36680388789667;8.83;8.0;-0.8300000000000001;-9.39977349943375;2022;2025;realizado;5635970.894677237;5451400.75;-3.2748597912659494;Retail;Raia Drogasil
61.585.865/0001-51;RAIA DROGASIL S.A.;Conselho de Administração;2022;10474697.0;8573216.0;-1901481.0;-18.153088342316728;11.0;11.0;0.0;0.0;2022;2025;realizado;952245.1818181818;779383.2727272727;-18.153088342316725;Retail;Raia Drogasil
61.585.865/0001-51;RAIA DROGASIL S.A.;Conselho Fiscal;2022;593013.0;618400.0;25387.0;4.281019134487777;4.0;4.0;0.0;0.0;2022;2025;realizado;148253.25;154600.0;4.2810191344877735;Retail;Raia Drogasil
61.585.865/0001-51;RAIA DROGASIL S.A.;Diretoria Estatutária;2023;;52707714.0;;;;8.0;;;;2026;so realizado;;6588464.25;;Retail;Raia Drogasil
61.585.865/0001-51;RAIA DROGASIL S.A.;Conselho de Administração;2023;;9610635.0;;;;11.0;;;;2026;so realizado;;873694.0909090909;;Retail;Raia Drogasil
61.585.865/0001-51;RAIA DROGASIL S.A.;Conselho Fiscal;2023;;686522.0;;;;4.0;;;;2026;so realizado;;171630.5;;Retail;Raia Drogasil
61.585.865/0001-51;RAIA DROGASIL S.A.;Diretoria Estatutária;2024;67437377.0;61089637.0;-6347740.0;-9.412791959568652;8.0;8.0;0.0;0.0;2024;2026;realizado;8429672.125;7636204.625;-9.412791959568656;Retail;Raia Drogasil
61.585.865/0001-51;RAIA DROGASIL S.A.;Conselho de Administração;2024;10651988.0;9937813.0;-714175.0;-6.704617016091269;11.0;11.0;0.0;0.0;2024;2026;realizado;968362.5454545454;903437.5454545454;-6.704617016091275;Retail;Raia Drogasil
61.585.865/0001-51;RAIA DROGASIL S.A.;Conselho Fiscal;2024;752905.0;692635.0;-60270.0;-8.00499398994561;4.0;4.0;0.0;0.0;2024;2026;realizado;188226.25;173158.75;-8.004993989945607;Retail;Raia Drogasil
61.585.865/0001-51;RAIA DROGASIL S.A.;Diretoria Estatutária;2025;67942320.0;60464003.0;-7478317.0;-11.006861408324001;9.0;9.0;0.0;0.0;2025;2026;realizado;7549146.666666667;6718222.555555556;-11.006861408323998;Retail;Raia Drogasil
61.585.865/0001-51;RAIA DROGASIL S.A.;Conselho de Administração;2025;13785953.0;12035132.0;-1750821.0;-12.700036043935446;13.0;13.0;0.0;0.0;2025;2026;realizado;1060457.923076923;925779.3846153846;-12.700036043935437;Retail;Raia Drogasil
61.585.865/0001-51;RAIA DROGASIL S.A.;Conselho Fiscal;2025;779332.0;722988.0;-56344.0;-7.229781402534479;4.0;4.0;0.0;0.0;2025;2026;realizado;194833.0;180747.0;-7.229781402534474;Retail;Raia Drogasil
61.585.865/0001-51;RAIA DROGASIL S.A.;Diretoria Estatutária;2026;72370344.0;;;;9.83;;;;2026;;so previsao;7362191.658189217;;;Retail;Raia Drogasil
61.585.865/0001-51;RAIA DROGASIL S.A.;Conselho de Administração;2026;15142509.0;;;;13.0;;;;2026;;so previsao;1164808.3846153845;;;Retail;Raia Drogasil
61.585.865/0001-51;RAIA DROGASIL S.A.;Conselho Fiscal;2026;820480.0;;;;4.0;;;;2026;;so previsao;205120.0;;;Retail;Raia Drogasil
33.453.598/0001-23;RAÍZEN S.A.;Diretoria Estatutária;2018;;34519896.77;;;;7.0;;;;2021;so realizado;;4931413.824285715;;Oil;Raizen
33.453.598/0001-23;RAÍZEN S.A.;Conselho de Administração;2018;;49243120.58;;;;6.0;;;;2021;so realizado;;8207186.763333333;;Oil;Raizen
33.453.598/0001-23;RAÍZEN S.A.;Conselho Fiscal;2018;;0.0;;;;0.0;;;;2021;so realizado;;;;Oil;Raizen
33.453.598/0001-23;RAÍZEN S.A.;Diretoria Estatutária;2019;;33576392.42;;;;7.0;;;;2022;so realizado;;4796627.488571429;;Oil;Raizen
33.453.598/0001-23;RAÍZEN S.A.;Conselho de Administração;2019;;52441820.5;;;;6.0;;;;2022;so realizado;;8740303.416666666;;Oil;Raizen
33.453.598/0001-23;RAÍZEN S.A.;Conselho Fiscal;2019;;0.0;;;;0.0;;;;2022;so realizado;;;;Oil;Raizen
33.453.598/0001-23;RAÍZEN S.A.;Diretoria Estatutária;2020;;37348021.75;;;;6.0;;;;2022;so realizado;;6224670.291666667;;Oil;Raizen
33.453.598/0001-23;RAÍZEN S.A.;Conselho de Administração;2020;;64974323.36;;;;6.0;;;;2022;so realizado;;10829053.893333333;;Oil;Raizen
33.453.598/0001-23;RAÍZEN S.A.;Conselho Fiscal;2020;;0.0;;;;0.0;;;;2022;so realizado;;;;Oil;Raizen
33.453.598/0001-23;RAÍZEN S.A.;Diretoria Estatutária;2021;;37877689.31;;;;6.0;;;;2024;so realizado;;6312948.218333334;;Oil;Raizen
33.453.598/0001-23;RAÍZEN S.A.;Conselho de Administração;2021;;56535795.72;;;;6.0;;;;2024;so realizado;;9422632.62;;Oil;Raizen
33.453.598/0001-23;RAÍZEN S.A.;Conselho Fiscal;2021;;0.0;;;;0.0;;;;2024;so realizado;;;;Oil;Raizen
33.453.598/0001-23;RAÍZEN S.A.;Diretoria Estatutária;2022;58197788.19;56872824.26;-1324963.9299999997;-2.276656847635432;6.0;6.0;0.0;0.0;2022;2025;realizado;9699631.365;9478804.043333333;-2.2766568476354387;Oil;Raizen
33.453.598/0001-23;RAÍZEN S.A.;Conselho de Administração;2022;70926471.75;54053177.68;-16873294.07;-23.78983989147888;7.66;7.33;-0.33000000000000007;-4.308093994778068;2022;2025;realizado;9259330.515665796;7374239.792633015;-20.35882313352363;Oil;Raizen
33.453.598/0001-23;RAÍZEN S.A.;Conselho Fiscal;2022;0.0;0.0;0.0;;0.0;0.0;0.0;;2022;2025;realizado;;;;Oil;Raizen
33.453.598/0001-23;RAÍZEN S.A.;Diretoria Estatutária;2023;70961398.6;46314568.57;-24646830.029999994;-34.73272866129783;6.0;6.0;0.0;0.0;2023;2026;realizado;11826899.766666666;7719094.761666667;-34.73272866129783;Oil;Raizen
33.453.598/0001-23;RAÍZEN S.A.;Conselho de Administração;2023;67406449.88;58610789.95;-8795659.929999992;-13.048691847231865;8.0;8.0;0.0;0.0;2023;2026;realizado;8425806.235;7326348.74375;-13.048691847231863;Oil;Raizen
33.453.598/0001-23;RAÍZEN S.A.;Conselho Fiscal;2023;791549.68;549687.51;-241862.17000000004;-30.55552621788692;3.0;2.25;-0.75;-25.0;2023;2026;realizado;263849.89333333337;244305.56;-7.407368290515903;Oil;Raizen
33.453.598/0001-23;RAÍZEN S.A.;Diretoria Estatutária;2024;;97590655.27;;;;6.08;;;;2026;so realizado;;16051094.616776315;;Oil;Raizen
33.453.598/0001-23;RAÍZEN S.A.;Conselho de Administração;2024;;70320026.06;;;;8.0;;;;2026;so realizado;;8790003.2575;;Oil;Raizen
33.453.598/0001-23;RAÍZEN S.A.;Conselho Fiscal;2024;;791550.0;;;;3.0;;;;2026;so realizado;;263850.0;;Oil;Raizen
33.453.598/0001-23;RAÍZEN S.A.;Diretoria Estatutária;2025;78491122.29;47775704.31;-30715417.980000004;-39.132346542983804;6.0;6.42;0.41999999999999993;6.999999999999999;2025;2026;realizado;13081853.715000002;7441698.490654206;-43.11434256353627;Oil;Raizen
33.453.598/0001-23;RAÍZEN S.A.;Conselho de Administração;2025;84609048.29;62554631.59;-22054416.700000003;-26.066262587433723;8.0;8.17;0.16999999999999993;2.124999999999999;2025;2026;realizado;10576131.03625;7656625.6536107715;-27.60466348830719;Oil;Raizen
33.453.598/0001-23;RAÍZEN S.A.;Conselho Fiscal;2025;791550.0;791550.0;0.0;0.0;3.0;3.0;0.0;0.0;2025;2026;realizado;263850.0;263850.0;0.0;Oil;Raizen
33.453.598/0001-23;RAÍZEN S.A.;Diretoria Estatutária;2026;67815548.92;;;;6.0;;;;2026;;so previsao;11302591.486666666;;;Oil;Raizen
33.453.598/0001-23;RAÍZEN S.A.;Conselho de Administração;2026;94521013.91;;;;8.0;;;;2026;;so previsao;11815126.73875;;;Oil;Raizen
33.453.598/0001-23;RAÍZEN S.A.;Conselho Fiscal;2026;791550.0;;;;3.0;;;;2026;;so previsao;263850.0;;;Oil;Raizen
06.047.087/0001-39;REDE D'OR SÃO LUIZ S.A.;Diretoria Estatutária;2016;;23528371.66;;;;5.0;;;;2019;so realizado;;4705674.332;;Saude;Rede D'Or
06.047.087/0001-39;REDE D'OR SÃO LUIZ S.A.;Conselho de Administração;2016;;0.0;;;;7.0;;;;2019;so realizado;;0.0;;Saude;Rede D'Or
06.047.087/0001-39;REDE D'OR SÃO LUIZ S.A.;Conselho Fiscal;2016;;0.0;;;;0.0;;;;2019;so realizado;;;;Saude;Rede D'Or
06.047.087/0001-39;REDE D'OR SÃO LUIZ S.A.;Diretoria Estatutária;2017;;21557657.84;;;;5.25;;;;2020;so realizado;;4106220.5409523807;;Saude;Rede D'Or
06.047.087/0001-39;REDE D'OR SÃO LUIZ S.A.;Conselho de Administração;2017;;0.0;;;;7.0;;;;2020;so realizado;;0.0;;Saude;Rede D'Or
06.047.087/0001-39;REDE D'OR SÃO LUIZ S.A.;Conselho Fiscal;2017;;0.0;;;;0.0;;;;2020;so realizado;;;;Saude;Rede D'Or
06.047.087/0001-39;REDE D'OR SÃO LUIZ S.A.;Diretoria Estatutária;2018;;33002419.0;;;;4.0;;;;2021;so realizado;;8250604.75;;Saude;Rede D'Or
06.047.087/0001-39;REDE D'OR SÃO LUIZ S.A.;Conselho de Administração;2018;;0.0;;;;7.0;;;;2021;so realizado;;0.0;;Saude;Rede D'Or
06.047.087/0001-39;REDE D'OR SÃO LUIZ S.A.;Conselho Fiscal;2018;;0.0;;;;0.0;;;;2021;so realizado;;;;Saude;Rede D'Or
06.047.087/0001-39;REDE D'OR SÃO LUIZ S.A.;Diretoria Estatutária;2019;60214595.87;38769730.84;-21444865.029999994;-35.61406453063021;6.0;5.33;-0.6699999999999999;-11.166666666666666;2019;2022;realizado;10035765.978333334;7273870.701688556;-27.520522923786363;Saude;Rede D'Or
06.047.087/0001-39;REDE D'OR SÃO LUIZ S.A.;Conselho de Administração;2019;0.0;0.0;0.0;;7.0;7.0;0.0;0.0;2019;2022;realizado;0.0;0.0;;Saude;Rede D'Or
06.047.087/0001-39;REDE D'OR SÃO LUIZ S.A.;Conselho Fiscal;2019;0.0;0.0;0.0;;0.0;0.0;0.0;;2019;2022;realizado;;;;Saude;Rede D'Or
06.047.087/0001-39;REDE D'OR SÃO LUIZ S.A.;Diretoria Estatutária;2020;;170976838.0;;;;5.25;;;;2023;so realizado;;32567016.76190476;;Saude;Rede D'Or
06.047.087/0001-39;REDE D'OR SÃO LUIZ S.A.;Conselho de Administração;2020;;330533124.0;;;;7.0;;;;2023;so realizado;;47219017.71428572;;Saude;Rede D'Or
06.047.087/0001-39;REDE D'OR SÃO LUIZ S.A.;Conselho Fiscal;2020;;0.0;;;;0.0;;;;2023;so realizado;;;;Saude;Rede D'Or
06.047.087/0001-39;REDE D'OR SÃO LUIZ S.A.;Diretoria Estatutária;2021;151854810.57;132078328.0;-19776482.569999993;-13.023283553393718;6.91;6.92;0.009999999999999787;0.1447178002894325;2021;2024;realizado;21976094.149059333;19086463.58381503;-13.148972449992847;Saude;Rede D'Or
06.047.087/0001-39;REDE D'OR SÃO LUIZ S.A.;Conselho de Administração;2021;47016047.0;47638363.0;622316.0;1.3236246764854562;7.0;7.0;0.0;0.0;2021;2024;realizado;6716578.142857143;6805480.428571428;1.3236246764854576;Saude;Rede D'Or
06.047.087/0001-39;REDE D'OR SÃO LUIZ S.A.;Conselho Fiscal;2021;0.0;0.0;0.0;;0.0;0.0;0.0;;2021;2024;realizado;;;;Saude;Rede D'Or
06.047.087/0001-39;REDE D'OR SÃO LUIZ S.A.;Diretoria Estatutária;2022;134687208.0;110637241.0;-24049967.0;-17.85616270254856;7.66;7.66;0.0;0.0;2022;2025;realizado;17583186.4229765;14443504.046997389;-17.856162702548563;Saude;Rede D'Or
06.047.087/0001-39;REDE D'OR SÃO LUIZ S.A.;Conselho de Administração;2022;47781770.0;17929091.0;-29852679.0;-62.477130922525475;7.0;7.0;0.0;0.0;2022;2025;realizado;6825967.142857143;2561298.714285714;-62.47713092252547;Saude;Rede D'Or
06.047.087/0001-39;REDE D'OR SÃO LUIZ S.A.;Conselho Fiscal;2022;1002944.0;1015176.0;12232.0;1.219609469721141;2.0;2.0;0.0;0.0;2022;2025;realizado;501472.0;507588.0;1.2196094697211501;Saude;Rede D'Or
06.047.087/0001-39;REDE D'OR SÃO LUIZ S.A.;Diretoria Estatutária;2023;96088546.0;88648486.0;-7440060.0;-7.742920784752014;8.0;7.5;-0.5;-6.25;2023;2026;realizado;12011068.25;11819798.133333333;-1.5924488370688161;Saude;Rede D'Or
06.047.087/0001-39;REDE D'OR SÃO LUIZ S.A.;Conselho de Administração;2023;52650468.0;40046235.0;-12604233.0;-23.93945102254362;7.0;7.0;0.0;0.0;2023;2026;realizado;7521495.428571428;5720890.714285715;-23.93945102254361;Saude;Rede D'Or
06.047.087/0001-39;REDE D'OR SÃO LUIZ S.A.;Conselho Fiscal;2023;1728510.0;1592148.0;-136362.0;-7.888991096377805;3.0;3.0;0.0;0.0;2023;2026;realizado;576170.0;530716.0;-7.888991096377806;Saude;Rede D'Or
06.047.087/0001-39;REDE D'OR SÃO LUIZ S.A.;Diretoria Estatutária;2024;101484098.0;78016318.0;-23467780.0;-23.124588445373973;7.0;7.0;0.0;0.0;2024;2026;realizado;14497728.285714285;11145188.285714285;-23.124588445373973;Saude;Rede D'Or
06.047.087/0001-39;REDE D'OR SÃO LUIZ S.A.;Conselho de Administração;2024;53573871.0;54255030.0;681159.0;1.271438832560746;7.0;7.0;0.0;0.0;2024;2026;realizado;7653410.142857143;7750718.571428572;1.2714388325607562;Saude;Rede D'Or
06.047.087/0001-39;REDE D'OR SÃO LUIZ S.A.;Conselho Fiscal;2024;1924633.0;1592147.0;-332486.0;-17.275293523492532;3.0;3.0;0.0;0.0;2024;2026;realizado;641544.3333333334;530715.6666666666;-17.27529352349254;Saude;Rede D'Or
06.047.087/0001-39;REDE D'OR SÃO LUIZ S.A.;Diretoria Estatutária;2025;86986368.0;86986368.0;0.0;0.0;6.0;6.0;0.0;0.0;2025;2026;realizado;14497728.0;14497728.0;0.0;Saude;Rede D'Or
06.047.087/0001-39;REDE D'OR SÃO LUIZ S.A.;Conselho de Administração;2025;56926804.0;56926804.0;0.0;0.0;7.0;7.0;0.0;0.0;2025;2026;realizado;8132400.571428572;8132400.571428572;0.0;Saude;Rede D'Or
06.047.087/0001-39;REDE D'OR SÃO LUIZ S.A.;Conselho Fiscal;2025;2204033.0;2204033.0;0.0;0.0;3.0;3.0;0.0;0.0;2025;2026;realizado;734677.6666666666;734677.6666666666;0.0;Saude;Rede D'Or
06.047.087/0001-39;REDE D'OR SÃO LUIZ S.A.;Diretoria Estatutária;2026;124061357.0;;;;6.0;;;;2026;;so previsao;20676892.833333332;;;Saude;Rede D'Or
06.047.087/0001-39;REDE D'OR SÃO LUIZ S.A.;Conselho de Administração;2026;61730496.0;;;;7.0;;;;2026;;so previsao;8818642.285714285;;;Saude;Rede D'Or
06.047.087/0001-39;REDE D'OR SÃO LUIZ S.A.;Conselho Fiscal;2026;2321937.0;;;;3.0;;;;2026;;so previsao;773979.0;;;Saude;Rede D'Or
02.387.241/0001-60;RUMO S.A.;Diretoria Estatutária;2009;;4669000.0;;;;8.67;;;;2012;so realizado;;538523.6447520185;;Logistics;Rumo
02.387.241/0001-60;RUMO S.A.;Conselho de Administração;2009;;2431000.0;;;;13.0;;;;2012;so realizado;;187000.0;;Logistics;Rumo
02.387.241/0001-60;RUMO S.A.;Conselho Fiscal;2009;;375000.0;;;;4.0;;;;2012;so realizado;;93750.0;;Logistics;Rumo
02.387.241/0001-60;RUMO S.A.;Diretoria Estatutária;2010;28278000.0;32982718.0;4704718.0;16.63737888110899;8.0;7.83;-0.16999999999999993;-2.124999999999999;2010;2013;realizado;3534750.0;4212352.234993614;19.16973576613945;Logistics;Rumo
02.387.241/0001-60;RUMO S.A.;Conselho de Administração;2010;7342000.0;7423309.0;81309.0;1.1074502860256061;13.0;12.08;-0.9199999999999999;-7.076923076923077;2010;2013;realizado;564769.2307692308;614512.3344370861;8.80768656608717;Logistics;Rumo
02.387.241/0001-60;RUMO S.A.;Conselho Fiscal;2010;518000.0;389160.0;-128840.0;-24.872586872586872;4.0;3.0;-1.0;-25.0;2010;2013;realizado;129500.0;129720.0;0.16988416988417132;Logistics;Rumo
02.387.241/0001-60;RUMO S.A.;Diretoria Estatutária;2011;24000000.0;36651561.0;12651561.0;52.7148375;8.0;8.0;0.0;0.0;2011;2014;realizado;3000000.0;4581445.125;52.71483749999999;Logistics;Rumo
02.387.241/0001-60;RUMO S.A.;Conselho de Administração;2011;5500000.0;4851677.0;-648323.0;-11.787690909090909;15.0;13.91;-1.0899999999999999;-7.266666666666666;2011;2014;realizado;366666.6666666667;348790.5823148814;-4.875295732305085;Logistics;Rumo
02.387.241/0001-60;RUMO S.A.;Conselho Fiscal;2011;600000.0;390000.0;-210000.0;-35.0;3.0;3.0;0.0;0.0;2011;2014;realizado;200000.0;130000.0;-35.0;Logistics;Rumo
02.387.241/0001-60;RUMO S.A.;Diretoria Estatutária;2012;43733157.0;22004947.0;-21728210.0;-49.683607337105805;8.25;8.08;-0.16999999999999993;-2.0606060606060597;2012;2015;realizado;5300988.7272727275;2723384.5297029703;-48.62497036276273;Logistics;Rumo
02.387.241/0001-60;RUMO S.A.;Conselho de Administração;2012;6650000.0;5979782.0;-670218.0;-10.078466165413534;14.0;15.33;1.33;9.5;2012;2015;realizado;475000.0;390070.58056099154;-17.879877776633357;Logistics;Rumo
02.387.241/0001-60;RUMO S.A.;Conselho Fiscal;2012;800000.0;469760.0;-330240.0;-41.28;3.0;3.08;0.08000000000000007;2.666666666666669;2012;2015;realizado;266666.6666666667;152519.4805194805;-42.805194805194816;Logistics;Rumo
02.387.241/0001-60;RUMO S.A.;Diretoria Estatutária;2013;29962997.0;22877534.0;-7085463.0;-23.64737746360953;8.0;7.67;-0.33000000000000007;-4.125000000000001;2013;2016;realizado;3745374.625;2982729.335071708;-20.362323299723105;Logistics;Rumo
02.387.241/0001-60;RUMO S.A.;Conselho de Administração;2013;6289906.0;5350423.0;-939483.0;-14.936359939242335;15.0;14.42;-0.5800000000000001;-3.866666666666667;2013;2016;realizado;419327.06666666665;371041.81692094315;-11.514937523483692;Logistics;Rumo
02.387.241/0001-60;RUMO S.A.;Conselho Fiscal;2013;792000.0;475200.0;-316800.0;-40.0;5.0;3.08;-1.92;-38.4;2013;2016;realizado;158400.0;154285.7142857143;-2.5974025974025983;Logistics;Rumo
02.387.241/0001-60;RUMO S.A.;Diretoria Estatutária;2014;24890672.0;8750436.0;-16140236.0;-64.84451685354256;7.0;6.5;-0.5;-7.142857142857143;2014;2017;realizado;3555810.285714286;1346220.923076923;-62.14024891919969;Logistics;Rumo
02.387.241/0001-60;RUMO S.A.;Conselho de Administração;2014;6025200.0;4378560.0;-1646640.0;-27.32921728739295;15.0;14.91;-0.08999999999999986;-0.5999999999999991;2014;2017;realizado;401680.0;293665.99597585516;-26.890560651300742;Logistics;Rumo
02.387.241/0001-60;RUMO S.A.;Conselho Fiscal;2014;792000.0;396360.0;-395640.0;-49.95454545454545;5.0;3.08;-1.92;-38.4;2014;2017;realizado;158400.0;128688.31168831169;-18.75737898465171;Logistics;Rumo
02.387.241/0001-60;RUMO S.A.;Diretoria Estatutária;2015;21765091.0;3606135.81;-18158955.19;-83.43156107180991;8.0;4.66;-3.34;-41.75;2015;2018;realizado;2720636.375;773848.8862660944;-71.5563280202745;Logistics;Rumo
02.387.241/0001-60;RUMO S.A.;Conselho de Administração;2015;6025200.0;1381000.0;-4644200.0;-77.07959901746;15.0;5.67;-9.33;-62.2;2015;2018;realizado;401680.0;243562.6102292769;-39.36401856470899;Logistics;Rumo
02.387.241/0001-60;RUMO S.A.;Conselho Fiscal;2015;0.0;0.0;0.0;;0.0;2.0;2.0;;2015;2018;realizado;;0.0;;Logistics;Rumo
02.387.241/0001-60;RUMO S.A.;Diretoria Estatutária;2016;4143727.64;13937679.3;9793951.66;236.35606658742657;3.0;7.66;4.66;155.33333333333334;2016;2019;realizado;1381242.5466666666;1819540.3785900783;31.732140961133126;Logistics;Rumo
02.387.241/0001-60;RUMO S.A.;Conselho de Administração;2016;0.0;3078000.0;3078000.0;;0.0;15.75;15.75;;2016;2019;realizado;;195428.57142857142;;Logistics;Rumo
02.387.241/0001-60;RUMO S.A.;Conselho Fiscal;2016;4143727.64;391149.44;-3752578.2;-90.56044523235123;0.0;2.83;2.83;;2016;2019;realizado;;138215.34982332157;;Logistics;Rumo
02.387.241/0001-60;RUMO S.A.;Diretoria Estatutária;2017;;6819639.57;;;;5.0;;;;2020;so realizado;;1363927.914;;Logistics;Rumo
02.387.241/0001-60;RUMO S.A.;Conselho de Administração;2017;;2503626.0;;;;12.0;;;;2020;so realizado;;208635.5;;Logistics;Rumo
02.387.241/0001-60;RUMO S.A.;Conselho Fiscal;2017;;517222.0;;;;5.0;;;;2020;so realizado;;103444.4;;Logistics;Rumo
02.387.241/0001-60;RUMO S.A.;Diretoria Estatutária;2018;30392133.5;23667696.84;-6724436.66;-22.12558279266574;5.0;5.0;0.0;0.0;2018;2021;realizado;6078426.7;4733539.368;-22.125582792665742;Logistics;Rumo
02.387.241/0001-60;RUMO S.A.;Conselho de Administração;2018;5157280.0;4233471.58;-923808.4199999999;-17.912706310303104;11.0;11.0;0.0;0.0;2018;2021;realizado;468843.63636363635;384861.05272727273;-17.912706310303108;Logistics;Rumo
02.387.241/0001-60;RUMO S.A.;Conselho Fiscal;2018;872119.0;669350.64;-202768.36;-23.250079404301477;5.0;5.0;0.0;0.0;2018;2021;realizado;174423.8;133870.128;-23.25007940430147;Logistics;Rumo
02.387.241/0001-60;RUMO S.A.;Diretoria Estatutária;2019;;34198250.3;;;;5.0;;;;2022;so realizado;;6839650.06;;Logistics;Rumo
02.387.241/0001-60;RUMO S.A.;Conselho de Administração;2019;;3834000.0;;;;11.0;;;;2022;so realizado;;348545.45454545453;;Logistics;Rumo
02.387.241/0001-60;RUMO S.A.;Conselho Fiscal;2019;;717161.4;;;;5.0;;;;2022;so realizado;;143432.28;;Logistics;Rumo
02.387.241/0001-60;RUMO S.A.;Diretoria Estatutária;2020;13322936.94;13322936.94;0.0;0.0;5.0;6.0;1.0;20.0;2020;2023;realizado;2664587.388;2220489.4899999998;-16.666666666666675;Logistics;Rumo
02.387.241/0001-60;RUMO S.A.;Conselho de Administração;2020;11572285.0;11572285.0;0.0;0.0;17.0;11.25;-5.75;-33.8235294117647;2020;2023;realizado;680722.6470588235;1028647.5555555555;51.11111111111111;Logistics;Rumo
02.387.241/0001-60;RUMO S.A.;Conselho Fiscal;2020;637248.27;637248.27;0.0;0.0;5.0;5.0;0.0;0.0;2020;2023;realizado;127449.65400000001;127449.65400000001;0.0;Logistics;Rumo
02.387.241/0001-60;RUMO S.A.;Diretoria Estatutária;2021;;34085697.99;;;;6.0;;;;2024;so realizado;;5680949.665;;Logistics;Rumo
02.387.241/0001-60;RUMO S.A.;Conselho de Administração;2021;;10921545.5;;;;13.0;;;;2024;so realizado;;840118.8846153846;;Logistics;Rumo
02.387.241/0001-60;RUMO S.A.;Conselho Fiscal;2021;;717161.4;;;;5.0;;;;2024;so realizado;;143432.28;;Logistics;Rumo
02.387.241/0001-60;RUMO S.A.;Diretoria Estatutária;2022;40310081.04;36965975.85;-3344105.1899999976;-8.295952535251955;5.0;6.0;1.0;20.0;2022;2025;realizado;8062016.208;6160995.975000001;-23.57996044604329;Logistics;Rumo
02.387.241/0001-60;RUMO S.A.;Conselho de Administração;2022;11863953.29;11567821.0;-296132.2899999991;-2.4960675650131385;11.0;10.0;-1.0;-9.090909090909092;2022;2025;realizado;1078541.208181818;1156782.1;7.2543256784855625;Logistics;Rumo
02.387.241/0001-60;RUMO S.A.;Conselho Fiscal;2022;860593.68;657397.95;-203195.7300000001;-23.61111111111112;5.0;5.0;0.0;0.0;2022;2025;realizado;172118.736;131479.59;-23.611111111111114;Logistics;Rumo
02.387.241/0001-60;RUMO S.A.;Diretoria Estatutária;2023;43416614.12;43182991.11;-233623.0099999979;-0.5380958758190652;5.0;5.0;0.0;0.0;2023;2026;realizado;8683322.824;8636598.222;-0.5380958758190668;Logistics;Rumo
02.387.241/0001-60;RUMO S.A.;Conselho de Administração;2023;6154755.85;6065942.85;-88813.0;-1.4429979379279523;10.0;9.33;-0.6699999999999999;-6.7;2023;2026;realizado;615475.585;650154.6463022508;5.634514535982915;Logistics;Rumo
02.387.241/0001-60;RUMO S.A.;Conselho Fiscal;2023;804000.0;752000.0;-52000.0;-6.467661691542289;5.0;5.0;0.0;0.0;2023;2026;realizado;160800.0;150400.0;-6.467661691542292;Logistics;Rumo
02.387.241/0001-60;RUMO S.A.;Diretoria Estatutária;2024;50420362.4;40643538.64;-9776823.759999998;-19.390625720690966;4.25;4.17;-0.08000000000000007;-1.8823529411764723;2024;2026;realizado;11863614.682352941;9746651.95203837;-17.84416290478096;Logistics;Rumo
02.387.241/0001-60;RUMO S.A.;Conselho de Administração;2024;6595264.13;5208970.93;-1386293.2000000002;-21.019525111877517;11.0;10.0;-1.0;-9.090909090909092;2024;2026;realizado;599569.4663636363;520897.093;-13.121477623065259;Logistics;Rumo
02.387.241/0001-60;RUMO S.A.;Conselho Fiscal;2024;858715.0;804050.0;-54665.0;-6.365907198546665;5.0;5.0;0.0;0.0;2024;2026;realizado;171743.0;160810.0;-6.365907198546661;Logistics;Rumo
02.387.241/0001-60;RUMO S.A.;Diretoria Estatutária;2025;42718802.02;23310604.07;-19408197.950000003;-45.4324490207228;4.0;3.92;-0.08000000000000007;-2.0000000000000018;2025;2026;realizado;10679700.505;5946582.670918368;-44.318825531349795;Logistics;Rumo
02.387.241/0001-60;RUMO S.A.;Conselho de Administração;2025;6118606.25;5895006.24;-223600.00999999978;-3.65442718266108;9.0;9.0;0.0;0.0;2025;2026;realizado;679845.1388888889;655000.6933333334;-3.6544271826610797;Logistics;Rumo
02.387.241/0001-60;RUMO S.A.;Conselho Fiscal;2025;884455.0;791000.0;-93455.0;-10.566393994041528;5.0;4.92;-0.08000000000000007;-1.6000000000000014;2025;2026;realizado;176891.0;160772.35772357724;-9.112189018334881;Logistics;Rumo
02.387.241/0001-60;RUMO S.A.;Diretoria Estatutária;2026;45063573.05;;;;4.0;;;;2026;;so previsao;11265893.2625;;;Logistics;Rumo
02.387.241/0001-60;RUMO S.A.;Conselho de Administração;2026;11313000.0;;;;9.0;;;;2026;;so previsao;1257000.0;;;Logistics;Rumo
02.387.241/0001-60;RUMO S.A.;Conselho Fiscal;2026;954000.0;;;;5.0;;;;2026;;so previsao;190800.0;;;Logistics;Rumo
06.057.223/0001-71;SENDAS DISTRIBUIDORA S.A.;Diretoria Estatutária;2017;;22951972.64;;;;4.0;;;;2020;so realizado;;5737993.16;;Retail;Assai
06.057.223/0001-71;SENDAS DISTRIBUIDORA S.A.;Conselho de Administração;2017;;0.0;;;;0.0;;;;2020;so realizado;;;;Retail;Assai
06.057.223/0001-71;SENDAS DISTRIBUIDORA S.A.;Conselho Fiscal;2017;;0.0;;;;0.0;;;;2020;so realizado;;;;Retail;Assai
06.057.223/0001-71;SENDAS DISTRIBUIDORA S.A.;Diretoria Estatutária;2018;;24339488.37;;;;4.0;;;;2021;so realizado;;6084872.0925;;Retail;Assai
06.057.223/0001-71;SENDAS DISTRIBUIDORA S.A.;Conselho de Administração;2018;;0.0;;;;0.0;;;;2021;so realizado;;;;Retail;Assai
06.057.223/0001-71;SENDAS DISTRIBUIDORA S.A.;Conselho Fiscal;2018;;0.0;;;;0.0;;;;2021;so realizado;;;;Retail;Assai
06.057.223/0001-71;SENDAS DISTRIBUIDORA S.A.;Diretoria Estatutária;2019;;29800698.13;;;;4.0;;;;2022;so realizado;;7450174.5325;;Retail;Assai
06.057.223/0001-71;SENDAS DISTRIBUIDORA S.A.;Conselho de Administração;2019;;0.0;;;;0.0;;;;2021;so realizado;;;;Retail;Assai
06.057.223/0001-71;SENDAS DISTRIBUIDORA S.A.;Conselho Fiscal;2019;;0.0;;;;0.0;;;;2021;so realizado;;;;Retail;Assai
06.057.223/0001-71;SENDAS DISTRIBUIDORA S.A.;Diretoria Estatutária;2020;28772049.54;24867134.19;-3904915.3499999978;-13.571905416648319;4.0;4.0;0.0;0.0;2020;2023;realizado;7193012.385;6216783.5475;-13.571905416648322;Retail;Assai
06.057.223/0001-71;SENDAS DISTRIBUIDORA S.A.;Conselho de Administração;2020;1014337.94;0.0;-1014337.94;-100.0;1.25;0.0;-1.25;-100.0;2020;2022;realizado;811470.352;;;Retail;Assai
06.057.223/0001-71;SENDAS DISTRIBUIDORA S.A.;Conselho Fiscal;2020;0.0;0.0;0.0;;0.0;0.0;0.0;;2020;2023;realizado;;;;Retail;Assai
06.057.223/0001-71;SENDAS DISTRIBUIDORA S.A.;Diretoria Estatutária;2021;48665892.15;39653428.95;-9012463.199999996;-18.519054725682235;5.0;4.83;-0.16999999999999993;-3.3999999999999986;2021;2024;realizado;9733178.43;8209819.658385093;-15.651195368201076;Retail;Assai
06.057.223/0001-71;SENDAS DISTRIBUIDORA S.A.;Conselho de Administração;2021;43126977.55;33886601.3;-9240376.25;-21.425976905724525;9.0;9.0;0.0;0.0;2021;2024;realizado;4791886.394444444;3765177.9222222217;-21.425976905724532;Retail;Assai
06.057.223/0001-71;SENDAS DISTRIBUIDORA S.A.;Conselho Fiscal;2021;540000.0;331340.21;-208659.78999999998;-38.640701851851844;3.0;3.0;0.0;0.0;2021;2024;realizado;180000.0;110446.73666666668;-38.640701851851844;Retail;Assai
06.057.223/0001-71;SENDAS DISTRIBUIDORA S.A.;Diretoria Estatutária;2022;36714779.02;59114792.0;22400012.979999997;61.010888742644525;5.0;5.0;0.0;0.0;2022;2025;realizado;7342955.8040000005;11822958.4;61.01088874264453;Retail;Assai
06.057.223/0001-71;SENDAS DISTRIBUIDORA S.A.;Conselho de Administração;2022;35107852.2;35839317.0;731464.799999997;2.0834792052588083;9.0;9.0;0.0;0.0;2022;2025;realizado;3900872.466666667;3982146.3333333335;2.0834792052588202;Retail;Assai
06.057.223/0001-71;SENDAS DISTRIBUIDORA S.A.;Conselho Fiscal;2022;518400.0;584180.0;65780.0;12.689043209876543;3.0;3.0;0.0;0.0;2022;2025;realizado;172800.0;194726.66666666666;12.689043209876537;Retail;Assai
06.057.223/0001-71;SENDAS DISTRIBUIDORA S.A.;Diretoria Estatutária;2023;49419199.0;47160704.39;-2258494.6099999994;-4.570075306157834;5.0;5.0;0.0;0.0;2023;2026;realizado;9883839.8;9432140.878;-4.57007530615784;Retail;Assai
06.057.223/0001-71;SENDAS DISTRIBUIDORA S.A.;Conselho de Administração;2023;20613027.0;17806933.68;-2806093.3200000003;-13.613203533862348;9.0;9.0;0.0;0.0;2023;2026;realizado;2290336.3333333335;1978548.1866666665;-13.613203533862361;Retail;Assai
06.057.223/0001-71;SENDAS DISTRIBUIDORA S.A.;Conselho Fiscal;2023;563328.0;456960.0;-106368.0;-18.882072256305385;3.0;3.0;0.0;0.0;2023;2026;realizado;187776.0;152320.0;-18.88207225630538;Retail;Assai
06.057.223/0001-71;SENDAS DISTRIBUIDORA S.A.;Diretoria Estatutária;2024;75309657.0;47332743.0;-27976914.0;-37.14917198467655;4.3;4.3;0.0;0.0;2024;2026;realizado;17513873.720930234;11007614.651162792;-37.14917198467654;Retail;Assai
06.057.223/0001-71;SENDAS DISTRIBUIDORA S.A.;Conselho de Administração;2024;10820400.0;10348419.0;-471981.0;-4.361955195741378;9.0;9.0;0.0;0.0;2024;2026;realizado;1202266.6666666667;1149824.3333333333;-4.361955195741385;Retail;Assai
06.057.223/0001-71;SENDAS DISTRIBUIDORA S.A.;Conselho Fiscal;2024;496985.0;496479.0;-506.0;-0.10181393804641992;3.0;3.0;0.0;0.0;2024;2026;realizado;165661.66666666666;165493.0;-0.10181393804641337;Retail;Assai
06.057.223/0001-71;SENDAS DISTRIBUIDORA S.A.;Diretoria Estatutária;2025;64638568.0;53507980.05;-11130587.950000003;-17.219731646901586;4.0;3.25;-0.75;-18.75;2025;2026;realizado;16159642.0;16463993.86153846;1.8834072038134364;Retail;Assai
06.057.223/0001-71;SENDAS DISTRIBUIDORA S.A.;Conselho de Administração;2025;10690470.0;9789320.25;-901149.75;-8.42946802151823;7.0;7.0;0.0;0.0;2025;2026;realizado;1527210.0;1398474.3214285714;-8.429468021518238;Retail;Assai
06.057.223/0001-71;SENDAS DISTRIBUIDORA S.A.;Conselho Fiscal;2025;661713.0;585737.85;-75975.15000000002;-11.481586427952907;3.0;3.0;0.0;0.0;2025;2026;realizado;220571.0;195245.94999999998;-11.481586427952916;Retail;Assai
06.057.223/0001-71;SENDAS DISTRIBUIDORA S.A.;Diretoria Estatutária;2026;73028651.0;;;;3.17;;;;2026;;so previsao;23037429.337539434;;;Retail;Assai
06.057.223/0001-71;SENDAS DISTRIBUIDORA S.A.;Conselho de Administração;2026;9370935.0;;;;7.0;;;;2026;;so previsao;1338705.0;;;Retail;Assai
06.057.223/0001-71;SENDAS DISTRIBUIDORA S.A.;Conselho Fiscal;2026;861741.0;;;;3.0;;;;2026;;so previsao;287247.0;;;Retail;Assai
07.594.978/0001-78;SMARTFIT ESCOLA DE GINÁSTICA E DANÇA S.A.;Diretoria Estatutária;2014;;1616590.74;;;;4.0;;;;2017;so realizado;;404147.685;;Retail;Smartfit
07.594.978/0001-78;SMARTFIT ESCOLA DE GINÁSTICA E DANÇA S.A.;Conselho de Administração;2014;;0.0;;;;0.0;;;;2017;so realizado;;;;Retail;Smartfit
07.594.978/0001-78;SMARTFIT ESCOLA DE GINÁSTICA E DANÇA S.A.;Diretoria Estatutária;2015;;3740498.48;;;;2.0;;;;2018;so realizado;;1870249.24;;Retail;Smartfit
07.594.978/0001-78;SMARTFIT ESCOLA DE GINÁSTICA E DANÇA S.A.;Conselho de Administração;2015;;0.0;;;;6.0;;;;2018;so realizado;;0.0;;Retail;Smartfit
07.594.978/0001-78;SMARTFIT ESCOLA DE GINÁSTICA E DANÇA S.A.;Conselho Fiscal;2015;;0.0;;;;0.0;;;;2018;so realizado;;;;Retail;Smartfit
07.594.978/0001-78;SMARTFIT ESCOLA DE GINÁSTICA E DANÇA S.A.;Diretoria Estatutária;2016;;3849286.41;;;;2.33;;;;2019;so realizado;;1652054.253218884;;Retail;Smartfit
07.594.978/0001-78;SMARTFIT ESCOLA DE GINÁSTICA E DANÇA S.A.;Conselho de Administração;2016;;0.0;;;;6.0;;;;2019;so realizado;;0.0;;Retail;Smartfit
07.594.978/0001-78;SMARTFIT ESCOLA DE GINÁSTICA E DANÇA S.A.;Conselho Fiscal;2016;;0.0;;;;0.0;;;;2019;so realizado;;;;Retail;Smartfit
07.594.978/0001-78;SMARTFIT ESCOLA DE GINÁSTICA E DANÇA S.A.;Diretoria Estatutária;2017;4963071.43;4644000.41;-319071.01999999955;-6.428902434716713;3.25;3.25;0.0;0.0;2017;2020;realizado;1527098.9015384614;1428923.203076923;-6.428902434716721;Retail;Smartfit
07.594.978/0001-78;SMARTFIT ESCOLA DE GINÁSTICA E DANÇA S.A.;Conselho de Administração;2017;0.0;0.0;0.0;;6.0;6.0;0.0;0.0;2017;2020;realizado;0.0;0.0;;Retail;Smartfit
07.594.978/0001-78;SMARTFIT ESCOLA DE GINÁSTICA E DANÇA S.A.;Conselho Fiscal;2017;0.0;0.0;0.0;;0.0;0.0;0.0;;2017;2020;realizado;;;;Retail;Smartfit
07.594.978/0001-78;SMARTFIT ESCOLA DE GINÁSTICA E DANÇA S.A.;Diretoria Estatutária;2018;7288139.74;6246555.34;-1041584.4000000004;-14.291498752190504;4.0;4.0;0.0;0.0;2018;2021;realizado;1822034.935;1561638.835;-14.2914987521905;Retail;Smartfit
07.594.978/0001-78;SMARTFIT ESCOLA DE GINÁSTICA E DANÇA S.A.;Conselho de Administração;2018;0.0;0.0;0.0;;6.0;6.0;0.0;0.0;2018;2021;realizado;0.0;0.0;;Retail;Smartfit
07.594.978/0001-78;SMARTFIT ESCOLA DE GINÁSTICA E DANÇA S.A.;Conselho Fiscal;2018;0.0;0.0;0.0;;0.0;0.0;0.0;;2018;2021;realizado;;;;Retail;Smartfit
07.594.978/0001-78;SMARTFIT ESCOLA DE GINÁSTICA E DANÇA S.A.;Diretoria Estatutária;2019;6671532.8;132404850.08;125733317.28;1884.6241343518539;4.0;4.0;0.0;0.0;2019;2022;realizado;1667883.2;33101212.52;1884.6241343518539;Retail;Smartfit
07.594.978/0001-78;SMARTFIT ESCOLA DE GINÁSTICA E DANÇA S.A.;Conselho de Administração;2019;0.0;0.0;0.0;;6.0;6.33;0.33000000000000007;5.500000000000001;2019;2022;realizado;0.0;0.0;;Retail;Smartfit
07.594.978/0001-78;SMARTFIT ESCOLA DE GINÁSTICA E DANÇA S.A.;Conselho Fiscal;2019;;0.0;;;;0.0;;;;2022;so realizado;;;;Retail;Smartfit
07.594.978/0001-78;SMARTFIT ESCOLA DE GINÁSTICA E DANÇA S.A.;Diretoria Estatutária;2020;9291169.48;5974869.27;-3316300.210000001;-35.693033230516434;4.0;4.0;0.0;0.0;2020;2023;realizado;2322792.37;1493717.3175;-35.693033230516434;Retail;Smartfit
07.594.978/0001-78;SMARTFIT ESCOLA DE GINÁSTICA E DANÇA S.A.;Conselho de Administração;2020;0.0;0.0;0.0;;8.0;8.0;0.0;0.0;2020;2023;realizado;0.0;0.0;;Retail;Smartfit
07.594.978/0001-78;SMARTFIT ESCOLA DE GINÁSTICA E DANÇA S.A.;Conselho Fiscal;2020;;0.0;;;;0.0;;;;2023;so realizado;;;;Retail;Smartfit
07.594.978/0001-78;SMARTFIT ESCOLA DE GINÁSTICA E DANÇA S.A.;Diretoria Estatutária;2021;14660823.92;16054116.98;1393293.0600000005;9.503511314253617;3.33;3.5;0.16999999999999993;5.105105105105103;2021;2024;realizado;4402649.825825825;4586890.565714286;4.184769336132743;Retail;Smartfit
07.594.978/0001-78;SMARTFIT ESCOLA DE GINÁSTICA E DANÇA S.A.;Conselho de Administração;2021;0.0;0.0;0.0;;8.0;8.0;0.0;0.0;2021;2024;realizado;0.0;0.0;;Retail;Smartfit
07.594.978/0001-78;SMARTFIT ESCOLA DE GINÁSTICA E DANÇA S.A.;Conselho Fiscal;2021;0.0;0.0;0.0;;0.0;0.0;0.0;;2021;2024;realizado;;;;Retail;Smartfit
07.594.978/0001-78;SMARTFIT ESCOLA DE GINÁSTICA E DANÇA S.A.;Diretoria Estatutária;2022;15565643.72;13980073.93;-1585569.790000001;-10.18634255365059;3.0;3.0;0.0;0.0;2022;2025;realizado;5188547.906666667;4660024.643333334;-10.186342553650595;Retail;Smartfit
07.594.978/0001-78;SMARTFIT ESCOLA DE GINÁSTICA E DANÇA S.A.;Conselho de Administração;2022;0.0;0.0;0.0;;8.0;8.0;0.0;0.0;2022;2025;realizado;0.0;0.0;;Retail;Smartfit
07.594.978/0001-78;SMARTFIT ESCOLA DE GINÁSTICA E DANÇA S.A.;Conselho Fiscal;2022;0.0;0.0;0.0;;0.0;0.0;0.0;;2022;2025;realizado;;;;Retail;Smartfit
07.594.978/0001-78;SMARTFIT ESCOLA DE GINÁSTICA E DANÇA S.A.;Diretoria Estatutária;2023;44130000.0;42897761.0;-1232239.0;-2.792293224563789;3.0;3.0;0.0;0.0;2023;2026;realizado;14710000.0;14299253.666666666;-2.792293224563791;Retail;Smartfit
07.594.978/0001-78;SMARTFIT ESCOLA DE GINÁSTICA E DANÇA S.A.;Conselho de Administração;2023;0.0;0.0;0.0;;8.0;8.0;0.0;0.0;2023;2026;realizado;0.0;0.0;;Retail;Smartfit
07.594.978/0001-78;SMARTFIT ESCOLA DE GINÁSTICA E DANÇA S.A.;Conselho Fiscal;2023;460000.0;458430.84;-1569.1599999999744;-0.3411217391304292;6.0;6.0;0.0;0.0;2023;2026;realizado;76666.66666666667;76405.14;-0.3411217391304455;Retail;Smartfit
07.594.978/0001-78;SMARTFIT ESCOLA DE GINÁSTICA E DANÇA S.A.;Diretoria Estatutária;2024;44900000.0;42950315.37;-1949684.6300000027;-4.342282026726064;7.67;7.67;0.0;0.0;2024;2026;realizado;5853976.531942634;5599780.361147327;-4.342282026726063;Retail;Smartfit
07.594.978/0001-78;SMARTFIT ESCOLA DE GINÁSTICA E DANÇA S.A.;Conselho de Administração;2024;850000.0;470000.0;-380000.0;-44.705882352941174;9.33;8.75;-0.5800000000000001;-6.216505894962487;2024;2026;realizado;91103.96570203644;53714.28571428572;-41.040672268907564;Retail;Smartfit
07.594.978/0001-78;SMARTFIT ESCOLA DE GINÁSTICA E DANÇA S.A.;Conselho Fiscal;2024;700000.0;673591.44;-26408.560000000056;-3.7726514285714368;6.0;6.0;0.0;0.0;2024;2026;realizado;116666.66666666667;112265.23999999999;-3.7726514285714385;Retail;Smartfit
07.594.978/0001-78;SMARTFIT ESCOLA DE GINÁSTICA E DANÇA S.A.;Diretoria Estatutária;2025;48000000.0;35636103.14;-12363896.86;-25.758118458333332;7.17;7.17;0.0;0.0;2025;2026;realizado;6694560.669456067;4970167.80195258;-25.758118458333335;Retail;Smartfit
07.594.978/0001-78;SMARTFIT ESCOLA DE GINÁSTICA E DANÇA S.A.;Conselho de Administração;2025;920000.0;840000.0;-80000.0;-8.695652173913043;9.0;9.0;0.0;0.0;2025;2026;realizado;102222.22222222222;93333.33333333333;-8.695652173913048;Retail;Smartfit
07.594.978/0001-78;SMARTFIT ESCOLA DE GINÁSTICA E DANÇA S.A.;Conselho Fiscal;2025;790000.0;670874.4;-119125.59999999998;-15.07918987341772;6.0;6.0;0.0;0.0;2025;2026;realizado;131666.66666666666;111812.40000000001;-15.07918987341771;Retail;Smartfit
07.594.978/0001-78;SMARTFIT ESCOLA DE GINÁSTICA E DANÇA S.A.;Diretoria Estatutária;2026;29100000.0;;;;5.5;;;;2026;;so previsao;5290909.090909091;;;Retail;Smartfit
07.594.978/0001-78;SMARTFIT ESCOLA DE GINÁSTICA E DANÇA S.A.;Conselho de Administração;2026;12100000.0;;;;9.0;;;;2026;;so previsao;1344444.4444444445;;;Retail;Smartfit
07.594.978/0001-78;SMARTFIT ESCOLA DE GINÁSTICA E DANÇA S.A.;Conselho Fiscal;2026;800000.0;;;;6.0;;;;2026;;so previsao;133333.33333333334;;;Retail;Smartfit
16.404.287/0001-55;SUZANO S.A.;Diretoria Estatutária;2009;;17116241.0;;;;8.0;;;;2012;so realizado;;2139530.125;;Pulp;Suzano
16.404.287/0001-55;SUZANO S.A.;Conselho de Administração;2009;;13398989.0;;;;9.0;;;;2012;so realizado;;1488776.5555555555;;Pulp;Suzano
16.404.287/0001-55;SUZANO S.A.;Conselho Fiscal;2009;;288011.0;;;;3.0;;;;2012;so realizado;;96003.66666666667;;Pulp;Suzano
16.404.287/0001-55;SUZANO S.A.;Diretoria Estatutária;2010;22910448.0;24497197.0;1586749.0;6.925875041814983;8.0;7.75;-0.25;-3.125;2010;2013;realizado;2863806.0;3160928.64516129;10.375096817357399;Pulp;Suzano
16.404.287/0001-55;SUZANO S.A.;Conselho de Administração;2010;14435411.0;17269689.0;2834278.0;19.63420369534335;9.0;9.0;0.0;0.0;2010;2013;realizado;1603934.5555555555;1918854.3333333333;19.634203695343345;Pulp;Suzano
16.404.287/0001-55;SUZANO S.A.;Conselho Fiscal;2010;240009.0;288011.0;48002.0;20.00008333020845;3.0;3.0;0.0;0.0;2010;2013;realizado;80003.0;96003.66666666667;20.00008333020846;Pulp;Suzano
16.404.287/0001-55;SUZANO S.A.;Diretoria Estatutária;2011;26247125.0;26664834.0;417709.0;1.5914466822556756;8.0;7.0;-1.0;-12.5;2011;2014;realizado;3280890.625;3809262.0;16.104510494006497;Pulp;Suzano
16.404.287/0001-55;SUZANO S.A.;Conselho de Administração;2011;11531890.0;14466332.0;2934442.0;25.446323195937527;9.0;9.0;0.0;0.0;2011;2014;realizado;1281321.111111111;1607370.2222222222;25.446323195937538;Pulp;Suzano
16.404.287/0001-55;SUZANO S.A.;Conselho Fiscal;2011;240009.0;346178.0;106169.0;44.2354245049144;3.0;3.0;0.0;0.0;2011;2014;realizado;80003.0;115392.66666666667;44.2354245049144;Pulp;Suzano
16.404.287/0001-55;SUZANO S.A.;Diretoria Estatutária;2012;;22247128.0;;;;6.0;;;;2015;so realizado;;3707854.6666666665;;Pulp;Suzano
16.404.287/0001-55;SUZANO S.A.;Conselho de Administração;2012;;10261022.0;;;;9.0;;;;2015;so realizado;;1140113.5555555555;;Pulp;Suzano
16.404.287/0001-55;SUZANO S.A.;Conselho Fiscal;2012;;354241.0;;;;3.0;;;;2015;so realizado;;118080.33333333333;;Pulp;Suzano
16.404.287/0001-55;SUZANO S.A.;Diretoria Estatutária;2013;25016690.0;25107679.45;90989.44999999925;0.3637149838767609;6.0;6.0;0.0;0.0;2013;2016;realizado;4169448.3333333335;4184613.2416666667;0.3637149838767506;Pulp;Suzano
16.404.287/0001-55;SUZANO S.A.;Conselho de Administração;2013;11851522.0;10008919.4;-1842602.5999999996;-15.547392140857518;9.0;9.0;0.0;0.0;2013;2016;realizado;1316835.7777777778;1112102.1555555556;-15.547392140857518;Pulp;Suzano
16.404.287/0001-55;SUZANO S.A.;Conselho Fiscal;2013;380809.0;304591.8;-76217.20000000001;-20.014547975494278;3.0;3.0;0.0;0.0;2013;2016;realizado;126936.33333333333;101530.59999999999;-20.014547975494278;Pulp;Suzano
16.404.287/0001-55;SUZANO S.A.;Diretoria Estatutária;2014;37744689.24;26283236.31;-11461452.930000003;-30.365736639457364;6.0;6.0;0.0;0.0;2014;2017;realizado;6290781.54;4380539.385;-30.365736639457364;Pulp;Suzano
16.404.287/0001-55;SUZANO S.A.;Conselho de Administração;2014;10427714.26;8836168.4;-1591545.8599999994;-15.262653159811453;9.0;9.0;0.0;0.0;2014;2017;realizado;1158634.9177777776;981796.488888889;-15.262653159811446;Pulp;Suzano
16.404.287/0001-55;SUZANO S.A.;Conselho Fiscal;2014;330482.1;304592.4;-25889.699999999953;-7.8339189928894655;3.0;3.0;0.0;0.0;2014;2017;realizado;110160.7;101530.8;-7.833918992889477;Pulp;Suzano
16.404.287/0001-55;SUZANO S.A.;Diretoria Estatutária;2015;30948831.61;28788681.29;-2160150.3200000003;-6.9797475627546;6.0;6.0;0.0;0.0;2015;2018;realizado;5158138.601666667;4798113.548333333;-6.979747562754602;Pulp;Suzano
16.404.287/0001-55;SUZANO S.A.;Conselho de Administração;2015;9254963.26;9015368.4;-239594.8599999994;-2.5888256200381656;9.0;8.67;-0.33000000000000007;-3.6666666666666674;2015;2018;realizado;1028329.2511111111;1039834.8788927336;1.1188661383686904;Pulp;Suzano
16.404.287/0001-55;SUZANO S.A.;Conselho Fiscal;2015;330482.75;329977.92;-504.8300000000163;-0.1527553253535975;3.0;3.0;0.0;0.0;2015;2018;realizado;110160.91666666667;109992.64;-0.15275532535359293;Pulp;Suzano
16.404.287/0001-55;SUZANO S.A.;Diretoria Estatutária;2016;34723857.18;27529415.03;-7194442.1499999985;-20.719017800084153;6.0;5.5;-0.5;-8.333333333333334;2016;2019;realizado;5787309.53;5005348.1872727275;-13.511655781909992;Pulp;Suzano
16.404.287/0001-55;SUZANO S.A.;Conselho de Administração;2016;9962468.24;11068251.42;1105783.1799999997;11.099490140005702;8.0;8.5;0.5;6.25;2016;2019;realizado;1245308.53;1302147.225882353;4.5642260141230295;Pulp;Suzano
16.404.287/0001-55;SUZANO S.A.;Conselho Fiscal;2016;376937.75;342670.68;-34267.07000000001;-9.090909573265083;3.0;3.0;0.0;0.0;2016;2019;realizado;125645.91666666667;114223.56;-9.090909573265083;Pulp;Suzano
16.404.287/0001-55;SUZANO S.A.;Diretoria Estatutária;2017;34715385.01;36112584.41;1397199.3999999985;4.0247267878421225;7.0;6.83;-0.16999999999999993;-2.4285714285714275;2017;2020;realizado;4959340.715714285;5287347.64421669;6.613922037319897;Pulp;Suzano
16.404.287/0001-55;SUZANO S.A.;Conselho de Administração;2017;13221774.7;12997080.07;-224694.62999999896;-1.6994286704945818;9.0;9.0;0.0;0.0;2017;2020;realizado;1469086.0777777778;1444120.0077777777;-1.699428670494596;Pulp;Suzano
16.404.287/0001-55;SUZANO S.A.;Conselho Fiscal;2017;376937.75;342353.39;-34584.359999999986;-9.175085276017057;3.0;3.0;0.0;0.0;2017;2020;realizado;125645.91666666667;114117.79666666668;-9.17508527601706;Pulp;Suzano
16.404.287/0001-55;SUZANO S.A.;Diretoria Estatutária;2018;100012116.54;100012116.54;0.0;0.0;8.0;8.0;0.0;0.0;2018;2021;realizado;12501514.5675;12501514.5675;0.0;Pulp;Suzano
16.404.287/0001-55;SUZANO S.A.;Conselho de Administração;2018;18464265.96;18464265.96;0.0;0.0;9.0;9.0;0.0;0.0;2018;2021;realizado;2051585.1066666667;2051585.1066666667;0.0;Pulp;Suzano
16.404.287/0001-55;SUZANO S.A.;Conselho Fiscal;2018;778355.11;778355.11;0.0;0.0;3.0;3.0;0.0;0.0;2018;2021;realizado;259451.70333333334;259451.70333333334;0.0;Pulp;Suzano
16.404.287/0001-55;SUZANO S.A.;Diretoria Estatutária;2019;118705687.98;74351737.08;-44353950.900000006;-37.36463825345331;8.0;8.0;0.0;0.0;2019;2021;realizado;14838210.9975;9293967.135;-37.36463825345331;Pulp;Suzano
16.404.287/0001-55;SUZANO S.A.;Conselho de Administração;2019;20394521.46;17930897.67;-2463623.789999999;-12.079831315639995;10.0;8.67;-1.33;-13.3;2019;2021;realizado;2039452.1460000002;2068154.287197232;1.4073456567012643;Pulp;Suzano
16.404.287/0001-55;SUZANO S.A.;Conselho Fiscal;2019;941663.7;946343.7;4680.0;0.4969927161894422;3.0;3.0;0.0;0.0;2019;2021;realizado;313887.89999999997;315447.89999999997;0.4969927161894372;Pulp;Suzano
16.404.287/0001-55;SUZANO S.A.;Diretoria Estatutária;2020;125000000.0;113928178.08;-11071821.920000002;-8.857457536000002;8.0;8.0;0.0;0.0;2020;2023;realizado;15625000.0;14241022.26;-8.857457536000002;Pulp;Suzano
16.404.287/0001-55;SUZANO S.A.;Conselho de Administração;2020;23500000.0;18840149.94;-4659850.059999999;-19.829149191489357;9.0;9.58;0.5800000000000001;6.4444444444444455;2020;2023;realizado;2611111.111111111;1966612.7286012527;-24.682916776973297;Pulp;Suzano
16.404.287/0001-55;SUZANO S.A.;Conselho Fiscal;2020;1500000.0;951840.0;-548160.0;-36.544;3.0;3.0;0.0;0.0;2020;2023;realizado;500000.0;317280.0;-36.544;Pulp;Suzano
16.404.287/0001-55;SUZANO S.A.;Diretoria Estatutária;2021;127850000.0;83788566.9;-44061433.099999994;-34.463381384434875;7.08;7.08;0.0;0.0;2021;2024;realizado;18057909.604519773;11834543.347457629;-34.463381384434875;Pulp;Suzano
16.404.287/0001-55;SUZANO S.A.;Conselho de Administração;2021;21000000.0;16803220.6;-4196779.3999999985;-19.984663809523806;10.0;10.0;0.0;0.0;2021;2024;realizado;2100000.0;1680322.06;-19.984663809523806;Pulp;Suzano
16.404.287/0001-55;SUZANO S.A.;Conselho Fiscal;2021;1150000.0;882000.0;-268000.0;-23.304347826086957;3.0;3.0;0.0;0.0;2021;2024;realizado;383333.3333333333;294000.0;-23.304347826086957;Pulp;Suzano
16.404.287/0001-55;SUZANO S.A.;Diretoria Estatutária;2022;124957946.71;73474022.67;-51483924.03999999;-41.20100033292232;7.0;7.0;0.0;0.0;2022;2025;realizado;17851135.244285714;10496288.952857142;-41.20100033292232;Pulp;Suzano
16.404.287/0001-55;SUZANO S.A.;Conselho de Administração;2022;23790732.39;15911411.1;-7879321.290000001;-33.119288472648826;10.0;9.33;-0.6699999999999999;-6.7;2022;2025;realizado;2379073.239;1705403.118971061;-28.316493539816534;Pulp;Suzano
16.404.287/0001-55;SUZANO S.A.;Conselho Fiscal;2022;1251320.89;987600.0;-263720.8899999999;-21.07540057131148;3.0;3.0;0.0;0.0;2022;2025;realizado;417106.9633333333;329200.0;-21.075400571311487;Pulp;Suzano
16.404.287/0001-55;SUZANO S.A.;Diretoria Estatutária;2023;126139578.42;92126140.78;-34013437.64;-26.964920975672943;7.0;7.0;0.0;0.0;2023;2026;realizado;18019939.774285715;13160877.254285714;-26.964920975672946;Pulp;Suzano
16.404.287/0001-55;SUZANO S.A.;Conselho de Administração;2023;22369245.59;15686864.57;-6682381.02;-29.87307280039568;9.0;9.0;0.0;0.0;2023;2026;realizado;2485471.7322222223;1742984.9522222222;-29.873072800395683;Pulp;Suzano
16.404.287/0001-55;SUZANO S.A.;Conselho Fiscal;2023;1491175.99;1066800.0;-424375.99;-28.459148540877457;3.0;3.0;0.0;0.0;2023;2026;realizado;497058.66333333333;355600.0;-28.459148540877454;Pulp;Suzano
16.404.287/0001-55;SUZANO S.A.;Diretoria Estatutária;2024;185781691.05;137816816.42;-47964874.630000025;-25.817869542963248;7.25;7.17;-0.08000000000000007;-1.1034482758620698;2024;2026;realizado;25625060.83448276;19221313.308228727;-24.99017492140635;Pulp;Suzano
16.404.287/0001-55;SUZANO S.A.;Conselho de Administração;2024;20328040.21;20052016.16;-276024.05000000075;-1.357848799729429;9.0;8.83;-0.16999999999999993;-1.8888888888888882;2024;2026;realizado;2258671.1344444444;2270896.5073612686;0.5412639640357098;Pulp;Suzano
16.404.287/0001-55;SUZANO S.A.;Conselho Fiscal;2024;1135441.41;1090800.0;-44641.409999999916;-3.9316348344209078;3.0;3.0;0.0;0.0;2024;2026;realizado;378480.47;363600.0;-3.931634834420905;Pulp;Suzano
16.404.287/0001-55;SUZANO S.A.;Diretoria Estatutária;2025;146158519.93;102893446.2;-43265073.730000004;-29.601472258148913;6.58;6.33;-0.25;-3.7993920972644375;2025;2026;realizado;22212541.022796355;16254888.815165877;-26.821119661709304;Pulp;Suzano
16.404.287/0001-55;SUZANO S.A.;Conselho de Administração;2025;29222784.79;25451591.14;-3771193.6499999985;-12.904976979779478;9.0;9.0;0.0;0.0;2025;2026;realizado;3246976.0877777776;2827954.571111111;-12.90497697977948;Pulp;Suzano
16.404.287/0001-55;SUZANO S.A.;Conselho Fiscal;2025;1261729.7;1090800.0;-170929.69999999995;-13.547251840073192;3.0;3.0;0.0;0.0;2025;2026;realizado;420576.56666666665;363600.0;-13.547251840073194;Pulp;Suzano
16.404.287/0001-55;SUZANO S.A.;Diretoria Estatutária;2026;103773218.62;;;;7.0;;;;2026;;so previsao;14824745.517142858;;;Pulp;Suzano
16.404.287/0001-55;SUZANO S.A.;Conselho de Administração;2026;31245567.81;;;;9.0;;;;2026;;so previsao;3471729.7566666664;;;Pulp;Suzano
16.404.287/0001-55;SUZANO S.A.;Conselho Fiscal;2026;1256744.75;;;;3.0;;;;2026;;so previsao;418914.9166666667;;;Pulp;Suzano
53.113.791/0001-22;TOTVS S.A.;Diretoria Estatutária;2009;;27214248.02;;;;31.0;;;;2012;so realizado;;877878.9683870968;;TMT;TOTVS
53.113.791/0001-22;TOTVS S.A.;Conselho de Administração;2009;;691200.0;;;;4.0;;;;2012;so realizado;;172800.0;;TMT;TOTVS
53.113.791/0001-22;TOTVS S.A.;Conselho Fiscal;2009;;0.0;;;;0.0;;;;2012;so realizado;;;;TMT;TOTVS
53.113.791/0001-22;TOTVS S.A.;Diretoria Estatutária;2010;39035217.31;22869790.53;-16165426.780000001;-41.41241651512148;35.0;31.83;-3.1700000000000017;-9.057142857142862;2010;2013;realizado;1115291.9231428572;718497.9745523093;-35.577586491651005;TMT;TOTVS
53.113.791/0001-22;TOTVS S.A.;Conselho de Administração;2010;781132.8;772800.0;-8332.800000000047;-1.0667584308327658;4.0;4.0;0.0;0.0;2010;2013;realizado;195283.2;193200.0;-1.0667584308327704;TMT;TOTVS
53.113.791/0001-22;TOTVS S.A.;Conselho Fiscal;2010;;0.0;;;;0.0;;;;2013;so realizado;;;;TMT;TOTVS
53.113.791/0001-22;TOTVS S.A.;Diretoria Estatutária;2011;48605885.04;30382565.45;-18223319.59;-37.4920024087684;37.0;31.0;-6.0;-16.216216216216218;2011;2014;realizado;1313672.5686486487;980082.7564516129;-25.393680294336484;TMT;TOTVS
53.113.791/0001-22;TOTVS S.A.;Conselho de Administração;2011;819168.0;905520.0;86352.0;10.541427399507793;4.0;5.33;1.33;33.25;2011;2014;realizado;204792.0;169891.18198874296;-17.04208075083843;TMT;TOTVS
53.113.791/0001-22;TOTVS S.A.;Conselho Fiscal;2011;0.0;;;;0.0;;;;2011;;so previsao;;;;TMT;TOTVS
53.113.791/0001-22;TOTVS S.A.;Diretoria Estatutária;2012;37607315.57;33128917.0;-4478398.57;-11.9083175763082;29.0;24.58;-4.420000000000002;-15.241379310344833;2012;2015;realizado;1296803.9851724138;1347799.7152156224;3.932416203704725;TMT;TOTVS
53.113.791/0001-22;TOTVS S.A.;Conselho de Administração;2012;1373760.0;1118457.0;-255303.0;-18.584250524109013;5.0;6.75;1.75;35.0;2012;2015;realizado;274752.0;165697.33333333334;-39.69203742526594;TMT;TOTVS
53.113.791/0001-22;TOTVS S.A.;Diretoria Estatutária;2013;37260937.75;24699971.5;-12560966.25;-33.71081622871931;24.0;24.17;0.1700000000000017;0.7083333333333405;2013;2016;realizado;1552539.0729166667;1021926.8307819611;-34.17706203927445;TMT;TOTVS
53.113.791/0001-22;TOTVS S.A.;Conselho de Administração;2013;1373109.01;1064734.02;-308374.99;-22.458157928772167;7.0;8.92;1.92;27.428571428571427;2013;2016;realizado;196158.43;119364.8004484305;-39.14877864365528;TMT;TOTVS
53.113.791/0001-22;TOTVS S.A.;Diretoria Estatutária;2014;30382860.03;18418014.8;-11964845.23;-39.38024668574955;20.0;16.92;-3.0799999999999983;-15.399999999999991;2014;2017;realizado;1519143.0015;1088535.1536643025;-28.345445255023115;TMT;TOTVS
53.113.791/0001-22;TOTVS S.A.;Conselho de Administração;2014;1682780.39;1221088.8;-461691.58999999985;-27.436235455536767;7.0;9.33;2.33;33.285714285714285;2014;2017;realizado;240397.19857142857;130877.6848874598;-45.557732924840025;TMT;TOTVS
53.113.791/0001-22;TOTVS S.A.;Diretoria Estatutária;2015;28474385.55;17765104.03;-10709281.52;-37.61022867796352;16.0;15.25;-0.75;-4.6875;2015;2018;realizado;1779649.096875;1164924.8544262296;-34.541879268683026;TMT;TOTVS
53.113.791/0001-22;TOTVS S.A.;Conselho de Administração;2015;1826872.08;1514645.19;-312226.89000000013;-17.090791053087862;9.0;8.25;-0.75;-8.333333333333334;2015;2018;realizado;202985.78666666668;183593.35636363635;-9.553590239732213;TMT;TOTVS
53.113.791/0001-22;TOTVS S.A.;Diretoria Estatutária;2016;29087884.27;13893640.72;-15194243.549999999;-52.23564357229891;14.92;11.83;-3.09;-20.710455764075068;2016;2019;realizado;1949590.0985254692;1174441.3119188505;-39.75957752313606;TMT;TOTVS
53.113.791/0001-22;TOTVS S.A.;Conselho de Administração;2016;1759589.18;1778881.59;19292.41000000015;1.0964155849151191;8.58;8.75;0.16999999999999993;1.9813519813519804;2016;2019;realizado;205080.324009324;203300.75314285714;-0.8677433464489459;TMT;TOTVS
53.113.791/0001-22;TOTVS S.A.;Diretoria Estatutária;2017;27189661.85;16974661.16;-10215000.690000001;-37.56942894823093;11.75;10.83;-0.9199999999999999;-7.829787234042553;2017;2020;realizado;2314013.7744680853;1567374.0683287166;-32.26600093644629;TMT;TOTVS
53.113.791/0001-22;TOTVS S.A.;Conselho de Administração;2017;2847000.0;2273749.68;-573250.3199999998;-20.135241306638562;9.0;9.0;0.0;0.0;2017;2020;realizado;316333.3333333333;252638.85333333336;-20.13524130663855;TMT;TOTVS
53.113.791/0001-22;TOTVS S.A.;Conselho Fiscal;2017;;0.0;;;;0.0;;;;2020;so realizado;;;;TMT;TOTVS
53.113.791/0001-22;TOTVS S.A.;Diretoria Estatutária;2018;28295723.86;18752307.37;-9543416.489999998;-33.72741597712213;11.0;9.5;-1.5;-13.636363636363637;2018;2021;realizado;2572338.5327272727;1973927.0915789474;-23.263323762983525;TMT;TOTVS
53.113.791/0001-22;TOTVS S.A.;Conselho de Administração;2018;3244560.7;3266985.71;22425.009999999776;0.6911570493965415;9.0;9.0;0.0;0.0;2018;2021;realizado;360506.7444444445;362998.4122222222;0.6911570493965291;TMT;TOTVS
53.113.791/0001-22;TOTVS S.A.;Conselho Fiscal;2018;;0.0;;;;0.0;;;;2021;so realizado;;;;TMT;TOTVS
53.113.791/0001-22;TOTVS S.A.;Diretoria Estatutária;2019;;21916085.25;;;;6.5;;;;2022;so realizado;;3371705.423076923;;TMT;TOTVS
53.113.791/0001-22;TOTVS S.A.;Conselho de Administração;2019;;5639294.18;;;;8.75;;;;2022;so realizado;;644490.7634285714;;TMT;TOTVS
53.113.791/0001-22;TOTVS S.A.;Conselho Fiscal;2019;;0.0;;;;0.0;;;;2022;so realizado;;;;TMT;TOTVS
53.113.791/0001-22;TOTVS S.A.;Diretoria Estatutária;2020;35059852.25;27569091.73;-7490760.52;-21.365636302702903;7.5;7.0;-0.5;-6.666666666666667;2020;2023;realizado;4674646.966666667;3938441.6757142856;-15.74889603861026;TMT;TOTVS
53.113.791/0001-22;TOTVS S.A.;Conselho de Administração;2020;7287561.84;6971530.35;-316031.4900000002;-4.336587420299685;7.67;7.67;0.0;0.0;2020;2023;realizado;950138.4406779661;908934.8565840939;-4.336587420299676;TMT;TOTVS
53.113.791/0001-22;TOTVS S.A.;Conselho Fiscal;2020;0.0;0.0;0.0;;0.0;0.0;0.0;;2020;2023;realizado;;;;TMT;TOTVS
53.113.791/0001-22;TOTVS S.A.;Diretoria Estatutária;2021;;33685537.61;;;;7.0;;;;2024;so realizado;;4812219.658571429;;TMT;TOTVS
53.113.791/0001-22;TOTVS S.A.;Conselho de Administração;2021;;9870852.95;;;;7.0;;;;2024;so realizado;;1410121.8499999999;;TMT;TOTVS
53.113.791/0001-22;TOTVS S.A.;Conselho Fiscal;2021;;231277.16;;;;2.0;;;;2024;so realizado;;115638.58;;TMT;TOTVS
53.113.791/0001-22;TOTVS S.A.;Diretoria Estatutária;2022;;40499018.62;;;;7.0;;;;2025;so realizado;;5785574.088571428;;TMT;TOTVS
53.113.791/0001-22;TOTVS S.A.;Conselho de Administração;2022;;10674833.53;;;;7.0;;;;2025;so realizado;;1524976.2185714284;;TMT;TOTVS
53.113.791/0001-22;TOTVS S.A.;Conselho Fiscal;2022;;100435.11;;;;1.0;;;;2025;so realizado;;100435.11;;TMT;TOTVS
53.113.791/0001-22;TOTVS S.A.;Diretoria Estatutária;2023;54180269.39;45454317.61;-8725951.780000001;-16.10540493475387;7.5;7.0;-0.5;-6.666666666666667;2023;2026;realizado;7224035.918666666;6493473.944285714;-10.112933858664864;TMT;TOTVS
53.113.791/0001-22;TOTVS S.A.;Conselho de Administração;2023;11720978.51;10573519.06;-1147459.4499999993;-9.789792285866065;7.0;7.0;0.0;0.0;2023;2026;realizado;1674425.5014285713;1510502.722857143;-9.78979228586605;TMT;TOTVS
53.113.791/0001-22;TOTVS S.A.;Conselho Fiscal;2023;0.0;283288.07;283288.07;;2.0;2.0;0.0;0.0;2023;2026;realizado;0.0;141644.035;;TMT;TOTVS
53.113.791/0001-22;TOTVS S.A.;Diretoria Estatutária;2024;57525808.41;52587695.2;-4938113.209999993;-8.584170038611012;8.0;8.0;0.0;0.0;2024;2026;realizado;7190726.05125;6573461.9;-8.584170038611017;TMT;TOTVS
53.113.791/0001-22;TOTVS S.A.;Conselho de Administração;2024;10598450.23;10145464.01;-452986.22000000067;-4.274079796287355;7.0;7.0;0.0;0.0;2024;2026;realizado;1514064.3185714285;1449352.0014285713;-4.274079796287356;TMT;TOTVS
53.113.791/0001-22;TOTVS S.A.;Conselho Fiscal;2024;134899.08;127029.96;-7869.119999999981;-5.833338522397619;1.0;1.0;0.0;0.0;2024;2026;realizado;134899.08;127029.96;-5.833338522397624;TMT;TOTVS
53.113.791/0001-22;TOTVS S.A.;Diretoria Estatutária;2025;62609491.34;58991703.84;-3617787.5;-5.778337153952671;7.75;7.08;-0.6699999999999999;-8.64516129032258;2025;2026;realizado;8078644.043870968;8332161.559322034;3.1381196408003964;TMT;TOTVS
53.113.791/0001-22;TOTVS S.A.;Conselho de Administração;2025;10577517.36;10972324.35;394806.9900000002;3.7325109150187226;7.0;7.0;0.0;0.0;2025;2026;realizado;1511073.9085714284;1567474.907142857;3.7325109150187386;TMT;TOTVS
53.113.791/0001-22;TOTVS S.A.;Diretoria Estatutária;2026;69746484.4;;;;8.0;;;;2026;;so previsao;8718310.55;;;TMT;TOTVS
53.113.791/0001-22;TOTVS S.A.;Conselho de Administração;2026;11854602.55;;;;7.0;;;;2026;;so previsao;1693514.6500000001;;;TMT;TOTVS
33.256.439/0001-39;ULTRAPAR PARTICIPACOES S.A.;Diretoria Estatutária;2009;;19099152.21;;;;5.0;;;;2012;so realizado;;3819830.4420000003;;Oil;Ultrapar
33.256.439/0001-39;ULTRAPAR PARTICIPACOES S.A.;Conselho de Administração;2009;;2625600.0;;;;8.0;;;;2012;so realizado;;328200.0;;Oil;Ultrapar
33.256.439/0001-39;ULTRAPAR PARTICIPACOES S.A.;Conselho Fiscal;2009;;576000.0;;;;5.0;;;;2012;so realizado;;115200.0;;Oil;Ultrapar
33.256.439/0001-39;ULTRAPAR PARTICIPACOES S.A.;Diretoria Estatutária;2010;19575056.07;51817089.66;32242033.589999996;164.70978920674935;5.67;5.67;0.0;0.0;2010;2013;realizado;3452390.8412698414;9138816.518518519;164.70978920674938;Oil;Ultrapar
33.256.439/0001-39;ULTRAPAR PARTICIPACOES S.A.;Conselho de Administração;2010;2351040.0;2784000.0;432960.0;18.415679869334422;8.0;8.0;0.0;0.0;2010;2013;realizado;293880.0;348000.0;18.41567986933441;Oil;Ultrapar
33.256.439/0001-39;ULTRAPAR PARTICIPACOES S.A.;Conselho Fiscal;2010;574800.0;689760.0;114960.0;20.0;5.0;5.0;0.0;0.0;2010;2013;realizado;114960.0;137952.0;19.999999999999996;Oil;Ultrapar
33.256.439/0001-39;ULTRAPAR PARTICIPACOES S.A.;Diretoria Estatutária;2011;53101161.66;47801603.74;-5299557.919999994;-9.980116732534762;6.0;6.0;0.0;0.0;2011;2014;realizado;8850193.61;7966933.956666667;-9.98011673253476;Oil;Ultrapar
33.256.439/0001-39;ULTRAPAR PARTICIPACOES S.A.;Conselho de Administração;2011;3194880.0;3172800.0;-22080.0;-0.6911057692307693;8.67;8.67;0.0;0.0;2011;2014;realizado;368498.26989619376;365951.5570934256;-0.6911057692307709;Oil;Ultrapar
33.256.439/0001-39;ULTRAPAR PARTICIPACOES S.A.;Conselho Fiscal;2011;777552.0;777552.0;0.0;0.0;5.0;5.0;0.0;0.0;2011;2014;realizado;155510.4;155510.4;0.0;Oil;Ultrapar
33.256.439/0001-39;ULTRAPAR PARTICIPACOES S.A.;Diretoria Estatutária;2012;29783200.0;27841100.0;-1942100.0;-6.520790244164496;6.0;6.0;0.0;0.0;2012;2015;realizado;4963866.666666667;4640183.333333333;-6.520790244164509;Oil;Ultrapar
33.256.439/0001-39;ULTRAPAR PARTICIPACOES S.A.;Conselho de Administração;2012;4196000.0;3798400.0;-397600.0;-9.475691134413728;9.0;9.0;0.0;0.0;2012;2015;realizado;466222.22222222225;422044.44444444444;-9.475691134413733;Oil;Ultrapar
33.256.439/0001-39;ULTRAPAR PARTICIPACOES S.A.;Conselho Fiscal;2012;612100.0;597900.0;-14200.0;-2.3198823721614117;3.67;3.67;0.0;0.0;2012;2015;realizado;166784.74114441418;162915.53133514986;-2.3198823721614192;Oil;Ultrapar
33.256.439/0001-39;ULTRAPAR PARTICIPACOES S.A.;Diretoria Estatutária;2013;32000700.0;30226800.0;-1773900.0;-5.543316239957251;6.0;6.0;0.0;0.0;2013;2016;realizado;5333450.0;5037800.0;-5.543316239957252;Oil;Ultrapar
33.256.439/0001-39;ULTRAPAR PARTICIPACOES S.A.;Conselho de Administração;2013;4516400.0;4055600.0;-460800.0;-10.202816402444425;9.0;9.0;0.0;0.0;2013;2016;realizado;501822.22222222225;450622.22222222225;-10.202816402444427;Oil;Ultrapar
33.256.439/0001-39;ULTRAPAR PARTICIPACOES S.A.;Conselho Fiscal;2013;547200.0;549500.0;2300.0;0.4203216374269006;3.0;3.0;0.0;0.0;2013;2016;realizado;182400.0;183166.66666666666;0.4203216374268903;Oil;Ultrapar
33.256.439/0001-39;ULTRAPAR PARTICIPACOES S.A.;Diretoria Estatutária;2014;40077400.0;36582700.0;-3494700.0;-8.719877037931603;6.92;6.92;0.0;0.0;2014;2017;realizado;5791531.791907514;5286517.341040462;-8.7198770379316;Oil;Ultrapar
33.256.439/0001-39;ULTRAPAR PARTICIPACOES S.A.;Conselho de Administração;2014;4391100.0;4409800.0;18700.0;0.4258614014711576;9.0;9.0;0.0;0.0;2014;2017;realizado;487900.0;489977.77777777775;0.42586140147116147;Oil;Ultrapar
33.256.439/0001-39;ULTRAPAR PARTICIPACOES S.A.;Conselho Fiscal;2014;591000.0;591200.0;200.0;0.0338409475465313;3.0;6.0;3.0;100.0;2014;2017;realizado;197000.0;98533.33333333333;-49.98307952622674;Oil;Ultrapar
33.256.439/0001-39;ULTRAPAR PARTICIPACOES S.A.;Diretoria Estatutária;2015;43222900.0;43833200.0;610300.0;1.411982999752446;7.0;7.0;0.0;0.0;2015;2018;realizado;6174700.0;6261885.714285715;1.411982999752448;Oil;Ultrapar
33.256.439/0001-39;ULTRAPAR PARTICIPACOES S.A.;Conselho de Administração;2015;5701700.0;5289500.0;-412200.0;-7.229422803725205;8.75;8.83;0.08000000000000007;0.9142857142857151;2015;2018;realizado;651622.8571428572;599037.3725934315;-8.069926334382282;Oil;Ultrapar
33.256.439/0001-39;ULTRAPAR PARTICIPACOES S.A.;Conselho Fiscal;2015;639800.0;638800.0;-1000.0;-0.15629884338855893;3.0;6.0;3.0;100.0;2015;2018;realizado;213266.66666666666;106466.66666666667;-50.07814942169427;Oil;Ultrapar
33.256.439/0001-39;ULTRAPAR PARTICIPACOES S.A.;Diretoria Estatutária;2016;50069700.0;45820200.0;-4249500.0;-8.48716888657212;7.0;7.0;0.0;0.0;2016;2019;realizado;7152814.285714285;6545742.857142857;-8.487168886572116;Oil;Ultrapar
33.256.439/0001-39;ULTRAPAR PARTICIPACOES S.A.;Conselho de Administração;2016;5745600.0;5721600.0;-24000.0;-0.4177109440267335;9.0;9.0;0.0;0.0;2016;2019;realizado;638400.0;635733.3333333334;-0.4177109440267279;Oil;Ultrapar
33.256.439/0001-39;ULTRAPAR PARTICIPACOES S.A.;Conselho Fiscal;2016;697900.0;697200.0;-700.0;-0.10030090270812438;3.0;6.0;3.0;100.0;2016;2019;realizado;232633.33333333334;116200.0;-50.05015045135406;Oil;Ultrapar
33.256.439/0001-39;ULTRAPAR PARTICIPACOES S.A.;Diretoria Estatutária;2017;56356100.0;43754500.0;-12601600.0;-22.36066725696065;7.0;7.0;0.0;0.0;2017;2020;realizado;8050871.428571428;6250642.857142857;-22.360667256960642;Oil;Ultrapar
33.256.439/0001-39;ULTRAPAR PARTICIPACOES S.A.;Conselho de Administração;2017;7017100.0;6552000.0;-465100.0;-6.628094226959855;9.0;9.0;0.0;0.0;2017;2020;realizado;779677.7777777778;728000.0;-6.628094226959858;Oil;Ultrapar
33.256.439/0001-39;ULTRAPAR PARTICIPACOES S.A.;Conselho Fiscal;2017;747000.0;747600.0;600.0;0.08032128514056225;6.0;6.0;0.0;0.0;2017;2020;realizado;124500.0;124600.0;0.08032128514057213;Oil;Ultrapar
33.256.439/0001-39;ULTRAPAR PARTICIPACOES S.A.;Diretoria Estatutária;2018;53527300.0;28693586.13;-24833713.87;-46.39448257244434;7.0;7.0;0.0;0.0;2018;2021;realizado;7646757.142857143;4099083.7328571426;-46.39448257244434;Oil;Ultrapar
33.256.439/0001-39;ULTRAPAR PARTICIPACOES S.A.;Conselho de Administração;2018;7603200.0;5472000.0;-2131200.0;-28.03030303030303;9.0;8.33;-0.6699999999999999;-7.444444444444445;2018;2021;realizado;844800.0;656902.7611044417;-22.241623922296196;Oil;Ultrapar
33.256.439/0001-39;ULTRAPAR PARTICIPACOES S.A.;Conselho Fiscal;2018;759200.0;645190.0;-114010.0;-15.017123287671232;6.0;6.0;0.0;0.0;2018;2021;realizado;126533.33333333333;107531.66666666667;-15.01712328767123;Oil;Ultrapar
33.256.439/0001-39;ULTRAPAR PARTICIPACOES S.A.;Diretoria Estatutária;2019;58728000.0;38650852.06;-20077147.939999998;-34.18667065113744;7.0;7.0;0.0;0.0;2019;2022;realizado;8389714.285714285;5521550.294285715;-34.18667065113744;Oil;Ultrapar
33.256.439/0001-39;ULTRAPAR PARTICIPACOES S.A.;Conselho de Administração;2019;10146600.0;7736266.67;-2410333.33;-23.755083771903887;10.0;9.42;-0.5800000000000001;-5.800000000000001;2019;2022;realizado;1014660.0;821259.7314225053;-19.0605984839744;Oil;Ultrapar
33.256.439/0001-39;ULTRAPAR PARTICIPACOES S.A.;Conselho Fiscal;2019;759170.0;627090.0;-132080.0;-17.397947758736514;6.0;6.0;0.0;0.0;2019;2022;realizado;126528.33333333333;104515.0;-17.39794775873651;Oil;Ultrapar
33.256.439/0001-39;ULTRAPAR PARTICIPACOES S.A.;Diretoria Estatutária;2020;52867244.9;37857318.19;-15009926.71;-28.39173242031381;7.0;6.75;-0.25;-3.5714285714285716;2020;2023;realizado;7552463.5571428565;5608491.583703703;-25.739574361806916;Oil;Ultrapar
33.256.439/0001-39;ULTRAPAR PARTICIPACOES S.A.;Conselho de Administração;2020;10584000.0;9297000.0;-1287000.0;-12.15986394557823;10.0;10.33;0.33000000000000007;3.3000000000000007;2020;2023;realizado;1058400.0;900000.0;-14.965986394557829;Oil;Ultrapar
33.256.439/0001-39;ULTRAPAR PARTICIPACOES S.A.;Conselho Fiscal;2020;805392.0;669162.67;-136229.32999999996;-16.914661431948662;6.0;6.0;0.0;0.0;2020;2023;realizado;134232.0;111527.11166666668;-16.91466143194865;Oil;Ultrapar
33.256.439/0001-39;ULTRAPAR PARTICIPACOES S.A.;Diretoria Estatutária;2021;50927390.78;49282029.3;-1645361.4800000042;-3.230798701444889;6.75;6.22;-0.5300000000000002;-7.851851851851856;2021;2024;realizado;7544798.634074074;7923155.836012862;5.014808483158695;Oil;Ultrapar
33.256.439/0001-39;ULTRAPAR PARTICIPACOES S.A.;Conselho de Administração;2021;11004750.0;10680625.01;-324124.9900000002;-2.945318975896774;11.0;11.0;0.0;0.0;2021;2024;realizado;1000431.8181818182;970965.91;-2.9453189758967713;Oil;Ultrapar
33.256.439/0001-39;ULTRAPAR PARTICIPACOES S.A.;Conselho Fiscal;2021;753750.0;758049.99;4299.989999999991;0.5704796019900485;6.0;6.0;0.0;0.0;2021;2024;realizado;125625.0;126341.665;0.5704796019900371;Oil;Ultrapar
33.256.439/0001-39;ULTRAPAR PARTICIPACOES S.A.;Diretoria Estatutária;2022;63819860.73;55699515.84;-8120344.889999993;-12.723852413834614;7.0;6.25;-0.75;-10.714285714285714;2022;2025;realizado;9117122.961428571;8911922.534400001;-2.2507147034947717;Oil;Ultrapar
33.256.439/0001-39;ULTRAPAR PARTICIPACOES S.A.;Conselho de Administração;2022;10290000.0;10267833.83;-22166.169999999925;-0.21541467444120432;10.0;10.0;0.0;0.0;2022;2025;realizado;1029000.0;1026783.383;-0.21541467444120554;Oil;Ultrapar
33.256.439/0001-39;ULTRAPAR PARTICIPACOES S.A.;Conselho Fiscal;2022;806137.5;796398.04;-9739.459999999963;-1.2081636197298802;6.0;6.0;0.0;0.0;2022;2025;realizado;134356.25;132733.00666666668;-1.208163619729874;Oil;Ultrapar
33.256.439/0001-39;ULTRAPAR PARTICIPACOES S.A.;Diretoria Estatutária;2023;59118448.01;62935116.5;3816668.490000002;6.455968684012824;5.33;5.3;-0.03000000000000025;-0.5628517823639821;2023;2026;realizado;11091641.277673546;11874550.283018868;7.058549638827993;Oil;Ultrapar
33.256.439/0001-39;ULTRAPAR PARTICIPACOES S.A.;Conselho de Administração;2023;9645000.0;9838230.0;193230.0;2.0034214618973563;9.0;9.3;0.3000000000000007;3.333333333333341;2023;2026;realizado;1071666.6666666667;1057874.193548387;-1.2870114884864559;Oil;Ultrapar
33.256.439/0001-39;ULTRAPAR PARTICIPACOES S.A.;Conselho Fiscal;2023;833964.0;828423.67;-5540.329999999958;-0.6643368298871364;6.0;6.0;0.0;0.0;2023;2026;realizado;138994.0;138070.61166666666;-0.6643368298871466;Oil;Ultrapar
33.256.439/0001-39;ULTRAPAR PARTICIPACOES S.A.;Diretoria Estatutária;2024;71523306.18;78382295.3;6858989.11999999;9.589865858183668;5.0;5.0;0.0;0.0;2024;2026;realizado;14304661.236000001;15676459.059999999;9.589865858183666;Oil;Ultrapar
33.256.439/0001-39;ULTRAPAR PARTICIPACOES S.A.;Conselho de Administração;2024;9497240.0;9497240.0;0.0;0.0;9.0;9.0;0.0;0.0;2024;2026;realizado;1055248.888888889;1055248.888888889;0.0;Oil;Ultrapar
33.256.439/0001-39;ULTRAPAR PARTICIPACOES S.A.;Conselho Fiscal;2024;858000.0;868983.19;10983.189999999944;1.280092074592068;6.0;6.0;0.0;0.0;2024;2026;realizado;143000.0;144830.53166666665;1.280092074592054;Oil;Ultrapar
33.256.439/0001-39;ULTRAPAR PARTICIPACOES S.A.;Diretoria Estatutária;2025;99410990.05;92491653.75;-6919336.299999997;-6.960333356020126;5.0;4.67;-0.33000000000000007;-6.600000000000001;2025;2026;realizado;19882198.009999998;19805493.308351178;-0.38579588438985013;Oil;Ultrapar
33.256.439/0001-39;ULTRAPAR PARTICIPACOES S.A.;Conselho de Administração;2025;11003746.67;11689035.73;685289.0600000005;6.22777932418541;9.0;9.0;0.0;0.0;2025;2026;realizado;1222638.5188888889;1298781.7477777777;6.227779324185412;Oil;Ultrapar
33.256.439/0001-39;ULTRAPAR PARTICIPACOES S.A.;Conselho Fiscal;2025;868983.19;262165.19;-606818.0;-69.83080996077727;6.0;6.0;0.0;0.0;2025;2026;realizado;144830.53166666665;43694.198333333334;-69.83080996077726;Oil;Ultrapar
33.256.439/0001-39;ULTRAPAR PARTICIPACOES S.A.;Diretoria Estatutária;2026;79775407.64;;;;4.0;;;;2026;;so previsao;19943851.91;;;Oil;Ultrapar
33.256.439/0001-39;ULTRAPAR PARTICIPACOES S.A.;Conselho de Administração;2026;28672510.8;;;;9.0;;;;2026;;so previsao;3185834.533333333;;;Oil;Ultrapar
33.592.510/0001-54;VALE S.A.;Diretoria Estatutária;2009;;45800408.19;;;;6.33;;;;2012;so realizado;;7235451.5308056865;;Metals;Vale
33.592.510/0001-54;VALE S.A.;Conselho de Administração;2009;;3899752.8;;;;21.0;;;;2012;so realizado;;185702.51428571428;;Metals;Vale
33.592.510/0001-54;VALE S.A.;Conselho Fiscal;2009;;988800.0;;;;4.0;;;;2012;so realizado;;247200.0;;Metals;Vale
33.592.510/0001-54;VALE S.A.;Diretoria Estatutária;2010;90575799.6;89464405.0;-1111394.599999994;-1.22703261236238;8.0;7.0;-1.0;-12.5;2010;2013;realizado;11321974.95;12780629.285714285;12.883391300157276;Metals;Vale
33.592.510/0001-54;VALE S.A.;Conselho de Administração;2010;5464800.0;2148084.0;-3316716.0;-60.69235836627141;22.0;21.0;-1.0;-4.545454545454546;2010;2013;realizado;248400.0;102289.71428571429;-58.82056590752243;Metals;Vale
33.592.510/0001-54;VALE S.A.;Conselho Fiscal;2010;1382400.0;1096320.0;-286080.0;-20.694444444444443;8.0;4.0;-4.0;-50.0;2010;2013;realizado;172800.0;274080.0;58.6111111111111;Metals;Vale
33.592.510/0001-54;VALE S.A.;Diretoria Estatutária;2011;100600653.0;196168414.0;95567761.0;94.99715772222672;10.0;7.75;-2.25;-22.5;2011;2014;realizado;10060065.3;25312053.419354837;151.6092357706151;Metals;Vale
33.592.510/0001-54;VALE S.A.;Conselho de Administração;2011;5608320.0;4715552.0;-892768.0;-15.918635170603675;11.0;19.0;8.0;72.72727272727273;2011;2014;realizado;509847.2727272727;248186.94736842104;-51.32131509877055;Metals;Vale
33.592.510/0001-54;VALE S.A.;Conselho Fiscal;2011;1648224.0;1105920.0;-542304.0;-32.90232395596715;5.0;4.0;-1.0;-20.0;2011;2014;realizado;329644.8;276480.0;-16.12790494495894;Metals;Vale
33.592.510/0001-54;VALE S.A.;Diretoria Estatutária;2012;101772800.0;104778129.6;3005329.599999994;2.9529791850081692;9.0;8.0;-1.0;-11.11111111111111;2012;2015;realizado;11308088.888888888;13097266.2;15.822101583134195;Metals;Vale
33.592.510/0001-54;VALE S.A.;Conselho de Administração;2012;5568000.0;4832082.92;-735917.0800000001;-13.216901580459771;21.0;19.0;-2.0;-9.523809523809524;2012;2015;realizado;265142.85714285716;254320.15368421053;-4.081838588929221;Metals;Vale
33.592.510/0001-54;VALE S.A.;Conselho Fiscal;2012;1699200.0;1204050.48;-495149.52;-29.14015536723164;4.0;4.0;0.0;0.0;2012;2015;realizado;424800.0;301012.62;-29.140155367231635;Metals;Vale
33.592.510/0001-54;VALE S.A.;Diretoria Estatutária;2013;;60154736.77;;;;8.0;;;;2016;so realizado;;7519342.09625;;Metals;Vale
33.592.510/0001-54;VALE S.A.;Conselho de Administração;2013;;4694768.0;;;;21.0;;;;2016;so realizado;;223560.38095238095;;Metals;Vale
33.592.510/0001-54;VALE S.A.;Conselho Fiscal;2013;;1193358.0;;;;4.0;;;;2016;so realizado;;298339.5;;Metals;Vale
33.592.510/0001-54;VALE S.A.;Diretoria Estatutária;2014;;72721800.27;;;;8.0;;;;2017;so realizado;;9090225.03375;;Metals;Vale
33.592.510/0001-54;VALE S.A.;Conselho de Administração;2014;;4557041.5;;;;21.0;;;;2017;so realizado;;217001.97619047618;;Metals;Vale
33.592.510/0001-54;VALE S.A.;Conselho Fiscal;2014;;1317931.43;;;;4.0;;;;2017;so realizado;;329482.8575;;Metals;Vale
33.592.510/0001-54;VALE S.A.;Diretoria Estatutária;2015;;93304626.83;;;;8.0;;;;2018;so realizado;;11663078.35375;;Metals;Vale
33.592.510/0001-54;VALE S.A.;Conselho de Administração;2015;;4678555.71;;;;21.0;;;;2018;so realizado;;222788.36714285714;;Metals;Vale
33.592.510/0001-54;VALE S.A.;Conselho Fiscal;2015;;1500707.62;;;;4.75;;;;2018;so realizado;;315938.4463157895;;Metals;Vale
33.592.510/0001-54;VALE S.A.;Diretoria Estatutária;2016;81408057.24;57983990.0;-23424067.239999995;-28.773647270494667;8.0;7.55;-0.4500000000000002;-5.625000000000002;2016;2019;realizado;10176007.155;7679998.675496689;-24.528367968736063;Metals;Vale
33.592.510/0001-54;VALE S.A.;Conselho de Administração;2016;6534000.0;5277711.0;-1256289.0;-19.226951331496785;22.0;20.5;-1.5;-6.818181818181818;2016;2019;realizado;297000.0;257449.31707317074;-13.316728258191668;Metals;Vale
33.592.510/0001-54;VALE S.A.;Conselho Fiscal;2016;1825995.74;1763460.0;-62535.73999999999;-3.4247473107467377;5.0;5.0;0.0;0.0;2016;2019;realizado;365199.148;352692.0;-3.424747310746734;Metals;Vale
33.592.510/0001-54;VALE S.A.;Diretoria Estatutária;2017;147419334.0;161378715.06;13959381.060000002;9.469165733715771;7.0;6.77;-0.23000000000000043;-3.285714285714292;2017;2020;realizado;21059904.85714286;23837328.664697196;13.188206814772595;Metals;Vale
33.592.510/0001-54;VALE S.A.;Conselho de Administração;2017;8112053.0;6734535.39;-1377517.6100000003;-16.981121918212324;24.0;14.92;-9.08;-37.833333333333336;2017;2020;realizado;338002.2083333333;451376.3666219839;33.542431230757664;Metals;Vale
33.592.510/0001-54;VALE S.A.;Conselho Fiscal;2017;2132301.0;1956413.37;-175887.6299999999;-8.248724265476586;5.0;4.82;-0.17999999999999972;-3.5999999999999943;2017;2020;realizado;426460.2;405894.89004149375;-4.822328076220539;Metals;Vale
33.592.510/0001-54;VALE S.A.;Diretoria Estatutária;2018;170537324.98;166101012.52;-4436312.459999979;-2.601373312569699;6.0;6.0;0.0;0.0;2018;2021;realizado;28422887.496666666;27683502.08666667;-2.601373312569699;Metals;Vale
33.592.510/0001-54;VALE S.A.;Conselho de Administração;2018;8532000.0;7636376.27;-895623.7300000004;-10.497230778246607;13.0;12.08;-0.9199999999999999;-7.076923076923077;2018;2021;realizado;656307.6923076923;632150.3534768211;-3.680794711689228;Metals;Vale
33.592.510/0001-54;VALE S.A.;Conselho Fiscal;2018;2046662.09;2046662.1;0.010000000009313226;4.886004415762264e-07;5.0;5.0;0.0;0.0;2018;2021;realizado;409332.418;409332.42000000004;4.886004489890183e-07;Metals;Vale
33.592.510/0001-54;VALE S.A.;Diretoria Estatutária;2019;85278931.36;85404316.42;125385.06000000238;0.14702935179932863;6.0;6.91;0.9100000000000001;15.16666666666667;2019;2022;realizado;14213155.226666667;12359524.807525326;-13.041653240116357;Metals;Vale
33.592.510/0001-54;VALE S.A.;Conselho de Administração;2019;8878875.0;9895751.2;1016876.1999999993;11.452759499373505;13.67;12.92;-0.75;-5.4864667154352595;2019;2022;realizado;649515.3621068032;765925.0154798761;17.922540430064693;Metals;Vale
33.592.510/0001-54;VALE S.A.;Conselho Fiscal;2019;2180161.22;2200752.0;20590.779999999795;0.9444613458448634;5.0;5.0;0.0;0.0;2019;2022;realizado;436032.24400000006;440150.4;0.9444613458448714;Metals;Vale
33.592.510/0001-54;VALE S.A.;Diretoria Estatutária;2020;170337685.31;165421432.65;-4916252.659999996;-2.886180266599747;7.51;6.35;-1.1600000000000001;-15.446071904127832;2020;2023;realizado;22681449.44207723;26050619.314960632;14.854297039029273;Metals;Vale
33.592.510/0001-54;VALE S.A.;Conselho de Administração;2020;15470230.0;14560371.74;-909858.2599999998;-5.881349275350138;14.0;13.25;-0.75;-5.357142857142857;2020;2023;realizado;1105016.4285714286;1098895.9803773586;-0.553878479615233;Metals;Vale
33.592.510/0001-54;VALE S.A.;Conselho Fiscal;2020;2164023.6;2017089.46;-146934.14000000013;-6.789858483983267;5.0;4.75;-0.25;-5.0;2020;2023;realizado;432804.72000000003;424650.4126315789;-1.8840615620876577;Metals;Vale
33.592.510/0001-54;VALE S.A.;Diretoria Estatutária;2021;177366130.92;184210025.79;6843894.870000005;3.8586255642498655;9.48;8.61;-0.870000000000001;-9.177215189873428;2021;2024;realizado;18709507.481012657;21394892.658536587;14.353051143912765;Metals;Vale
33.592.510/0001-54;VALE S.A.;Conselho de Administração;2021;16479519.38;15655172.08;-824347.3000000007;-5.002253287801897;14.0;13.25;-0.75;-5.357142857142857;2021;2024;realizado;1177108.5271428572;1181522.4211320754;0.37497765817158246;Metals;Vale
33.592.510/0001-54;VALE S.A.;Conselho Fiscal;2021;1521399.6;1572552.9;51153.299999999814;3.3622527572637595;5.0;5.0;0.0;0.0;2021;2024;realizado;304279.92000000004;314510.57999999996;3.3622527572637395;Metals;Vale
33.592.510/0001-54;VALE S.A.;Diretoria Estatutária;2022;237376541.56;204991368.16;-32385173.400000006;-13.642954433142346;10.0;9.59;-0.41000000000000014;-4.100000000000001;2022;2025;realizado;23737654.156;21375533.69760167;-9.950943100252708;Metals;Vale
33.592.510/0001-54;VALE S.A.;Conselho de Administração;2022;19463933.3;18045789.64;-1418143.6600000001;-7.286007602584622;13.5;13.42;-0.08000000000000007;-0.5925925925925931;2022;2025;realizado;1441772.8370370371;1344693.7138599106;-6.73331614268945;Metals;Vale
33.592.510/0001-54;VALE S.A.;Conselho Fiscal;2022;1603936.15;1633972.55;30036.40000000014;1.8726680610073;5.0;5.0;0.0;0.0;2022;2025;realizado;320787.23;326794.51;1.8726680610072988;Metals;Vale
33.592.510/0001-54;VALE S.A.;Diretoria Estatutária;2023;201622059.3;168910305.25;-32711754.050000012;-16.22429319667206;9.06;9.06;0.0;0.0;2023;2026;realizado;22254090.430463575;18643521.550772626;-16.224293196672058;Metals;Vale
33.592.510/0001-54;VALE S.A.;Conselho de Administração;2023;21600496.85;20965493.71;-635003.1400000006;-2.9397617305270485;13.5;13.25;-0.25;-1.8518518518518519;2023;2026;realizado;1600036.803703704;1582301.4120754718;-1.1084364801596358;Metals;Vale
33.592.510/0001-54;VALE S.A.;Conselho Fiscal;2023;1676833.2;1677648.85;815.6500000001397;0.04864228594711387;5.0;5.0;0.0;0.0;2023;2026;realizado;335366.64;335529.77;0.048642285947098074;Metals;Vale
33.592.510/0001-54;VALE S.A.;Diretoria Estatutária;2024;198232178.88;169821574.02;-28410604.859999985;-14.331984353155079;9.0;9.17;0.16999999999999993;1.8888888888888882;2024;2026;realizado;22025797.653333332;18519255.61832061;-15.920159125234001;Metals;Vale
33.592.510/0001-54;VALE S.A.;Conselho de Administração;2024;22905200.0;20679416.8;-2225783.1999999993;-9.717370728044285;13.5;12.25;-1.25;-9.25925925925926;2024;2026;realizado;1696681.4814814816;1688115.657142857;-0.5048575370284025;Metals;Vale
33.592.510/0001-54;VALE S.A.;Conselho Fiscal;2024;1764468.0;1789927.88;25459.87999999989;1.4429210390893963;5.0;5.08;0.08000000000000007;1.6000000000000014;2024;2026;realizado;352893.6;352348.0078740157;-0.15460527648680777;Metals;Vale
33.592.510/0001-54;VALE S.A.;Diretoria Estatutária;2025;170249630.38;155487353.58;-14762276.799999982;-8.670959676711389;6.17;6.25;0.08000000000000007;1.2965964343598066;2025;2026;realizado;27593132.962722853;24877976.572800003;-9.839971392849478;Metals;Vale
33.592.510/0001-54;VALE S.A.;Conselho de Administração;2025;23106666.67;22120328.71;-986337.9600000009;-4.268629370417108;13.5;13.25;-0.25;-1.8518518518518519;2025;2026;realizado;1711604.9385185186;1669458.7705660379;-2.462377094387236;Metals;Vale
33.592.510/0001-54;VALE S.A.;Conselho Fiscal;2025;1882965.76;1765273.73;-117692.03000000003;-6.250354228427395;5.33;5.0;-0.33000000000000007;-6.191369606003754;2025;2026;realizado;353276.8780487805;353054.746;-0.0628776075036086;Metals;Vale
33.592.510/0001-54;VALE S.A.;Diretoria Estatutária;2026;151486872.64;;;;6.0;;;;2026;;so previsao;25247812.106666666;;;Metals;Vale
33.592.510/0001-54;VALE S.A.;Conselho de Administração;2026;23807966.66;;;;13.5;;;;2026;;so previsao;1763553.085925926;;;Metals;Vale
33.592.510/0001-54;VALE S.A.;Conselho Fiscal;2026;1922000.0;;;;5.17;;;;2026;;so previsao;371760.15473887813;;;Metals;Vale
34.274.233/0001-02;VIBRA ENERGIA S/A;Diretoria Estatutária;2014;;8525708.86;;;;4.25;;;;2017;so realizado;;2006049.1435294116;;Oil;Vibra
34.274.233/0001-02;VIBRA ENERGIA S/A;Conselho de Administração;2014;;1336330.44;;;;10.0;;;;2017;so realizado;;133633.044;;Oil;Vibra
34.274.233/0001-02;VIBRA ENERGIA S/A;Conselho Fiscal;2014;;690033.55;;;;5.0;;;;2017;so realizado;;138006.71000000002;;Oil;Vibra
34.274.233/0001-02;VIBRA ENERGIA S/A;Diretoria Estatutária;2015;;7914358.74;;;;4.58;;;;2018;so realizado;;1728025.9257641921;;Oil;Vibra
34.274.233/0001-02;VIBRA ENERGIA S/A;Conselho de Administração;2015;;1336212.04;;;;9.83;;;;2018;so realizado;;135932.04883011192;;Oil;Vibra
34.274.233/0001-02;VIBRA ENERGIA S/A;Conselho Fiscal;2015;;741981.88;;;;5.0;;;;2018;so realizado;;148396.376;;Oil;Vibra
34.274.233/0001-02;VIBRA ENERGIA S/A;Diretoria Estatutária;2016;;8902609.54;;;;4.42;;;;2019;so realizado;;2014165.0542986423;;Oil;Vibra
34.274.233/0001-02;VIBRA ENERGIA S/A;Conselho de Administração;2016;;1226977.7;;;;8.5;;;;2019;so realizado;;144350.3176470588;;Oil;Vibra
34.274.233/0001-02;VIBRA ENERGIA S/A;Conselho Fiscal;2016;;561124.09;;;;3.67;;;;2019;so realizado;;152894.84741144415;;Oil;Vibra
34.274.233/0001-02;VIBRA ENERGIA S/A;Diretoria Estatutária;2017;;9611200.78;;;;4.58;;;;2020;so realizado;;2098515.4541484714;;Oil;Vibra
34.274.233/0001-02;VIBRA ENERGIA S/A;Conselho de Administração;2017;;1325696.71;;;;8.92;;;;2020;so realizado;;148620.70739910315;;Oil;Vibra
34.274.233/0001-02;VIBRA ENERGIA S/A;Conselho Fiscal;2017;;458349.01;;;;3.0;;;;2020;so realizado;;152783.00333333333;;Oil;Vibra
34.274.233/0001-02;VIBRA ENERGIA S/A;Diretoria Estatutária;2018;16673251.52;10124457.96;-6548793.559999999;-39.27724326682501;5.0;4.83;-0.16999999999999993;-3.3999999999999986;2018;2021;realizado;3334650.304;2096161.0683229815;-37.14000338180643;Oil;Vibra
34.274.233/0001-02;VIBRA ENERGIA S/A;Conselho de Administração;2018;1722258.16;1356089.46;-366168.69999999995;-21.260964732488187;10.0;9.67;-0.33000000000000007;-3.3000000000000007;2018;2021;realizado;172225.816;140236.75904860394;-18.573903549625836;Oil;Vibra
34.274.233/0001-02;VIBRA ENERGIA S/A;Conselho Fiscal;2018;547584.25;426089.02;-121495.22999999998;-22.187495348889232;3.0;3.0;0.0;0.0;2018;2021;realizado;182528.08333333334;142029.67333333334;-22.18749534888923;Oil;Vibra
34.274.233/0001-02;VIBRA ENERGIA S/A;Diretoria Estatutária;2019;17017602.85;9907155.52;-7110447.330000002;-41.78289617329977;5.0;4.75;-0.25;-5.0;2019;2022;realizado;3403520.5700000003;2085716.9515789472;-38.71883807715765;Oil;Vibra
34.274.233/0001-02;VIBRA ENERGIA S/A;Conselho de Administração;2019;1756027.93;1443621.62;-312406.3099999998;-17.790509174873993;10.0;8.75;-1.25;-12.5;2019;2022;realizado;175602.793;164985.328;-6.046296199855994;Oil;Vibra
34.274.233/0001-02;VIBRA ENERGIA S/A;Conselho Fiscal;2019;482572.56;399909.63;-82662.93;-17.129637458043614;3.0;3.0;0.0;0.0;2019;2022;realizado;160857.52;133303.21;-17.12963745804361;Oil;Vibra
34.274.233/0001-02;VIBRA ENERGIA S/A;Diretoria Estatutária;2020;41012483.4;15119242.32;-25893241.08;-63.13502361576086;5.0;5.0;0.0;0.0;2020;2023;realizado;8202496.68;3023848.464;-63.13502361576084;Oil;Vibra
34.274.233/0001-02;VIBRA ENERGIA S/A;Conselho de Administração;2020;9936000.0;11118865.28;1182865.2799999993;11.904843800322055;9.0;9.0;0.0;0.0;2020;2023;realizado;1104000.0;1235429.4755555554;11.904843800322041;Oil;Vibra
34.274.233/0001-02;VIBRA ENERGIA S/A;Conselho Fiscal;2020;972000.0;712586.88;-259413.12;-26.68859259259259;3.0;3.0;0.0;0.0;2020;2023;realizado;324000.0;237528.96;-26.6885925925926;Oil;Vibra
34.274.233/0001-02;VIBRA ENERGIA S/A;Diretoria Estatutária;2021;42117960.0;29381951.23;-12736008.77;-30.238902287765125;4.92;4.67;-0.25;-5.08130081300813;2021;2024;realizado;8560560.975609757;6291638.379014989;-26.50436814899453;Oil;Vibra
34.274.233/0001-02;VIBRA ENERGIA S/A;Conselho de Administração;2021;16560000.0;13634043.9;-2925956.0999999996;-17.668817028985504;9.0;9.0;0.0;0.0;2021;2024;realizado;1840000.0;1514893.7666666666;-17.668817028985508;Oil;Vibra
34.274.233/0001-02;VIBRA ENERGIA S/A;Conselho Fiscal;2021;810000.0;778500.0;-31500.0;-3.888888888888889;3.0;3.0;0.0;0.0;2021;2024;realizado;270000.0;259500.0;-3.888888888888886;Oil;Vibra
34.274.233/0001-02;VIBRA ENERGIA S/A;Diretoria Estatutária;2022;50621123.52;32444156.87;-18176966.650000002;-35.907868861935526;5.0;5.0;0.0;0.0;2022;2025;realizado;10124224.704;6488831.374;-35.90786886193552;Oil;Vibra
34.274.233/0001-02;VIBRA ENERGIA S/A;Conselho de Administração;2022;16560000.0;14758520.6;-1801479.4000000004;-10.878498792270534;9.0;9.0;0.0;0.0;2022;2025;realizado;1840000.0;1639835.6222222222;-10.87849879227053;Oil;Vibra
34.274.233/0001-02;VIBRA ENERGIA S/A;Conselho Fiscal;2022;810000.0;810000.0;0.0;0.0;3.0;3.0;0.0;0.0;2022;2025;realizado;270000.0;270000.0;0.0;Oil;Vibra
34.274.233/0001-02;VIBRA ENERGIA S/A;Diretoria Estatutária;2023;59340443.21;47008960.85;-12331482.36;-20.780907072702668;5.0;5.08;0.08000000000000007;1.6000000000000014;2023;2026;realizado;11868088.642;9253732.4507874;-22.028451843211293;Oil;Vibra
34.274.233/0001-02;VIBRA ENERGIA S/A;Conselho de Administração;2023;14495655.27;12224969.35;-2270685.92;-15.66459658225578;9.0;8.58;-0.41999999999999993;-4.666666666666666;2023;2026;realizado;1610628.3633333333;1424821.6025641025;-11.536290121247328;Oil;Vibra
34.274.233/0001-02;VIBRA ENERGIA S/A;Conselho Fiscal;2023;810000.0;807750.0;-2250.0;-0.2777777777777778;3.0;3.0;0.0;0.0;2023;2026;realizado;270000.0;269250.0;-0.2777777777777768;Oil;Vibra
34.274.233/0001-02;VIBRA ENERGIA S/A;Diretoria Estatutária;2024;69171390.92;58865247.09;-10306143.829999998;-14.899431243069179;6.0;6.08;0.08000000000000007;1.3333333333333346;2024;2026;realizado;11528565.153333334;9681784.060855264;-16.019175568818277;Oil;Vibra
34.274.233/0001-02;VIBRA ENERGIA S/A;Conselho de Administração;2024;13788519.08;12864023.38;-924495.6999999993;-6.704822284656832;7.0;7.5;0.5;7.142857142857143;2024;2026;realizado;1969788.44;1715203.1173333335;-12.924500799013039;Oil;Vibra
34.274.233/0001-02;VIBRA ENERGIA S/A;Conselho Fiscal;2024;874314.0;858249.0;-16065.0;-1.8374405533938607;3.0;3.0;0.0;0.0;2024;2026;realizado;291438.0;286083.0;-1.8374405533938654;Oil;Vibra
34.274.233/0001-02;VIBRA ENERGIA S/A;Diretoria Estatutária;2025;73799040.43;61680934.74;-12118105.690000005;-16.420410915090816;6.0;6.0;0.0;0.0;2025;2026;realizado;12299840.071666667;10280155.790000001;-16.420410915090812;Oil;Vibra
34.274.233/0001-02;VIBRA ENERGIA S/A;Conselho de Administração;2025;13721699.7;14613315.32;891615.620000001;6.497851137202785;7.0;6.75;-0.25;-3.5714285714285716;2025;2026;realizado;1960242.8142857142;2164935.602962963;10.442215994136216;Oil;Vibra
34.274.233/0001-02;VIBRA ENERGIA S/A;Conselho Fiscal;2025;874332.0;896999.86;22667.859999999986;2.5925918301057247;3.0;3.0;0.0;0.0;2025;2026;realizado;291444.0;298999.9533333333;2.592591830105717;Oil;Vibra
34.274.233/0001-02;VIBRA ENERGIA S/A;Diretoria Estatutária;2026;72744921.15;;;;6.0;;;;2026;;so previsao;12124153.525;;;Oil;Vibra
34.274.233/0001-02;VIBRA ENERGIA S/A;Conselho de Administração;2026;14677533.77;;;;7.0;;;;2026;;so previsao;2096790.5385714285;;;Oil;Vibra
34.274.233/0001-02;VIBRA ENERGIA S/A;Conselho Fiscal;2026;918048.6;;;;3.0;;;;2026;;so previsao;306016.2;;;Oil;Vibra
33.839.910/0001-11;VIVARA PARTICIPAÇÕES S.A.;Diretoria Estatutária;2016;;197205.65;;;;2.0;;;;2019;so realizado;;98602.825;;Retail;Vivara
33.839.910/0001-11;VIVARA PARTICIPAÇÕES S.A.;Conselho de Administração;2016;;0.0;;;;0.0;;;;2019;so realizado;;;;Retail;Vivara
33.839.910/0001-11;VIVARA PARTICIPAÇÕES S.A.;Conselho Fiscal;2016;;0.0;;;;0.0;;;;2019;so realizado;;;;Retail;Vivara
33.839.910/0001-11;VIVARA PARTICIPAÇÕES S.A.;Diretoria Estatutária;2017;;1501848.38;;;;4.0;;;;2020;so realizado;;375462.095;;Retail;Vivara
33.839.910/0001-11;VIVARA PARTICIPAÇÕES S.A.;Conselho de Administração;2017;;0.0;;;;0.0;;;;2020;so realizado;;;;Retail;Vivara
33.839.910/0001-11;VIVARA PARTICIPAÇÕES S.A.;Conselho Fiscal;2017;;0.0;;;;0.0;;;;2020;so realizado;;;;Retail;Vivara
33.839.910/0001-11;VIVARA PARTICIPAÇÕES S.A.;Diretoria Estatutária;2018;;1605382.32;;;;4.0;;;;2021;so realizado;;401345.58;;Retail;Vivara
33.839.910/0001-11;VIVARA PARTICIPAÇÕES S.A.;Conselho de Administração;2018;;0.0;;;;0.0;;;;2021;so realizado;;;;Retail;Vivara
33.839.910/0001-11;VIVARA PARTICIPAÇÕES S.A.;Conselho Fiscal;2018;;0.0;;;;0.0;;;;2021;so realizado;;;;Retail;Vivara
33.839.910/0001-11;VIVARA PARTICIPAÇÕES S.A.;Diretoria Estatutária;2019;11653180.0;15952855.44;4299675.4399999995;36.89701386231054;6.0;6.0;0.0;0.0;2019;2022;realizado;1942196.6666666667;2658809.2399999998;36.89701386231052;Retail;Vivara
33.839.910/0001-11;VIVARA PARTICIPAÇÕES S.A.;Conselho de Administração;2019;1845000.0;560000.0;-1285000.0;-69.64769647696477;5.0;5.0;0.0;0.0;2019;2022;realizado;369000.0;112000.0;-69.64769647696477;Retail;Vivara
33.839.910/0001-11;VIVARA PARTICIPAÇÕES S.A.;Conselho Fiscal;2019;0.0;0.0;0.0;;0.0;0.0;0.0;;2019;2022;realizado;;;;Retail;Vivara
33.839.910/0001-11;VIVARA PARTICIPAÇÕES S.A.;Diretoria Estatutária;2020;17624000.0;8388771.0;-9235229.0;-52.40143554244212;6.0;5.0;-1.0;-16.666666666666668;2020;2023;realizado;2937333.3333333335;1677754.2;-42.881722650930556;Retail;Vivara
33.839.910/0001-11;VIVARA PARTICIPAÇÕES S.A.;Conselho de Administração;2020;2376000.0;1680000.0;-696000.0;-29.292929292929294;5.0;5.0;0.0;0.0;2020;2023;realizado;475200.0;336000.0;-29.292929292929294;Retail;Vivara
33.839.910/0001-11;VIVARA PARTICIPAÇÕES S.A.;Conselho Fiscal;2020;;0.0;;;;0.0;;;;2023;so realizado;;;;Retail;Vivara
33.839.910/0001-11;VIVARA PARTICIPAÇÕES S.A.;Diretoria Estatutária;2021;9265000.0;6982598.0;-2282402.0;-24.63466810577442;4.08;3.4;-0.6800000000000002;-16.66666666666667;2021;2024;realizado;2270833.3333333335;2053705.2941176472;-9.561601726929304;Retail;Vivara
33.839.910/0001-11;VIVARA PARTICIPAÇÕES S.A.;Conselho de Administração;2021;2673000.0;1994679.0;-678321.0;-25.376767676767678;5.0;5.0;0.0;0.0;2021;2024;realizado;534600.0;398935.8;-25.376767676767674;Retail;Vivara
33.839.910/0001-11;VIVARA PARTICIPAÇÕES S.A.;Conselho Fiscal;2021;0.0;0.0;0.0;;0.0;0.0;0.0;;2021;2024;realizado;;;;Retail;Vivara
33.839.910/0001-11;VIVARA PARTICIPAÇÕES S.A.;Diretoria Estatutária;2022;14658970.0;14987189.96;328219.9600000009;2.2390383498977138;4.7;5.25;0.5499999999999998;11.702127659574465;2022;2025;realizado;3118929.7872340423;2854702.8495238097;-8.471718048662991;Retail;Vivara
33.839.910/0001-11;VIVARA PARTICIPAÇÕES S.A.;Conselho de Administração;2022;3068074.0;2857798.0;-210276.0;-6.853680843421638;5.0;5.0;0.0;0.0;2022;2025;realizado;613614.8;571559.6;-6.85368084342165;Retail;Vivara
33.839.910/0001-11;VIVARA PARTICIPAÇÕES S.A.;Conselho Fiscal;2022;0.0;0.0;0.0;;0.0;0.0;0.0;;2022;2025;realizado;;;;Retail;Vivara
33.839.910/0001-11;VIVARA PARTICIPAÇÕES S.A.;Diretoria Estatutária;2023;23680923.0;20778077.0;-2902846.0;-12.258162403551584;5.83;4.25;-1.58;-27.101200686106345;2023;2026;realizado;4061907.8902229844;4888959.294117647;20.36115604406925;Retail;Vivara
33.839.910/0001-11;VIVARA PARTICIPAÇÕES S.A.;Conselho de Administração;2023;3359510.0;3157758.0;-201752.0;-6.005399596965034;5.0;5.0;0.0;0.0;2023;2026;realizado;671902.0;631551.6;-6.005399596965033;Retail;Vivara
33.839.910/0001-11;VIVARA PARTICIPAÇÕES S.A.;Conselho Fiscal;2023;;0.0;;;;0.0;;;;2026;so realizado;;;;Retail;Vivara
33.839.910/0001-11;VIVARA PARTICIPAÇÕES S.A.;Diretoria Estatutária;2024;21154193.0;11376254.0;-9777939.0;-46.222226487202796;3.75;3.17;-0.5800000000000001;-15.466666666666669;2024;2026;realizado;5641118.133333334;3588723.659305994;-36.3827600400664;Retail;Vivara
33.839.910/0001-11;VIVARA PARTICIPAÇÕES S.A.;Conselho de Administração;2024;3173439.0;2476117.0;-697322.0;-21.973701085793678;5.0;5.0;0.0;0.0;2024;2026;realizado;634687.8;495223.4;-21.973701085793685;Retail;Vivara
33.839.910/0001-11;VIVARA PARTICIPAÇÕES S.A.;Conselho Fiscal;2024;0.0;0.0;0.0;;0.0;0.0;0.0;;2024;2026;realizado;;;;Retail;Vivara
33.839.910/0001-11;VIVARA PARTICIPAÇÕES S.A.;Diretoria Estatutária;2025;11410457.0;10223743.0;-1186714.0;-10.400231997719285;3.0;3.25;0.25;8.333333333333334;2025;2026;realizado;3803485.6666666665;3145767.076923077;-17.29252184404857;Retail;Vivara
33.839.910/0001-11;VIVARA PARTICIPAÇÕES S.A.;Conselho de Administração;2025;2476117.0;1423000.0;-1053117.0;-42.530987025249615;5.0;4.75;-0.25;-5.0;2025;2026;realizado;495223.4;299578.94736842107;-39.5063021318417;Retail;Vivara
33.839.910/0001-11;VIVARA PARTICIPAÇÕES S.A.;Conselho Fiscal;2025;360000.0;373500.0;13500.0;3.75;2.0;2.25;0.25;12.5;2025;2026;realizado;180000.0;166000.0;-7.777777777777772;Retail;Vivara
33.839.910/0001-11;VIVARA PARTICIPAÇÕES S.A.;Diretoria Estatutária;2026;17671145.0;;;;3.0;;;;2026;;so previsao;5890381.666666667;;;Retail;Vivara
33.839.910/0001-11;VIVARA PARTICIPAÇÕES S.A.;Conselho de Administração;2026;13062564.0;;;;5.0;;;;2026;;so previsao;2612512.8;;;Retail;Vivara
33.839.910/0001-11;VIVARA PARTICIPAÇÕES S.A.;Conselho Fiscal;2026;678000.0;;;;3.0;;;;2026;;so previsao;226000.0;;;Retail;Vivara
84.429.695/0001-11;WEG S.A.;Diretoria Estatutária;2009;;711104.42;;;;7.0;;;;2012;so realizado;;101586.34571428572;;Industrials;WEG
84.429.695/0001-11;WEG S.A.;Conselho de Administração;2009;;2455546.27;;;;7.0;;;;2012;so realizado;;350792.3242857143;;Industrials;WEG
84.429.695/0001-11;WEG S.A.;Conselho Fiscal;2009;;200360.0;;;;3.0;;;;2012;so realizado;;66786.66666666667;;Industrials;WEG
84.429.695/0001-11;WEG S.A.;Diretoria Estatutária;2010;26000000.0;1031224.0;-24968776.0;-96.03375384615384;24.0;11.17;-12.83;-53.458333333333336;2010;2013;realizado;1083333.3333333333;92320.85944494182;-91.4780745127746;Industrials;WEG
84.429.695/0001-11;WEG S.A.;Conselho de Administração;2010;4000000.0;2184644.0;-1815356.0;-45.3839;10.0;7.0;-3.0;-30.0;2010;2013;realizado;400000.0;312092.0;-21.977000000000004;Industrials;WEG
84.429.695/0001-11;WEG S.A.;Conselho Fiscal;2010;300000.0;307680.0;7680.0;2.56;5.0;4.33;-0.6699999999999999;-13.4;2010;2013;realizado;60000.0;71057.73672055427;18.429561200923782;Industrials;WEG
84.429.695/0001-11;WEG S.A.;Diretoria Estatutária;2011;1600000.0;1208099.0;-391901.0;-24.4938125;11.0;11.0;0.0;0.0;2011;2014;realizado;145454.54545454544;109827.18181818182;-24.49381249999999;Industrials;WEG
84.429.695/0001-11;WEG S.A.;Conselho de Administração;2011;2800000.0;2550098.0;-249902.0;-8.925071428571428;7.0;7.0;0.0;0.0;2011;2014;realizado;400000.0;364299.71428571426;-8.92507142857143;Industrials;WEG
84.429.695/0001-11;WEG S.A.;Conselho Fiscal;2011;200000.0;274800.0;74800.0;37.4;3.0;3.67;0.6699999999999999;22.333333333333332;2011;2014;realizado;66666.66666666667;74877.38419618529;12.316076294277934;Industrials;WEG
84.429.695/0001-11;WEG S.A.;Diretoria Estatutária;2012;1450000.0;1567816.0;117816.0;8.125241379310344;12.0;12.08;0.08000000000000007;0.6666666666666673;2012;2015;realizado;120833.33333333333;129786.09271523179;7.409180178122865;Industrials;WEG
84.429.695/0001-11;WEG S.A.;Conselho de Administração;2012;3000000.0;3279508.0;279508.0;9.316933333333333;7.67;7.67;0.0;0.0;2012;2015;realizado;391134.2894393742;427576.0104302477;9.31693333333332;Industrials;WEG
84.429.695/0001-11;WEG S.A.;Conselho Fiscal;2012;200000.0;237240.0;37240.0;18.62;3.0;3.0;0.0;0.0;2012;2015;realizado;66666.66666666667;79080.0;18.61999999999999;Industrials;WEG
84.429.695/0001-11;WEG S.A.;Diretoria Estatutária;2013;1950000.0;2341244.0;391244.0;20.063794871794872;12.92;12.67;-0.25;-1.934984520123839;2013;2016;realizado;150928.79256965945;184786.42462509865;22.432851597757676;Industrials;WEG
84.429.695/0001-11;WEG S.A.;Conselho de Administração;2013;2350000.0;2789793.0;439793.0;18.71459574468085;8.0;8.0;0.0;0.0;2013;2016;realizado;293750.0;348724.125;18.714595744680864;Industrials;WEG
84.429.695/0001-11;WEG S.A.;Conselho Fiscal;2013;215000.0;258000.0;43000.0;20.0;3.0;3.0;0.0;0.0;2013;2016;realizado;71666.66666666667;86000.0;19.999999999999996;Industrials;WEG
84.429.695/0001-11;WEG S.A.;Diretoria Estatutária;2014;2550000.0;2409022.0;-140978.0;-5.528549019607843;12.33;12.0;-0.33000000000000007;-2.676399026763991;2014;2017;realizado;206812.6520681265;200751.83333333334;-2.9305841176470504;Industrials;WEG
84.429.695/0001-11;WEG S.A.;Conselho de Administração;2014;2450000.0;2488005.0;38005.0;1.5512244897959184;7.33;7.25;-0.08000000000000007;-1.0914051841746257;2014;2017;realizado;334242.83765347884;343173.1034482759;2.6717897255454037;Industrials;WEG
84.429.695/0001-11;WEG S.A.;Conselho Fiscal;2014;231000.0;270000.0;39000.0;16.883116883116884;3.0;3.0;0.0;0.0;2014;2017;realizado;77000.0;90000.0;16.883116883116877;Industrials;WEG
84.429.695/0001-11;WEG S.A.;Diretoria Estatutária;2015;2750000.0;2988180.0;238180.0;8.661090909090909;14.0;14.0;0.0;0.0;2015;2018;realizado;196428.57142857142;213441.42857142858;8.661090909090907;Industrials;WEG
84.429.695/0001-11;WEG S.A.;Conselho de Administração;2015;2450000.0;2819075.0;369075.0;15.064285714285715;7.75;7.75;0.0;0.0;2015;2018;realizado;316129.03225806454;363751.6129032258;15.064285714285708;Industrials;WEG
84.429.695/0001-11;WEG S.A.;Conselho Fiscal;2015;247000.0;291060.0;44060.0;17.838056680161944;3.0;3.0;0.0;0.0;2015;2018;realizado;82333.33333333333;97020.0;17.83805668016194;Industrials;WEG
84.429.695/0001-11;WEG S.A.;Diretoria Estatutária;2016;3540000.0;2058215.0;-1481785.0;-41.858333333333334;14.0;13.92;-0.08000000000000007;-0.571428571428572;2016;2019;realizado;252857.14285714287;147860.27298850575;-41.52418582375479;Industrials;WEG
84.429.695/0001-11;WEG S.A.;Conselho de Administração;2016;3372000.0;1881457.0;-1490543.0;-44.2035290628707;7.33;6.92;-0.41000000000000014;-5.593451568894954;2016;2019;realizado;460027.28512960434;271886.84971098264;-40.89766879058414;Industrials;WEG
84.429.695/0001-11;WEG S.A.;Conselho Fiscal;2016;316800.0;310320.0;-6480.0;-2.0454545454545454;3.0;3.0;0.0;0.0;2016;2019;realizado;105600.0;103440.0;-2.0454545454545503;Industrials;WEG
84.429.695/0001-11;WEG S.A.;Diretoria Estatutária;2017;3510000.0;2949549.0;-560451.0;-15.967264957264957;13.0;13.67;0.6699999999999999;5.153846153846154;2017;2020;realizado;270000.0;215768.0321872714;-20.0859140047143;Industrials;WEG
84.429.695/0001-11;WEG S.A.;Conselho de Administração;2017;3288000.0;2717111.0;-570889.0;-17.36280413625304;6.75;6.67;-0.08000000000000007;-1.1851851851851862;2017;2020;realizado;487111.1111111111;407362.9685157421;-16.371653361275573;Industrials;WEG
84.429.695/0001-11;WEG S.A.;Conselho Fiscal;2017;333600.0;328176.0;-5424.0;-1.6258992805755397;3.0;3.0;0.0;0.0;2017;2020;realizado;111200.0;109392.0;-1.625899280575538;Industrials;WEG
84.429.695/0001-11;WEG S.A.;Diretoria Estatutária;2018;4008000.0;3423579.0;-584421.0;-14.581362275449102;14.0;14.0;0.0;0.0;2018;2021;realizado;286285.71428571426;244541.35714285713;-14.581362275449095;Industrials;WEG
84.429.695/0001-11;WEG S.A.;Conselho de Administração;2018;3684000.0;3419676.0;-264324.0;-7.174918566775244;7.0;7.0;0.0;0.0;2018;2021;realizado;526285.7142857143;488525.14285714284;-7.174918566775257;Industrials;WEG
84.429.695/0001-11;WEG S.A.;Conselho Fiscal;2018;333600.0;332578.0;-1022.0;-0.30635491606714627;3.0;3.0;0.0;0.0;2018;2021;realizado;111200.0;110859.33333333333;-0.30635491606715304;Industrials;WEG
84.429.695/0001-11;WEG S.A.;Diretoria Estatutária;2019;4418000.0;3506360.0;-911640.0;-20.634676324128566;14.0;13.25;-0.75;-5.357142857142857;2019;2022;realizado;315571.4285714286;264630.9433962264;-16.142299512286794;Industrials;WEG
84.429.695/0001-11;WEG S.A.;Conselho de Administração;2019;4387000.0;3964395.0;-422605.0;-9.633120583542285;7.0;7.0;0.0;0.0;2019;2022;realizado;626714.2857142857;566342.1428571428;-9.633120583542286;Industrials;WEG
84.429.695/0001-11;WEG S.A.;Conselho Fiscal;2019;345600.0;342576.0;-3024.0;-0.875;3.0;3.0;0.0;0.0;2019;2022;realizado;115200.0;114192.0;-0.8750000000000036;Industrials;WEG
84.429.695/0001-11;WEG S.A.;Diretoria Estatutária;2020;4625000.0;3430237.0;-1194763.0;-25.832713513513514;14.25;13.67;-0.5800000000000001;-4.0701754385964914;2020;2023;realizado;324561.4035087719;250931.74835406;-22.6858937503707;Industrials;WEG
84.429.695/0001-11;WEG S.A.;Conselho de Administração;2020;5100000.0;3926686.0;-1173314.0;-23.006156862745097;7.0;7.0;0.0;0.0;2020;2023;realizado;728571.4285714285;560955.1428571428;-23.006156862745097;Industrials;WEG
84.429.695/0001-11;WEG S.A.;Conselho Fiscal;2020;360000.0;295680.0;-64320.0;-17.866666666666667;3.0;3.0;0.0;0.0;2020;2023;realizado;120000.0;98560.0;-17.866666666666664;Industrials;WEG
84.429.695/0001-11;WEG S.A.;Diretoria Estatutária;2021;5915000.0;4368794.0;-1546206.0;-26.140422654268807;14.0;13.0;-1.0;-7.142857142857143;2021;2024;realizado;422500.0;336061.07692307694;-20.458916704597176;Industrials;WEG
84.429.695/0001-11;WEG S.A.;Conselho de Administração;2021;6135000.0;5348651.0;-786349.0;-12.817424612876936;7.0;7.0;0.0;0.0;2021;2024;realizado;876428.5714285715;764093.0;-12.817424612876938;Industrials;WEG
84.429.695/0001-11;WEG S.A.;Conselho Fiscal;2021;432000.0;387840.0;-44160.0;-10.222222222222221;3.0;3.0;0.0;0.0;2021;2024;realizado;144000.0;129280.0;-10.222222222222221;Industrials;WEG
84.429.695/0001-11;WEG S.A.;Diretoria Estatutária;2022;6000000.0;5495216.0;-504784.0;-8.413066666666667;12.0;12.5;0.5;4.166666666666667;2022;2025;realizado;500000.0;439617.28;-12.07654399999999;Industrials;WEG
84.429.695/0001-11;WEG S.A.;Conselho de Administração;2022;7582000.0;6958714.0;-623286.0;-8.220601424426272;7.0;7.0;0.0;0.0;2022;2025;realizado;1083142.857142857;994102.0;-8.220601424426267;Industrials;WEG
84.429.695/0001-11;WEG S.A.;Conselho Fiscal;2022;515000.0;460800.0;-54200.0;-10.524271844660195;3.0;3.0;0.0;0.0;2022;2025;realizado;171666.66666666666;153600.0;-10.524271844660193;Industrials;WEG
84.429.695/0001-11;WEG S.A.;Diretoria Estatutária;2023;8208000.0;7858073.0;-349927.0;-4.263243177387914;13.0;13.0;0.0;0.0;2023;2026;realizado;631384.6153846154;604467.1538461539;-4.26324317738791;Industrials;WEG
84.429.695/0001-11;WEG S.A.;Conselho de Administração;2023;9954000.0;9446679.0;-507321.0;-5.096654611211573;7.0;7.0;0.0;0.0;2023;2026;realizado;1422000.0;1349525.5714285714;-5.096654611211582;Industrials;WEG
84.429.695/0001-11;WEG S.A.;Conselho Fiscal;2023;546000.0;494400.0;-51600.0;-9.45054945054945;3.0;3.0;0.0;0.0;2023;2026;realizado;182000.0;164800.0;-9.45054945054945;Industrials;WEG
84.429.695/0001-11;WEG S.A.;Diretoria Estatutária;2024;9413000.0;8333844.0;-1079156.0;-11.46452778072878;13.0;13.0;0.0;0.0;2024;2026;realizado;724076.9230769231;641064.9230769231;-11.464527780728783;Industrials;WEG
84.429.695/0001-11;WEG S.A.;Conselho de Administração;2024;11529000.0;10510166.0;-1018834.0;-8.837141122387024;7.0;7.0;0.0;0.0;2024;2026;realizado;1647000.0;1501452.2857142857;-8.837141122387028;Industrials;WEG
84.429.695/0001-11;WEG S.A.;Conselho Fiscal;2024;529000.0;522900.0;-6100.0;-1.1531190926275992;3.0;3.0;0.0;0.0;2024;2026;realizado;176333.33333333334;174300.0;-1.153119092627608;Industrials;WEG
84.429.695/0001-11;WEG S.A.;Diretoria Estatutária;2025;10481000.0;8467662.41;-2013337.5899999999;-19.209403587443948;12.0;12.0;0.0;0.0;2025;2026;realizado;873416.6666666666;705638.5341666667;-19.20940358744394;Industrials;WEG
84.429.695/0001-11;WEG S.A.;Conselho de Administração;2025;14275000.0;11591183.05;-2683816.9499999993;-18.800819264448332;7.0;7.0;0.0;0.0;2025;2026;realizado;2039285.7142857143;1655883.2928571429;-18.800819264448332;Industrials;WEG
84.429.695/0001-11;WEG S.A.;Conselho Fiscal;2025;556000.0;546840.0;-9160.0;-1.6474820143884892;3.0;3.0;0.0;0.0;2025;2026;realizado;185333.33333333334;182280.0;-1.6474820143884905;Industrials;WEG
84.429.695/0001-11;WEG S.A.;Diretoria Estatutária;2026;11432000.0;;;;12.0;;;;2026;;so previsao;952666.6666666666;;;Industrials;WEG
84.429.695/0001-11;WEG S.A.;Conselho de Administração;2026;15344000.0;;;;7.0;;;;2026;;so previsao;2192000.0;;;Industrials;WEG
84.429.695/0001-11;WEG S.A.;Conselho Fiscal;2026;185000.0;;;;1.0;;;;2026;;so previsao;185000.0;;;Industrials;WEG
