cnpj;empresa;orgao;exercicio;maxima;media;minima;n_membros;n_membros_remunerados;total_orgao;fre_total_orgao;media_implicita;alertas;previsao;fre;data_referencia;versao;id_documento;setor;apelido;escala_corrigida
05.878.397/0001-32;ALLOS S.A.;Diretoria Estatutária;2007;1047000.0;459000.0;418000.0;5.0;0.0;2295000.0;2010;;;False;2010;2010-01-01;5;7166;Malls;Allos;
05.878.397/0001-32;ALLOS S.A.;Diretoria Estatutária;2008;1055000.0;661000.0;331000.0;5.0;0.0;3303000.0;2010;;;False;2010;2010-01-01;5;7166;Malls;Allos;
05.878.397/0001-32;ALLOS S.A.;Diretoria Estatutária;2009;881000.0;0.0;304000.0;5.0;0.0;6409000.0;2012;;;False;2012;2012-01-01;4;24830;Malls;Allos;
05.878.397/0001-32;ALLOS S.A.;Diretoria Estatutária;2010;1346013.51;937793.75;484072.32;3.0;0.0;4153000.0;2013;;;False;2013;2013-01-01;5;38205;Malls;Allos;
05.878.397/0001-32;ALLOS S.A.;Diretoria Estatutária;2011;1547347.0;1269013.0;859909.0;4.0;0.0;5076051.0;2014;;;False;2014;2014-01-01;5;46811;Malls;Allos;
05.878.397/0001-32;ALLOS S.A.;Diretoria Estatutária;2012;1566000.0;1227550.0;1014000.0;4.0;0.0;5754941.0;2015;;;False;2015;2015-01-01;5;56726;Malls;Allos;
05.878.397/0001-32;ALLOS S.A.;Diretoria Estatutária;2013;1725000.0;1373273.0;1225500.0;3.33;3.33;5755676.0;2016;1728431.2312312312;media != total/n_remunerados;False;2016;2016-01-01;4;65840;Malls;Allos;
05.878.397/0001-32;ALLOS S.A.;Diretoria Estatutária;2014;1903500.0;1579500.0;1386000.0;3.0;3.0;5612840.0;2017;1870946.6666666667;media != total/n_remunerados;False;2017;2017-01-01;5;73711;Malls;Allos;
05.878.397/0001-32;ALLOS S.A.;Diretoria Estatutária;2015;2250004.0;1876218.0;1674607.0;3.0;3.0;6618176.12;2018;2206058.7066666665;media != total/n_remunerados;False;2018;2018-01-01;5;82623;Malls;Allos;
05.878.397/0001-32;ALLOS S.A.;Diretoria Estatutária;2016;5166281.08;2929667.3;1394539.43;6.0;6.0;17578003.83;2019;2929667.3049999997;;False;2019;2019-01-01;13;93974;Malls;Allos;
05.878.397/0001-32;ALLOS S.A.;Diretoria Estatutária;2017;5093285.63;2872872.0;1246386.86;6.0;6.0;18587720.1;2020;3097953.35;media != total/n_remunerados;False;2020;2020-01-01;8;103608;Malls;Allos;
05.878.397/0001-32;ALLOS S.A.;Diretoria Estatutária;2018;15154834.75;4851264.15;1327993.73;5.3;5.3;27481583.33;2021;5185204.401886792;media != total/n_remunerados;False;2021;2021-01-01;10;114667;Malls;Allos;
05.878.397/0001-32;ALLOS S.A.;Diretoria Estatutária;2019;8295621.0;3486007.0;2791952.0;5.08;5.08;28182035.75;2022;5547644.832677165;media != total/n_remunerados;False;2022;2022-01-01;14;127027;Malls;Allos;
05.878.397/0001-32;ALLOS S.A.;Diretoria Estatutária;2020;11409347.0;3633251.0;1462648.0;8.0;8.0;29066007.35;2023;3633250.91875;;False;2023;2023-12-31;12;137501;Malls;Allos;
05.878.397/0001-32;ALLOS S.A.;Diretoria Estatutária;2021;10650142.0;3597707.0;1727234.0;7.83;7.83;28182035.75;2024;3599238.282247765;;False;2024;2024-12-31;16;148218;Malls;Allos;
05.878.397/0001-32;ALLOS S.A.;Diretoria Estatutária;2022;9916387.2;4541715.66;2285930.25;7.0;7.0;31792009.61;2025;4541715.658571429;;False;2025;2025-12-31;16;156680;Malls;Allos;
05.878.397/0001-32;ALLOS S.A.;Diretoria Estatutária;2023;17104200.13;6091507.14;3445261.62;10.0;10.0;60915071.35;2026;6091507.135;;False;2026;2026-12-31;4;159528;Malls;Allos;
05.878.397/0001-32;ALLOS S.A.;Diretoria Estatutária;2024;22348787.22;7147521.22;3761460.16;10.0;10.0;71475212.24;2026;7147521.223999999;;False;2026;2026-12-31;4;159528;Malls;Allos;
05.878.397/0001-32;ALLOS S.A.;Diretoria Estatutária;2025;19079976.72;6982646.11;3904643.3;8.25;8.25;57606830.45;2026;6982646.115151515;;False;2026;2026-12-31;4;159528;Malls;Allos;
05.878.397/0001-32;ALLOS S.A.;Conselho de Administração;2007;0.0;0.0;0.0;6.0;0.0;0.0;2010;;;False;2010;2010-01-01;5;7166;Malls;Allos;
05.878.397/0001-32;ALLOS S.A.;Conselho de Administração;2008;0.0;0.0;0.0;6.0;0.0;0.0;2010;;;False;2010;2010-01-01;5;7166;Malls;Allos;
05.878.397/0001-32;ALLOS S.A.;Conselho de Administração;2009;0.0;0.0;0.0;6.0;0.0;0.0;2012;;;False;2012;2012-01-01;4;24830;Malls;Allos;
05.878.397/0001-32;ALLOS S.A.;Conselho de Administração;2010;0.0;0.0;0.0;6.0;0.0;0.0;2013;;;False;2013;2013-01-01;5;38205;Malls;Allos;
05.878.397/0001-32;ALLOS S.A.;Conselho de Administração;2011;144000.0;144000.0;0.0;7.0;0.0;144000.0;2014;;;False;2014;2014-01-01;5;46811;Malls;Allos;
05.878.397/0001-32;ALLOS S.A.;Conselho de Administração;2012;120000.0;120000.0;120000.0;7.0;0.0;144000.0;2015;;;False;2015;2015-01-01;5;56726;Malls;Allos;
05.878.397/0001-32;ALLOS S.A.;Conselho de Administração;2013;138000.0;138000.0;138000.0;7.0;1.0;165600.0;2016;165600.0;media != total/n_remunerados;False;2016;2016-01-01;4;65840;Malls;Allos;
05.878.397/0001-32;ALLOS S.A.;Conselho de Administração;2014;144000.0;144000.0;144000.0;7.67;1.67;273600.0;2017;163832.33532934132;media != total/n_remunerados;False;2017;2017-01-01;5;73711;Malls;Allos;
05.878.397/0001-32;ALLOS S.A.;Conselho de Administração;2015;152720.0;152720.0;152720.0;8.0;2.0;361728.0;2018;180864.0;media != total/n_remunerados;False;2018;2018-01-01;5;82623;Malls;Allos;
05.878.397/0001-32;ALLOS S.A.;Conselho de Administração;2016;121107.16;121107.16;121107.16;6.16;0.33;121107.15;2019;366991.3636363636;media != total/n_remunerados;False;2019;2019-01-01;13;93974;Malls;Allos;
05.878.397/0001-32;ALLOS S.A.;Conselho de Administração;2017;0.0;0.0;0.0;7.0;0.0;0.0;2020;;;False;2020;2020-01-01;8;103608;Malls;Allos;
05.878.397/0001-32;ALLOS S.A.;Conselho de Administração;2018;817457.57;817457.57;817457.57;6.5;0.5;817457.57;2021;1634915.14;media != total/n_remunerados;False;2021;2021-01-01;10;114667;Malls;Allos;
05.878.397/0001-32;ALLOS S.A.;Conselho de Administração;2019;3324635.0;795426.0;232848.0;5.58;2.75;3373733.49;2022;1226812.1781818182;media != total/n_remunerados;False;2022;2022-01-01;14;127027;Malls;Allos;
05.878.397/0001-32;ALLOS S.A.;Conselho de Administração;2020;3586720.0;1416731.0;194040.0;7.75;3.75;5312740.12;2023;1416730.6986666666;;False;2023;2023-12-31;12;137501;Malls;Allos;
05.878.397/0001-32;ALLOS S.A.;Conselho de Administração;2021;1116844.0;562297.0;194040.0;7.0;3.0;3373733.5;2024;1124577.8333333333;media != total/n_remunerados;False;2024;2024-12-31;16;148218;Malls;Allos;
05.878.397/0001-32;ALLOS S.A.;Conselho de Administração;2022;2883628.84;1100913.95;194040.0;7.0;3.5;4100698.84;2025;1171628.24;media != total/n_remunerados;False;2025;2025-12-31;16;156680;Malls;Allos;
05.878.397/0001-32;ALLOS S.A.;Conselho de Administração;2023;3006289.75;983465.62;400000.0;9.0;6.0;5900793.75;2026;983465.625;;False;2026;2026-12-31;4;159528;Malls;Allos;
05.878.397/0001-32;ALLOS S.A.;Conselho de Administração;2024;4053474.8;1141829.14;420000.0;9.0;6.0;6850974.82;2026;1141829.1366666667;;False;2026;2026-12-31;4;159528;Malls;Allos;
05.878.397/0001-32;ALLOS S.A.;Conselho de Administração;2025;6268703.28;1414453.43;420638.99;9.0;6.0;8486720.6;2026;1414453.4333333333;;False;2026;2026-12-31;4;159528;Malls;Allos;
05.878.397/0001-32;ALLOS S.A.;Conselho Fiscal;2012;47800.0;31867.0;47800.0;2.0;0.0;189288.0;2015;;media fora do intervalo min-max;False;2015;2015-01-01;5;56726;Malls;Allos;
05.878.397/0001-32;ALLOS S.A.;Conselho Fiscal;2013;23900.0;13450.0;2390.0;1.0;1.0;94644.0;2016;94644.0;media != total/n_remunerados;False;2016;2016-01-01;4;65840;Malls;Allos;
05.878.397/0001-32;ALLOS S.A.;Conselho Fiscal;2014;56800.0;56800.0;56800.0;2.0;2.0;204480.0;2017;102240.0;media != total/n_remunerados;False;2017;2017-01-01;5;73711;Malls;Allos;
05.878.397/0001-32;ALLOS S.A.;Conselho Fiscal;2015;89517.0;89517.0;89517.0;3.0;3.0;322260.0;2018;107420.0;media != total/n_remunerados;False;2018;2018-01-01;5;82623;Malls;Allos;
05.878.397/0001-32;ALLOS S.A.;Conselho Fiscal;2016;48000.0;48000.0;48000.0;1.0;1.0;144000.0;2019;144000.0;media != total/n_remunerados;False;2019;2019-01-01;13;93974;Malls;Allos;
05.878.397/0001-32;ALLOS S.A.;Conselho Fiscal;2017;0.0;0.0;0.0;0.0;0.0;0.0;2020;;;False;2020;2020-01-01;8;103608;Malls;Allos;
05.878.397/0001-32;ALLOS S.A.;Conselho Fiscal;2018;0.0;0.0;0.0;0.0;0.0;0.0;2021;;;False;2021;2021-01-01;10;114667;Malls;Allos;
05.878.397/0001-32;ALLOS S.A.;Conselho Fiscal;2019;132091.0;99068.0;132091.0;4.25;2.25;220272.0;2022;97898.66666666667;"media fora do intervalo min-max; media != total/n_remunerados";False;2022;2022-01-01;14;127027;Malls;Allos;
05.878.397/0001-32;ALLOS S.A.;Conselho Fiscal;2020;36690.0;36690.0;36690.0;2.0;1.0;132084.0;2023;132084.0;media != total/n_remunerados;False;2023;2023-12-31;12;137501;Malls;Allos;
05.878.397/0001-32;ALLOS S.A.;Conselho Fiscal;2021;73424.0;73424.0;73424.0;4.0;2.0;220272.0;2024;110136.0;media != total/n_remunerados;False;2024;2024-12-31;16;148218;Malls;Allos;
05.878.397/0001-32;ALLOS S.A.;Conselho Fiscal;2022;45890.0;45890.0;45890.0;1.25;1.25;137670.0;2025;110136.0;media != total/n_remunerados;False;2025;2025-12-31;16;156680;Malls;Allos;
05.878.397/0001-32;ALLOS S.A.;Conselho Fiscal;2023;93600.0;93600.0;93600.0;3.0;3.0;280800.0;2026;93600.0;;False;2026;2026-12-31;4;159528;Malls;Allos;
05.878.397/0001-32;ALLOS S.A.;Conselho Fiscal;2024;93600.0;159900.0;58500.0;3.0;3.0;479700.0;2026;159900.0;media fora do intervalo min-max;False;2026;2026-12-31;4;159528;Malls;Allos;
05.878.397/0001-32;ALLOS S.A.;Conselho Fiscal;2025;93600.0;93600.0;93600.0;3.0;3.0;421200.0;2026;140400.0;media != total/n_remunerados;False;2026;2026-12-31;4;159528;Malls;Allos;
61.079.117/0001-05;ALPARGATAS S.A.;Diretoria Estatutária;2015;7657500.0;5040500.0;2465600.0;3.83;3.83;17734500.0;2018;4630417.754569191;media != total/n_remunerados;False;2018;2018-01-01;10;82237;Consumo;Alpargatas;
61.079.117/0001-05;ALPARGATAS S.A.;Diretoria Estatutária;2016;9129100.0;5376100.0;3257200.0;4.0;4.0;21504300.0;2019;5376075.0;;False;2019;2019-01-01;15;93241;Consumo;Alpargatas;
61.079.117/0001-05;ALPARGATAS S.A.;Diretoria Estatutária;2017;7336200.0;4658200.0;2832000.0;4.0;4.0;18632900.0;2020;4658225.0;;False;2020;2020-01-01;11;103133;Consumo;Alpargatas;
61.079.117/0001-05;ALPARGATAS S.A.;Diretoria Estatutária;2018;2051000.0;1164000.0;1599000.0;4.0;4.0;6126100.0;2021;1531525.0;"media fora do intervalo min-max; media != total/n_remunerados";False;2021;2021-01-01;8;111641;Consumo;Alpargatas;
61.079.117/0001-05;ALPARGATAS S.A.;Diretoria Estatutária;2019;14692200.0;7793000.0;3221000.0;3.0;3.0;39022500.0;2022;13007500.0;media != total/n_remunerados;False;2022;2022-01-01;16;127160;Consumo;Alpargatas;
61.079.117/0001-05;ALPARGATAS S.A.;Diretoria Estatutária;2020;13670800.0;5766100.0;2600900.0;4.0;4.0;22801900.0;2023;5700475.0;media != total/n_remunerados;False;2023;2023-12-31;15;137696;Consumo;Alpargatas;
61.079.117/0001-05;ALPARGATAS S.A.;Diretoria Estatutária;2021;13492700.0;6233200.0;3134400.0;4.0;4.0;24932949.77;2024;6233237.4425;;False;2024;2024-12-31;11;148081;Consumo;Alpargatas;
61.079.117/0001-05;ALPARGATAS S.A.;Diretoria Estatutária;2022;10880471.95;4451524.81;1821372.92;4.0;4.0;20151006.7;2025;5037751.675;media != total/n_remunerados;False;2025;2025-12-31;15;157989;Consumo;Alpargatas;
61.079.117/0001-05;ALPARGATAS S.A.;Diretoria Estatutária;2023;3072500.0;2434900.0;1797400.0;4.0;4.0;15823633.93;2026;3955908.4825;media != total/n_remunerados;False;2026;2026-12-31;1;158198;Consumo;Alpargatas;8.16 reportado em milhares
61.079.117/0001-05;ALPARGATAS S.A.;Diretoria Estatutária;2024;9002200.0;5956800.0;3654900.0;3.91;3.91;30476691.14;2026;7794550.163682864;media != total/n_remunerados;False;2026;2026-12-31;1;158198;Consumo;Alpargatas;8.16 reportado em milhares
61.079.117/0001-05;ALPARGATAS S.A.;Diretoria Estatutária;2025;12788000.0;8566500.0;3570200.0;3.25;3.25;25952401.98;2026;7985354.455384616;media != total/n_remunerados;False;2026;2026-12-31;1;158198;Consumo;Alpargatas;8.16 reportado em milhares
61.079.117/0001-05;ALPARGATAS S.A.;Conselho de Administração;2015;720000.0;420000.0;360000.0;6.0;6.0;2520000.0;2018;420000.0;;False;2018;2018-01-01;10;82237;Consumo;Alpargatas;
61.079.117/0001-05;ALPARGATAS S.A.;Conselho de Administração;2016;360000.0;360000.0;360000.0;6.0;6.0;2092000.0;2019;348666.6666666667;media != total/n_remunerados;False;2019;2019-01-01;15;93241;Consumo;Alpargatas;
61.079.117/0001-05;ALPARGATAS S.A.;Conselho de Administração;2017;360000.0;360000.0;360000.0;5.5;5.5;2048000.0;2020;372363.63636363635;media != total/n_remunerados;False;2020;2020-01-01;11;103133;Consumo;Alpargatas;
61.079.117/0001-05;ALPARGATAS S.A.;Conselho de Administração;2018;456000.0;456000.0;456000.0;6.67;6.67;3074000.0;2021;460869.5652173913;media != total/n_remunerados;False;2021;2021-01-01;8;111641;Consumo;Alpargatas;
61.079.117/0001-05;ALPARGATAS S.A.;Conselho de Administração;2019;504000.0;504000.0;504000.0;6.25;7.0;3050700.0;2022;435814.28571428574;media != total/n_remunerados;False;2022;2022-01-01;16;127160;Consumo;Alpargatas;
61.079.117/0001-05;ALPARGATAS S.A.;Conselho de Administração;2020;1384800.0;733900.0;504000.0;7.0;7.0;5122200.0;2023;731742.8571428572;;False;2023;2023-12-31;15;137696;Consumo;Alpargatas;
61.079.117/0001-05;ALPARGATAS S.A.;Conselho de Administração;2021;1640000.0;828400.0;504000.0;7.0;7.0;5798549.43;2024;828364.2042857142;;False;2024;2024-12-31;11;148081;Consumo;Alpargatas;
61.079.117/0001-05;ALPARGATAS S.A.;Conselho de Administração;2022;572533.89;441216.81;284666.67;8.0;7.67;3529734.45;2025;460200.0586701434;media != total/n_remunerados;False;2025;2025-12-31;15;157989;Consumo;Alpargatas;
61.079.117/0001-05;ALPARGATAS S.A.;Conselho de Administração;2023;4182899.9999999995;949800.0;420000.0;8.0;8.0;7598440.81;2026;949805.10125;;False;2026;2026-12-31;1;158198;Consumo;Alpargatas;8.16 reportado em milhares
61.079.117/0001-05;ALPARGATAS S.A.;Conselho de Administração;2024;1772800.0;664300.0;420000.0;8.0;8.0;5314211.39;2026;664276.42375;;False;2026;2026-12-31;1;158198;Consumo;Alpargatas;8.16 reportado em milhares
61.079.117/0001-05;ALPARGATAS S.A.;Conselho de Administração;2025;1756800.0;611000.0;420000.0;8.0;8.0;4548900.0;2026;568612.5;media != total/n_remunerados;False;2026;2026-12-31;1;158198;Consumo;Alpargatas;8.16 reportado em milhares
61.079.117/0001-05;ALPARGATAS S.A.;Conselho Fiscal;2015;167400.0;167400.0;167400.0;5.0;5.0;837000.0;2018;167400.0;;False;2018;2018-01-01;10;82237;Consumo;Alpargatas;
61.079.117/0001-05;ALPARGATAS S.A.;Conselho Fiscal;2016;194400.0;194400.0;194400.0;5.5;5.5;1065100.0;2019;193654.54545454544;;False;2019;2019-01-01;15;93241;Consumo;Alpargatas;
61.079.117/0001-05;ALPARGATAS S.A.;Conselho Fiscal;2017;201600.0;201600.0;201600.0;5.0;5.0;1021440.0;2020;204288.0;media != total/n_remunerados;False;2020;2020-01-01;11;103133;Consumo;Alpargatas;
61.079.117/0001-05;ALPARGATAS S.A.;Conselho Fiscal;2018;68300.0;68300.0;68300.0;1.67;1.67;340500.0;2021;203892.21556886227;media != total/n_remunerados;False;2021;2021-01-01;8;111641;Consumo;Alpargatas;
61.079.117/0001-05;ALPARGATAS S.A.;Conselho Fiscal;2019;0.0;0.0;0.0;0.0;0.0;0.0;2022;;;False;2022;2022-01-01;16;127160;Consumo;Alpargatas;
61.079.117/0001-05;ALPARGATAS S.A.;Conselho Fiscal;2020;0.0;0.0;0.0;0.0;0.0;0.0;2022;;;False;2022;2022-01-01;16;127160;Consumo;Alpargatas;
61.079.117/0001-05;ALPARGATAS S.A.;Conselho Fiscal;2021;0.0;0.0;0.0;0.0;0.0;0.0;2022;;;False;2022;2022-01-01;16;127160;Consumo;Alpargatas;
07.526.557/0001-00;AMBEV S.A.;Diretoria Estatutária;2011;16430619.31;4550712.6;3214819.37;9.33;0.0;42473317.0;2014;;;False;2014;2014-01-01;15;46704;Consumo;Ambev;
07.526.557/0001-00;AMBEV S.A.;Diretoria Estatutária;2012;15731876.07;4947884.31;1544914.59;10.25;0.0;50715814.0;2015;;;False;2015;2015-01-01;7;55622;Consumo;Ambev;
07.526.557/0001-00;AMBEV S.A.;Diretoria Estatutária;2013;17173973.12;5544094.18;1731534.14;11.0;11.0;60985036.0;2016;5544094.181818182;;False;2016;2016-01-01;10;64861;Consumo;Ambev;
07.526.557/0001-00;AMBEV S.A.;Diretoria Estatutária;2014;22489382.0;4968055.4;2326654.0;10.0;10.0;49680554.0;2017;4968055.4;;False;2017;2017-01-01;10;74969;Consumo;Ambev;
07.526.557/0001-00;AMBEV S.A.;Diretoria Estatutária;2015;21358583.28;5600969.79;1864211.66;10.25;10.25;57409940.35;2018;5600969.790243902;;False;2018;2018-01-01;12;83957;Consumo;Ambev;
07.526.557/0001-00;AMBEV S.A.;Diretoria Estatutária;2016;14930055.45;3648144.26;1217949.83;11.0;11.0;40129586.85;2019;3648144.2590909093;;False;2019;2019-01-01;14;93034;Consumo;Ambev;
07.526.557/0001-00;AMBEV S.A.;Diretoria Estatutária;2017;14065113.97;4801134.36;2466975.34;11.0;11.0;52812478.0;2020;4801134.363636363;;False;2020;2020-01-01;10;104468;Consumo;Ambev;
07.526.557/0001-00;AMBEV S.A.;Diretoria Estatutária;2018;12177219.57;3792066.84;2120323.95;10.67;10.67;40448713.0;2021;3790882.1930646673;;False;2021;2021-01-01;12;114809;Consumo;Ambev;
07.526.557/0001-00;AMBEV S.A.;Diretoria Estatutária;2019;14170295.57;5572957.37;3058226.62;10.92;10.92;60838118.0;2022;5571256.227106228;;False;2022;2022-01-01;9;128293;Consumo;Ambev;
07.526.557/0001-00;AMBEV S.A.;Diretoria Estatutária;2020;16036812.43;4491674.75;1493354.77;11.77;11.77;52867011.81;2023;4491674.750212405;;False;2023;2023-12-31;14;136881;Consumo;Ambev;
07.526.557/0001-00;AMBEV S.A.;Diretoria Estatutária;2021;23046749.4;6435739.15;2539606.7;13.0;13.0;83664608.95;2024;6435739.15;;False;2024;2024-12-31;7;147076;Consumo;Ambev;
07.526.557/0001-00;AMBEV S.A.;Diretoria Estatutária;2022;25226847.0;6809657.0;3489535.0;14.0;14.0;95335200.0;2025;6809657.142857143;;False;2025;2025-12-31;10;157761;Consumo;Ambev;
07.526.557/0001-00;AMBEV S.A.;Diretoria Estatutária;2023;30929473.0;8459894.0;4491204.0;13.5;13.5;114208574.51;2026;8459894.408148149;;False;2026;2026-12-31;3;161030;Consumo;Ambev;
07.526.557/0001-00;AMBEV S.A.;Diretoria Estatutária;2024;42274451.0;10521149.0;5724674.0;13.0;13.0;136774933.02;2026;10521148.693846155;;False;2026;2026-12-31;3;161030;Consumo;Ambev;
07.526.557/0001-00;AMBEV S.A.;Diretoria Estatutária;2025;55369113.0;12956481.0;6370712.0;13.0;13.0;168434249.72;2026;12956480.747692307;;False;2026;2026-12-31;3;161030;Consumo;Ambev;
07.526.557/0001-00;AMBEV S.A.;Conselho de Administração;2011;10858172.83;2272807.21;439949.01;10.0;0.0;13636844.0;2014;;;False;2014;2014-01-01;15;46704;Consumo;Ambev;
07.526.557/0001-00;AMBEV S.A.;Conselho de Administração;2012;10388743.02;1883026.92;335512.67;9.75;0.0;13181189.0;2015;;;False;2015;2015-01-01;7;55622;Consumo;Ambev;
07.526.557/0001-00;AMBEV S.A.;Conselho de Administração;2013;8871395.0;1748806.0;313047.7;10.0;7.0;12241642.0;2016;1748806.0;;False;2016;2016-01-01;10;64861;Consumo;Ambev;
07.526.557/0001-00;AMBEV S.A.;Conselho de Administração;2014;5960938.0;1310512.0;332920.0;12.0;9.0;11794608.0;2017;1310512.0;;False;2017;2017-01-01;10;74969;Consumo;Ambev;
07.526.557/0001-00;AMBEV S.A.;Conselho de Administração;2015;10095576.27;1518150.89;358109.18;12.0;9.0;13663358.0;2018;1518150.888888889;;False;2018;2018-01-01;12;83957;Consumo;Ambev;
07.526.557/0001-00;AMBEV S.A.;Conselho de Administração;2016;8304164.9;1970632.67;390081.07;12.0;9.0;17735694.0;2019;1970632.6666666667;;False;2019;2019-01-01;14;93034;Consumo;Ambev;
07.526.557/0001-00;AMBEV S.A.;Conselho de Administração;2017;10292851.37;2162467.67;412360.99;13.0;9.0;19462209.0;2020;2162467.6666666665;;False;2020;2020-01-01;10;104468;Consumo;Ambev;
07.526.557/0001-00;AMBEV S.A.;Conselho de Administração;2018;8659261.7;1731069.6;484455.99;13.0;8.33;14425580.0;2021;1731762.3049219688;;False;2021;2021-01-01;12;114809;Consumo;Ambev;
07.526.557/0001-00;AMBEV S.A.;Conselho de Administração;2019;9036710.5;1790654.25;299839.45;13.0;8.0;14325234.0;2022;1790654.25;;False;2022;2022-01-01;9;128293;Consumo;Ambev;
07.526.557/0001-00;AMBEV S.A.;Conselho de Administração;2020;7311989.45;1346646.57;248844.0;13.0;8.67;11675425.76;2023;1346646.5697808536;;False;2023;2023-12-31;14;136881;Consumo;Ambev;
07.526.557/0001-00;AMBEV S.A.;Conselho de Administração;2021;12250056.24;3010756.82;501488.0;12.0;8.5;25591432.98;2024;3010756.8211764707;;False;2024;2024-12-31;7;147076;Consumo;Ambev;
07.526.557/0001-00;AMBEV S.A.;Conselho de Administração;2022;14155409.0;2855532.0;679357.0;12.0;8.0;22844255.0;2025;2855531.875;;False;2025;2025-12-31;10;157761;Consumo;Ambev;
07.526.557/0001-00;AMBEV S.A.;Conselho de Administração;2023;12998750.0;2558758.0;864098.0;12.67;7.33;18764226.58;2026;2559921.770804911;;False;2026;2026-12-31;3;161030;Consumo;Ambev;
07.526.557/0001-00;AMBEV S.A.;Conselho de Administração;2024;13111146.0;2802648.0;883208.0;13.0;7.0;19618532.85;2026;2802647.5500000003;;False;2026;2026-12-31;3;161030;Consumo;Ambev;
07.526.557/0001-00;AMBEV S.A.;Conselho de Administração;2025;10457788.0;2460968.0;1000514.0;12.92;6.92;17021692.82;2026;2459782.1994219655;;False;2026;2026-12-31;3;161030;Consumo;Ambev;
07.526.557/0001-00;AMBEV S.A.;Conselho Fiscal;2011;466210.7;252275.62;116529.49;6.0;0.0;1513654.0;2014;;;False;2014;2014-01-01;15;46704;Consumo;Ambev;
07.526.557/0001-00;AMBEV S.A.;Conselho Fiscal;2012;295201.44;231880.1;147600.67;6.0;0.0;1391280.0;2015;;;False;2015;2015-01-01;7;55622;Consumo;Ambev;
07.526.557/0001-00;AMBEV S.A.;Conselho Fiscal;2013;313047.7;234785.83;156523.85;6.0;6.0;1408715.0;2016;234785.83333333334;;False;2016;2016-01-01;10;64861;Consumo;Ambev;
07.526.557/0001-00;AMBEV S.A.;Conselho Fiscal;2014;372799.0;256336.33;166460.0;6.0;6.0;1538018.0;2017;256336.33333333334;;False;2017;2017-01-01;10;74969;Consumo;Ambev;
07.526.557/0001-00;AMBEV S.A.;Conselho Fiscal;2015;421187.76;295512.35;179054.54;5.67;5.67;1674570.0;2018;295338.62433862436;;False;2018;2018-01-01;12;83957;Consumo;Ambev;
07.526.557/0001-00;AMBEV S.A.;Conselho Fiscal;2016;390081.07;296155.67;133813.92;6.0;6.0;1776934.0;2019;296155.6666666667;;False;2019;2019-01-01;14;93034;Consumo;Ambev;
07.526.557/0001-00;AMBEV S.A.;Conselho Fiscal;2017;412360.99;309270.83;206180.5;6.0;6.0;1855625.0;2020;309270.8333333333;;False;2020;2020-01-01;10;104468;Consumo;Ambev;
07.526.557/0001-00;AMBEV S.A.;Conselho Fiscal;2018;425508.48;320518.21;212754.24;5.58;5.58;1789560.0;2021;320709.67741935485;;False;2021;2021-01-01;12;114809;Consumo;Ambev;
07.526.557/0001-00;AMBEV S.A.;Conselho Fiscal;2019;443492.45;338452.94;221746.22;5.67;5.67;1917900.0;2022;338253.9682539683;;False;2022;2022-01-01;9;128293;Consumo;Ambev;
07.526.557/0001-00;AMBEV S.A.;Conselho Fiscal;2020;381476.24;286107.17;190738.12;6.0;6.0;1716643.0;2023;286107.1666666667;;False;2023;2023-12-31;14;136881;Consumo;Ambev;
07.526.557/0001-00;AMBEV S.A.;Conselho Fiscal;2021;401807.2;301355.4;200903.6;6.0;6.0;1808132.4;2024;301355.39999999997;;False;2024;2024-12-31;7;147076;Consumo;Ambev;
07.526.557/0001-00;AMBEV S.A.;Conselho Fiscal;2022;443668.0;332751.0;221834.0;6.0;6.0;1996508.0;2025;332751.3333333333;;False;2025;2025-12-31;10;157761;Consumo;Ambev;
07.526.557/0001-00;AMBEV S.A.;Conselho Fiscal;2023;473093.0;354820.0;236547.0;6.0;6.0;2128919.0;2026;354819.8333333333;;False;2026;2026-12-31;3;161030;Consumo;Ambev;
07.526.557/0001-00;AMBEV S.A.;Conselho Fiscal;2024;491302.0;368476.0;245651.0;6.0;6.0;2210858.64;2026;368476.44;;False;2026;2026-12-31;3;161030;Consumo;Ambev;
07.526.557/0001-00;AMBEV S.A.;Conselho Fiscal;2025;515530.0;385919.0;257765.0;6.0;6.0;2315512.42;2026;385918.73666666663;;False;2026;2026-12-31;3;161030;Consumo;Ambev;
28.594.234/0001-23;AUREN ENERGIA S.A.;Diretoria Estatutária;2018;0.0;0.0;0.0;2.42;0.0;0.0;2021;;;False;2021;2021-01-01;7;113572;Utilities;Auren;
28.594.234/0001-23;AUREN ENERGIA S.A.;Diretoria Estatutária;2019;1209876.49;1613168.65;0.0;2.08;0.75;1209876.49;2022;1613168.6533333333;media fora do intervalo min-max;False;2022;2022-01-01;8;127212;Utilities;Auren;
28.594.234/0001-23;AUREN ENERGIA S.A.;Diretoria Estatutária;2020;2124402.84;2124402.84;2124402.84;2.0;1.0;2124402.84;2023;2124402.84;;False;2023;2023-12-31;9;137267;Utilities;Auren;
28.594.234/0001-23;AUREN ENERGIA S.A.;Diretoria Estatutária;2021;1661297.33;1661297.33;1661297.33;2.17;1.0;1661297.33;2024;1661297.33;;False;2024;2024-12-31;12;146823;Utilities;Auren;
28.594.234/0001-23;AUREN ENERGIA S.A.;Diretoria Estatutária;2022;9904235.57;5294505.66;366391.78;3.75;3.0;15883516.99;2025;5294505.663333333;;False;2025;2025-12-31;7;156906;Utilities;Auren;
28.594.234/0001-23;AUREN ENERGIA S.A.;Diretoria Estatutária;2023;12643260.18;7594996.57;2586258.13;4.0;3.75;28481237.13;2026;7594996.568;;False;2026;2026-12-31;3;159355;Utilities;Auren;
28.594.234/0001-23;AUREN ENERGIA S.A.;Diretoria Estatutária;2024;9561314.33;6635246.09;5814159.01;3.67;3.67;24351353.18;2026;6635246.098092644;;False;2026;2026-12-31;3;159355;Utilities;Auren;
28.594.234/0001-23;AUREN ENERGIA S.A.;Diretoria Estatutária;2025;9871575.47;5560153.44;2337036.1;5.0;5.0;27800767.19;2026;5560153.438;;False;2026;2026-12-31;3;159355;Utilities;Auren;
28.594.234/0001-23;AUREN ENERGIA S.A.;Conselho de Administração;2018;0.0;0.0;0.0;2.67;0.0;0.0;2021;;;False;2021;2021-01-01;7;113572;Utilities;Auren;
28.594.234/0001-23;AUREN ENERGIA S.A.;Conselho de Administração;2019;0.0;0.0;0.0;4.08;0.0;0.0;2022;;;False;2022;2022-01-01;8;127212;Utilities;Auren;
28.594.234/0001-23;AUREN ENERGIA S.A.;Conselho de Administração;2020;0.0;0.0;0.0;4.0;0.0;0.0;2023;;;False;2023;2023-12-31;9;137267;Utilities;Auren;
28.594.234/0001-23;AUREN ENERGIA S.A.;Conselho de Administração;2021;0.0;0.0;0.0;4.0;0.0;0.0;2024;;;False;2024;2024-12-31;12;146823;Utilities;Auren;
28.594.234/0001-23;AUREN ENERGIA S.A.;Conselho de Administração;2022;540000.0;630000.0;450000.0;6.25;3.0;1890000.0;2025;630000.0;media fora do intervalo min-max;False;2025;2025-12-31;7;156906;Utilities;Auren;
28.594.234/0001-23;AUREN ENERGIA S.A.;Conselho de Administração;2023;720000.0;631853.79;600000.0;6.83;3.83;2420000.0;2026;631853.7859007833;;False;2026;2026-12-31;3;159355;Utilities;Auren;
28.594.234/0001-23;AUREN ENERGIA S.A.;Conselho de Administração;2024;800800.0;675150.0;640000.0;7.67;5.33;3600800.0;2026;675572.2326454034;;False;2026;2026-12-31;3;159355;Utilities;Auren;
28.594.234/0001-23;AUREN ENERGIA S.A.;Conselho de Administração;2025;841200.0;690200.0;660000.0;8.0;6.0;4141200.0;2026;690200.0;;False;2026;2026-12-31;3;159355;Utilities;Auren;
28.594.234/0001-23;AUREN ENERGIA S.A.;Conselho Fiscal;2018;0.0;0.0;0.0;0.0;0.0;0.0;2021;;;False;2021;2021-01-01;7;113572;Utilities;Auren;
28.594.234/0001-23;AUREN ENERGIA S.A.;Conselho Fiscal;2019;0.0;0.0;0.0;0.0;0.0;0.0;2022;;;False;2022;2022-01-01;8;127212;Utilities;Auren;
28.594.234/0001-23;AUREN ENERGIA S.A.;Conselho Fiscal;2020;0.0;0.0;0.0;0.0;0.0;0.0;2023;;;False;2023;2023-12-31;9;137267;Utilities;Auren;
28.594.234/0001-23;AUREN ENERGIA S.A.;Conselho Fiscal;2021;0.0;0.0;0.0;0.0;0.0;0.0;2021;;;False;2022;2022-01-01;8;127212;Utilities;Auren;
00.001.180/0001-26;AXIA ENERGIA S.A.;Diretoria Estatutária;2019;1029791.51;1006617.29;984125.04;5.67;5.67;5707520.05;2022;1006617.2927689594;;False;2022;2022-01-01;28;127025;Utilities;Eletrobras;
00.001.180/0001-26;AXIA ENERGIA S.A.;Diretoria Estatutária;2020;1080385.71;1051812.0;889082.12;6.0;6.0;6310871.99;2023;1051811.9983333333;;False;2023;2023-12-31;23;136627;Utilities;Eletrobras;
00.001.180/0001-26;AXIA ENERGIA S.A.;Diretoria Estatutária;2021;1027824.23;1105273.57;821745.55;5.83;5.83;6044889.44;2024;1036859.2521440823;"media fora do intervalo min-max; media != total/n_remunerados";False;2024;2024-12-31;22;147675;Utilities;Eletrobras;
00.001.180/0001-26;AXIA ENERGIA S.A.;Diretoria Estatutária;2022;1226608.08;1277250.95;928300.79;6.33;6.33;8084998.44;2025;1277250.9383886256;media fora do intervalo min-max;False;2025;2025-12-31;21;156737;Utilities;Eletrobras;
00.001.180/0001-26;AXIA ENERGIA S.A.;Diretoria Estatutária;2023;19342394.01;8097498.46;4960915.75;9.83;9.83;79598409.85;2026;8097498.458799592;;False;2026;2026-12-31;10;161111;Utilities;Eletrobras;
00.001.180/0001-26;AXIA ENERGIA S.A.;Diretoria Estatutária;2024;15665277.6;5196344.85;3175319.01;11.75;11.75;61057051.59;2026;5196344.816170213;;False;2026;2026-12-31;10;161111;Utilities;Eletrobras;
00.001.180/0001-26;AXIA ENERGIA S.A.;Diretoria Estatutária;2025;20058297.93;5977898.99;2579532.83;11.0;11.0;65756888.93;2026;5977898.993636363;;False;2026;2026-12-31;10;161111;Utilities;Eletrobras;
00.001.180/0001-26;AXIA ENERGIA S.A.;Conselho de Administração;2019;65284.32;74668.93;65284.32;10.92;8.0;597351.44;2022;74668.93;media fora do intervalo min-max;False;2022;2022-01-01;28;127025;Utilities;Eletrobras;
00.001.180/0001-26;AXIA ENERGIA S.A.;Conselho de Administração;2020;78341.16;72792.0;65284.32;11.0;8.0;582336.02;2023;72792.0025;;False;2023;2023-12-31;23;136627;Utilities;Eletrobras;
00.001.180/0001-26;AXIA ENERGIA S.A.;Conselho de Administração;2021;65284.32;66037.08;65284.32;10.25;7.42;489995.11;2024;66037.07681940701;media fora do intervalo min-max;False;2024;2024-12-31;22;147675;Utilities;Eletrobras;
00.001.180/0001-26;AXIA ENERGIA S.A.;Conselho de Administração;2022;65284.32;65689.2;65284.32;9.58;7.0;459824.38;2025;65689.19714285714;media fora do intervalo min-max;False;2025;2025-12-31;21;156737;Utilities;Eletrobras;
00.001.180/0001-26;AXIA ENERGIA S.A.;Conselho de Administração;2023;1673270.64;1473159.39;1573274.64;9.0;8.17;12035712.26;2026;1473159.3953488371;media fora do intervalo min-max;False;2026;2026-12-31;10;161111;Utilities;Eletrobras;
00.001.180/0001-26;AXIA ENERGIA S.A.;Conselho de Administração;2024;1793282.64;1620246.29;1673282.64;9.0;7.0;11341724.13;2026;1620246.3042857144;media fora do intervalo min-max;False;2026;2026-12-31;10;161111;Utilities;Eletrobras;
00.001.180/0001-26;AXIA ENERGIA S.A.;Conselho de Administração;2025;1160000.0;1057537.04;1070000.0;9.67;9.0;9517833.34;2026;1057537.0377777778;media fora do intervalo min-max;False;2026;2026-12-31;10;161111;Utilities;Eletrobras;
00.001.180/0001-26;AXIA ENERGIA S.A.;Conselho Fiscal;2019;78341.16;75454.91;78341.16;4.75;4.75;358410.82;2022;75454.90947368421;media fora do intervalo min-max;False;2022;2022-01-01;28;127025;Utilities;Eletrobras;
00.001.180/0001-26;AXIA ENERGIA S.A.;Conselho Fiscal;2020;78341.16;74138.22;65283.32;4.42;4.42;327690.95;2023;74138.22398190046;;False;2023;2023-12-31;23;136627;Utilities;Eletrobras;
00.001.180/0001-26;AXIA ENERGIA S.A.;Conselho Fiscal;2021;65284.32;65284.32;65284.32;5.0;5.0;326421.6;2024;65284.31999999999;;False;2024;2024-12-31;22;147675;Utilities;Eletrobras;
00.001.180/0001-26;AXIA ENERGIA S.A.;Conselho Fiscal;2022;75859.76;76468.72;68045.01;4.92;4.92;376226.1;2025;76468.71951219512;media fora do intervalo min-max;False;2025;2025-12-31;21;156737;Utilities;Eletrobras;
00.001.180/0001-26;AXIA ENERGIA S.A.;Conselho Fiscal;2023;146403.75;143009.09;146403.75;5.0;5.0;715045.43;2026;143009.086;media fora do intervalo min-max;False;2026;2026-12-31;10;161111;Utilities;Eletrobras;
00.001.180/0001-26;AXIA ENERGIA S.A.;Conselho Fiscal;2024;151909.09;151045.96;151009.09;4.33;4.33;654028.78;2026;151045.9076212471;;False;2026;2026-12-31;10;161111;Utilities;Eletrobras;
00.001.180/0001-26;AXIA ENERGIA S.A.;Conselho Fiscal;2025;156703.43;154369.32;156703.43;4.75;4.75;733254.27;2026;154369.32;media fora do intervalo min-max;False;2026;2026-12-31;10;161111;Utilities;Eletrobras;
16.590.234/0001-76;AZZAS 2154 S.A.;Diretoria Estatutária;2009;1440000.0;860194.0;420582.0;3.0;0.0;2580582.0;2012;;;False;2012;2012-01-01;8;26937;Retail;Azzas;
16.590.234/0001-76;AZZAS 2154 S.A.;Diretoria Estatutária;2010;1440000.0;863911.0;431734.0;3.0;0.0;2591734.0;2013;;;False;2013;2013-01-01;6;36647;Retail;Azzas;
16.590.234/0001-76;AZZAS 2154 S.A.;Diretoria Estatutária;2011;1440000.0;926076.0;618229.0;3.0;0.0;2778229.0;2014;;;False;2014;2014-01-01;6;46444;Retail;Azzas;
16.590.234/0001-76;AZZAS 2154 S.A.;Diretoria Estatutária;2012;1440000.0;935336.0;500560.0;3.0;0.0;2947604.0;2015;;;False;2015;2015-01-01;7;56144;Retail;Azzas;
16.590.234/0001-76;AZZAS 2154 S.A.;Diretoria Estatutária;2013;1261010.0;1010939.0;1112809.0;3.33;3.33;3369798.0;2016;1011951.3513513514;media fora do intervalo min-max;False;2016;2016-01-01;9;65089;Retail;Azzas;
16.590.234/0001-76;AZZAS 2154 S.A.;Diretoria Estatutária;2014;1246405.0;1009320.0;701570.0;4.0;4.0;4037279.0;2017;1009319.75;;False;2017;2017-01-01;8;73670;Retail;Azzas;
16.590.234/0001-76;AZZAS 2154 S.A.;Diretoria Estatutária;2015;2036096.0;1499234.0;814584.0;4.0;4.0;5996936.0;2018;1499234.0;;False;2018;2018-01-01;17;83118;Retail;Azzas;
16.590.234/0001-76;AZZAS 2154 S.A.;Diretoria Estatutária;2016;2956572.8;2258847.17;998276.57;3.58;3.58;8086673.08;2019;2258847.229050279;;False;2019;2019-01-01;8;92842;Retail;Azzas;
16.590.234/0001-76;AZZAS 2154 S.A.;Diretoria Estatutária;2017;4157892.37;3383337.21;1080199.96;3.0;3.0;10150011.64;2019;3383337.2133333334;;False;2020;2020-01-01;13;104601;Retail;Azzas;
16.590.234/0001-76;AZZAS 2154 S.A.;Diretoria Estatutária;2018;6319727.0;3824958.44;585098.54;3.5;3.5;13387354.57;2021;3824958.4485714287;;False;2021;2021-01-01;12;114619;Retail;Azzas;
16.590.234/0001-76;AZZAS 2154 S.A.;Diretoria Estatutária;2019;6785396.0;4179393.0;1136692.0;3.3;3.3;13917588.7;2022;4217451.121212121;;False;2022;2022-01-01;11;127081;Retail;Azzas;
16.590.234/0001-76;AZZAS 2154 S.A.;Diretoria Estatutária;2020;9889053.92;4672388.97;1934379.77;3.0;3.0;14017166.9;2023;4672388.966666667;;False;2023;2023-12-31;9;136975;Retail;Azzas;
16.590.234/0001-76;AZZAS 2154 S.A.;Diretoria Estatutária;2021;9495431.83;5386990.88;1182849.57;2.75;2.75;14811990.88;2024;5386178.501818182;;False;2024;2024-12-31;23;147415;Retail;Azzas;
16.590.234/0001-76;AZZAS 2154 S.A.;Diretoria Estatutária;2022;9243897.25;7774977.01;7471247.68;2.75;2.75;21381186.78;2025;7774977.010909092;;False;2025;2025-12-31;27;157959;Retail;Azzas;
16.590.234/0001-76;AZZAS 2154 S.A.;Diretoria Estatutária;2023;6130466.93;5258548.06;4543630.24;3.0;3.0;15775644.17;2026;5258548.056666667;;False;2026;2026-12-31;3;161117;Retail;Azzas;
16.590.234/0001-76;AZZAS 2154 S.A.;Diretoria Estatutária;2024;13899980.38;8538983.62;6451184.66;3.42;3.42;29203323.97;2026;8538983.616959063;;False;2026;2026-12-31;3;161117;Retail;Azzas;
16.590.234/0001-76;AZZAS 2154 S.A.;Diretoria Estatutária;2025;7518994.01;6265240.72;4686212.1;5.0;5.0;31326203.58;2026;6265240.716;;False;2026;2026-12-31;3;161117;Retail;Azzas;
16.590.234/0001-76;AZZAS 2154 S.A.;Conselho de Administração;2009;9600.0;4800.0;0.0;6.0;0.0;19200.0;2012;;;False;2012;2012-01-01;8;26937;Retail;Azzas;
16.590.234/0001-76;AZZAS 2154 S.A.;Conselho de Administração;2010;9600.0;4800.0;0.0;7.0;0.0;19200.0;2013;;;False;2013;2013-01-01;6;36647;Retail;Azzas;
16.590.234/0001-76;AZZAS 2154 S.A.;Conselho de Administração;2011;83440.0;54973.0;0.0;8.0;0.0;329840.0;2014;;;False;2014;2014-01-01;6;46444;Retail;Azzas;
16.590.234/0001-76;AZZAS 2154 S.A.;Conselho de Administração;2012;120000.0;80000.0;0.0;8.0;0.0;480000.0;2015;;;False;2015;2015-01-01;7;56144;Retail;Azzas;
16.590.234/0001-76;AZZAS 2154 S.A.;Conselho de Administração;2013;171000.0;172800.0;744000.0;7.5;7.5;1296000.0;2016;172800.0;media fora do intervalo min-max;False;2016;2016-01-01;9;65089;Retail;Azzas;
16.590.234/0001-76;AZZAS 2154 S.A.;Conselho de Administração;2014;216000.0;201600.0;144000.0;10.0;10.0;2064000.0;2016;206400.0;media != total/n_remunerados;False;2016;2016-01-01;9;65089;Retail;Azzas;
16.590.234/0001-76;AZZAS 2154 S.A.;Conselho de Administração;2015;216000.0;201600.0;144000.0;10.0;10.0;2016000.0;2018;201600.0;;False;2018;2018-01-01;17;83118;Retail;Azzas;
16.590.234/0001-76;AZZAS 2154 S.A.;Conselho de Administração;2016;257562.48;205756.25;144000.0;10.0;10.0;2057562.48;2019;205756.248;;False;2019;2019-01-01;8;92842;Retail;Azzas;
16.590.234/0001-76;AZZAS 2154 S.A.;Conselho de Administração;2017;672000.0;303157.0;172800.0;8.0;7.33;2222141.23;2019;303157.05729877215;;False;2020;2020-01-01;13;104601;Retail;Azzas;
16.590.234/0001-76;AZZAS 2154 S.A.;Conselho de Administração;2018;1052688.0;441848.0;177600.0;7.0;6.0;2651088.0;2021;441848.0;;False;2021;2021-01-01;12;114619;Retail;Azzas;
16.590.234/0001-76;AZZAS 2154 S.A.;Conselho de Administração;2019;1117146.0;508674.0;218880.0;7.0;6.0;3052046.24;2022;508674.37333333335;;False;2022;2022-01-01;11;127081;Retail;Azzas;
16.590.234/0001-76;AZZAS 2154 S.A.;Conselho de Administração;2020;850061.52;475676.23;305640.0;7.0;6.0;2854057.36;2023;475676.2266666666;;False;2023;2023-12-31;9;136975;Retail;Azzas;
16.590.234/0001-76;AZZAS 2154 S.A.;Conselho de Administração;2021;1018837.6;513415.52;384880.0;7.0;5.0;2671557.6;2024;534311.52;media != total/n_remunerados;False;2024;2024-12-31;23;147415;Retail;Azzas;
16.590.234/0001-76;AZZAS 2154 S.A.;Conselho de Administração;2022;1141395.2;586896.64;448272.0;7.0;5.0;2934483.2;2025;586896.64;;False;2025;2025-12-31;27;157959;Retail;Azzas;
16.590.234/0001-76;AZZAS 2154 S.A.;Conselho de Administração;2023;1184092.8;629591.14;515512.8;7.67;5.67;3569781.75;2026;629591.1375661376;;False;2026;2026-12-31;3;161117;Retail;Azzas;
16.590.234/0001-76;AZZAS 2154 S.A.;Conselho de Administração;2024;1022346.25;734194.47;699648.4;8.75;6.75;4955812.65;2026;734194.4666666667;;False;2026;2026-12-31;3;161117;Retail;Azzas;
16.590.234/0001-76;AZZAS 2154 S.A.;Conselho de Administração;2025;5834898.55;2014067.75;540000.0;8.0;6.0;12084406.53;2026;2014067.755;;False;2026;2026-12-31;3;161117;Retail;Azzas;
16.590.234/0001-76;AZZAS 2154 S.A.;Conselho Fiscal;2018;99396.0;151388.16;76458.0;2.0;2.0;302776.33;2021;151388.165;media fora do intervalo min-max;False;2021;2021-01-01;12;114619;Retail;Azzas;
16.590.234/0001-76;AZZAS 2154 S.A.;Conselho Fiscal;2019;191693.0;158788.0;147456.0;3.0;3.0;476364.8;2022;158788.26666666666;;False;2022;2022-01-01;11;127081;Retail;Azzas;
16.590.234/0001-76;AZZAS 2154 S.A.;Conselho Fiscal;2020;159744.0;162179.76;122880.0;3.0;3.0;486539.27;2023;162179.75666666668;media fora do intervalo min-max;False;2023;2023-12-31;9;136975;Retail;Azzas;
16.590.234/0001-76;AZZAS 2154 S.A.;Conselho Fiscal;2021;173588.48;151882.56;141029.6;3.0;3.0;455647.68;2024;151882.56;;False;2024;2024-12-31;23;147415;Retail;Azzas;
16.590.234/0001-76;AZZAS 2154 S.A.;Conselho Fiscal;2022;198570.24;176266.61;165114.8;3.0;3.0;528799.84;2025;176266.6133333333;;False;2025;2025-12-31;27;157959;Retail;Azzas;
16.590.234/0001-76;AZZAS 2154 S.A.;Conselho Fiscal;2023;217800.0;193340.0;181110.0;3.0;3.0;580020.0;2026;193340.0;;False;2026;2026-12-31;3;161117;Retail;Azzas;
16.590.234/0001-76;AZZAS 2154 S.A.;Conselho Fiscal;2024;289000.0;256733.33;256733.33;3.0;3.0;770200.0;2026;256733.33333333334;;False;2026;2026-12-31;3;161117;Retail;Azzas;
16.590.234/0001-76;AZZAS 2154 S.A.;Conselho Fiscal;2025;156000.0;332800.0;156000.0;1.25;1.25;416000.0;2026;332800.0;media fora do intervalo min-max;False;2026;2026-12-31;3;161117;Retail;Azzas;
60.746.948/0001-12;BCO BRADESCO S.A.;Diretoria Estatutária;2009;6942000.0;2942179.02;926100.0;65.92;0.0;193948441.12;2011;;;False;2011;2011-01-01;21;15163;Financials;Bradesco;
60.746.948/0001-12;BCO BRADESCO S.A.;Diretoria Estatutária;2010;10413000.0;3740855.58;1226700.0;82.08;0.0;307049425.63;2011;;;False;2011;2011-01-01;21;15163;Financials;Bradesco;
60.746.948/0001-12;BCO BRADESCO S.A.;Diretoria Estatutária;2015;16200000.0;4987516.64;2165760.0;85.83;85.83;428078553.26;2018;4987516.640568566;;False;2018;2018-01-01;30;83912;Financials;Bradesco;
60.746.948/0001-12;BCO BRADESCO S.A.;Diretoria Estatutária;2016;18900000.0;5912986.22;1234800.0;86.0;86.0;508516815.0;2019;5912986.220930233;;False;2019;2019-01-01;25;93266;Financials;Bradesco;
60.746.948/0001-12;BCO BRADESCO S.A.;Diretoria Estatutária;2017;17775000.0;7679948.37;1234800.0;88.0;88.0;675835456.25;2020;7679948.3664772725;;False;2020;2020-01-01;21;104409;Financials;Bradesco;
60.746.948/0001-12;BCO BRADESCO S.A.;Diretoria Estatutária;2018;19619640.0;6406554.9;3074020.0;91.92;91.92;588890526.46;2021;6406554.90056571;;False;2021;2021-01-01;18;114912;Financials;Bradesco;
60.746.948/0001-12;BCO BRADESCO S.A.;Diretoria Estatutária;2019;27080600.0;7356933.96;3119200.0;94.08;94.08;692140347.35;2022;7356933.964179422;;False;2022;2022-01-01;22;127227;Financials;Bradesco;
60.746.948/0001-12;BCO BRADESCO S.A.;Diretoria Estatutária;2020;23764400.0;6821017.51;2707700.0;90.25;90.25;615596830.0;2023;6821017.506925208;;False;2023;2023-12-31;27;137689;Financials;Bradesco;
60.746.948/0001-12;BCO BRADESCO S.A.;Diretoria Estatutária;2021;29323800.0;9280528.61;3673659.0;88.17;88.17;818264207.35;2024;9280528.607803108;;False;2024;2024-12-31;34;148003;Financials;Bradesco;
60.746.948/0001-12;BCO BRADESCO S.A.;Diretoria Estatutária;2022;31417408.0;9091143.99;4096329.6;90.0;90.0;818202959.35;2025;9091143.992777778;;False;2025;2025-12-31;30;157775;Financials;Bradesco;
60.746.948/0001-12;BCO BRADESCO S.A.;Diretoria Estatutária;2023;26455440.0;8251247.59;3217104.0;88.75;88.75;732298224.0;2026;8251247.5943661975;;False;2026;2026-12-31;5;160305;Financials;Bradesco;
60.746.948/0001-12;BCO BRADESCO S.A.;Diretoria Estatutária;2024;27869107.2;8129597.62;3166944.0;84.17;84.17;684268231.96;2026;8129597.623381252;;False;2026;2026-12-31;5;160305;Financials;Bradesco;
60.746.948/0001-12;BCO BRADESCO S.A.;Diretoria Estatutária;2025;33087174.12;7777902.7;3386916.0;92.5;92.5;719456000.04;2026;7777902.703135135;;False;2026;2026-12-31;5;160305;Financials;Bradesco;
60.746.948/0001-12;BCO BRADESCO S.A.;Conselho de Administração;2009;8544000.0;6304842.56;4434813.02;6.67;0.0;42053299.88;2011;;;False;2011;2011-01-01;21;15163;Financials;Bradesco;
60.746.948/0001-12;BCO BRADESCO S.A.;Conselho de Administração;2010;12816000.0;10548148.15;6571857.36;6.75;0.0;71200000.0;2011;;;False;2011;2011-01-01;21;15163;Financials;Bradesco;
60.746.948/0001-12;BCO BRADESCO S.A.;Conselho de Administração;2015;17280000.0;6506779.65;2700000.0;9.58;8.58;55828169.41;2018;6506779.651515151;;False;2018;2018-01-01;30;83912;Financials;Bradesco;
60.746.948/0001-12;BCO BRADESCO S.A.;Conselho de Administração;2016;20160000.0;8692669.29;3150000.0;8.0;7.0;60848685.0;2019;8692669.285714285;;False;2019;2019-01-01;25;93266;Financials;Bradesco;
60.746.948/0001-12;BCO BRADESCO S.A.;Conselho de Administração;2017;18960000.0;11362791.96;3975000.0;7.75;7.0;79539543.75;2020;11362791.964285715;;False;2020;2020-01-01;21;104409;Financials;Bradesco;
60.746.948/0001-12;BCO BRADESCO S.A.;Conselho de Administração;2018;24768000.0;13771961.54;3870000.0;7.67;6.5;89517750.0;2021;13771961.538461538;;False;2021;2021-01-01;18;114912;Financials;Bradesco;
60.746.948/0001-12;BCO BRADESCO S.A.;Conselho de Administração;2019;29875200.0;23854153.26;18672000.0;7.83;7.83;186778020.0;2022;23854153.256704982;;False;2022;2022-01-01;22;127227;Financials;Bradesco;
60.746.948/0001-12;BCO BRADESCO S.A.;Conselho de Administração;2020;8103000.0;5831849.71;5205000.0;9.67;9.67;56393986.67;2023;5831849.707342296;;False;2023;2023-12-31;27;137689;Financials;Bradesco;
60.746.948/0001-12;BCO BRADESCO S.A.;Conselho de Administração;2021;7637100.0;6384648.42;5711500.0;9.5;9.5;60654160.0;2024;6384648.421052632;;False;2024;2024-12-31;34;148003;Financials;Bradesco;
60.746.948/0001-12;BCO BRADESCO S.A.;Conselho de Administração;2022;6821174.55;5606224.19;5207254.55;10.83;10.83;60715408.0;2025;5606224.192059095;;False;2025;2025-12-31;30;157775;Financials;Bradesco;
60.746.948/0001-12;BCO BRADESCO S.A.;Conselho de Administração;2023;6606014.55;5527598.55;5196254.55;11.0;11.0;60803584.0;2026;5527598.545454546;;False;2026;2026-12-31;5;160305;Financials;Bradesco;
60.746.948/0001-12;BCO BRADESCO S.A.;Conselho de Administração;2024;5664384.0;4961892.0;4294752.0;11.0;11.0;54580812.0;2026;4961892.0;;False;2026;2026-12-31;5;160305;Financials;Bradesco;
60.746.948/0001-12;BCO BRADESCO S.A.;Conselho de Administração;2025;6087312.0;4827565.2;4620000.0;11.0;11.0;53103217.2;2026;4827565.2;;False;2026;2026-12-31;5;160305;Financials;Bradesco;
60.746.948/0001-12;BCO BRADESCO S.A.;Conselho Fiscal;2009;176400.0;176400.0;176400.0;3.0;0.0;529200.0;2011;;;False;2011;2011-01-01;21;15163;Financials;Bradesco;
60.746.948/0001-12;BCO BRADESCO S.A.;Conselho Fiscal;2010;176400.0;176400.0;176400.0;3.0;0.0;529200.0;2011;;;False;2011;2011-01-01;21;15163;Financials;Bradesco;
60.746.948/0001-12;BCO BRADESCO S.A.;Conselho Fiscal;2015;176400.0;176400.0;176400.0;5.0;5.0;882000.0;2018;176400.0;;False;2018;2018-01-01;30;83912;Financials;Bradesco;
60.746.948/0001-12;BCO BRADESCO S.A.;Conselho Fiscal;2016;264600.0;264600.0;264600.0;5.0;5.0;1323000.0;2019;264600.0;;False;2019;2019-01-01;25;93266;Financials;Bradesco;
60.746.948/0001-12;BCO BRADESCO S.A.;Conselho Fiscal;2017;264600.0;264600.0;264600.0;5.0;5.0;1323000.0;2020;264600.0;;False;2020;2020-01-01;21;104409;Financials;Bradesco;
60.746.948/0001-12;BCO BRADESCO S.A.;Conselho Fiscal;2018;216000.0;216000.0;216000.0;5.0;5.0;1080000.0;2021;216000.0;;False;2021;2021-01-01;18;114912;Financials;Bradesco;
60.746.948/0001-12;BCO BRADESCO S.A.;Conselho Fiscal;2019;216000.0;216000.0;216000.0;5.0;5.0;1080000.0;2022;216000.0;;False;2022;2022-01-01;22;127227;Financials;Bradesco;
60.746.948/0001-12;BCO BRADESCO S.A.;Conselho Fiscal;2020;216000.0;216000.0;216000.0;5.0;5.0;1080000.0;2023;216000.0;;False;2023;2023-12-31;27;137689;Financials;Bradesco;
60.746.948/0001-12;BCO BRADESCO S.A.;Conselho Fiscal;2021;216000.0;216000.0;216000.0;5.0;5.0;1080000.0;2024;216000.0;;False;2024;2024-12-31;34;148003;Financials;Bradesco;
60.746.948/0001-12;BCO BRADESCO S.A.;Conselho Fiscal;2022;236000.0;160951.46;236000.0;8.58;8.58;1381500.0;2025;161013.98601398602;media fora do intervalo min-max;False;2025;2025-12-31;30;157775;Financials;Bradesco;
60.746.948/0001-12;BCO BRADESCO S.A.;Conselho Fiscal;2023;240000.0;153315.79;60000.0;9.5;9.5;1470000.0;2026;154736.84210526315;;False;2026;2026-12-31;5;160305;Financials;Bradesco;
60.746.948/0001-12;BCO BRADESCO S.A.;Conselho Fiscal;2024;240000.0;151237.71;60000.0;9.83;9.83;1486666.66;2026;151237.70701932858;;False;2026;2026-12-31;5;160305;Financials;Bradesco;
60.746.948/0001-12;BCO BRADESCO S.A.;Conselho Fiscal;2025;490000.0;279820.0;70000.0;10.0;10.0;2798200.0;2026;279820.0;;False;2026;2026-12-31;5;160305;Financials;Bradesco;
00.000.000/0001-91;BCO BRASIL S.A.;Diretoria Estatutária;2007;559601.33;525069.12;417183.01;31.5;0.0;16539677.28;2010;;;False;2010;2010-01-01;11;9670;Financials;Banco do Brasil;
00.000.000/0001-91;BCO BRASIL S.A.;Diretoria Estatutária;2008;672884.09;578053.93;552507.0;36.0;0.0;20809941.54;2011;;;False;2011;2011-01-01;16;18230;Financials;Banco do Brasil;
00.000.000/0001-91;BCO BRASIL S.A.;Diretoria Estatutária;2009;742075.18;708292.89;588362.51;35.83;0.0;25378134.37;2012;;;False;2012;2012-01-01;19;28060;Financials;Banco do Brasil;
00.000.000/0001-91;BCO BRASIL S.A.;Diretoria Estatutária;2010;854882.71;717527.26;666485.53;36.5;0.0;26189745.08;2013;;;False;2013;2013-01-01;20;38213;Financials;Banco do Brasil;
00.000.000/0001-91;BCO BRASIL S.A.;Diretoria Estatutária;2011;900057.6;818288.05;702430.7;36.0;0.0;29458369.75;2014;;;False;2014;2014-01-01;25;47695;Financials;Banco do Brasil;
00.000.000/0001-91;BCO BRASIL S.A.;Diretoria Estatutária;2012;1505281.82;1431164.29;1185093.58;36.0;0.0;51521914.4;2015;;;False;2015;2015-01-01;28;56835;Financials;Banco do Brasil;
00.000.000/0001-91;BCO BRASIL S.A.;Diretoria Estatutária;2013;1531686.31;1267750.33;1379361.75;36.08;36.67;46488404.56;2016;1267750.3288791927;media fora do intervalo min-max;False;2016;2016-01-01;26;65849;Financials;Banco do Brasil;
00.000.000/0001-91;BCO BRASIL S.A.;Diretoria Estatutária;2014;1824529.64;1362484.06;1409402.62;36.83;38.25;52115015.36;2017;1362484.0616993464;media fora do intervalo min-max;False;2017;2017-01-01;24;74927;Financials;Banco do Brasil;
00.000.000/0001-91;BCO BRASIL S.A.;Diretoria Estatutária;2015;2005238.38;1475078.84;1422476.08;36.42;40.17;59253917.09;2018;1475078.8421707742;;False;2018;2018-01-01;28;82919;Financials;Banco do Brasil;
00.000.000/0001-91;BCO BRASIL S.A.;Diretoria Estatutária;2016;1652888.45;1320619.91;1150807.1;35.67;41.67;55030231.59;2019;1320619.9085673147;;False;2019;2019-01-01;23;93456;Financials;Banco do Brasil;
00.000.000/0001-91;BCO BRASIL S.A.;Diretoria Estatutária;2017;1761973.1;1255111.3;1090072.24;36.75;45.75;57421342.17;2020;1255111.3042622951;;False;2020;2020-01-01;28;104726;Financials;Banco do Brasil;
00.000.000/0001-91;BCO BRASIL S.A.;Diretoria Estatutária;2018;1758736.37;1405719.41;1095166.85;36.33;41.42;58224897.96;2021;1405719.4099468854;;False;2021;2021-01-01;28;115866;Financials;Banco do Brasil;
00.000.000/0001-91;BCO BRASIL S.A.;Diretoria Estatutária;2019;1372435.43;1271547.43;999361.79;35.75;42.42;53939042.17;2022;1271547.4344648751;;False;2022;2022-01-01;23;127089;Financials;Banco do Brasil;
00.000.000/0001-91;BCO BRASIL S.A.;Diretoria Estatutária;2020;1449159.72;1189002.13;931191.17;33.5;33.5;48951217.74;2023;1461230.3802985076;media != total/n_remunerados;False;2023;2023-12-31;19;137597;Financials;Banco do Brasil;
00.000.000/0001-91;BCO BRASIL S.A.;Diretoria Estatutária;2021;1250448.03;1015827.23;931191.97;32.67;32.67;42918700.6;2024;1313703.7220691766;media != total/n_remunerados;False;2024;2024-12-31;14;147862;Financials;Banco do Brasil;
00.000.000/0001-91;BCO BRASIL S.A.;Diretoria Estatutária;2022;1485065.06;1130563.96;1038588.13;31.83;31.83;43997780.67;2025;1382273.9764373235;media != total/n_remunerados;False;2025;2025-12-31;22;157774;Financials;Banco do Brasil;
00.000.000/0001-91;BCO BRASIL S.A.;Diretoria Estatutária;2023;1598364.31;1141614.29;1256005.44;30.75;30.75;48518607.45;2026;1577840.892682927;"media fora do intervalo min-max; media != total/n_remunerados";False;2026;2026-12-31;6;160993;Financials;Banco do Brasil;
00.000.000/0001-91;BCO BRASIL S.A.;Diretoria Estatutária;2024;2018881.45;1518147.06;1216825.06;31.58;31.58;58327210.06;2026;1846966.7530082332;media != total/n_remunerados;False;2026;2026-12-31;6;160993;Financials;Banco do Brasil;
00.000.000/0001-91;BCO BRASIL S.A.;Diretoria Estatutária;2025;2341685.44;1711389.75;1408277.03;31.92;31.92;64040204.76;2026;2006272.0789473683;media != total/n_remunerados;False;2026;2026-12-31;6;160993;Financials;Banco do Brasil;
00.000.000/0001-91;BCO BRASIL S.A.;Conselho de Administração;2007;27266.24;27217.63;27266.24;5.5;0.0;149696.95;2010;;media fora do intervalo min-max;False;2010;2010-01-01;11;9670;Financials;Banco do Brasil;
00.000.000/0001-91;BCO BRASIL S.A.;Conselho de Administração;2008;34278.99;34370.23;34278.99;5.92;0.0;203357.18;2011;;media fora do intervalo min-max;False;2011;2011-01-01;16;18230;Financials;Banco do Brasil;
00.000.000/0001-91;BCO BRASIL S.A.;Conselho de Administração;2009;39446.78;39446.78;39446.78;6.0;0.0;236680.67;2012;;;False;2012;2012-01-01;19;28060;Financials;Banco do Brasil;
00.000.000/0001-91;BCO BRASIL S.A.;Conselho de Administração;2010;42574.05;42574.05;42574.05;6.0;0.0;255444.3;2013;;;False;2013;2013-01-01;20;38213;Financials;Banco do Brasil;
00.000.000/0001-91;BCO BRASIL S.A.;Conselho de Administração;2011;50952.0;50952.0;50952.0;6.0;0.0;287223.25;2014;;;False;2014;2014-01-01;25;47695;Financials;Banco do Brasil;
00.000.000/0001-91;BCO BRASIL S.A.;Conselho de Administração;2012;69451.53;55608.49;69451.53;6.25;0.0;347553.07;2015;;media fora do intervalo min-max;False;2015;2015-01-01;28;56835;Financials;Banco do Brasil;
00.000.000/0001-91;BCO BRASIL S.A.;Conselho de Administração;2013;72253.76;72307.16;72253.76;6.11;3.58;258859.63;2016;72307.1592178771;media fora do intervalo min-max;False;2016;2016-01-01;26;65849;Financials;Banco do Brasil;
00.000.000/0001-91;BCO BRASIL S.A.;Conselho de Administração;2014;94774.51;78825.16;78166.92;7.25;4.42;348407.22;2017;78825.1628959276;;False;2017;2017-01-01;24;74927;Financials;Banco do Brasil;
00.000.000/0001-91;BCO BRASIL S.A.;Conselho de Administração;2015;81992.62;79537.28;81992.62;7.75;6.17;490745.02;2018;79537.28038897894;media fora do intervalo min-max;False;2018;2018-01-01;28;82919;Financials;Banco do Brasil;
00.000.000/0001-91;BCO BRASIL S.A.;Conselho de Administração;2016;95587.08;81158.28;86303.85;7.75;6.25;507239.28;2019;81158.28480000001;media fora do intervalo min-max;False;2019;2019-01-01;23;93456;Financials;Banco do Brasil;
00.000.000/0001-91;BCO BRASIL S.A.;Conselho de Administração;2017;82398.66;80903.19;82398.66;7.08;4.92;398043.7;2020;80903.19105691057;media fora do intervalo min-max;False;2020;2020-01-01;28;104726;Financials;Banco do Brasil;
00.000.000/0001-91;BCO BRASIL S.A.;Conselho de Administração;2018;75104.13;71867.18;74921.1;7.25;4.5;323402.3;2021;71867.17777777778;media fora do intervalo min-max;False;2021;2021-01-01;28;115866;Financials;Banco do Brasil;
00.000.000/0001-91;BCO BRASIL S.A.;Conselho de Administração;2019;48579.74;72128.96;24587.3;7.0;4.25;306548.08;2022;72128.96;media fora do intervalo min-max;False;2022;2022-01-01;23;127089;Financials;Banco do Brasil;
00.000.000/0001-91;BCO BRASIL S.A.;Conselho de Administração;2020;71079.18;70668.73;71072.26;7.58;4.42;312355.78;2023;70668.72850678733;media fora do intervalo min-max;False;2023;2023-12-31;19;137597;Financials;Banco do Brasil;
00.000.000/0001-91;BCO BRASIL S.A.;Conselho de Administração;2021;71256.4;66740.09;48188.52;8.0;4.25;283645.38;2024;66740.08941176471;;False;2024;2024-12-31;14;147862;Financials;Banco do Brasil;
00.000.000/0001-91;BCO BRASIL S.A.;Conselho de Administração;2022;71813.04;52184.14;71813.04;8.0;1.25;65230.18;2025;52184.144;media fora do intervalo min-max;False;2025;2025-12-31;22;157774;Financials;Banco do Brasil;
00.000.000/0001-91;BCO BRASIL S.A.;Conselho de Administração;2023;52836.46;78033.97;14133.21;7.83;4.33;337887.1;2026;78033.97228637413;media fora do intervalo min-max;False;2026;2026-12-31;6;160993;Financials;Banco do Brasil;
00.000.000/0001-91;BCO BRASIL S.A.;Conselho de Administração;2024;80988.48;74221.31;80988.48;8.0;3.33;247156.98;2026;74221.31531531531;media fora do intervalo min-max;False;2026;2026-12-31;6;160993;Financials;Banco do Brasil;
00.000.000/0001-91;BCO BRASIL S.A.;Conselho de Administração;2025;63034.91;76177.0;18308.89;8.0;3.25;247575.24;2026;76176.99692307692;media fora do intervalo min-max;False;2026;2026-12-31;6;160993;Financials;Banco do Brasil;
00.000.000/0001-91;BCO BRASIL S.A.;Conselho Fiscal;2007;27266.24;27266.24;27266.24;5.0;0.0;136331.21;2010;;;False;2010;2010-01-01;11;9670;Financials;Banco do Brasil;
00.000.000/0001-91;BCO BRASIL S.A.;Conselho Fiscal;2008;34278.99;34278.99;34278.99;5.0;0.0;171394.94;2011;;;False;2011;2011-01-01;16;18230;Financials;Banco do Brasil;
00.000.000/0001-91;BCO BRASIL S.A.;Conselho Fiscal;2009;39446.78;39446.78;39446.78;5.0;0.0;197233.89;2012;;;False;2012;2012-01-01;19;28060;Financials;Banco do Brasil;
00.000.000/0001-91;BCO BRASIL S.A.;Conselho Fiscal;2010;42574.05;42574.05;42574.05;5.0;0.0;212870.25;2013;;;False;2013;2013-01-01;20;38213;Financials;Banco do Brasil;
00.000.000/0001-91;BCO BRASIL S.A.;Conselho Fiscal;2011;50952.0;50952.0;50952.0;5.0;0.0;255043.96;2014;;;False;2014;2014-01-01;25;47695;Financials;Banco do Brasil;
00.000.000/0001-91;BCO BRASIL S.A.;Conselho Fiscal;2012;69451.53;71199.21;69451.53;5.0;0.0;355996.07;2015;;media fora do intervalo min-max;False;2015;2015-01-01;28;56835;Financials;Banco do Brasil;
00.000.000/0001-91;BCO BRASIL S.A.;Conselho Fiscal;2013;72253.76;73337.46;72253.76;5.0;4.83;354219.95;2016;73337.46376811594;media fora do intervalo min-max;False;2016;2016-01-01;26;65849;Financials;Banco do Brasil;
00.000.000/0001-91;BCO BRASIL S.A.;Conselho Fiscal;2014;78166.92;72689.53;78166.92;4.33;4.75;345275.27;2017;72689.5305263158;media fora do intervalo min-max;False;2017;2017-01-01;24;74927;Financials;Banco do Brasil;
00.000.000/0001-91;BCO BRASIL S.A.;Conselho Fiscal;2015;81992.62;78036.49;81992.62;4.75;5.17;403448.64;2018;78036.48742746616;media fora do intervalo min-max;False;2018;2018-01-01;28;82919;Financials;Banco do Brasil;
00.000.000/0001-91;BCO BRASIL S.A.;Conselho Fiscal;2016;86303.85;83843.27;86303.85;4.83;5.0;419216.36;2019;83843.272;media fora do intervalo min-max;False;2019;2019-01-01;23;93456;Financials;Banco do Brasil;
00.000.000/0001-91;BCO BRASIL S.A.;Conselho Fiscal;2017;82398.66;81023.88;82398.66;4.75;4.75;384863.43;2020;81023.88;media fora do intervalo min-max;False;2020;2020-01-01;28;104726;Financials;Banco do Brasil;
00.000.000/0001-91;BCO BRASIL S.A.;Conselho Fiscal;2018;75500.7;75329.87;75043.12;5.0;5.0;376649.35;2021;75329.87;;False;2021;2021-01-01;28;115866;Financials;Banco do Brasil;
00.000.000/0001-91;BCO BRASIL S.A.;Conselho Fiscal;2019;71382.48;74262.83;71382.48;3.83;4.75;352748.43;2022;74262.82736842106;media fora do intervalo min-max;False;2022;2022-01-01;23;127089;Financials;Banco do Brasil;
00.000.000/0001-91;BCO BRASIL S.A.;Conselho Fiscal;2020;71072.26;68586.88;71072.26;4.5;4.5;331960.48;2023;73768.99555555555;"media fora do intervalo min-max; media != total/n_remunerados";False;2023;2023-12-31;19;137597;Financials;Banco do Brasil;
00.000.000/0001-91;BCO BRASIL S.A.;Conselho Fiscal;2021;75791.11;72240.84;71263.41;5.0;5.0;366983.48;2024;73396.696;media != total/n_remunerados;False;2024;2024-12-31;14;147862;Financials;Banco do Brasil;
00.000.000/0001-91;BCO BRASIL S.A.;Conselho Fiscal;2022;71813.04;71804.87;71813.04;5.0;5.0;371231.2;2025;74246.24;"media fora do intervalo min-max; media != total/n_remunerados";False;2025;2025-12-31;22;157774;Financials;Banco do Brasil;
00.000.000/0001-91;BCO BRASIL S.A.;Conselho Fiscal;2023;76660.44;78728.39;76660.44;4.0;4.0;321211.83;2026;80302.9575;"media fora do intervalo min-max; media != total/n_remunerados";False;2026;2026-12-31;6;160993;Financials;Banco do Brasil;
00.000.000/0001-91;BCO BRASIL S.A.;Conselho Fiscal;2024;80988.48;80965.41;80988.48;5.0;5.0;418591.16;2026;83718.23199999999;"media fora do intervalo min-max; media != total/n_remunerados";False;2026;2026-12-31;6;160993;Financials;Banco do Brasil;
00.000.000/0001-91;BCO BRASIL S.A.;Conselho Fiscal;2025;91093.17;88097.84;91093.17;5.0;5.0;455465.85;2026;91093.17;"media fora do intervalo min-max; media != total/n_remunerados";False;2026;2026-12-31;6;160993;Financials;Banco do Brasil;
30.306.294/0001-45;BCO BTG PACTUAL S.A.;Diretoria Estatutária;2008;15972288.0;5485930.0;1771950.0;8.0;0.0;43887437.0;2011;;;False;2011;2011-01-01;3;13747;Financials;BTG Pactual;
30.306.294/0001-45;BCO BTG PACTUAL S.A.;Diretoria Estatutária;2009;424000.0;337987.0;216000.0;12.0;0.0;1400000.0;2011;;;False;2012;2012-01-01;17;27197;Financials;BTG Pactual;
30.306.294/0001-45;BCO BTG PACTUAL S.A.;Diretoria Estatutária;2010;0.0;0.0;0.0;12.0;0.0;4410000.0;2013;;;False;2013;2013-01-01;3;37359;Financials;BTG Pactual;
30.306.294/0001-45;BCO BTG PACTUAL S.A.;Diretoria Estatutária;2011;0.0;0.0;0.0;13.0;0.0;3778288.08;2014;;;False;2014;2014-01-01;4;46850;Financials;BTG Pactual;
30.306.294/0001-45;BCO BTG PACTUAL S.A.;Diretoria Estatutária;2012;0.0;0.0;0.0;13.0;0.0;86806765.21;2015;;;False;2015;2015-01-01;8;55954;Financials;BTG Pactual;
30.306.294/0001-45;BCO BTG PACTUAL S.A.;Diretoria Estatutária;2013;0.0;0.0;0.0;12.0;0.0;173207650.0;2016;;;False;2016;2016-01-01;10;66080;Financials;BTG Pactual;
30.306.294/0001-45;BCO BTG PACTUAL S.A.;Diretoria Estatutária;2014;0.0;0.0;0.0;14.0;0.0;49088200.0;2017;;;False;2017;2017-01-01;12;74268;Financials;BTG Pactual;
30.306.294/0001-45;BCO BTG PACTUAL S.A.;Diretoria Estatutária;2015;10300000.0;4806706.04;1050000.0;12.66;13.0;74584000.0;2018;5737230.769230769;media != total/n_remunerados;False;2018;2018-01-01;9;83886;Financials;BTG Pactual;
30.306.294/0001-45;BCO BTG PACTUAL S.A.;Diretoria Estatutária;2016;8300000.0;3842230.77;800000.0;13.0;13.0;61188000.0;2019;4706769.230769231;media != total/n_remunerados;False;2019;2019-01-01;19;92876;Financials;BTG Pactual;
30.306.294/0001-45;BCO BTG PACTUAL S.A.;Diretoria Estatutária;2017;4700000.0;2919461.54;1000000.0;13.0;13.0;46969200.0;2020;3613015.3846153845;media != total/n_remunerados;False;2020;2020-01-01;17;103140;Financials;BTG Pactual;
30.306.294/0001-45;BCO BTG PACTUAL S.A.;Diretoria Estatutária;2018;9200000.0;3666564.63;1350000.0;14.0;14.0;62882000.0;2021;4491571.428571428;media != total/n_remunerados;False;2021;2021-01-01;12;114576;Financials;BTG Pactual;
30.306.294/0001-45;BCO BTG PACTUAL S.A.;Diretoria Estatutária;2019;2400000.0;933333.33;600000.0;14.0;14.0;15435000.0;2022;1102500.0;media != total/n_remunerados;False;2022;2022-01-01;5;127393;Financials;BTG Pactual;
30.306.294/0001-45;BCO BTG PACTUAL S.A.;Diretoria Estatutária;2020;2400000.0;951878.71;600000.0;14.0;14.0;13517000.0;2023;965500.0;media != total/n_remunerados;False;2023;2023-12-31;14;138412;Financials;BTG Pactual;
30.306.294/0001-45;BCO BTG PACTUAL S.A.;Diretoria Estatutária;2021;2400000.0;985714.29;600000.0;14.0;14.0;13800000.0;2024;985714.2857142857;;False;2024;2024-12-31;7;143930;Financials;BTG Pactual;
30.306.294/0001-45;BCO BTG PACTUAL S.A.;Diretoria Estatutária;2022;2400000.0;951878.71;600000.0;15.0;15.0;14400000.0;2025;960000.0;;False;2025;2025-12-31;10;158003;Financials;BTG Pactual;
30.306.294/0001-45;BCO BTG PACTUAL S.A.;Diretoria Estatutária;2023;2400000.0;985714.29;600000.0;14.0;14.0;13800000.0;2026;985714.2857142857;;False;2026;2026-12-31;5;159614;Financials;BTG Pactual;
30.306.294/0001-45;BCO BTG PACTUAL S.A.;Diretoria Estatutária;2024;2400000.0;985714.29;600000.0;14.0;14.0;13800000.0;2026;985714.2857142857;;False;2026;2026-12-31;5;159614;Financials;BTG Pactual;
30.306.294/0001-45;BCO BTG PACTUAL S.A.;Diretoria Estatutária;2025;2400000.0;985714.29;600000.0;14.0;14.0;14910443.68;2026;1065031.6914285715;media != total/n_remunerados;False;2026;2026-12-31;5;159614;Financials;BTG Pactual;
30.306.294/0001-45;BCO BTG PACTUAL S.A.;Conselho de Administração;2008;0.0;0.0;0.0;0.0;0.0;0.0;2011;;;False;2011;2011-01-01;3;13747;Financials;BTG Pactual;
30.306.294/0001-45;BCO BTG PACTUAL S.A.;Conselho de Administração;2009;0.0;0.0;0.0;0.0;0.0;0.0;2011;;;False;2012;2012-01-01;17;27197;Financials;BTG Pactual;
30.306.294/0001-45;BCO BTG PACTUAL S.A.;Conselho de Administração;2010;0.0;0.0;0.0;6.0;0.0;0.0;2013;;;False;2013;2013-01-01;3;37359;Financials;BTG Pactual;
30.306.294/0001-45;BCO BTG PACTUAL S.A.;Conselho de Administração;2011;0.0;0.0;0.0;9.0;0.0;0.0;2014;;;False;2014;2014-01-01;4;46850;Financials;BTG Pactual;
30.306.294/0001-45;BCO BTG PACTUAL S.A.;Conselho de Administração;2012;0.0;0.0;0.0;9.0;0.0;261332.0;2015;;;False;2015;2015-01-01;8;55954;Financials;BTG Pactual;
30.306.294/0001-45;BCO BTG PACTUAL S.A.;Conselho de Administração;2013;0.0;0.0;0.0;10.0;0.0;630593.75;2016;;;False;2016;2016-01-01;10;66080;Financials;BTG Pactual;
30.306.294/0001-45;BCO BTG PACTUAL S.A.;Conselho de Administração;2014;0.0;0.0;0.0;10.0;0.0;731875.0;2017;;;False;2017;2017-01-01;12;74268;Financials;BTG Pactual;
30.306.294/0001-45;BCO BTG PACTUAL S.A.;Conselho de Administração;2015;165975.0;165975.0;165975.0;9.5;5.0;829875.0;2018;165975.0;;False;2018;2018-01-01;9;83886;Financials;BTG Pactual;
30.306.294/0001-45;BCO BTG PACTUAL S.A.;Conselho de Administração;2016;245000.0;245000.0;245000.0;6.0;6.0;7334000.0;2019;1222333.3333333333;media != total/n_remunerados;False;2019;2019-01-01;19;92876;Financials;BTG Pactual;
30.306.294/0001-45;BCO BTG PACTUAL S.A.;Conselho de Administração;2017;4800000.0;2211333.33;203693.75;7.33;7.33;8285500.0;2020;1130354.7066848567;media != total/n_remunerados;False;2020;2020-01-01;17;103140;Financials;BTG Pactual;
30.306.294/0001-45;BCO BTG PACTUAL S.A.;Conselho de Administração;2018;4800000.0;2178816.67;206750.0;7.0;5.0;10894000.0;2021;2178800.0;;False;2021;2021-01-01;12;114576;Financials;BTG Pactual;
30.306.294/0001-45;BCO BTG PACTUAL S.A.;Conselho de Administração;2019;4800000.0;2520750.0;251918.75;7.0;4.0;10083000.0;2022;2520750.0;;False;2022;2022-01-01;5;127393;Financials;BTG Pactual;
30.306.294/0001-45;BCO BTG PACTUAL S.A.;Conselho de Administração;2020;4800000.0;1904628.75;324793.75;8.0;5.0;9523000.0;2023;1904600.0;;False;2023;2023-12-31;14;138412;Financials;BTG Pactual;
30.306.294/0001-45;BCO BTG PACTUAL S.A.;Conselho de Administração;2021;4800000.0;1683171.88;348781.25;8.0;6.0;10099000.0;2024;1683166.6666666667;;False;2024;2024-12-31;7;143930;Financials;BTG Pactual;
30.306.294/0001-45;BCO BTG PACTUAL S.A.;Conselho de Administração;2022;4800000.0;1738991.25;326106.25;8.0;5.0;8694000.0;2025;1738800.0;;False;2025;2025-12-31;10;158003;Financials;BTG Pactual;
30.306.294/0001-45;BCO BTG PACTUAL S.A.;Conselho de Administração;2023;4800000.0;1640461.61;302581.25;9.0;7.0;11483231.25;2026;1640461.607142857;;False;2026;2026-12-31;5;159614;Financials;BTG Pactual;
30.306.294/0001-45;BCO BTG PACTUAL S.A.;Conselho de Administração;2024;4800000.0;1749024.11;387018.75;9.0;7.0;12243168.75;2026;1749024.107142857;;False;2026;2026-12-31;5;159614;Financials;BTG Pactual;
30.306.294/0001-45;BCO BTG PACTUAL S.A.;Conselho de Administração;2025;2400000.0;1750240.0;600000.0;8.92;6.0;9674729.66;2026;1612454.9433333334;media != total/n_remunerados;False;2026;2026-12-31;5;159614;Financials;BTG Pactual;
90.400.888/0001-42;BCO SANTANDER (BRASIL) S.A.;Diretoria Estatutária;2015;21490643.35;4880221.56;1589901.03;42.08;42.08;231032880.7;2018;5490325.111692015;media != total/n_remunerados;False;2018;2018-01-01;22;84038;Financials;Santander;
90.400.888/0001-42;BCO SANTANDER (BRASIL) S.A.;Diretoria Estatutária;2016;28013885.04;5162336.77;1569118.67;44.08;44.08;251046455.99;2019;5695246.2792649735;media != total/n_remunerados;False;2019;2019-01-01;19;94651;Financials;Santander;
90.400.888/0001-42;BCO SANTANDER (BRASIL) S.A.;Diretoria Estatutária;2017;29985549.15;5675740.27;1795457.14;41.0;40.5;250973477.69;2020;6196875.992345679;media != total/n_remunerados;False;2020;2020-01-01;10;103768;Financials;Santander;
90.400.888/0001-42;BCO SANTANDER (BRASIL) S.A.;Diretoria Estatutária;2018;43068683.26;6884079.47;2026240.06;42.17;40.83;305256937.51;2021;7476290.411707078;media != total/n_remunerados;False;2021;2021-01-01;19;115788;Financials;Santander;
90.400.888/0001-42;BCO SANTANDER (BRASIL) S.A.;Diretoria Estatutária;2019;45325345.0;6647842.6;1843405.07;41.7;40.9;292060818.3;2022;7140851.303178485;media != total/n_remunerados;False;2022;2022-01-01;12;127163;Financials;Santander;
90.400.888/0001-42;BCO SANTANDER (BRASIL) S.A.;Diretoria Estatutária;2020;46953181.92;6495753.59;1791418.04;45.0;39.0;274751941.28;2023;7044921.571282051;media != total/n_remunerados;False;2023;2023-12-31;17;137940;Financials;Santander;
90.400.888/0001-42;BCO SANTANDER (BRASIL) S.A.;Diretoria Estatutária;2021;59029586.25;7674778.2;2098466.4;50.0;45.0;369488844.32;2024;8210863.207111111;media != total/n_remunerados;False;2024;2024-12-31;15;146630;Financials;Santander;
90.400.888/0001-42;BCO SANTANDER (BRASIL) S.A.;Diretoria Estatutária;2022;21122291.48;6080294.5;2407487.32;50.0;50.0;331373870.72;2025;6627477.4144;media != total/n_remunerados;False;2025;2025-12-31;23;156973;Financials;Santander;
90.400.888/0001-42;BCO SANTANDER (BRASIL) S.A.;Diretoria Estatutária;2023;30554700.67;7095869.8;2651048.9;51.0;50.75;387205745.62;2026;7629669.864433497;media != total/n_remunerados;False;2026;2026-12-31;6;161086;Financials;Santander;
90.400.888/0001-42;BCO SANTANDER (BRASIL) S.A.;Diretoria Estatutária;2024;37258198.61;8510292.07;3731101.03;58.0;51.75;471963367.18;2026;9120065.066280194;media != total/n_remunerados;False;2026;2026-12-31;6;161086;Financials;Santander;
90.400.888/0001-42;BCO SANTANDER (BRASIL) S.A.;Diretoria Estatutária;2025;31135652.08;8581071.5;3615142.52;55.0;49.08;454080643.66;2026;9251846.855338223;media != total/n_remunerados;False;2026;2026-12-31;6;161086;Financials;Santander;
90.400.888/0001-42;BCO SANTANDER (BRASIL) S.A.;Conselho de Administração;2015;7664080.0;2055518.55;505094.4;10.0;5.0;13965096.76;2018;2793019.352;media != total/n_remunerados;False;2018;2018-01-01;22;84038;Financials;Santander;
90.400.888/0001-42;BCO SANTANDER (BRASIL) S.A.;Conselho de Administração;2016;16610719.59;3939056.15;506313.46;9.83;4.83;24308482.17;2019;5032812.043478261;media != total/n_remunerados;False;2019;2019-01-01;19;94651;Financials;Santander;
90.400.888/0001-42;BCO SANTANDER (BRASIL) S.A.;Conselho de Administração;2017;1444916.6;752412.19;544316.6;9.67;4.17;3826700.8;2020;917674.0527577937;media != total/n_remunerados;False;2020;2020-01-01;10;103768;Financials;Santander;
90.400.888/0001-42;BCO SANTANDER (BRASIL) S.A.;Conselho de Administração;2018;1563056.44;772680.82;700542.46;10.0;5.0;4904254.1;2021;980850.82;media != total/n_remunerados;False;2021;2021-01-01;19;115788;Financials;Santander;
90.400.888/0001-42;BCO SANTANDER (BRASIL) S.A.;Conselho de Administração;2019;1752022.72;1012232.27;769131.8;9.9;4.8;6532248.14;2022;1360885.0291666666;media != total/n_remunerados;False;2022;2022-01-01;12;127163;Financials;Santander;
90.400.888/0001-42;BCO SANTANDER (BRASIL) S.A.;Conselho de Administração;2020;1802918.4;1018830.6;762000.0;9.0;5.0;6532248.14;2023;1306449.628;media != total/n_remunerados;False;2023;2023-12-31;17;137940;Financials;Santander;
90.400.888/0001-42;BCO SANTANDER (BRASIL) S.A.;Conselho de Administração;2021;2129585.07;1064162.32;762000.0;12.0;6.0;7185035.43;2024;1197505.905;media != total/n_remunerados;False;2024;2024-12-31;15;146630;Financials;Santander;
90.400.888/0001-42;BCO SANTANDER (BRASIL) S.A.;Conselho de Administração;2022;11559693.2;3014657.47;805000.0;10.0;5.0;19311627.84;2023;3862325.568;media != total/n_remunerados;False;2023;2023-12-31;17;137940;Financials;Santander;
90.400.888/0001-42;BCO SANTANDER (BRASIL) S.A.;Conselho de Administração;2023;3744600.14;1747885.05;1020000.0;11.0;6.67;14247341.66;2025;2136033.232383808;media != total/n_remunerados;False;2025;2025-12-31;23;156973;Financials;Santander;
90.400.888/0001-42;BCO SANTANDER (BRASIL) S.A.;Conselho de Administração;2024;2875920.0;1412851.74;1095000.0;11.0;7.67;13226813.01;2026;1724486.70273794;media != total/n_remunerados;False;2026;2026-12-31;6;161086;Financials;Santander;
90.400.888/0001-42;BCO SANTANDER (BRASIL) S.A.;Conselho de Administração;2025;2958720.0;1614723.14;1200000.0;13.0;6.25;12295818.04;2026;1967330.8864;media != total/n_remunerados;False;2026;2026-12-31;6;161086;Financials;Santander;
90.400.888/0001-42;BCO SANTANDER (BRASIL) S.A.;Conselho Fiscal;2015;0.0;0.0;0.0;0.0;0.0;;;;;False;2018;2018-01-01;22;84038;Financials;Santander;
90.400.888/0001-42;BCO SANTANDER (BRASIL) S.A.;Conselho Fiscal;2016;0.0;0.0;0.0;0.0;0.0;;;;;False;2019;2019-01-01;19;94651;Financials;Santander;
90.400.888/0001-42;BCO SANTANDER (BRASIL) S.A.;Conselho Fiscal;2017;0.0;0.0;0.0;0.0;0.0;;;;;False;2020;2020-01-01;10;103768;Financials;Santander;
90.400.888/0001-42;BCO SANTANDER (BRASIL) S.A.;Conselho Fiscal;2018;0.0;0.0;0.0;0.0;0.0;;;;;False;2021;2021-01-01;19;115788;Financials;Santander;
90.400.888/0001-42;BCO SANTANDER (BRASIL) S.A.;Conselho Fiscal;2019;55370.0;132888.0;0.0;2.5;1.3;203484.75;2022;156526.73076923075;"media fora do intervalo min-max; media != total/n_remunerados";False;2022;2022-01-01;12;127163;Financials;Santander;
90.400.888/0001-42;BCO SANTANDER (BRASIL) S.A.;Conselho Fiscal;2020;139600.0;139600.0;139600.0;6.0;3.0;513030.0;2023;171010.0;media != total/n_remunerados;False;2023;2023-12-31;17;137940;Financials;Santander;
90.400.888/0001-42;BCO SANTANDER (BRASIL) S.A.;Conselho Fiscal;2021;142710.0;142710.0;142710.0;6.0;3.0;3912067.53;2024;1304022.51;media != total/n_remunerados;False;2024;2024-12-31;15;146630;Financials;Santander;
90.400.888/0001-42;BCO SANTANDER (BRASIL) S.A.;Conselho Fiscal;2022;176179.5;176179.5;176179.5;6.0;3.0;528538.5;2025;176179.5;;False;2025;2025-12-31;23;156973;Financials;Santander;
90.400.888/0001-42;BCO SANTANDER (BRASIL) S.A.;Conselho Fiscal;2023;71910.0;66747.23;64165.85;3.0;2.17;177158.28;2026;81639.7603686636;media != total/n_remunerados;False;2026;2026-12-31;6;161086;Financials;Santander;
45.242.914/0001-05;C&A MODAS S.A.;Diretoria Estatutária;2016;4030794.85;2666405.44;2105113.2;5.0;5.0;13332027.22;2019;2666405.444;;False;2019;2019-01-01;7;92411;Retail;C&A;
45.242.914/0001-05;C&A MODAS S.A.;Diretoria Estatutária;2017;4741732.2;3781682.21;2569293.16;4.17;4.17;15769614.8;2020;3781682.206235012;;False;2020;2020-01-01;16;104576;Retail;C&A;
45.242.914/0001-05;C&A MODAS S.A.;Diretoria Estatutária;2018;5115624.38;3448141.25;2669319.58;4.67;4.67;16102819.64;2021;3448141.250535332;;False;2021;2021-01-01;8;115612;Retail;C&A;
45.242.914/0001-05;C&A MODAS S.A.;Diretoria Estatutária;2019;10657267.76;6778916.73;5096917.51;5.0;5.0;33894583.67;2022;6778916.734;;False;2022;2022-01-01;4;127200;Retail;C&A;
45.242.914/0001-05;C&A MODAS S.A.;Diretoria Estatutária;2020;10195693.73;5436302.55;3129153.78;4.67;4.67;22751667.49;2023;4871877.406852248;media != total/n_remunerados;False;2023;2023-12-31;4;131429;Retail;C&A;
45.242.914/0001-05;C&A MODAS S.A.;Diretoria Estatutária;2021;9224750.31;5856216.54;4448562.73;4.0;4.0;23452647.39;2024;5863161.8475;;False;2024;2024-12-31;8;147526;Retail;C&A;
45.242.914/0001-05;C&A MODAS S.A.;Diretoria Estatutária;2022;9358701.09;4034678.54;4460933.36;4.0;4.0;16138714.15;2025;4034678.5375;media fora do intervalo min-max;False;2025;2025-12-31;9;157300;Retail;C&A;
45.242.914/0001-05;C&A MODAS S.A.;Diretoria Estatutária;2023;7336322.61;4996679.3;4227947.4;4.25;4.25;21235887.03;2026;4996679.301176471;;False;2026;2026-12-31;3;159084;Retail;C&A;
45.242.914/0001-05;C&A MODAS S.A.;Diretoria Estatutária;2024;8492357.6;4889941.28;3202189.92;5.0;5.0;24310657.88;2026;4862131.575999999;;False;2026;2026-12-31;3;159084;Retail;C&A;
45.242.914/0001-05;C&A MODAS S.A.;Diretoria Estatutária;2025;10129016.99;5344917.27;3402452.08;5.0;5.0;26818152.35;2026;5363630.470000001;;False;2026;2026-12-31;3;159084;Retail;C&A;
45.242.914/0001-05;C&A MODAS S.A.;Conselho de Administração;2016;0.0;0.0;0.0;0.0;0.0;;;;;False;2019;2019-01-01;7;92411;Retail;C&A;
45.242.914/0001-05;C&A MODAS S.A.;Conselho de Administração;2017;0.0;0.0;0.0;0.0;0.0;;;;;False;2020;2020-01-01;16;104576;Retail;C&A;
45.242.914/0001-05;C&A MODAS S.A.;Conselho de Administração;2018;0.0;0.0;0.0;0.0;0.0;;;;;False;2021;2021-01-01;8;115612;Retail;C&A;
45.242.914/0001-05;C&A MODAS S.A.;Conselho de Administração;2019;385666.66;752749.96;148333.3;1.25;1.0;752749.96;2022;752749.96;media fora do intervalo min-max;False;2022;2022-01-01;4;127200;Retail;C&A;
45.242.914/0001-05;C&A MODAS S.A.;Conselho de Administração;2020;1496083.33;882993.33;575416.56;5.0;4.17;3150034.75;2023;755404.0167865708;media != total/n_remunerados;False;2023;2023-12-31;4;131429;Retail;C&A;
45.242.914/0001-05;C&A MODAS S.A.;Conselho de Administração;2021;1753333.32;822000.01;500000.04;5.0;5.0;4110000.04;2024;822000.008;;False;2024;2024-12-31;8;147526;Retail;C&A;
45.242.914/0001-05;C&A MODAS S.A.;Conselho de Administração;2022;2424000.0;830833.34;728000.02;5.0;5.0;4154166.7;2025;830833.3400000001;;False;2025;2025-12-31;9;157300;Retail;C&A;
45.242.914/0001-05;C&A MODAS S.A.;Conselho de Administração;2023;660000.0;660000.0;660000.0;5.0;5.0;7563500.0;2026;1512700.0;media != total/n_remunerados;False;2026;2026-12-31;3;159084;Retail;C&A;
45.242.914/0001-05;C&A MODAS S.A.;Conselho de Administração;2024;2160000.0;960000.0;660000.0;5.0;5.0;4800000.0;2026;960000.0;;False;2026;2026-12-31;3;159084;Retail;C&A;
45.242.914/0001-05;C&A MODAS S.A.;Conselho de Administração;2025;2240000.0;1003200.0;684000.0;5.0;5.0;5016000.0;2026;1003200.0;;False;2026;2026-12-31;3;159084;Retail;C&A;
45.242.914/0001-05;C&A MODAS S.A.;Conselho Fiscal;2016;0.0;0.0;0.0;0.0;0.0;;;;;False;2019;2019-01-01;7;92411;Retail;C&A;
45.242.914/0001-05;C&A MODAS S.A.;Conselho Fiscal;2017;0.0;0.0;0.0;0.0;0.0;;;;;False;2020;2020-01-01;16;104576;Retail;C&A;
45.242.914/0001-05;C&A MODAS S.A.;Conselho Fiscal;2018;0.0;0.0;0.0;0.0;0.0;;;;;False;2021;2021-01-01;8;115612;Retail;C&A;
45.242.914/0001-05;C&A MODAS S.A.;Conselho Fiscal;2019;0.0;0.0;0.0;0.0;0.0;0.0;2022;;;False;2022;2022-01-01;4;127200;Retail;C&A;
45.242.914/0001-05;C&A MODAS S.A.;Conselho Fiscal;2020;0.0;0.0;0.0;0.0;0.0;0.0;2023;;;False;2023;2023-12-31;4;131429;Retail;C&A;
45.242.914/0001-05;C&A MODAS S.A.;Conselho Fiscal;2021;0.0;0.0;0.0;0.0;0.0;0.0;2023;;;False;2023;2023-12-31;4;131429;Retail;C&A;
45.242.914/0001-05;C&A MODAS S.A.;Conselho Fiscal;2022;100000.0;100000.0;100000.0;2.0;2.0;300000.0;2025;150000.0;media != total/n_remunerados;False;2025;2025-12-31;9;157300;Retail;C&A;
45.242.914/0001-05;C&A MODAS S.A.;Conselho Fiscal;2023;150000.0;150000.0;150000.0;3.0;3.0;472932.0;2026;157644.0;media != total/n_remunerados;False;2026;2026-12-31;3;159084;Retail;C&A;
45.242.914/0001-05;C&A MODAS S.A.;Conselho Fiscal;2024;55216.0;51738.67;50000.0;1.0;1.0;155216.0;2026;155216.0;media != total/n_remunerados;False;2026;2026-12-31;3;159084;Retail;C&A;
45.242.914/0001-05;C&A MODAS S.A.;Conselho Fiscal;2025;104000.0;104000.0;104000.0;3.0;3.0;312000.0;2026;104000.0;;False;2026;2026-12-31;3;159084;Retail;C&A;
00.001.180/0001-26;CENTRAIS ELET BRAS S.A. - ELETROBRAS;Diretoria Estatutária;2007;0.0;416130.6;0.0;4.0;0.0;1664522.44;2010;;media fora do intervalo min-max;False;2010;2010-01-01;11;8288;Utilities;Eletrobras;
00.001.180/0001-26;CENTRAIS ELET BRAS S.A. - ELETROBRAS;Diretoria Estatutária;2008;0.0;437471.6;0.0;6.0;0.0;2624829.7;2011;;media fora do intervalo min-max;False;2011;2011-01-01;14;18280;Utilities;Eletrobras;
00.001.180/0001-26;CENTRAIS ELET BRAS S.A. - ELETROBRAS;Diretoria Estatutária;2009;513933.6;513933.6;513933.6;6.0;0.0;3083601.44;2012;;;False;2012;2012-01-01;14;28057;Utilities;Eletrobras;
00.001.180/0001-26;CENTRAIS ELET BRAS S.A. - ELETROBRAS;Diretoria Estatutária;2010;718457.56;718457.56;718457.56;6.0;0.0;4310745.35;2013;;;False;2013;2013-01-01;6;38057;Utilities;Eletrobras;
00.001.180/0001-26;CENTRAIS ELET BRAS S.A. - ELETROBRAS;Diretoria Estatutária;2011;1272192.53;1004115.37;826985.28;6.0;0.0;5810641.16;2014;;;False;2014;2014-01-01;10;46966;Utilities;Eletrobras;
00.001.180/0001-26;CENTRAIS ELET BRAS S.A. - ELETROBRAS;Diretoria Estatutária;2012;1326193.82;942928.48;862817.0;6.0;0.0;5657570.87;2015;;;False;2015;2015-01-01;20;56651;Utilities;Eletrobras;
00.001.180/0001-26;CENTRAIS ELET BRAS S.A. - ELETROBRAS;Diretoria Estatutária;2013;1250001.73;1040093.11;957812.07;6.0;6.0;6240558.65;2016;1040093.1083333334;;False;2016;2016-01-01;13;65087;Utilities;Eletrobras;
00.001.180/0001-26;CENTRAIS ELET BRAS S.A. - ELETROBRAS;Diretoria Estatutária;2014;1298743.42;959827.01;852267.47;6.75;6.75;6478832.31;2017;959827.0088888889;;False;2017;2017-01-01;26;74975;Utilities;Eletrobras;
00.001.180/0001-26;CENTRAIS ELET BRAS S.A. - ELETROBRAS;Diretoria Estatutária;2015;1368330.53;994368.51;848925.37;7.0;7.0;6960579.57;2018;994368.51;;False;2018;2018-01-01;23;83958;Utilities;Eletrobras;
00.001.180/0001-26;CENTRAIS ELET BRAS S.A. - ELETROBRAS;Diretoria Estatutária;2016;1480635.3;1116327.8;995801.92;7.0;7.0;7814294.6;2019;1116327.8;;False;2019;2019-01-01;19;94109;Utilities;Eletrobras;
00.001.180/0001-26;CENTRAIS ELET BRAS S.A. - ELETROBRAS;Diretoria Estatutária;2017;1577770.58;1189029.23;870310.98;7.0;7.0;8323204.64;2020;1189029.2342857143;;False;2020;2020-01-01;22;104768;Utilities;Eletrobras;
00.001.180/0001-26;CENTRAIS ELET BRAS S.A. - ELETROBRAS;Diretoria Estatutária;2018;1090016.06;1082843.31;986486.75;6.42;6.42;6948244.6;2021;1082281.090342679;;False;2021;2021-01-01;7;111351;Utilities;Eletrobras;
00.001.180/0001-26;CENTRAIS ELET BRAS S.A. - ELETROBRAS;Conselho de Administração;2007;0.0;24504.28;0.0;8.0;0.0;196034.24;2010;;media fora do intervalo min-max;False;2010;2010-01-01;11;8288;Utilities;Eletrobras;
00.001.180/0001-26;CENTRAIS ELET BRAS S.A. - ELETROBRAS;Conselho de Administração;2008;0.0;35501.3;0.0;8.0;0.0;284010.29;2010;;media fora do intervalo min-max;False;2010;2010-01-01;11;8288;Utilities;Eletrobras;
00.001.180/0001-26;CENTRAIS ELET BRAS S.A. - ELETROBRAS;Conselho de Administração;2009;40470.5;40470.5;40470.5;8.0;0.0;323764.26;2012;;;False;2012;2012-01-01;14;28057;Utilities;Eletrobras;
00.001.180/0001-26;CENTRAIS ELET BRAS S.A. - ELETROBRAS;Conselho de Administração;2010;35810.83;35810.83;35810.83;9.0;0.0;322297.5;2013;;;False;2013;2013-01-01;6;38057;Utilities;Eletrobras;
00.001.180/0001-26;CENTRAIS ELET BRAS S.A. - ELETROBRAS;Conselho de Administração;2011;78801.27;61172.31;60828.25;8.08;0.0;303960.11;2014;;;False;2014;2014-01-01;10;46966;Utilities;Eletrobras;
00.001.180/0001-26;CENTRAIS ELET BRAS S.A. - ELETROBRAS;Conselho de Administração;2012;60530.95;60443.14;59690.95;8.25;0.0;498655.87;2015;;;False;2015;2015-01-01;20;56651;Utilities;Eletrobras;
00.001.180/0001-26;CENTRAIS ELET BRAS S.A. - ELETROBRAS;Conselho de Administração;2013;70579.68;64996.05;55518.57;9.0;8.0;519968.38;2016;64996.0475;;False;2016;2016-01-01;13;65087;Utilities;Eletrobras;
00.001.180/0001-26;CENTRAIS ELET BRAS S.A. - ELETROBRAS;Conselho de Administração;2014;71862.68;65675.75;59885.58;8.33;7.83;514241.12;2017;65675.74968071519;;False;2017;2017-01-01;26;74975;Utilities;Eletrobras;
00.001.180/0001-26;CENTRAIS ELET BRAS S.A. - ELETROBRAS;Conselho de Administração;2015;76965.81;75373.58;64138.2;7.83;7.67;578115.34;2018;75373.5775749674;;False;2018;2018-01-01;23;83958;Utilities;Eletrobras;
00.001.180/0001-26;CENTRAIS ELET BRAS S.A. - ELETROBRAS;Conselho de Administração;2016;52662.67;76486.5;28289.87;8.8;8.8;673081.19;2019;76486.49886363636;media fora do intervalo min-max;False;2019;2019-01-01;19;94109;Utilities;Eletrobras;
00.001.180/0001-26;CENTRAIS ELET BRAS S.A. - ELETROBRAS;Conselho de Administração;2017;78986.87;77153.35;65284.32;8.58;8.58;661975.71;2020;77153.34615384616;;False;2020;2020-01-01;22;104768;Utilities;Eletrobras;
00.001.180/0001-26;CENTRAIS ELET BRAS S.A. - ELETROBRAS;Conselho de Administração;2018;76834.59;72846.1;64028.85;10.08;8.08;588596.49;2021;72846.10024752475;;False;2021;2021-01-01;7;111351;Utilities;Eletrobras;
00.001.180/0001-26;CENTRAIS ELET BRAS S.A. - ELETROBRAS;Conselho Fiscal;2007;0.0;34347.32;0.0;4.0;0.0;137389.28;2010;;media fora do intervalo min-max;False;2010;2010-01-01;11;8288;Utilities;Eletrobras;
00.001.180/0001-26;CENTRAIS ELET BRAS S.A. - ELETROBRAS;Conselho Fiscal;2008;0.0;35508.8;0.0;4.0;0.0;167544.23;2011;;media fora do intervalo min-max;False;2011;2011-01-01;14;18280;Utilities;Eletrobras;
00.001.180/0001-26;CENTRAIS ELET BRAS S.A. - ELETROBRAS;Conselho Fiscal;2009;45195.49;45195.49;45195.49;4.0;0.0;180781.96;2012;;;False;2012;2012-01-01;14;28057;Utilities;Eletrobras;
00.001.180/0001-26;CENTRAIS ELET BRAS S.A. - ELETROBRAS;Conselho Fiscal;2010;46900.0;46900.0;46900.0;4.0;0.0;187600.0;2013;;;False;2013;2013-01-01;6;38057;Utilities;Eletrobras;
00.001.180/0001-26;CENTRAIS ELET BRAS S.A. - ELETROBRAS;Conselho Fiscal;2011;63711.25;62331.59;60228.25;4.0;0.0;196316.8;2014;;;False;2014;2014-01-01;10;46966;Utilities;Eletrobras;
00.001.180/0001-26;CENTRAIS ELET BRAS S.A. - ELETROBRAS;Conselho Fiscal;2012;62531.6;61990.28;60530.95;4.75;0.0;294453.81;2015;;;False;2015;2015-01-01;20;56651;Utilities;Eletrobras;
00.001.180/0001-26;CENTRAIS ELET BRAS S.A. - ELETROBRAS;Conselho Fiscal;2013;70579.68;67798.18;67699.68;5.0;5.0;338990.88;2016;67798.176;;False;2016;2016-01-01;13;65087;Utilities;Eletrobras;
00.001.180/0001-26;CENTRAIS ELET BRAS S.A. - ELETROBRAS;Conselho Fiscal;2014;76486.82;72109.08;71862.68;5.08;5.08;366314.12;2017;72109.07874015748;;False;2017;2017-01-01;26;74975;Utilities;Eletrobras;
00.001.180/0001-26;CENTRAIS ELET BRAS S.A. - ELETROBRAS;Conselho Fiscal;2015;76965.81;75233.27;76965.81;4.83;4.67;351339.38;2018;75233.27194860813;media fora do intervalo min-max;False;2018;2018-01-01;23;83958;Utilities;Eletrobras;
00.001.180/0001-26;CENTRAIS ELET BRAS S.A. - ELETROBRAS;Conselho Fiscal;2016;78341.16;81126.63;78341.16;5.0;5.0;405633.14;2019;81126.628;media fora do intervalo min-max;False;2019;2019-01-01;19;94109;Utilities;Eletrobras;
00.001.180/0001-26;CENTRAIS ELET BRAS S.A. - ELETROBRAS;Conselho Fiscal;2017;78341.16;78645.82;78341.16;5.0;5.0;393229.11;2020;78645.822;media fora do intervalo min-max;False;2020;2020-01-01;22;104768;Utilities;Eletrobras;
00.001.180/0001-26;CENTRAIS ELET BRAS S.A. - ELETROBRAS;Conselho Fiscal;2018;76834.59;76529.93;76834.59;5.0;5.0;382649.66;2021;76529.932;media fora do intervalo min-max;False;2021;2021-01-01;7;111351;Utilities;Eletrobras;
17.155.730/0001-64;CIA ENERGETICA DE MINAS GERAIS - CEMIG;Diretoria Estatutária;2007;633209.85;537074.46;474464.06;7.0;0.0;3759521.22;2010;;;False;2010;2010-01-01;10;8283;Utilities;Cemig;
17.155.730/0001-64;CIA ENERGETICA DE MINAS GERAIS - CEMIG;Diretoria Estatutária;2008;607789.43;525806.42;492556.86;7.17;0.0;3770032.07;2010;;;False;2011;2011-01-01;13;18074;Utilities;Cemig;
17.155.730/0001-64;CIA ENERGETICA DE MINAS GERAIS - CEMIG;Diretoria Estatutária;2009;567308.99;456729.43;424825.9;8.33;0.0;4681384.61;2012;;;False;2012;2012-01-01;13;27076;Utilities;Cemig;
17.155.730/0001-64;CIA ENERGETICA DE MINAS GERAIS - CEMIG;Diretoria Estatutária;2010;614319.75;519333.9;495368.6;9.0;0.0;5248286.97;2013;;;False;2013;2013-01-01;6;38458;Utilities;Cemig;
17.155.730/0001-64;CIA ENERGETICA DE MINAS GERAIS - CEMIG;Diretoria Estatutária;2011;996470.62;800100.43;783410.65;11.0;0.0;8801104.67;2014;;;False;2014;2014-01-01;8;45340;Utilities;Cemig;
17.155.730/0001-64;CIA ENERGETICA DE MINAS GERAIS - CEMIG;Diretoria Estatutária;2012;1094536.08;907684.68;816336.96;11.0;0.0;9984531.46;2015;;;False;2015;2015-01-01;14;56807;Utilities;Cemig;
17.155.730/0001-64;CIA ENERGETICA DE MINAS GERAIS - CEMIG;Diretoria Estatutária;2013;1131380.0;921605.52;778261.48;11.0;11.0;10137660.71;2016;921605.5190909092;;False;2016;2016-01-01;18;65887;Utilities;Cemig;
17.155.730/0001-64;CIA ENERGETICA DE MINAS GERAIS - CEMIG;Diretoria Estatutária;2014;1235245.33;967916.31;704771.3;11.0;11.0;10647079.4;2017;967916.3090909091;;False;2017;2017-01-01;19;73859;Utilities;Cemig;
17.155.730/0001-64;CIA ENERGETICA DE MINAS GERAIS - CEMIG;Diretoria Estatutária;2015;1333031.83;1033684.9;872632.6;11.0;11.0;11370533.89;2018;1033684.8990909092;;False;2018;2018-01-01;9;82711;Utilities;Cemig;
17.155.730/0001-64;CIA ENERGETICA DE MINAS GERAIS - CEMIG;Diretoria Estatutária;2016;1096241.82;1051517.13;895512.24;11.0;10.33;10515171.34;2019;1017925.5895450145;media != total/n_remunerados;False;2019;2019-01-01;15;91997;Utilities;Cemig;
17.155.730/0001-64;CIA ENERGETICA DE MINAS GERAIS - CEMIG;Diretoria Estatutária;2017;1427276.21;1360399.9;1158814.29;11.0;9.17;12243599.06;2020;1335179.8320610689;media != total/n_remunerados;False;2020;2020-01-01;15;104644;Utilities;Cemig;
17.155.730/0001-64;CIA ENERGETICA DE MINAS GERAIS - CEMIG;Diretoria Estatutária;2018;1944154.85;1477520.62;1286759.72;11.0;11.0;19076008.59;2021;1734182.5990909091;media != total/n_remunerados;False;2021;2021-01-01;10;115710;Utilities;Cemig;
17.155.730/0001-64;CIA ENERGETICA DE MINAS GERAIS - CEMIG;Diretoria Estatutária;2019;1911826.6;1786812.29;1527377.26;7.0;7.0;16843035.58;2022;2406147.94;media != total/n_remunerados;False;2022;2022-01-01;11;125990;Utilities;Cemig;
17.155.730/0001-64;CIA ENERGETICA DE MINAS GERAIS - CEMIG;Diretoria Estatutária;2020;1603847.19;1459109.92;1243492.41;7.0;7.0;12057673.19;2023;1722524.7414285713;media != total/n_remunerados;False;2023;2023-12-31;14;137237;Utilities;Cemig;
17.155.730/0001-64;CIA ENERGETICA DE MINAS GERAIS - CEMIG;Diretoria Estatutária;2021;2375087.81;1523643.21;1057312.31;7.0;7.0;12597631.42;2024;1799661.6314285714;media != total/n_remunerados;False;2024;2024-12-31;11;148065;Utilities;Cemig;
17.155.730/0001-64;CIA ENERGETICA DE MINAS GERAIS - CEMIG;Diretoria Estatutária;2022;2375403.74;1798562.65;1404128.86;7.0;7.0;13671218.66;2025;1953031.2371428572;media != total/n_remunerados;False;2025;2025-12-31;11;157201;Utilities;Cemig;
17.155.730/0001-64;CIA ENERGETICA DE MINAS GERAIS - CEMIG;Diretoria Estatutária;2023;2577162.22;1804186.39;1659188.44;7.0;7.0;14209508.83;2026;2029929.832857143;media != total/n_remunerados;False;2026;2026-12-31;4;159424;Utilities;Cemig;
17.155.730/0001-64;CIA ENERGETICA DE MINAS GERAIS - CEMIG;Diretoria Estatutária;2024;1549956.0;951903.0;988452.0;7.0;7.0;16829554.35;2026;2404222.0500000003;"media fora do intervalo min-max; media != total/n_remunerados";False;2026;2026-12-31;4;159424;Utilities;Cemig;
17.155.730/0001-64;CIA ENERGETICA DE MINAS GERAIS - CEMIG;Diretoria Estatutária;2025;1684135.2;1379078.58;1074021.96;7.0;7.0;20609718.85;2026;2944245.5500000003;media != total/n_remunerados;False;2026;2026-12-31;4;159424;Utilities;Cemig;
17.155.730/0001-64;CIA ENERGETICA DE MINAS GERAIS - CEMIG;Conselho de Administração;2007;99235.48;96482.26;86371.26;13.0;0.0;1254269.49;2010;;;False;2010;2010-01-01;10;8283;Utilities;Cemig;
17.155.730/0001-64;CIA ENERGETICA DE MINAS GERAIS - CEMIG;Conselho de Administração;2008;96791.78;96565.65;93217.28;12.08;0.0;1166513.17;2010;;;False;2011;2011-01-01;13;18074;Utilities;Cemig;
17.155.730/0001-64;CIA ENERGETICA DE MINAS GERAIS - CEMIG;Conselho de Administração;2009;83738.7;83000.41;55399.96;12.75;0.0;1197333.66;2012;;;False;2012;2012-01-01;13;27076;Utilities;Cemig;
17.155.730/0001-64;CIA ENERGETICA DE MINAS GERAIS - CEMIG;Conselho de Administração;2010;91239.35;88316.53;84171.95;13.0;0.0;1282351.15;2013;;;False;2013;2013-01-01;6;38458;Utilities;Cemig;
17.155.730/0001-64;CIA ENERGETICA DE MINAS GERAIS - CEMIG;Conselho de Administração;2011;95809.2;95245.51;54020.24;12.83;0.0;1221999.94;2014;;;False;2014;2014-01-01;8;45340;Utilities;Cemig;
17.155.730/0001-64;CIA ENERGETICA DE MINAS GERAIS - CEMIG;Conselho de Administração;2012;94221.47;91271.33;50366.88;13.0;0.0;1186527.25;2015;;;False;2015;2015-01-01;14;56807;Utilities;Cemig;
17.155.730/0001-64;CIA ENERGETICA DE MINAS GERAIS - CEMIG;Conselho de Administração;2013;101935.2;98316.24;51640.74;28.0;27.0;1278111.18;2016;47337.451111111106;media != total/n_remunerados;False;2016;2016-01-01;18;65887;Utilities;Cemig;
17.155.730/0001-64;CIA ENERGETICA DE MINAS GERAIS - CEMIG;Conselho de Administração;2014;107922.99;93723.93;55935.9;30.0;14.0;1312135.09;2017;93723.93500000001;;False;2017;2017-01-01;19;73859;Utilities;Cemig;
17.155.730/0001-64;CIA ENERGETICA DE MINAS GERAIS - CEMIG;Conselho de Administração;2015;158106.81;139593.29;99363.8;30.0;23.0;3210645.67;2018;139593.29;;False;2018;2018-01-01;9;82711;Utilities;Cemig;
17.155.730/0001-64;CIA ENERGETICA DE MINAS GERAIS - CEMIG;Conselho de Administração;2016;232372.56;162123.29;116366.39;30.0;28.17;4567013.03;2019;162123.28824991125;;False;2019;2019-01-01;15;91997;Utilities;Cemig;
17.155.730/0001-64;CIA ENERGETICA DE MINAS GERAIS - CEMIG;Conselho de Administração;2017;320472.26;233179.46;124401.14;30.0;25.0;5829486.42;2020;233179.45679999999;;False;2020;2020-01-01;15;104644;Utilities;Cemig;
17.155.730/0001-64;CIA ENERGETICA DE MINAS GERAIS - CEMIG;Conselho de Administração;2018;321416.02;278048.07;193927.34;19.0;17.0;4732450.65;2021;278379.45;;False;2021;2021-01-01;10;115710;Utilities;Cemig;
17.155.730/0001-64;CIA ENERGETICA DE MINAS GERAIS - CEMIG;Conselho de Administração;2019;325750.45;304865.24;267161.18;9.0;7.0;2544755.99;2022;363536.57;media != total/n_remunerados;False;2022;2022-01-01;11;125990;Utilities;Cemig;
17.155.730/0001-64;CIA ENERGETICA DE MINAS GERAIS - CEMIG;Conselho de Administração;2020;309828.44;272615.82;250919.24;8.0;8.0;2006043.97;2023;250755.49625;media != total/n_remunerados;False;2023;2023-12-31;14;137237;Utilities;Cemig;
17.155.730/0001-64;CIA ENERGETICA DE MINAS GERAIS - CEMIG;Conselho de Administração;2021;310024.54;266581.79;249056.25;8.0;8.0;2052987.28;2024;256623.41;media != total/n_remunerados;False;2024;2024-12-31;11;148065;Utilities;Cemig;
17.155.730/0001-64;CIA ENERGETICA DE MINAS GERAIS - CEMIG;Conselho de Administração;2022;329166.3;284939.76;266297.9;10.0;10.0;2800476.13;2025;280047.613;media != total/n_remunerados;False;2025;2025-12-31;11;157201;Utilities;Cemig;
17.155.730/0001-64;CIA ENERGETICA DE MINAS GERAIS - CEMIG;Conselho de Administração;2023;472375.12;388457.11;380065.31;11.0;11.0;3317848.28;2026;301622.57090909086;media != total/n_remunerados;False;2026;2026-12-31;4;159424;Utilities;Cemig;
17.155.730/0001-64;CIA ENERGETICA DE MINAS GERAIS - CEMIG;Conselho de Administração;2024;298747.08;268953.2;288060.0;9.0;9.0;3651050.03;2026;405672.22555555555;"media fora do intervalo min-max; media != total/n_remunerados";False;2026;2026-12-31;4;159424;Utilities;Cemig;
17.155.730/0001-64;CIA ENERGETICA DE MINAS GERAIS - CEMIG;Conselho de Administração;2025;387631.56;343189.32;298747.08;9.0;9.0;3319185.78;2026;368798.42;media != total/n_remunerados;False;2026;2026-12-31;4;159424;Utilities;Cemig;
17.155.730/0001-64;CIA ENERGETICA DE MINAS GERAIS - CEMIG;Conselho Fiscal;2007;36223.56;36304.09;36223.56;5.0;0.0;181520.47;2010;;media fora do intervalo min-max;False;2010;2010-01-01;10;8283;Utilities;Cemig;
17.155.730/0001-64;CIA ENERGETICA DE MINAS GERAIS - CEMIG;Conselho Fiscal;2008;36335.16;36295.56;36335.16;5.0;0.0;181477.8;2010;;media fora do intervalo min-max;False;2011;2011-01-01;13;18074;Utilities;Cemig;
17.155.730/0001-64;CIA ENERGETICA DE MINAS GERAIS - CEMIG;Conselho Fiscal;2009;36700.48;36700.48;36700.48;5.0;0.0;212496.98;2012;;;False;2012;2012-01-01;13;27076;Utilities;Cemig;
17.155.730/0001-64;CIA ENERGETICA DE MINAS GERAIS - CEMIG;Conselho Fiscal;2010;36552.04;36086.33;36552.04;5.0;0.0;210750.12;2013;;media fora do intervalo min-max;False;2013;2013-01-01;6;38458;Utilities;Cemig;
17.155.730/0001-64;CIA ENERGETICA DE MINAS GERAIS - CEMIG;Conselho Fiscal;2011;47519.4;44971.65;27403.36;8.33;0.0;374613.8;2014;;;False;2014;2014-01-01;8;45340;Utilities;Cemig;
17.155.730/0001-64;CIA ENERGETICA DE MINAS GERAIS - CEMIG;Conselho Fiscal;2012;50366.88;45981.42;41595.96;10.0;0.0;459814.2;2015;;;False;2015;2015-01-01;14;56807;Utilities;Cemig;
17.155.730/0001-64;CIA ENERGETICA DE MINAS GERAIS - CEMIG;Conselho Fiscal;2013;51640.74;46364.86;42497.1;10.0;10.0;463648.61;2016;46364.861;;False;2016;2016-01-01;18;65887;Utilities;Cemig;
17.155.730/0001-64;CIA ENERGETICA DE MINAS GERAIS - CEMIG;Conselho Fiscal;2014;56141.11;51158.01;46174.91;10.0;10.0;511580.1;2017;51158.009999999995;;False;2017;2017-01-01;19;73859;Utilities;Cemig;
17.155.730/0001-64;CIA ENERGETICA DE MINAS GERAIS - CEMIG;Conselho Fiscal;2015;97938.52;88869.43;79737.4;10.0;10.0;888694.32;2018;88869.432;;False;2018;2018-01-01;9;82711;Utilities;Cemig;
17.155.730/0001-64;CIA ENERGETICA DE MINAS GERAIS - CEMIG;Conselho Fiscal;2016;131367.99;119064.85;105625.16;10.0;10.0;1190648.5;2019;119064.85;;False;2019;2019-01-01;15;91997;Utilities;Cemig;
17.155.730/0001-64;CIA ENERGETICA DE MINAS GERAIS - CEMIG;Conselho Fiscal;2017;176266.09;152573.43;128019.93;10.0;9.75;1525734.27;2020;156485.56615384616;media != total/n_remunerados;False;2020;2020-01-01;15;104644;Utilities;Cemig;
17.155.730/0001-64;CIA ENERGETICA DE MINAS GERAIS - CEMIG;Conselho Fiscal;2018;191839.93;164839.32;140656.62;9.0;9.0;1559841.0;2021;173315.66666666666;media != total/n_remunerados;False;2021;2021-01-01;10;115710;Utilities;Cemig;
17.155.730/0001-64;CIA ENERGETICA DE MINAS GERAIS - CEMIG;Conselho Fiscal;2019;201402.06;169023.14;146712.56;10.0;10.0;1789356.77;2022;178935.677;media != total/n_remunerados;False;2022;2022-01-01;11;125990;Utilities;Cemig;
17.155.730/0001-64;CIA ENERGETICA DE MINAS GERAIS - CEMIG;Conselho Fiscal;2020;168555.68;152998.07;135610.16;9.0;9.0;1411229.13;2023;156803.23666666666;media != total/n_remunerados;False;2023;2023-12-31;14;137237;Utilities;Cemig;
17.155.730/0001-64;CIA ENERGETICA DE MINAS GERAIS - CEMIG;Conselho Fiscal;2021;168751.78;154109.33;135806.26;10.0;10.0;1522790.71;2024;152279.071;media != total/n_remunerados;False;2024;2024-12-31;11;148065;Utilities;Cemig;
17.155.730/0001-64;CIA ENERGETICA DE MINAS GERAIS - CEMIG;Conselho Fiscal;2022;178419.38;163351.73;143261.54;10.0;10.0;1586977.41;2025;158697.74099999998;media != total/n_remunerados;False;2025;2025-12-31;11;157201;Utilities;Cemig;
17.155.730/0001-64;CIA ENERGETICA DE MINAS GERAIS - CEMIG;Conselho Fiscal;2023;231413.64;205593.19;184363.2;8.67;8.67;1456410.67;2026;167982.77623990772;media != total/n_remunerados;False;2026;2026-12-31;4;159424;Utilities;Cemig;
17.155.730/0001-64;CIA ENERGETICA DE MINAS GERAIS - CEMIG;Conselho Fiscal;2024;199173.0;175404.5;153636.0;10.0;10.0;1938538.6;2026;193853.86000000002;media != total/n_remunerados;False;2026;2026-12-31;4;159424;Utilities;Cemig;
17.155.730/0001-64;CIA ENERGETICA DE MINAS GERAIS - CEMIG;Conselho Fiscal;2025;208673.52;187804.86;166936.2;9.0;9.0;1958550.35;2026;217616.70555555556;media != total/n_remunerados;False;2026;2026-12-31;4;159424;Utilities;Cemig;
76.483.817/0001-20;CIA PARANAENSE DE ENERGIA - COPEL;Diretoria Estatutária;2007;545512.16;504182.88;495916.96;0.06;0.0;;;;;False;2010;2010-01-01;9;6292;Utilities;Copel;
76.483.817/0001-20;CIA PARANAENSE DE ENERGIA - COPEL;Diretoria Estatutária;2008;724149.62;662739.71;658720.15;7.0;0.0;4639177.96;2010;;;False;2011;2011-01-01;13;16968;Utilities;Copel;
76.483.817/0001-20;CIA PARANAENSE DE ENERGIA - COPEL;Diretoria Estatutária;2009;782422.14;740507.69;711761.99;8.0;0.0;5924061.52;2012;;;False;2012;2012-01-01;11;26376;Utilities;Copel;
76.483.817/0001-20;CIA PARANAENSE DE ENERGIA - COPEL;Diretoria Estatutária;2010;837277.89;784267.24;759527.82;8.0;0.0;6274137.93;2013;;;False;2013;2013-01-01;10;36674;Utilities;Copel;
76.483.817/0001-20;CIA PARANAENSE DE ENERGIA - COPEL;Diretoria Estatutária;2011;891864.77;880875.0;876104.46;8.0;0.0;7047000.0;2014;;;False;2014;2014-01-01;8;46399;Utilities;Copel;
76.483.817/0001-20;CIA PARANAENSE DE ENERGIA - COPEL;Diretoria Estatutária;2012;1104335.47;1084508.95;675812.22;8.75;0.0;9489453.27;2015;;;False;2015;2015-01-01;13;56830;Utilities;Copel;
76.483.817/0001-20;CIA PARANAENSE DE ENERGIA - COPEL;Diretoria Estatutária;2013;1142120.75;1138268.14;159984.18;6.0;8.5;9675279.18;2016;1138268.1388235295;;False;2016;2016-01-01;11;65964;Utilities;Copel;
76.483.817/0001-20;CIA PARANAENSE DE ENERGIA - COPEL;Diretoria Estatutária;2014;1218650.58;1155311.1;412115.43;6.0;6.0;6931866.58;2017;1155311.0966666667;;False;2017;2017-01-01;17;75022;Utilities;Copel;
76.483.817/0001-20;CIA PARANAENSE DE ENERGIA - COPEL;Diretoria Estatutária;2015;1303774.15;1166593.85;321788.84;6.0;6.0;6999563.07;2018;1166593.845;;False;2018;2018-01-01;12;83075;Utilities;Copel;
76.483.817/0001-20;CIA PARANAENSE DE ENERGIA - COPEL;Diretoria Estatutária;2016;1413062.05;1150152.44;632250.93;6.0;6.0;6900914.63;2019;1150152.4383333332;;False;2019;2019-01-01;18;93336;Utilities;Copel;
76.483.817/0001-20;CIA PARANAENSE DE ENERGIA - COPEL;Diretoria Estatutária;2017;1431388.35;1346372.51;868418.41;7.0;7.0;9424607.56;2020;1346372.5085714287;;False;2020;2020-01-01;11;103292;Utilities;Copel;
76.483.817/0001-20;CIA PARANAENSE DE ENERGIA - COPEL;Diretoria Estatutária;2018;1404188.54;1375059.41;867151.71;6.75;6.75;9281651.0;2021;1375059.4074074074;;False;2021;2021-01-01;9;114634;Utilities;Copel;
76.483.817/0001-20;CIA PARANAENSE DE ENERGIA - COPEL;Diretoria Estatutária;2019;1656258.61;1337137.16;740479.28;7.0;7.0;8312114.5;2022;1187444.9285714286;media != total/n_remunerados;False;2022;2022-01-01;6;125885;Utilities;Copel;
76.483.817/0001-20;CIA PARANAENSE DE ENERGIA - COPEL;Diretoria Estatutária;2020;1552203.79;1295689.5;824394.98;7.0;7.0;8246909.32;2023;1178129.902857143;media != total/n_remunerados;False;2023;2023-12-31;20;136123;Utilities;Copel;
76.483.817/0001-20;CIA PARANAENSE DE ENERGIA - COPEL;Diretoria Estatutária;2021;1358079.06;1208707.58;634625.28;7.0;7.0;8460953.07;2024;1208707.5814285714;;False;2024;2024-12-31;15;147033;Utilities;Copel;
76.483.817/0001-20;CIA PARANAENSE DE ENERGIA - COPEL;Diretoria Estatutária;2022;879234.46;832725.55;381897.36;7.0;7.0;5829078.87;2025;832725.5528571429;;False;2025;2025-12-31;17;156435;Utilities;Copel;
76.483.817/0001-20;CIA PARANAENSE DE ENERGIA - COPEL;Diretoria Estatutária;2023;1693062.88;1433576.12;1427797.89;7.0;7.0;10035032.86;2026;1433576.1228571427;;False;2026;2026-12-31;3;160389;Utilities;Copel;
76.483.817/0001-20;CIA PARANAENSE DE ENERGIA - COPEL;Diretoria Estatutária;2024;14349355.81;4927192.71;2994364.28;8.17;8.17;40255164.47;2026;4927192.713586291;;False;2026;2026-12-31;3;160389;Utilities;Copel;
76.483.817/0001-20;CIA PARANAENSE DE ENERGIA - COPEL;Diretoria Estatutária;2025;11585944.68;4651360.68;1579546.61;9.0;9.0;41862246.1;2026;4651360.677777778;;False;2026;2026-12-31;3;160389;Utilities;Copel;
76.483.817/0001-20;CIA PARANAENSE DE ENERGIA - COPEL;Conselho de Administração;2007;75627.36;75627.36;75627.36;0.09;0.0;;;;;False;2010;2010-01-01;9;6292;Utilities;Copel;
76.483.817/0001-20;CIA PARANAENSE DE ENERGIA - COPEL;Conselho de Administração;2008;166818.03;118061.22;94818.03;6.0;0.0;708307.33;2010;;;False;2011;2011-01-01;13;16968;Utilities;Copel;
76.483.817/0001-20;CIA PARANAENSE DE ENERGIA - COPEL;Conselho de Administração;2009;174177.4;138177.41;102177.4;6.0;0.0;829064.45;2012;;;False;2012;2012-01-01;11;26376;Utilities;Copel;
76.483.817/0001-20;CIA PARANAENSE DE ENERGIA - COPEL;Conselho de Administração;2010;184234.52;143408.86;112234.52;6.0;0.0;860453.17;2013;;;False;2013;2013-01-01;10;36674;Utilities;Copel;
76.483.817/0001-20;CIA PARANAENSE DE ENERGIA - COPEL;Conselho de Administração;2011;176319.0;147846.75;117477.1;6.0;0.0;887080.49;2014;;;False;2014;2014-01-01;8;46399;Utilities;Copel;
76.483.817/0001-20;CIA PARANAENSE DE ENERGIA - COPEL;Conselho de Administração;2012;176461.02;133099.75;77814.97;6.75;0.0;898423.3;2015;;;False;2015;2015-01-01;13;56830;Utilities;Copel;
76.483.817/0001-20;CIA PARANAENSE DE ENERGIA - COPEL;Conselho de Administração;2013;192004.72;126763.95;33790.22;9.0;7.25;919038.67;2016;126763.95448275862;;False;2016;2016-01-01;11;65964;Utilities;Copel;
76.483.817/0001-20;CIA PARANAENSE DE ENERGIA - COPEL;Conselho de Administração;2014;201206.9;152555.78;59477.36;9.0;7.0;1067890.48;2017;152555.78285714285;;False;2017;2017-01-01;17;75022;Utilities;Copel;
76.483.817/0001-20;CIA PARANAENSE DE ENERGIA - COPEL;Conselho de Administração;2015;211281.1;162604.21;118624.16;9.0;7.0;1138229.45;2018;162604.20714285714;;False;2018;2018-01-01;12;83075;Utilities;Copel;
76.483.817/0001-20;CIA PARANAENSE DE ENERGIA - COPEL;Conselho de Administração;2016;235895.19;181823.33;138666.93;9.0;7.5;1363674.97;2019;181823.32933333333;;False;2019;2019-01-01;18;93336;Utilities;Copel;
76.483.817/0001-20;CIA PARANAENSE DE ENERGIA - COPEL;Conselho de Administração;2017;153300.26;148256.23;134197.9;8.75;8.75;1297241.97;2020;148256.22514285715;;False;2020;2020-01-01;11;103292;Utilities;Copel;
76.483.817/0001-20;CIA PARANAENSE DE ENERGIA - COPEL;Conselho de Administração;2018;286792.0;249662.07;155994.0;8.17;8.17;1685219.0;2021;206269.15544675643;media != total/n_remunerados;False;2021;2021-01-01;9;114634;Utilities;Copel;
76.483.817/0001-20;CIA PARANAENSE DE ENERGIA - COPEL;Conselho de Administração;2019;273393.36;252959.42;158262.24;9.0;8.0;1567895.0;2022;195986.875;media != total/n_remunerados;False;2022;2022-01-01;6;125885;Utilities;Copel;
76.483.817/0001-20;CIA PARANAENSE DE ENERGIA - COPEL;Conselho de Administração;2020;280105.4;254857.73;158262.24;9.0;8.0;1928780.09;2023;241097.51125;media != total/n_remunerados;False;2023;2023-12-31;20;136123;Utilities;Copel;
76.483.817/0001-20;CIA PARANAENSE DE ENERGIA - COPEL;Conselho de Administração;2021;227827.8;211685.06;43229.02;9.0;9.0;1941151.97;2024;215683.5522222222;media != total/n_remunerados;False;2024;2024-12-31;15;147033;Utilities;Copel;
76.483.817/0001-20;CIA PARANAENSE DE ENERGIA - COPEL;Conselho de Administração;2022;227827.8;257247.18;131885.16;9.0;8.0;2057977.42;2025;257247.1775;media fora do intervalo min-max;False;2025;2025-12-31;17;156435;Utilities;Copel;
76.483.817/0001-20;CIA PARANAENSE DE ENERGIA - COPEL;Conselho de Administração;2023;411609.6;332259.49;267546.24;9.0;9.0;2990335.42;2026;332259.4911111111;;False;2026;2026-12-31;3;160389;Utilities;Copel;
76.483.817/0001-20;CIA PARANAENSE DE ENERGIA - COPEL;Conselho de Administração;2024;2078751.4;947179.09;589203.2;9.0;8.83;8366748.62;2026;947536.6500566251;;False;2026;2026-12-31;3;160389;Utilities;Copel;
76.483.817/0001-20;CIA PARANAENSE DE ENERGIA - COPEL;Conselho de Administração;2025;2848946.6;1271264.94;750300.8;9.0;9.0;11441384.48;2026;1271264.9422222222;;False;2026;2026-12-31;3;160389;Utilities;Copel;
76.483.817/0001-20;CIA PARANAENSE DE ENERGIA - COPEL;Conselho Fiscal;2007;75627.36;75627.36;75627.36;0.1;0.0;;;;;False;2010;2010-01-01;9;6292;Utilities;Copel;
76.483.817/0001-20;CIA PARANAENSE DE ENERGIA - COPEL;Conselho Fiscal;2008;94818.03;94818.03;94818.03;5.0;0.0;567802.5;2010;;;False;2011;2011-01-01;13;16968;Utilities;Copel;
76.483.817/0001-20;CIA PARANAENSE DE ENERGIA - COPEL;Conselho Fiscal;2009;110358.57;110358.57;110358.57;5.0;0.0;551792.87;2012;;;False;2012;2012-01-01;11;26376;Utilities;Copel;
76.483.817/0001-20;CIA PARANAENSE DE ENERGIA - COPEL;Conselho Fiscal;2010;114717.31;114717.31;114717.31;5.0;0.0;573586.56;2013;;;False;2013;2013-01-01;10;36674;Utilities;Copel;
76.483.817/0001-20;CIA PARANAENSE DE ENERGIA - COPEL;Conselho Fiscal;2011;120137.27;120137.27;120137.27;5.0;0.0;600686.37;2014;;;False;2014;2014-01-01;8;46399;Utilities;Copel;
76.483.817/0001-20;CIA PARANAENSE DE ENERGIA - COPEL;Conselho Fiscal;2012;102082.99;102082.99;102082.99;5.0;0.0;510414.93;2015;;;False;2015;2015-01-01;13;56830;Utilities;Copel;
76.483.817/0001-20;CIA PARANAENSE DE ENERGIA - COPEL;Conselho Fiscal;2013;105932.83;105932.83;105932.83;5.0;5.0;529664.15;2016;105932.83;;False;2016;2016-01-01;11;65964;Utilities;Copel;
76.483.817/0001-20;CIA PARANAENSE DE ENERGIA - COPEL;Conselho Fiscal;2014;102203.64;102203.64;102203.64;5.0;5.0;511018.21;2017;102203.642;;False;2017;2017-01-01;17;75022;Utilities;Copel;
76.483.817/0001-20;CIA PARANAENSE DE ENERGIA - COPEL;Conselho Fiscal;2015;111973.08;111973.08;111973.08;5.0;5.0;559865.39;2018;111973.07800000001;;False;2018;2018-01-01;12;83075;Utilities;Copel;
76.483.817/0001-20;CIA PARANAENSE DE ENERGIA - COPEL;Conselho Fiscal;2016;103249.05;103249.05;103249.05;5.0;5.0;516245.26;2019;103249.052;;False;2019;2019-01-01;18;93336;Utilities;Copel;
76.483.817/0001-20;CIA PARANAENSE DE ENERGIA - COPEL;Conselho Fiscal;2017;162911.8;142024.51;162911.8;5.0;5.0;710122.54;2020;142024.508;media fora do intervalo min-max;False;2020;2020-01-01;11;103292;Utilities;Copel;
76.483.817/0001-20;CIA PARANAENSE DE ENERGIA - COPEL;Conselho Fiscal;2018;169829.0;159164.84;90180.0;4.92;4.92;783091.0;2021;159164.837398374;;False;2021;2021-01-01;9;114634;Utilities;Copel;
76.483.817/0001-20;CIA PARANAENSE DE ENERGIA - COPEL;Conselho Fiscal;2019;172199.73;161049.74;158262.24;5.0;5.0;679960.1;2022;135992.02;media != total/n_remunerados;False;2022;2022-01-01;6;125885;Utilities;Copel;
76.483.817/0001-20;CIA PARANAENSE DE ENERGIA - COPEL;Conselho Fiscal;2020;172199.73;163117.57;158262.24;5.0;5.0;683702.47;2023;136740.494;media != total/n_remunerados;False;2023;2023-12-31;20;136123;Utilities;Copel;
76.483.817/0001-20;CIA PARANAENSE DE ENERGIA - COPEL;Conselho Fiscal;2021;131885.16;129895.7;43229.02;5.0;5.0;671560.76;2024;134312.152;media != total/n_remunerados;False;2024;2024-12-31;15;147033;Utilities;Copel;
76.483.817/0001-20;CIA PARANAENSE DE ENERGIA - COPEL;Conselho Fiscal;2022;131885.16;134404.22;10990.43;5.0;5.0;672021.12;2025;134404.224;media fora do intervalo min-max;False;2025;2025-12-31;17;156435;Utilities;Copel;
76.483.817/0001-20;CIA PARANAENSE DE ENERGIA - COPEL;Conselho Fiscal;2023;155498.4;141928.64;141367.68;5.0;4.42;626851.5;2026;141821.60633484164;;False;2026;2026-12-31;3;160389;Utilities;Copel;
76.483.817/0001-20;CIA PARANAENSE DE ENERGIA - COPEL;Conselho Fiscal;2024;168740.8;155550.85;168740.8;3.75;3.0;466652.56;2026;155550.85333333333;media fora do intervalo min-max;False;2026;2026-12-31;3;160389;Utilities;Copel;
76.483.817/0001-20;CIA PARANAENSE DE ENERGIA - COPEL;Conselho Fiscal;2025;175362.0;162183.28;175362.0;3.0;2.08;133300.778;2026;64086.91249999999;"media fora do intervalo min-max; media != total/n_remunerados";False;2026;2026-12-31;3;160389;Utilities;Copel;
43.776.517/0001-80;CIA SANEAMENTO BASICO EST SAO PAULO;Diretoria Estatutária;2007;235616.25;215713.97;200386.04;6.0;0.0;;;;;False;2010;2010-01-01;6;8357;Utilities;Sabesp;
43.776.517/0001-80;CIA SANEAMENTO BASICO EST SAO PAULO;Diretoria Estatutária;2008;396833.33;350833.33;297000.0;6.0;0.0;2105000.0;2011;;;False;2011;2011-01-01;9;16565;Utilities;Sabesp;
43.776.517/0001-80;CIA SANEAMENTO BASICO EST SAO PAULO;Diretoria Estatutária;2009;396166.67;366500.0;303000.0;6.0;0.0;2200000.0;2012;;;False;2012;2012-01-01;7;26457;Utilities;Sabesp;
43.776.517/0001-80;CIA SANEAMENTO BASICO EST SAO PAULO;Diretoria Estatutária;2010;476573.0;371815.65;324463.0;6.0;0.0;2230893.88;2013;;;False;2013;2013-01-01;4;36919;Utilities;Sabesp;
43.776.517/0001-80;CIA SANEAMENTO BASICO EST SAO PAULO;Diretoria Estatutária;2011;443563.81;406984.18;275674.4;6.0;0.0;2441905.06;2014;;;False;2014;2014-01-01;13;47008;Utilities;Sabesp;
43.776.517/0001-80;CIA SANEAMENTO BASICO EST SAO PAULO;Diretoria Estatutária;2012;515865.0;479675.47;335428.84;6.0;0.0;2878053.3;2015;;;False;2015;2015-01-01;13;56731;Utilities;Sabesp;
43.776.517/0001-80;CIA SANEAMENTO BASICO EST SAO PAULO;Diretoria Estatutária;2013;529652.31;468571.96;471020.23;6.25;6.25;2928574.78;2016;468571.96479999996;media fora do intervalo min-max;False;2016;2016-01-01;9;65468;Utilities;Sabesp;
43.776.517/0001-80;CIA SANEAMENTO BASICO EST SAO PAULO;Diretoria Estatutária;2014;552283.66;504126.27;480583.2;5.75;5.75;2898726.05;2017;504126.2695652174;;False;2017;2017-01-01;10;74977;Utilities;Sabesp;
43.776.517/0001-80;CIA SANEAMENTO BASICO EST SAO PAULO;Diretoria Estatutária;2015;580554.98;488592.81;494246.37;6.42;6.42;3135137.18;2018;488339.1246105919;media fora do intervalo min-max;False;2018;2018-01-01;13;83098;Utilities;Sabesp;
43.776.517/0001-80;CIA SANEAMENTO BASICO EST SAO PAULO;Diretoria Estatutária;2016;629880.17;530598.24;438690.89;6.0;6.0;3183589.45;2019;530598.2416666667;;False;2019;2019-01-01;12;93290;Utilities;Sabesp;
43.776.517/0001-80;CIA SANEAMENTO BASICO EST SAO PAULO;Diretoria Estatutária;2017;691026.2;534709.79;439155.89;6.0;6.0;3208258.74;2020;534709.79;;False;2020;2020-01-01;11;104540;Utilities;Sabesp;
43.776.517/0001-80;CIA SANEAMENTO BASICO EST SAO PAULO;Diretoria Estatutária;2018;676546.07;516452.71;498423.93;6.25;6.25;3227829.46;2021;516452.7136;;False;2021;2021-01-01;13;114580;Utilities;Sabesp;
43.776.517/0001-80;CIA SANEAMENTO BASICO EST SAO PAULO;Diretoria Estatutária;2019;766097.31;747147.24;720143.67;6.0;6.0;4482883.46;2022;747147.2433333333;;False;2022;2022-01-01;11;126250;Utilities;Sabesp;
43.776.517/0001-80;CIA SANEAMENTO BASICO EST SAO PAULO;Diretoria Estatutária;2020;881892.85;859595.61;864684.16;6.0;6.0;5157573.68;2023;859595.6133333333;media fora do intervalo min-max;False;2023;2023-12-31;11;136741;Utilities;Sabesp;
43.776.517/0001-80;CIA SANEAMENTO BASICO EST SAO PAULO;Diretoria Estatutária;2021;884033.61;855967.15;828310.77;6.0;6.0;5135802.88;2024;855967.1466666666;;False;2024;2024-12-31;22;148172;Utilities;Sabesp;
43.776.517/0001-80;CIA SANEAMENTO BASICO EST SAO PAULO;Diretoria Estatutária;2022;867339.51;852147.62;852322.07;5.58;5.58;4754983.72;2025;852147.6200716845;media fora do intervalo min-max;False;2025;2025-12-31;21;157029;Utilities;Sabesp;
43.776.517/0001-80;CIA SANEAMENTO BASICO EST SAO PAULO;Diretoria Estatutária;2023;1874993.34;1337834.95;924140.52;5.5;5.5;7358092.24;2026;1337834.9527272729;;False;2026;2026-12-31;6;159292;Utilities;Sabesp;
43.776.517/0001-80;CIA SANEAMENTO BASICO EST SAO PAULO;Diretoria Estatutária;2024;1614380.28;1170559.57;1614380.28;6.0;6.0;7023357.44;2026;1170559.5733333335;media fora do intervalo min-max;False;2026;2026-12-31;6;159292;Utilities;Sabesp;
43.776.517/0001-80;CIA SANEAMENTO BASICO EST SAO PAULO;Diretoria Estatutária;2025;20986062.97;9868153.03;3169203.4;5.0;5.0;49340766.0;2026;9868153.2;;False;2026;2026-12-31;6;159292;Utilities;Sabesp;
43.776.517/0001-80;CIA SANEAMENTO BASICO EST SAO PAULO;Conselho de Administração;2007;57720.0;56237.13;52910.0;10.0;0.0;;;;;False;2010;2010-01-01;6;8357;Utilities;Sabesp;
43.776.517/0001-80;CIA SANEAMENTO BASICO EST SAO PAULO;Conselho de Administração;2008;122545.45;115636.36;38000.0;11.0;0.0;1272000.0;2011;;;False;2011;2011-01-01;9;16565;Utilities;Sabesp;
43.776.517/0001-80;CIA SANEAMENTO BASICO EST SAO PAULO;Conselho de Administração;2009;107615.38;94307.69;41000.0;13.0;0.0;1225000.0;2012;;;False;2012;2012-01-01;7;26457;Utilities;Sabesp;
43.776.517/0001-80;CIA SANEAMENTO BASICO EST SAO PAULO;Conselho de Administração;2010;148440.0;113848.06;100440.0;10.67;0.0;1214748.8;2013;;;False;2013;2013-01-01;4;36919;Utilities;Sabesp;
43.776.517/0001-80;CIA SANEAMENTO BASICO EST SAO PAULO;Conselho de Administração;2011;169220.72;128260.25;80730.72;9.67;0.0;1240276.6;2014;;;False;2014;2014-01-01;13;47008;Utilities;Sabesp;
43.776.517/0001-80;CIA SANEAMENTO BASICO EST SAO PAULO;Conselho de Administração;2012;148307.0;100462.77;50288.7;10.0;0.0;1004627.7;2015;;;False;2015;2015-01-01;13;56731;Utilities;Sabesp;
43.776.517/0001-80;CIA SANEAMENTO BASICO EST SAO PAULO;Conselho de Administração;2013;157349.27;110956.48;96361.2;9.25;9.25;1026347.45;2016;110956.48108108107;;False;2016;2016-01-01;9;65468;Utilities;Sabesp;
43.776.517/0001-80;CIA SANEAMENTO BASICO EST SAO PAULO;Conselho de Administração;2014;157349.27;114703.68;96361.2;9.17;9.17;1051450.37;2017;114661.98146128682;;False;2017;2017-01-01;10;74977;Utilities;Sabesp;
43.776.517/0001-80;CIA SANEAMENTO BASICO EST SAO PAULO;Conselho de Administração;2015;157349.16;113941.08;96361.2;10.0;10.0;1139410.76;2018;113941.076;;False;2018;2018-01-01;13;83098;Utilities;Sabesp;
43.776.517/0001-80;CIA SANEAMENTO BASICO EST SAO PAULO;Conselho de Administração;2016;157349.2;114274.74;96361.2;8.08;8.08;923339.36;2019;114274.67326732673;;False;2019;2019-01-01;12;93290;Utilities;Sabesp;
43.776.517/0001-80;CIA SANEAMENTO BASICO EST SAO PAULO;Conselho de Administração;2017;155957.35;121073.28;95508.77;7.0;7.0;847512.95;2020;121073.27857142857;;False;2020;2020-01-01;11;104540;Utilities;Sabesp;
43.776.517/0001-80;CIA SANEAMENTO BASICO EST SAO PAULO;Conselho de Administração;2018;161585.58;115475.54;98955.6;10009.58;9.58;1106255.67;2021;115475.53966597076;;False;2021;2021-01-01;13;114580;Utilities;Sabesp;
43.776.517/0001-80;CIA SANEAMENTO BASICO EST SAO PAULO;Conselho de Administração;2019;172197.6;129730.97;102027.04;9.17;9.17;1189200.58;2022;129683.81461286805;;False;2022;2022-01-01;11;126250;Utilities;Sabesp;
43.776.517/0001-80;CIA SANEAMENTO BASICO EST SAO PAULO;Conselho de Administração;2020;195000.0;148850.0;117000.0;9.67;9.67;1438883.33;2023;148798.68976215099;;False;2023;2023-12-31;11;136741;Utilities;Sabesp;
43.776.517/0001-80;CIA SANEAMENTO BASICO EST SAO PAULO;Conselho de Administração;2021;195000.0;147495.0;110550.0;10.0;10.0;1474950.0;2024;147495.0;;False;2024;2024-12-31;22;148172;Utilities;Sabesp;
43.776.517/0001-80;CIA SANEAMENTO BASICO EST SAO PAULO;Conselho de Administração;2022;195000.0;145144.19;117000.0;10.75;10.75;1560300.0;2025;145144.18604651163;;False;2025;2025-12-31;21;157029;Utilities;Sabesp;
43.776.517/0001-80;CIA SANEAMENTO BASICO EST SAO PAULO;Conselho de Administração;2023;163524.08;160717.52;138356.4;11.33;11.33;1820929.54;2026;160717.52338923214;;False;2026;2026-12-31;6;159292;Utilities;Sabesp;
43.776.517/0001-80;CIA SANEAMENTO BASICO EST SAO PAULO;Conselho de Administração;2024;298069.2;180803.2;186484.32;10.67;10.67;1929170.1;2026;180803.19587628866;media fora do intervalo min-max;False;2026;2026-12-31;6;159292;Utilities;Sabesp;
43.776.517/0001-80;CIA SANEAMENTO BASICO EST SAO PAULO;Conselho de Administração;2025;2317069.2;1458327.33;1443391.0;9.0;9.0;13105946.0;2026;1456216.2222222222;;False;2026;2026-12-31;6;159292;Utilities;Sabesp;
43.776.517/0001-80;CIA SANEAMENTO BASICO EST SAO PAULO;Conselho Fiscal;2007;38484.0;38484.0;38484.0;5.0;0.0;;;;;False;2010;2010-01-01;6;8357;Utilities;Sabesp;
43.776.517/0001-80;CIA SANEAMENTO BASICO EST SAO PAULO;Conselho Fiscal;2008;38000.0;45600.0;38000.0;5.0;0.0;228000.0;2011;;media fora do intervalo min-max;False;2011;2011-01-01;9;16565;Utilities;Sabesp;
43.776.517/0001-80;CIA SANEAMENTO BASICO EST SAO PAULO;Conselho Fiscal;2009;38000.0;46200.0;38000.0;5.0;0.0;231000.0;2012;;media fora do intervalo min-max;False;2012;2012-01-01;7;26457;Utilities;Sabesp;
43.776.517/0001-80;CIA SANEAMENTO BASICO EST SAO PAULO;Conselho Fiscal;2010;38233.33;38233.33;38233.33;6.0;0.0;229400.0;2013;;;False;2013;2013-01-01;4;36919;Utilities;Sabesp;
43.776.517/0001-80;CIA SANEAMENTO BASICO EST SAO PAULO;Conselho Fiscal;2011;45596.62;45596.62;45596.62;4.75;0.0;216583.96;2014;;;False;2014;2014-01-01;13;47008;Utilities;Sabesp;
43.776.517/0001-80;CIA SANEAMENTO BASICO EST SAO PAULO;Conselho Fiscal;2012;56415.4;56415.4;56415.4;4.0;0.0;225661.6;2015;;;False;2015;2015-01-01;13;56731;Utilities;Sabesp;
43.776.517/0001-80;CIA SANEAMENTO BASICO EST SAO PAULO;Conselho Fiscal;2013;64240.8;57240.11;64240.8;4.5;4.5;257580.49;2016;57240.108888888884;media fora do intervalo min-max;False;2016;2016-01-01;9;65468;Utilities;Sabesp;
43.776.517/0001-80;CIA SANEAMENTO BASICO EST SAO PAULO;Conselho Fiscal;2014;64240.8;64240.8;64240.8;4.67;4.67;303084.79;2017;64900.383297644534;media != total/n_remunerados;False;2017;2017-01-01;10;74977;Utilities;Sabesp;
43.776.517/0001-80;CIA SANEAMENTO BASICO EST SAO PAULO;Conselho Fiscal;2015;65723.28;59846.57;64240.8;5.42;5.42;324168.92;2018;59809.76383763838;media fora do intervalo min-max;False;2018;2018-01-01;13;83098;Utilities;Sabesp;
43.776.517/0001-80;CIA SANEAMENTO BASICO EST SAO PAULO;Conselho Fiscal;2016;60946.4;60849.31;50651.4;4.92;4.92;299378.59;2019;60849.30691056911;;False;2019;2019-01-01;12;93290;Utilities;Sabesp;
43.776.517/0001-80;CIA SANEAMENTO BASICO EST SAO PAULO;Conselho Fiscal;2017;62420.61;62612.78;62420.61;5.0;5.0;313063.91;2020;62612.78199999999;media fora do intervalo min-max;False;2020;2020-01-01;11;104540;Utilities;Sabesp;
43.776.517/0001-80;CIA SANEAMENTO BASICO EST SAO PAULO;Conselho Fiscal;2018;65970.39;61169.86;60429.62;4.58;4.58;280157.97;2021;61169.86244541484;;False;2021;2021-01-01;13;114580;Utilities;Sabesp;
43.776.517/0001-80;CIA SANEAMENTO BASICO EST SAO PAULO;Conselho Fiscal;2019;56413.53;56326.55;56413.53;4.08;4.08;230000.07;2022;56372.56617647059;media fora do intervalo min-max;False;2022;2022-01-01;11;126250;Utilities;Sabesp;
43.776.517/0001-80;CIA SANEAMENTO BASICO EST SAO PAULO;Conselho Fiscal;2020;57042.24;57042.24;57042.24;5.0;5.0;285211.07;2023;57042.214;;False;2023;2023-12-31;11;136741;Utilities;Sabesp;
43.776.517/0001-80;CIA SANEAMENTO BASICO EST SAO PAULO;Conselho Fiscal;2021;57042.18;57086.1;57042.18;4.33;4.33;247182.83;2024;57086.10392609699;media fora do intervalo min-max;False;2024;2024-12-31;22;148172;Utilities;Sabesp;
43.776.517/0001-80;CIA SANEAMENTO BASICO EST SAO PAULO;Conselho Fiscal;2022;57042.18;57081.54;57042.18;4.83;4.83;275703.87;2025;57081.546583850926;media fora do intervalo min-max;False;2025;2025-12-31;21;157029;Utilities;Sabesp;
43.776.517/0001-80;CIA SANEAMENTO BASICO EST SAO PAULO;Conselho Fiscal;2023;57042.18;57042.18;57042.18;4.08;4.08;294706.29;2026;72231.93382352941;media != total/n_remunerados;False;2026;2026-12-31;6;159292;Utilities;Sabesp;
43.776.517/0001-80;CIA SANEAMENTO BASICO EST SAO PAULO;Conselho Fiscal;2024;77009.4;85504.93;7306.02;4.67;4.67;399308.0;2026;85504.9250535332;media fora do intervalo min-max;False;2026;2026-12-31;6;159292;Utilities;Sabesp;
43.776.517/0001-80;CIA SANEAMENTO BASICO EST SAO PAULO;Conselho Fiscal;2025;150000.0;150000.0;150000.0;5.0;5.0;611236.0;2026;122247.2;media != total/n_remunerados;False;2026;2026-12-31;6;159292;Utilities;Sabesp;
17.281.106/0001-03;CIA SANEAMENTO DE MINAS GERAIS-COPASA MG;Diretoria Estatutária;2007;313725.0;313466.0;308170.0;9.0;0.0;2821197.0;2010;;;False;2010;2010-01-01;10;7483;Utilities;Copasa;
17.281.106/0001-03;CIA SANEAMENTO DE MINAS GERAIS-COPASA MG;Diretoria Estatutária;2008;322050.0;313223.0;292849.0;9.0;0.0;2819014.0;2010;;;False;2011;2011-01-01;9;16946;Utilities;Copasa;
17.281.106/0001-03;CIA SANEAMENTO DE MINAS GERAIS-COPASA MG;Diretoria Estatutária;2009;529073.0;148748.0;394116.0;9.0;0.0;3827051.0;2012;;media fora do intervalo min-max;False;2012;2012-01-01;18;26507;Utilities;Copasa;
17.281.106/0001-03;CIA SANEAMENTO DE MINAS GERAIS-COPASA MG;Diretoria Estatutária;2010;573115.0;424647.0;393399.0;8.5;0.0;3609498.0;2013;;;False;2013;2013-01-01;26;36952;Utilities;Copasa;
17.281.106/0001-03;CIA SANEAMENTO DE MINAS GERAIS-COPASA MG;Diretoria Estatutária;2011;701973.0;513738.0;431117.0;10.5;0.0;5394254.0;2014;;;False;2014;2014-01-01;20;46935;Utilities;Copasa;
17.281.106/0001-03;CIA SANEAMENTO DE MINAS GERAIS-COPASA MG;Diretoria Estatutária;2012;750544.0;543871.0;459502.0;10.25;0.0;5574674.0;2015;;;False;2015;2015-01-01;18;55726;Utilities;Copasa;
17.281.106/0001-03;CIA SANEAMENTO DE MINAS GERAIS-COPASA MG;Diretoria Estatutária;2013;810319.0;579481.0;466155.0;10.0;10.0;5794813.0;2016;579481.3;;False;2016;2016-01-01;15;65893;Utilities;Copasa;
17.281.106/0001-03;CIA SANEAMENTO DE MINAS GERAIS-COPASA MG;Diretoria Estatutária;2014;853358.0;621933.0;459838.0;11.0;11.0;6841258.0;2017;621932.5454545454;;False;2017;2017-01-01;18;75050;Utilities;Copasa;
17.281.106/0001-03;CIA SANEAMENTO DE MINAS GERAIS-COPASA MG;Diretoria Estatutária;2015;536069.0;501452.0;337048.0;10.83;10.83;5544757.0;2018;511981.25577100646;media != total/n_remunerados;False;2018;2018-01-01;17;83990;Utilities;Copasa;
17.281.106/0001-03;CIA SANEAMENTO DE MINAS GERAIS-COPASA MG;Diretoria Estatutária;2016;738091.0;602928.0;611896.0;8.0;8.0;4823424.0;2019;602928.0;media fora do intervalo min-max;False;2019;2019-01-01;18;93467;Utilities;Copasa;
17.281.106/0001-03;CIA SANEAMENTO DE MINAS GERAIS-COPASA MG;Diretoria Estatutária;2017;785925.0;674091.0;667793.0;8.0;8.08;5446655.0;2020;674090.9653465346;;False;2020;2020-01-01;10;103787;Utilities;Copasa;
17.281.106/0001-03;CIA SANEAMENTO DE MINAS GERAIS-COPASA MG;Diretoria Estatutária;2018;575776.0;540453.0;539070.0;7.25;7.33;3961520.0;2021;540452.9331514324;;False;2021;2021-01-01;16;114506;Utilities;Copasa;
17.281.106/0001-03;CIA SANEAMENTO DE MINAS GERAIS-COPASA MG;Diretoria Estatutária;2019;419245.0;651456.0;240972.0;6.17;6.17;4019483.0;2022;651455.9157212317;media fora do intervalo min-max;False;2022;2022-01-01;26;126001;Utilities;Copasa;
17.281.106/0001-03;CIA SANEAMENTO DE MINAS GERAIS-COPASA MG;Diretoria Estatutária;2020;795602.0;701020.0;623651.0;5.0;5.0;3505098.0;2023;701019.6;;False;2023;2023-12-31;23;136672;Utilities;Copasa;
17.281.106/0001-03;CIA SANEAMENTO DE MINAS GERAIS-COPASA MG;Diretoria Estatutária;2021;1289656.0;1027853.0;945714.0;5.0;5.0;5139267.0;2024;1027853.4;;False;2024;2024-12-31;17;148260;Utilities;Copasa;
17.281.106/0001-03;CIA SANEAMENTO DE MINAS GERAIS-COPASA MG;Diretoria Estatutária;2022;1040527.0;1118474.0;1040527.0;4.5;4.5;5033133.0;2025;1118474.0;media fora do intervalo min-max;False;2025;2025-12-31;21;157709;Utilities;Copasa;
17.281.106/0001-03;CIA SANEAMENTO DE MINAS GERAIS-COPASA MG;Diretoria Estatutária;2023;1405902.39;1263006.89;1262124.49;4.75;4.75;5999282.74;2026;1263006.892631579;;False;2026;2026-12-31;4;159431;Utilities;Copasa;
17.281.106/0001-03;CIA SANEAMENTO DE MINAS GERAIS-COPASA MG;Diretoria Estatutária;2024;2114701.45;1570730.38;1098546.4;5.0;5.0;7853651.89;2026;1570730.378;;False;2026;2026-12-31;4;159431;Utilities;Copasa;
17.281.106/0001-03;CIA SANEAMENTO DE MINAS GERAIS-COPASA MG;Diretoria Estatutária;2025;1550129.57;1675921.92;1542250.91;5.0;5.0;8379609.62;2026;1675921.924;media fora do intervalo min-max;False;2026;2026-12-31;4;159431;Utilities;Copasa;
17.281.106/0001-03;CIA SANEAMENTO DE MINAS GERAIS-COPASA MG;Conselho de Administração;2007;53191.0;52955.0;49268.0;9.0;0.0;476597.0;2010;;;False;2010;2010-01-01;10;7483;Utilities;Copasa;
17.281.106/0001-03;CIA SANEAMENTO DE MINAS GERAIS-COPASA MG;Conselho de Administração;2008;52471.0;51420.0;51928.0;9.0;0.0;462782.0;2010;;media fora do intervalo min-max;False;2011;2011-01-01;9;16946;Utilities;Copasa;
17.281.106/0001-03;CIA SANEAMENTO DE MINAS GERAIS-COPASA MG;Conselho de Administração;2009;61015.0;59815.0;59948.0;9.0;0.0;563461.0;2012;;media fora do intervalo min-max;False;2012;2012-01-01;18;26507;Utilities;Copasa;
17.281.106/0001-03;CIA SANEAMENTO DE MINAS GERAIS-COPASA MG;Conselho de Administração;2010;59740.0;58789.0;59740.0;8.83;0.0;529110.0;2013;;media fora do intervalo min-max;False;2013;2013-01-01;26;36952;Utilities;Copasa;
17.281.106/0001-03;CIA SANEAMENTO DE MINAS GERAIS-COPASA MG;Conselho de Administração;2011;67589.0;66921.0;67520.0;9.0;0.0;602291.0;2014;;media fora do intervalo min-max;False;2014;2014-01-01;20;46935;Utilities;Copasa;
17.281.106/0001-03;CIA SANEAMENTO DE MINAS GERAIS-COPASA MG;Conselho de Administração;2012;70272.0;69904.0;70109.0;9.0;0.0;629137.0;2015;;media fora do intervalo min-max;False;2015;2015-01-01;18;55726;Utilities;Copasa;
17.281.106/0001-03;CIA SANEAMENTO DE MINAS GERAIS-COPASA MG;Conselho de Administração;2013;81403.0;69520.0;81403.0;8.67;8.67;602736.0;2016;69519.723183391;media fora do intervalo min-max;False;2016;2016-01-01;15;65893;Utilities;Copasa;
17.281.106/0001-03;CIA SANEAMENTO DE MINAS GERAIS-COPASA MG;Conselho de Administração;2014;73419.0;72358.0;73419.0;8.83;8.83;638925.0;2017;72358.43714609287;media fora do intervalo min-max;False;2017;2017-01-01;18;75050;Utilities;Copasa;
17.281.106/0001-03;CIA SANEAMENTO DE MINAS GERAIS-COPASA MG;Conselho de Administração;2015;75868.0;75329.0;75868.0;8.92;8.92;671932.0;2018;75328.6995515695;media fora do intervalo min-max;False;2018;2018-01-01;17;83990;Utilities;Copasa;
17.281.106/0001-03;CIA SANEAMENTO DE MINAS GERAIS-COPASA MG;Conselho de Administração;2016;100200.0;99658.0;100200.0;9.0;9.0;896922.0;2019;99658.0;media fora do intervalo min-max;False;2019;2019-01-01;18;93467;Utilities;Copasa;
17.281.106/0001-03;CIA SANEAMENTO DE MINAS GERAIS-COPASA MG;Conselho de Administração;2017;109312.0;104759.0;109312.0;8.67;8.67;908262.0;2020;104759.16955017301;media fora do intervalo min-max;False;2020;2020-01-01;10;103787;Utilities;Copasa;
17.281.106/0001-03;CIA SANEAMENTO DE MINAS GERAIS-COPASA MG;Conselho de Administração;2018;95543.0;94650.0;95543.0;6.75;6.75;638886.0;2021;94649.77777777778;media fora do intervalo min-max;False;2021;2021-01-01;16;114506;Utilities;Copasa;
17.281.106/0001-03;CIA SANEAMENTO DE MINAS GERAIS-COPASA MG;Conselho de Administração;2019;96540.0;96540.0;96540.0;7.0;7.0;675784.0;2022;96540.57142857143;;False;2022;2022-01-01;26;126001;Utilities;Copasa;
17.281.106/0001-03;CIA SANEAMENTO DE MINAS GERAIS-COPASA MG;Conselho de Administração;2020;109005.0;109005.0;109005.0;7.0;7.0;763036.0;2023;109005.14285714286;;False;2023;2023-12-31;23;136672;Utilities;Copasa;
17.281.106/0001-03;CIA SANEAMENTO DE MINAS GERAIS-COPASA MG;Conselho de Administração;2021;115982.0;115982.0;115982.0;7.0;7.0;811876.0;2024;115982.28571428571;;False;2024;2024-12-31;17;148260;Utilities;Copasa;
17.281.106/0001-03;CIA SANEAMENTO DE MINAS GERAIS-COPASA MG;Conselho de Administração;2022;125745.0;122868.0;125745.0;6.58;6.58;808880.0;2025;122930.09118541033;media fora do intervalo min-max;False;2025;2025-12-31;21;157709;Utilities;Copasa;
17.281.106/0001-03;CIA SANEAMENTO DE MINAS GERAIS-COPASA MG;Conselho de Administração;2023;249190.64;224406.71;211657.39;6.08;6.08;1364392.82;2026;224406.7138157895;;False;2026;2026-12-31;4;159431;Utilities;Copasa;
17.281.106/0001-03;CIA SANEAMENTO DE MINAS GERAIS-COPASA MG;Conselho de Administração;2024;423251.37;344201.44;376078.36;6.75;6.25;2151259.0;2026;344201.44;media fora do intervalo min-max;False;2026;2026-12-31;4;159431;Utilities;Copasa;
17.281.106/0001-03;CIA SANEAMENTO DE MINAS GERAIS-COPASA MG;Conselho de Administração;2025;442349.0;356019.17;276468.21;7.0;6.0;2136115.0;2026;356019.1666666667;;False;2026;2026-12-31;4;159431;Utilities;Copasa;
17.281.106/0001-03;CIA SANEAMENTO DE MINAS GERAIS-COPASA MG;Conselho Fiscal;2007;24634.0;24661.0;24634.0;5.0;0.0;123308.0;2010;;media fora do intervalo min-max;False;2010;2010-01-01;10;7483;Utilities;Copasa;
17.281.106/0001-03;CIA SANEAMENTO DE MINAS GERAIS-COPASA MG;Conselho Fiscal;2008;24634.0;22170.0;24634.0;5.0;0.0;110854.0;2010;;media fora do intervalo min-max;False;2011;2011-01-01;9;16946;Utilities;Copasa;
17.281.106/0001-03;CIA SANEAMENTO DE MINAS GERAIS-COPASA MG;Conselho Fiscal;2009;29561.0;29645.0;29561.0;4.67;0.0;138444.0;2012;;media fora do intervalo min-max;False;2012;2012-01-01;18;26507;Utilities;Copasa;
17.281.106/0001-03;CIA SANEAMENTO DE MINAS GERAIS-COPASA MG;Conselho Fiscal;2010;29561.0;29216.0;29561.0;5.0;0.0;146080.0;2013;;media fora do intervalo min-max;False;2013;2013-01-01;26;36952;Utilities;Copasa;
17.281.106/0001-03;CIA SANEAMENTO DE MINAS GERAIS-COPASA MG;Conselho Fiscal;2011;33555.0;32141.0;33555.0;4.58;0.0;147208.0;2014;;media fora do intervalo min-max;False;2014;2014-01-01;20;46935;Utilities;Copasa;
17.281.106/0001-03;CIA SANEAMENTO DE MINAS GERAIS-COPASA MG;Conselho Fiscal;2012;34887.0;34887.0;34887.0;5.0;0.0;174436.0;2015;;;False;2015;2015-01-01;18;55726;Utilities;Copasa;
17.281.106/0001-03;CIA SANEAMENTO DE MINAS GERAIS-COPASA MG;Conselho Fiscal;2013;34887.0;34601.0;34887.0;4.75;4.75;164357.0;2016;34601.47368421053;media fora do intervalo min-max;False;2016;2016-01-01;15;65893;Utilities;Copasa;
17.281.106/0001-03;CIA SANEAMENTO DE MINAS GERAIS-COPASA MG;Conselho Fiscal;2014;36431.0;36431.0;36431.0;5.08;5.08;182155.0;2017;35857.28346456693;media != total/n_remunerados;False;2017;2017-01-01;18;75050;Utilities;Copasa;
17.281.106/0001-03;CIA SANEAMENTO DE MINAS GERAIS-COPASA MG;Conselho Fiscal;2015;37769.0;38044.0;37769.0;4.5;4.5;171196.0;2018;38043.555555555555;media fora do intervalo min-max;False;2018;2018-01-01;17;83990;Utilities;Copasa;
17.281.106/0001-03;CIA SANEAMENTO DE MINAS GERAIS-COPASA MG;Conselho Fiscal;2016;50084.0;49559.0;50084.0;4.92;4.92;243830.0;2019;49558.9430894309;media fora do intervalo min-max;False;2019;2019-01-01;18;93467;Utilities;Copasa;
17.281.106/0001-03;CIA SANEAMENTO DE MINAS GERAIS-COPASA MG;Conselho Fiscal;2017;54455.0;54434.0;54455.0;4.67;4.67;254211.0;2020;54434.90364025696;media fora do intervalo min-max;False;2020;2020-01-01;10;103787;Utilities;Copasa;
17.281.106/0001-03;CIA SANEAMENTO DE MINAS GERAIS-COPASA MG;Conselho Fiscal;2018;47771.0;50671.0;47771.0;5.33;5.33;270078.0;2021;50671.294559099435;media fora do intervalo min-max;False;2021;2021-01-01;16;114506;Utilities;Copasa;
17.281.106/0001-03;CIA SANEAMENTO DE MINAS GERAIS-COPASA MG;Conselho Fiscal;2019;48270.0;48270.0;48270.0;5.0;5.0;241352.0;2022;48270.4;;False;2022;2022-01-01;26;126001;Utilities;Copasa;
17.281.106/0001-03;CIA SANEAMENTO DE MINAS GERAIS-COPASA MG;Conselho Fiscal;2020;54503.0;54503.0;54503.0;5.0;5.0;272512.0;2023;54502.4;;False;2023;2023-12-31;23;136672;Utilities;Copasa;
17.281.106/0001-03;CIA SANEAMENTO DE MINAS GERAIS-COPASA MG;Conselho Fiscal;2021;57991.0;57914.0;57991.0;4.75;4.75;275088.0;2024;57913.26315789474;media fora do intervalo min-max;False;2024;2024-12-31;17;148260;Utilities;Copasa;
17.281.106/0001-03;CIA SANEAMENTO DE MINAS GERAIS-COPASA MG;Conselho Fiscal;2022;62872.0;59446.0;62872.0;4.75;4.75;282368.0;2025;59445.89473684211;media fora do intervalo min-max;False;2025;2025-12-31;21;157709;Utilities;Copasa;
17.281.106/0001-03;CIA SANEAMENTO DE MINAS GERAIS-COPASA MG;Conselho Fiscal;2023;72884.17;67804.7;72884.17;3.83;3.83;259692.0;2026;67804.6997389034;media fora do intervalo min-max;False;2026;2026-12-31;4;159431;Utilities;Copasa;
17.281.106/0001-03;CIA SANEAMENTO DE MINAS GERAIS-COPASA MG;Conselho Fiscal;2024;84065.67;82803.08;84065.67;3.92;3.25;269110.0;2026;82803.07692307692;media fora do intervalo min-max;False;2026;2026-12-31;4;159431;Utilities;Copasa;
17.281.106/0001-03;CIA SANEAMENTO DE MINAS GERAIS-COPASA MG;Conselho Fiscal;2025;87858.9;87858.9;87858.9;4.0;3.0;263576.7;2026;87858.90000000001;;False;2026;2026-12-31;4;159431;Utilities;Copasa;
01.027.058/0001-91;CIELO S.A. -  INSTITUIÇÃO DE PAGAMENTO;Diretoria Estatutária;2015;14124799.0;2356006.0;5527715.0;7.0;7.0;37790235.34;2018;5398605.048571429;"media fora do intervalo min-max; media != total/n_remunerados";False;2018;2018-01-01;21;82480;Financials;Cielo;
01.027.058/0001-91;CIELO S.A. -  INSTITUIÇÃO DE PAGAMENTO;Diretoria Estatutária;2016;17162786.0;7582634.0;4225925.0;5.75;5.75;43600143.07;2019;7582633.577391304;;False;2019;2019-01-01;17;93321;Financials;Cielo;
01.027.058/0001-91;CIELO S.A. -  INSTITUIÇÃO DE PAGAMENTO;Diretoria Estatutária;2017;22314894.0;8341169.08;3266618.0;5.92;5.92;49379720.97;2020;8341169.08277027;;False;2020;2020-01-01;21;104759;Financials;Cielo;
01.027.058/0001-91;CIELO S.A. -  INSTITUIÇÃO DE PAGAMENTO;Diretoria Estatutária;2018;4938717.56;4760460.61;4464855.67;7.08;7.08;33704061.12;2021;4760460.610169491;;False;2021;2021-01-01;13;115666;Financials;Cielo;
01.027.058/0001-91;CIELO S.A. -  INSTITUIÇÃO DE PAGAMENTO;Diretoria Estatutária;2019;9113955.18;5694117.46;4324985.78;7.5;7.5;42705880.95;2022;5694117.46;;False;2022;2022-01-01;20;126320;Financials;Cielo;
01.027.058/0001-91;CIELO S.A. -  INSTITUIÇÃO DE PAGAMENTO;Diretoria Estatutária;2020;10543456.53;4983732.29;2152392.92;6.5;6.5;32394259.89;2023;4983732.290769231;;False;2023;2023-12-31;14;137009;Financials;Cielo;
01.027.058/0001-91;CIELO S.A. -  INSTITUIÇÃO DE PAGAMENTO;Diretoria Estatutária;2021;12049679.5;6349975.89;2052256.69;6.5;6.5;41274843.25;2024;6349975.884615385;;False;2024;2024-12-31;16;148344;Financials;Cielo;
01.027.058/0001-91;CIELO S.A. -  INSTITUIÇÃO DE PAGAMENTO;Diretoria Estatutária;2022;11955672.08;8211551.57;3495313.14;6.83;6.83;56084897.2;2024;8211551.566617862;;False;2024;2024-12-31;16;148344;Financials;Cielo;
01.027.058/0001-91;CIELO S.A. -  INSTITUIÇÃO DE PAGAMENTO;Diretoria Estatutária;2023;10822857.35;9004030.4;6715784.05;8.0;8.0;72032243.17;2024;9004030.39625;;False;2024;2024-12-31;16;148344;Financials;Cielo;
01.027.058/0001-91;CIELO S.A. -  INSTITUIÇÃO DE PAGAMENTO;Conselho de Administração;2015;437000.0;28000.0;144846.0;11.0;11.0;1883000.0;2018;171181.81818181818;"media fora do intervalo min-max; media != total/n_remunerados";False;2018;2018-01-01;21;82480;Financials;Cielo;
01.027.058/0001-91;CIELO S.A. -  INSTITUIÇÃO DE PAGAMENTO;Conselho de Administração;2016;456000.0;139842.0;2800.0;11.0;11.0;1845908.8;2019;167809.8909090909;media != total/n_remunerados;False;2019;2019-01-01;17;93321;Financials;Cielo;
01.027.058/0001-91;CIELO S.A. -  INSTITUIÇÃO DE PAGAMENTO;Conselho de Administração;2017;600000.0;253041.63;84000.0;10.33;10.33;2613920.0;2020;253041.62633107454;;False;2020;2020-01-01;21;104759;Financials;Cielo;
01.027.058/0001-91;CIELO S.A. -  INSTITUIÇÃO DE PAGAMENTO;Conselho de Administração;2018;676800.0;274690.08;84000.0;10.25;10.25;2815573.33;2021;274690.0809756098;;False;2021;2021-01-01;13;115666;Financials;Cielo;
01.027.058/0001-91;CIELO S.A. -  INSTITUIÇÃO DE PAGAMENTO;Conselho de Administração;2019;734400.0;329443.33;84000.0;10.0;10.0;3294433.35;2022;329443.335;;False;2022;2022-01-01;20;126320;Financials;Cielo;
01.027.058/0001-91;CIELO S.A. -  INSTITUIÇÃO DE PAGAMENTO;Conselho de Administração;2020;676800.0;320330.11;84000.0;10.42;10.42;3336772.0;2023;320227.63915547024;;False;2023;2023-12-31;14;137009;Financials;Cielo;
01.027.058/0001-91;CIELO S.A. -  INSTITUIÇÃO DE PAGAMENTO;Conselho de Administração;2021;564000.0;263625.92;84000.0;10.58;10.58;2790041.03;2024;263708.9820415879;;False;2024;2024-12-31;16;148344;Financials;Cielo;
01.027.058/0001-91;CIELO S.A. -  INSTITUIÇÃO DE PAGAMENTO;Conselho de Administração;2022;676800.0;362035.29;279000.0;10.58;10.58;3830333.35;2024;362035.28827977314;;False;2024;2024-12-31;16;148344;Financials;Cielo;
01.027.058/0001-91;CIELO S.A. -  INSTITUIÇÃO DE PAGAMENTO;Conselho de Administração;2023;717200.0;500248.82;339120.0;10.58;10.58;5294300.0;2024;500406.427221172;;False;2024;2024-12-31;16;148344;Financials;Cielo;
01.027.058/0001-91;CIELO S.A. -  INSTITUIÇÃO DE PAGAMENTO;Conselho Fiscal;2015;119106.0;42494.0;80504.0;5.0;5.0;555530.7;2018;111106.13999999998;"media fora do intervalo min-max; media != total/n_remunerados";False;2018;2018-01-01;21;82480;Financials;Cielo;
01.027.058/0001-91;CIELO S.A. -  INSTITUIÇÃO DE PAGAMENTO;Conselho Fiscal;2016;102918.0;102918.0;102918.0;5.0;4.0;494005.44;2019;123501.36;media != total/n_remunerados;False;2019;2019-01-01;17;93321;Financials;Cielo;
01.027.058/0001-91;CIELO S.A. -  INSTITUIÇÃO DE PAGAMENTO;Conselho Fiscal;2017;123501.36;119384.64;102917.76;5.0;5.0;596923.2;2020;119384.63999999998;;False;2020;2020-01-01;21;104759;Financials;Cielo;
01.027.058/0001-91;CIELO S.A. -  INSTITUIÇÃO DE PAGAMENTO;Conselho Fiscal;2018;123501.36;120196.54;102917.76;5.0;5.0;600982.72;2021;120196.544;;False;2021;2021-01-01;13;115666;Financials;Cielo;
01.027.058/0001-91;CIELO S.A. -  INSTITUIÇÃO DE PAGAMENTO;Conselho Fiscal;2019;123501.36;120276.59;102917.76;5.0;5.0;601382.97;2022;120276.594;;False;2022;2022-01-01;20;126320;Financials;Cielo;
01.027.058/0001-91;CIELO S.A. -  INSTITUIÇÃO DE PAGAMENTO;Conselho Fiscal;2020;147723.72;139714.56;147723.72;4.92;4.92;686929.93;2023;139619.90447154472;media fora do intervalo min-max;False;2023;2023-12-31;14;137009;Financials;Cielo;
01.027.058/0001-91;CIELO S.A. -  INSTITUIÇÃO DE PAGAMENTO;Conselho Fiscal;2021;154593.89;151532.75;148143.72;5.0;5.0;757663.76;2024;151532.752;;False;2024;2024-12-31;16;148344;Financials;Cielo;
01.027.058/0001-91;CIELO S.A. -  INSTITUIÇÃO DE PAGAMENTO;Conselho Fiscal;2022;150000.0;155000.0;150000.0;5.0;5.0;775000.0;2024;155000.0;media fora do intervalo min-max;False;2024;2024-12-31;16;148344;Financials;Cielo;
01.027.058/0001-91;CIELO S.A. -  INSTITUIÇÃO DE PAGAMENTO;Conselho Fiscal;2023;157000.0;157000.0;157000.0;5.0;5.0;785000.0;2024;157000.0;;False;2024;2024-12-31;16;148344;Financials;Cielo;
71.476.527/0001-35;CONSTRUTORA TENDA S.A.;Diretoria Estatutária;2011;0.0;0.0;0.0;5.9;0.0;0.0;2014;;;False;2014;2014-01-01;7;46123;RealEstate;Tenda;
71.476.527/0001-35;CONSTRUTORA TENDA S.A.;Diretoria Estatutária;2012;2190570.0;1107641.0;2190570.0;8.0;0.0;9026809.0;2015;;media fora do intervalo min-max;False;2015;2015-01-01;3;55680;RealEstate;Tenda;
71.476.527/0001-35;CONSTRUTORA TENDA S.A.;Diretoria Estatutária;2013;1578347.95;1143256.98;626459.04;8.58;8.58;9809144.91;2016;1143256.9825174825;;False;2016;2016-01-01;13;66017;RealEstate;Tenda;
71.476.527/0001-35;CONSTRUTORA TENDA S.A.;Diretoria Estatutária;2014;4277921.22;1565860.74;999849.04;8.75;8.75;13701281.51;2017;1565860.744;;False;2017;2017-01-01;25;74939;RealEstate;Tenda;
71.476.527/0001-35;CONSTRUTORA TENDA S.A.;Diretoria Estatutária;2015;2776877.0;1000943.0;593502.0;10.08;10.08;10089502.6;2018;1000942.7182539682;;False;2018;2018-01-01;16;83902;RealEstate;Tenda;
71.476.527/0001-35;CONSTRUTORA TENDA S.A.;Diretoria Estatutária;2016;2649023.0;1326855.0;643853.0;10.25;10.25;13600263.59;2019;1326854.984390244;;False;2019;2019-01-01;11;94860;RealEstate;Tenda;
71.476.527/0001-35;CONSTRUTORA TENDA S.A.;Diretoria Estatutária;2017;3074553.0;1388781.0;780430.0;9.89;9.89;13735049.0;2020;1388781.4964610718;;False;2020;2020-01-01;10;104883;RealEstate;Tenda;
71.476.527/0001-35;CONSTRUTORA TENDA S.A.;Diretoria Estatutária;2018;7933860.0;2337034.0;623749.0;10.83;10.83;25310074.0;2021;2337033.6103416434;;False;2021;2021-01-01;18;114209;RealEstate;Tenda;
71.476.527/0001-35;CONSTRUTORA TENDA S.A.;Diretoria Estatutária;2019;5755277.0;1782777.0;944234.0;12.0;12.0;21393320.0;2022;1782776.6666666667;;False;2022;2022-01-01;20;126239;RealEstate;Tenda;
71.476.527/0001-35;CONSTRUTORA TENDA S.A.;Diretoria Estatutária;2020;6612220.0;1709010.0;467273.0;14.75;14.75;25207894.0;2023;1709009.7627118644;;False;2023;2023-12-31;16;136098;RealEstate;Tenda;
71.476.527/0001-35;CONSTRUTORA TENDA S.A.;Diretoria Estatutária;2021;4378198.0;1018053.0;424435.0;16.25;16.25;16814205.0;2024;1034720.3076923077;media != total/n_remunerados;False;2024;2024-12-31;16;148082;RealEstate;Tenda;
71.476.527/0001-35;CONSTRUTORA TENDA S.A.;Diretoria Estatutária;2022;6349737.0;1844258.0;1693104.0;14.08;14.08;25973303.0;2025;1844694.8153409092;;False;2025;2025-12-31;11;157929;RealEstate;Tenda;
71.476.527/0001-35;CONSTRUTORA TENDA S.A.;Diretoria Estatutária;2023;5034863.0;1312669.44;1125875.0;11.42;11.42;17678415.0;2026;1548022.3292469352;media != total/n_remunerados;False;2026;2026-12-31;6;160935;RealEstate;Tenda;
71.476.527/0001-35;CONSTRUTORA TENDA S.A.;Diretoria Estatutária;2024;5128747.0;2166446.57;1012677.0;13.0;13.0;28163805.42;2026;2166446.570769231;;False;2026;2026-12-31;6;160935;RealEstate;Tenda;
71.476.527/0001-35;CONSTRUTORA TENDA S.A.;Diretoria Estatutária;2025;4718933.8;2069216.31;1219227.56;13.0;13.0;26899812.06;2026;2069216.3123076921;;False;2026;2026-12-31;6;160935;RealEstate;Tenda;
71.476.527/0001-35;CONSTRUTORA TENDA S.A.;Conselho de Administração;2011;0.0;0.0;0.0;3.0;0.0;0.0;2014;;;False;2014;2014-01-01;7;46123;RealEstate;Tenda;
71.476.527/0001-35;CONSTRUTORA TENDA S.A.;Conselho de Administração;2012;0.0;0.0;0.0;4.0;0.0;0.0;2015;;;False;2015;2015-01-01;3;55680;RealEstate;Tenda;
71.476.527/0001-35;CONSTRUTORA TENDA S.A.;Conselho de Administração;2013;0.0;0.0;0.0;4.0;0.0;0.0;2016;;;False;2016;2016-01-01;13;66017;RealEstate;Tenda;
71.476.527/0001-35;CONSTRUTORA TENDA S.A.;Conselho de Administração;2014;151588.8;151588.8;151588.8;10.0;0.67;151588.8;2017;226251.94029850743;media != total/n_remunerados;False;2017;2017-01-01;25;74939;RealEstate;Tenda;
71.476.527/0001-35;CONSTRUTORA TENDA S.A.;Conselho de Administração;2015;151505.0;146729.0;151505.0;10.0;2.75;403504.8;2018;146729.0181818182;media fora do intervalo min-max;False;2018;2018-01-01;16;83902;RealEstate;Tenda;
71.476.527/0001-35;CONSTRUTORA TENDA S.A.;Conselho de Administração;2016;152004.0;154614.0;152004.0;8.92;2.67;412820.18;2019;154614.29962546818;media fora do intervalo min-max;False;2019;2019-01-01;11;94860;RealEstate;Tenda;
71.476.527/0001-35;CONSTRUTORA TENDA S.A.;Conselho de Administração;2017;200040.0;230638.0;200040.0;6.08;6.08;1402279.0;2020;230637.99342105264;media fora do intervalo min-max;False;2020;2020-01-01;10;104883;RealEstate;Tenda;
71.476.527/0001-35;CONSTRUTORA TENDA S.A.;Conselho de Administração;2018;878833.0;705155.0;644884.0;7.0;7.0;4936082.0;2021;705154.5714285715;;False;2021;2021-01-01;18;114209;RealEstate;Tenda;
71.476.527/0001-35;CONSTRUTORA TENDA S.A.;Conselho de Administração;2019;1013272.0;815791.0;723765.0;7.0;7.0;5710538.0;2022;815791.1428571428;;False;2022;2022-01-01;20;126239;RealEstate;Tenda;
71.476.527/0001-35;CONSTRUTORA TENDA S.A.;Conselho de Administração;2020;867294.0;638687.0;619507.0;7.0;7.0;4470808.0;2023;638686.8571428572;;False;2023;2023-12-31;16;136098;RealEstate;Tenda;
71.476.527/0001-35;CONSTRUTORA TENDA S.A.;Conselho de Administração;2021;971428.0;624641.0;515714.0;7.0;7.0;4372485.0;2024;624640.7142857143;;False;2024;2024-12-31;16;148082;RealEstate;Tenda;
71.476.527/0001-35;CONSTRUTORA TENDA S.A.;Conselho de Administração;2022;1207296.0;741312.28;603648.0;7.0;7.0;5189186.0;2025;741312.2857142857;;False;2025;2025-12-31;11;157929;RealEstate;Tenda;
71.476.527/0001-35;CONSTRUTORA TENDA S.A.;Conselho de Administração;2023;826388.0;475730.84;413194.0;6.33;6.33;3012962.0;2026;475981.35860979464;;False;2026;2026-12-31;6;160935;RealEstate;Tenda;
71.476.527/0001-35;CONSTRUTORA TENDA S.A.;Conselho de Administração;2024;799903.0;577150.23;399951.0;6.0;6.0;3462901.4;2026;577150.2333333333;;False;2026;2026-12-31;6;160935;RealEstate;Tenda;
71.476.527/0001-35;CONSTRUTORA TENDA S.A.;Conselho de Administração;2025;1277688.56;707586.95;486212.99;6.5;6.5;4599315.16;2026;707586.9476923078;;False;2026;2026-12-31;6;160935;RealEstate;Tenda;
71.476.527/0001-35;CONSTRUTORA TENDA S.A.;Conselho Fiscal;2011;25600.0;17153.0;6530.0;3.0;0.0;61773.0;2014;;;False;2014;2014-01-01;7;46123;RealEstate;Tenda;
71.476.527/0001-35;CONSTRUTORA TENDA S.A.;Conselho Fiscal;2012;38400.0;17776.0;7464.0;3.0;0.0;63994.0;2015;;;False;2015;2015-01-01;3;55680;RealEstate;Tenda;
71.476.527/0001-35;CONSTRUTORA TENDA S.A.;Conselho Fiscal;2013;46080.0;21868.8;9763.2;3.0;3.0;65606.4;2016;21868.8;;False;2016;2016-01-01;13;66017;RealEstate;Tenda;
71.476.527/0001-35;CONSTRUTORA TENDA S.A.;Conselho Fiscal;2014;46080.0;21691.84;10425.6;2.92;2.92;63340.18;2017;21691.842465753427;;False;2017;2017-01-01;25;74939;RealEstate;Tenda;
71.476.527/0001-35;CONSTRUTORA TENDA S.A.;Conselho Fiscal;2015;46080.0;22924.0;11347.2;3.0;3.0;68774.4;2018;22924.8;;False;2018;2018-01-01;16;83902;RealEstate;Tenda;
71.476.527/0001-35;CONSTRUTORA TENDA S.A.;Conselho Fiscal;2016;46080.0;23808.0;12672.0;3.0;3.0;71424.0;2019;23808.0;;False;2019;2019-01-01;11;94860;RealEstate;Tenda;
71.476.527/0001-35;CONSTRUTORA TENDA S.A.;Conselho Fiscal;2017;0.0;24355.0;0.0;0.75;0.75;18266.0;2020;24354.666666666668;media fora do intervalo min-max;False;2020;2020-01-01;10;104883;RealEstate;Tenda;
71.476.527/0001-35;CONSTRUTORA TENDA S.A.;Conselho Fiscal;2018;0.0;68343.0;0.0;2.0;2.0;136687.0;2021;68343.5;media fora do intervalo min-max;False;2021;2021-01-01;18;114209;RealEstate;Tenda;
71.476.527/0001-35;CONSTRUTORA TENDA S.A.;Conselho Fiscal;2019;58614.0;58614.0;58614.0;3.0;3.0;175841.0;2022;58613.666666666664;;False;2022;2022-01-01;20;126239;RealEstate;Tenda;
71.476.527/0001-35;CONSTRUTORA TENDA S.A.;Conselho Fiscal;2020;62279.0;62279.0;62279.0;3.0;3.0;186838.0;2023;62279.333333333336;;False;2023;2023-12-31;16;136098;RealEstate;Tenda;
71.476.527/0001-35;CONSTRUTORA TENDA S.A.;Conselho Fiscal;2021;120000.0;120000.0;120000.0;3.0;3.0;360000.0;2024;120000.0;;False;2024;2024-12-31;16;148082;RealEstate;Tenda;
71.476.527/0001-35;CONSTRUTORA TENDA S.A.;Conselho Fiscal;2022;120000.0;120000.0;120000.0;3.0;3.0;360000.0;2025;120000.0;;False;2025;2025-12-31;11;157929;RealEstate;Tenda;
71.476.527/0001-35;CONSTRUTORA TENDA S.A.;Conselho Fiscal;2023;120000.0;120000.0;120000.0;3.0;3.0;360000.0;2026;120000.0;;False;2026;2026-12-31;6;160935;RealEstate;Tenda;
71.476.527/0001-35;CONSTRUTORA TENDA S.A.;Conselho Fiscal;2024;120000.0;120000.0;120000.0;3.0;3.0;360000.0;2026;120000.0;;False;2026;2026-12-31;6;160935;RealEstate;Tenda;
71.476.527/0001-35;CONSTRUTORA TENDA S.A.;Conselho Fiscal;2025;120000.0;120000.0;120000.0;3.0;3.0;360000.0;2026;120000.0;;False;2026;2026-12-31;6;160935;RealEstate;Tenda;
02.429.144/0001-93;CPFL ENERGIA S.A.;Diretoria Estatutária;2015;10186000.0;2036000.0;166000.0;6.67;6.67;13584000.0;2018;2036581.7091454272;;False;2018;2018-01-01;8;83608;Utilities;CPFL;
02.429.144/0001-93;CPFL ENERGIA S.A.;Diretoria Estatutária;2016;8808000.0;3839000.0;158000.0;7.0;7.0;26875000.0;2019;3839285.714285714;;False;2019;2019-01-01;11;90593;Utilities;CPFL;
02.429.144/0001-93;CPFL ENERGIA S.A.;Diretoria Estatutária;2017;9701000.0;4371000.0;256000.0;7.42;6.25;27321000.0;2020;4371360.0;;False;2020;2020-01-01;9;104791;Utilities;CPFL;
02.429.144/0001-93;CPFL ENERGIA S.A.;Diretoria Estatutária;2018;8280000.0;3743000.0;231000.0;8.25;7.67;28708000.0;2021;3742894.393741851;;False;2021;2021-01-01;5;115542;Utilities;CPFL;
02.429.144/0001-93;CPFL ENERGIA S.A.;Diretoria Estatutária;2019;8484000.0;4922000.0;419000.0;9.33;6.75;32104000.0;2022;4756148.148148148;media != total/n_remunerados;False;2022;2022-01-01;11;127220;Utilities;CPFL;
02.429.144/0001-93;CPFL ENERGIA S.A.;Diretoria Estatutária;2020;6849000.0;2808000.0;144000.0;9.0;8.17;22931000.0;2023;2806731.946144431;;False;2023;2023-12-31;6;137649;Utilities;CPFL;
02.429.144/0001-93;CPFL ENERGIA S.A.;Diretoria Estatutária;2021;6740696.27;3005850.0;161387.31;8.0;6.0;18035100.0;2024;3005850.0;;False;2024;2024-12-31;5;148068;Utilities;CPFL;
02.429.144/0001-93;CPFL ENERGIA S.A.;Diretoria Estatutária;2022;9379635.3;4425503.0;252127.08;8.0;6.0;26553016.32;2025;4425502.72;;False;2025;2025-12-31;7;156677;Utilities;CPFL;
02.429.144/0001-93;CPFL ENERGIA S.A.;Diretoria Estatutária;2023;9198524.94;4454632.6;249205.42;8.0;6.0;26727795.58;2026;4454632.596666667;;False;2026;2026-12-31;2;158929;Utilities;CPFL;
02.429.144/0001-93;CPFL ENERGIA S.A.;Diretoria Estatutária;2024;7984500.86;3847024.43;390559.61;8.0;6.0;23132260.59;2026;3855376.765;;False;2026;2026-12-31;2;158929;Utilities;CPFL;
02.429.144/0001-93;CPFL ENERGIA S.A.;Diretoria Estatutária;2025;9421176.11;4122043.42;297249.24;7.75;5.75;24863955.39;2026;4324166.154782609;media != total/n_remunerados;False;2026;2026-12-31;2;158929;Utilities;CPFL;
02.429.144/0001-93;CPFL ENERGIA S.A.;Conselho de Administração;2015;428000.0;282000.0;257000.0;7.0;7.0;1971000.0;2018;281571.4285714286;;False;2018;2018-01-01;8;83608;Utilities;CPFL;
02.429.144/0001-93;CPFL ENERGIA S.A.;Conselho de Administração;2016;467000.0;304000.0;280000.0;7.0;7.0;2125000.0;2019;303571.4285714286;;False;2019;2019-01-01;11;90593;Utilities;CPFL;
02.429.144/0001-93;CPFL ENERGIA S.A.;Conselho de Administração;2017;272000.0;289000.0;272000.0;7.0;2.67;772000.0;2020;289138.57677902625;media fora do intervalo min-max;False;2020;2020-01-01;9;104791;Utilities;CPFL;
02.429.144/0001-93;CPFL ENERGIA S.A.;Conselho de Administração;2018;308000.0;307000.0;306000.0;7.0;2.0;619000.0;2021;309500.0;;False;2021;2021-01-01;5;115542;Utilities;CPFL;
02.429.144/0001-93;CPFL ENERGIA S.A.;Conselho de Administração;2019;310000.0;256000.0;166000.0;8.33;2.5;767000.0;2022;306800.0;media != total/n_remunerados;False;2022;2022-01-01;11;127220;Utilities;CPFL;
02.429.144/0001-93;CPFL ENERGIA S.A.;Conselho de Administração;2020;274000.0;237000.0;163000.0;7.0;3.0;712000.0;2023;237333.33333333334;;False;2023;2023-12-31;6;137649;Utilities;CPFL;
02.429.144/0001-93;CPFL ENERGIA S.A.;Conselho de Administração;2021;354398.4;314997.0;131194.0;7.0;2.67;803991.0;2024;301120.22471910116;media != total/n_remunerados;False;2024;2024-12-31;5;148068;Utilities;CPFL;
02.429.144/0001-93;CPFL ENERGIA S.A.;Conselho de Administração;2022;392121.0;392121.0;392121.0;7.0;2.0;766242.8;2025;383121.4;media != total/n_remunerados;False;2025;2025-12-31;7;156677;Utilities;CPFL;
02.429.144/0001-93;CPFL ENERGIA S.A.;Conselho de Administração;2023;415637.6;415637.6;415637.6;7.0;2.0;831275.2;2026;415637.6;;False;2026;2026-12-31;2;158929;Utilities;CPFL;
02.429.144/0001-93;CPFL ENERGIA S.A.;Conselho de Administração;2024;421278.0;421278.0;421278.0;7.0;2.0;792646.4;2026;396323.2;media != total/n_remunerados;False;2026;2026-12-31;2;158929;Utilities;CPFL;
02.429.144/0001-93;CPFL ENERGIA S.A.;Conselho de Administração;2025;447626.0;447626.0;447626.0;7.0;2.0;895252.0;2026;447626.0;;False;2026;2026-12-31;2;158929;Utilities;CPFL;
02.429.144/0001-93;CPFL ENERGIA S.A.;Conselho Fiscal;2015;173000.0;173000.0;173000.0;5.0;5.0;864000.0;2018;172800.0;;False;2018;2018-01-01;8;83608;Utilities;CPFL;
02.429.144/0001-93;CPFL ENERGIA S.A.;Conselho Fiscal;2016;188000.0;193000.0;188000.0;4.92;4.92;948000.0;2019;192682.92682926828;media fora do intervalo min-max;False;2019;2019-01-01;11;90593;Utilities;CPFL;
02.429.144/0001-93;CPFL ENERGIA S.A.;Conselho Fiscal;2017;135000.0;194000.0;135000.0;4.67;1.36;266000.0;2020;195588.23529411762;media fora do intervalo min-max;False;2020;2020-01-01;9;104791;Utilities;CPFL;
02.429.144/0001-93;CPFL ENERGIA S.A.;Conselho Fiscal;2018;206000.0;169000.0;77000.0;4.5;1.67;283000.0;2021;169461.0778443114;;False;2021;2021-01-01;5;115542;Utilities;CPFL;
02.429.144/0001-93;CPFL ENERGIA S.A.;Conselho Fiscal;2019;152000.0;111000.0;67000.0;3.0;2.0;335000.0;2022;167500.0;media != total/n_remunerados;False;2022;2022-01-01;11;127220;Utilities;CPFL;
02.429.144/0001-93;CPFL ENERGIA S.A.;Conselho Fiscal;2020;185000.0;152000.0;17000.0;3.0;1.0;240000.0;2023;240000.0;media != total/n_remunerados;False;2023;2023-12-31;6;137649;Utilities;CPFL;
02.429.144/0001-93;CPFL ENERGIA S.A.;Conselho Fiscal;2021;134749.44;140834.0;62151.96;3.0;2.33;328614.0;2024;141036.0515021459;media fora do intervalo min-max;False;2024;2024-12-31;5;148068;Utilities;CPFL;
02.429.144/0001-93;CPFL ENERGIA S.A.;Conselho Fiscal;2022;197568.0;172244.0;146918.0;3.0;2.0;344487.16;2025;172243.58;;False;2025;2025-12-31;7;156677;Utilities;CPFL;
02.429.144/0001-93;CPFL ENERGIA S.A.;Conselho Fiscal;2023;155948.32;179514.34;83009.22;3.0;2.0;359028.68;2026;179514.34;media fora do intervalo min-max;False;2026;2026-12-31;2;158929;Utilities;CPFL;
02.429.144/0001-93;CPFL ENERGIA S.A.;Conselho Fiscal;2024;158064.6;181950.42;137224.16;3.0;2.0;363900.84;2026;181950.42;media fora do intervalo min-max;False;2026;2026-12-31;2;158929;Utilities;CPFL;
02.429.144/0001-93;CPFL ENERGIA S.A.;Conselho Fiscal;2025;213424.72;188658.3;163891.88;3.0;2.0;377316.6;2026;188658.3;;False;2026;2026-12-31;2;158929;Utilities;CPFL;
73.178.600/0001-18;CYRELA BRAZIL REALTY S.A.EMPREEND E PART;Diretoria Estatutária;2009;2205826.0;1454833.0;230633.0;6.0;0.0;8729000.0;2010;;;False;2010;2010-01-01;13;6964;RealEstate;Cyrela;
73.178.600/0001-18;CYRELA BRAZIL REALTY S.A.EMPREEND E PART;Diretoria Estatutária;2010;695248.0;457664.0;220080.0;6.25;0.0;6658634.0;2013;;;False;2013;2013-01-01;12;37384;RealEstate;Cyrela;
73.178.600/0001-18;CYRELA BRAZIL REALTY S.A.EMPREEND E PART;Diretoria Estatutária;2011;759208.0;535612.0;236236.0;7.4;0.0;8937711.0;2014;;;False;2014;2014-01-01;12;46459;RealEstate;Cyrela;
73.178.600/0001-18;CYRELA BRAZIL REALTY S.A.EMPREEND E PART;Diretoria Estatutária;2012;3502153.0;2108987.0;332729.0;6.8;0.0;14341109.0;2015;;;False;2015;2015-01-01;11;55606;RealEstate;Cyrela;
73.178.600/0001-18;CYRELA BRAZIL REALTY S.A.EMPREEND E PART;Diretoria Estatutária;2013;11558863.0;4784772.0;1065905.0;6.1;6.1;29187112.0;2016;4784772.459016394;;False;2016;2016-01-01;12;65346;RealEstate;Cyrela;
73.178.600/0001-18;CYRELA BRAZIL REALTY S.A.EMPREEND E PART;Diretoria Estatutária;2014;4057821.91;3688292.16;545242.22;5.7;5.7;21023265.33;2017;3688292.1631578943;;False;2017;2017-01-01;13;74032;RealEstate;Cyrela;
73.178.600/0001-18;CYRELA BRAZIL REALTY S.A.EMPREEND E PART;Diretoria Estatutária;2015;3693531.0;953094.41;1334872.0;6.0;6.0;5718566.48;2018;953094.4133333334;media fora do intervalo min-max;False;2018;2018-01-01;9;82931;RealEstate;Cyrela;
73.178.600/0001-18;CYRELA BRAZIL REALTY S.A.EMPREEND E PART;Diretoria Estatutária;2016;3037024.0;1810982.45;658365.0;5.67;5.67;10322599.99;2019;1820564.372134039;;False;2019;2019-01-01;12;94181;RealEstate;Cyrela;
73.178.600/0001-18;CYRELA BRAZIL REALTY S.A.EMPREEND E PART;Diretoria Estatutária;2017;2287483.84;1150121.74;327671.91;6.08;6.08;8042582.61;2020;1322793.1924342106;media != total/n_remunerados;False;2020;2020-01-01;8;103179;RealEstate;Cyrela;
73.178.600/0001-18;CYRELA BRAZIL REALTY S.A.EMPREEND E PART;Diretoria Estatutária;2018;1508401.0;1141303.94;272213.0;5.8;5.8;6619562.86;2021;1141303.9413793103;;False;2021;2021-01-01;11;114178;RealEstate;Cyrela;
73.178.600/0001-18;CYRELA BRAZIL REALTY S.A.EMPREEND E PART;Diretoria Estatutária;2019;1400236.46;934393.86;550092.5;5.0;5.0;6420746.11;2022;1284149.222;media != total/n_remunerados;False;2022;2022-01-01;11;125767;RealEstate;Cyrela;
73.178.600/0001-18;CYRELA BRAZIL REALTY S.A.EMPREEND E PART;Diretoria Estatutária;2020;3684899.49;1854768.87;772181.66;5.0;5.0;8766453.96;2023;1753290.7920000001;media != total/n_remunerados;False;2023;2023-12-31;6;137801;RealEstate;Cyrela;
73.178.600/0001-18;CYRELA BRAZIL REALTY S.A.EMPREEND E PART;Diretoria Estatutária;2021;5997385.0;1854768.87;982287.09;5.7;5.7;20082280.3;2024;3523207.0701754387;media != total/n_remunerados;False;2024;2024-12-31;12;147752;RealEstate;Cyrela;
73.178.600/0001-18;CYRELA BRAZIL REALTY S.A.EMPREEND E PART;Diretoria Estatutária;2022;7622314.27;3347046.65;1163497.92;6.0;6.0;27131308.69;2025;4521884.781666667;media != total/n_remunerados;False;2025;2025-12-31;9;157212;RealEstate;Cyrela;
73.178.600/0001-18;CYRELA BRAZIL REALTY S.A.EMPREEND E PART;Diretoria Estatutária;2023;8546002.36;4341353.03;1604075.08;6.0;6.0;26048118.17;2026;4341353.028333333;;False;2026;2026-12-31;6;161016;RealEstate;Cyrela;
73.178.600/0001-18;CYRELA BRAZIL REALTY S.A.EMPREEND E PART;Diretoria Estatutária;2024;10096371.22;4815663.2;905268.62;6.0;6.0;28893979.21;2026;4815663.201666667;;False;2026;2026-12-31;6;161016;RealEstate;Cyrela;
73.178.600/0001-18;CYRELA BRAZIL REALTY S.A.EMPREEND E PART;Diretoria Estatutária;2025;10198124.29;4646840.84;1639819.61;6.0;6.0;27881045.03;2026;4646840.838333334;;False;2026;2026-12-31;6;161016;RealEstate;Cyrela;
73.178.600/0001-18;CYRELA BRAZIL REALTY S.A.EMPREEND E PART;Conselho de Administração;2009;132812.0;122398.0;109896.0;4.34;0.0;531206.0;2010;;;False;2010;2010-01-01;13;6964;RealEstate;Cyrela;
73.178.600/0001-18;CYRELA BRAZIL REALTY S.A.EMPREEND E PART;Conselho de Administração;2010;660000.0;397737.0;135474.0;5.16;0.0;1244157.0;2013;;;False;2013;2013-01-01;12;37384;RealEstate;Cyrela;
73.178.600/0001-18;CYRELA BRAZIL REALTY S.A.EMPREEND E PART;Conselho de Administração;2011;154268.0;151322.0;144000.0;4.8;0.0;627256.0;2014;;;False;2014;2014-01-01;12;46459;RealEstate;Cyrela;
73.178.600/0001-18;CYRELA BRAZIL REALTY S.A.EMPREEND E PART;Conselho de Administração;2012;859559.0;445545.0;105360.0;4.7;0.0;2094063.0;2015;;;False;2015;2015-01-01;11;55606;RealEstate;Cyrela;
73.178.600/0001-18;CYRELA BRAZIL REALTY S.A.EMPREEND E PART;Conselho de Administração;2013;2055944.0;1099770.0;192000.0;4.1;4.1;4509058.0;2016;1099770.243902439;;False;2016;2016-01-01;12;65346;RealEstate;Cyrela;
73.178.600/0001-18;CYRELA BRAZIL REALTY S.A.EMPREEND E PART;Conselho de Administração;2014;273465.0;269033.14;153600.0;5.3;5.3;1425875.66;2017;269033.1433962264;;False;2017;2017-01-01;13;74032;RealEstate;Cyrela;
73.178.600/0001-18;CYRELA BRAZIL REALTY S.A.EMPREEND E PART;Conselho de Administração;2015;281749.0;639167.6;122151.0;6.5;5.5;3515421.82;2018;639167.6036363636;media fora do intervalo min-max;False;2018;2018-01-01;9;82931;RealEstate;Cyrela;
73.178.600/0001-18;CYRELA BRAZIL REALTY S.A.EMPREEND E PART;Conselho de Administração;2016;2824863.0;767433.16;236972.0;6.0;5.0;3837165.82;2019;767433.164;;False;2019;2019-01-01;12;94181;RealEstate;Cyrela;
73.178.600/0001-18;CYRELA BRAZIL REALTY S.A.EMPREEND E PART;Conselho de Administração;2017;3170262.45;664698.08;96092.0;7.5;6.83;4519946.98;2020;661778.4743777453;;False;2020;2020-01-01;8;103179;RealEstate;Cyrela;
73.178.600/0001-18;CYRELA BRAZIL REALTY S.A.EMPREEND E PART;Conselho de Administração;2018;3351942.0;746703.86;243636.0;7.8;6.8;5077586.25;2021;746703.8602941177;;False;2021;2021-01-01;11;114178;RealEstate;Cyrela;
73.178.600/0001-18;CYRELA BRAZIL REALTY S.A.EMPREEND E PART;Conselho de Administração;2019;3300613.65;680144.21;204228.02;7.0;7.0;4761009.45;2022;680144.2071428571;;False;2022;2022-01-01;11;125767;RealEstate;Cyrela;
73.178.600/0001-18;CYRELA BRAZIL REALTY S.A.EMPREEND E PART;Conselho de Administração;2020;3370701.0;833170.01;384533.28;7.0;7.0;5493576.08;2023;784796.5828571429;media != total/n_remunerados;False;2023;2023-12-31;6;137801;RealEstate;Cyrela;
73.178.600/0001-18;CYRELA BRAZIL REALTY S.A.EMPREEND E PART;Conselho de Administração;2021;1589332.95;478382.61;216851.89;7.7;7.7;3827060.88;2024;497020.8935064935;media != total/n_remunerados;False;2024;2024-12-31;12;147752;RealEstate;Cyrela;
73.178.600/0001-18;CYRELA BRAZIL REALTY S.A.EMPREEND E PART;Conselho de Administração;2022;1623794.39;505716.93;324854.97;8.0;8.0;4045735.47;2025;505716.93375;;False;2025;2025-12-31;9;157212;RealEstate;Cyrela;
73.178.600/0001-18;CYRELA BRAZIL REALTY S.A.EMPREEND E PART;Conselho de Administração;2023;1825366.03;537055.29;276728.31;9.0;9.0;4833497.64;2026;537055.2933333333;;False;2026;2026-12-31;6;161016;RealEstate;Cyrela;
73.178.600/0001-18;CYRELA BRAZIL REALTY S.A.EMPREEND E PART;Conselho de Administração;2024;2522536.96;617812.4;290772.34;8.58;8.58;5302889.78;2026;618052.4219114219;;False;2026;2026-12-31;6;161016;RealEstate;Cyrela;
73.178.600/0001-18;CYRELA BRAZIL REALTY S.A.EMPREEND E PART;Conselho de Administração;2025;2099600.87;627000.62;296781.08;9.83;9.83;6165506.13;2026;627213.2380467955;;False;2026;2026-12-31;6;161016;RealEstate;Cyrela;
73.178.600/0001-18;CYRELA BRAZIL REALTY S.A.EMPREEND E PART;Conselho Fiscal;2018;38760.48;38760.48;38760.48;6.0;3.0;116281.44;2021;38760.48;;False;2021;2021-01-01;11;114178;RealEstate;Cyrela;
73.178.600/0001-18;CYRELA BRAZIL REALTY S.A.EMPREEND E PART;Conselho Fiscal;2019;48450.6;48450.6;48450.6;6.0;3.0;145351.8;2022;48450.6;;False;2022;2022-01-01;11;125767;RealEstate;Cyrela;
73.178.600/0001-18;CYRELA BRAZIL REALTY S.A.EMPREEND E PART;Conselho Fiscal;2020;58140.72;58140.72;58140.72;6.0;3.0;145351.8;2023;48450.6;media != total/n_remunerados;False;2023;2023-12-31;6;137801;RealEstate;Cyrela;
73.178.600/0001-18;CYRELA BRAZIL REALTY S.A.EMPREEND E PART;Conselho Fiscal;2021;48450.6;48450.6;48450.6;6.0;3.0;145351.8;2024;48450.6;;False;2024;2024-12-31;12;147752;RealEstate;Cyrela;
73.178.600/0001-18;CYRELA BRAZIL REALTY S.A.EMPREEND E PART;Conselho Fiscal;2022;24225.3;24225.3;24225.3;3.0;1.5;72675.9;2025;48450.6;media != total/n_remunerados;False;2025;2025-12-31;9;157212;RealEstate;Cyrela;
73.178.600/0001-18;CYRELA BRAZIL REALTY S.A.EMPREEND E PART;Conselho Fiscal;2023;48450.6;48450.6;48450.6;6.0;3.0;145351.8;2026;48450.6;;False;2026;2026-12-31;6;161016;RealEstate;Cyrela;
73.178.600/0001-18;CYRELA BRAZIL REALTY S.A.EMPREEND E PART;Conselho Fiscal;2024;48450.6;48450.6;48450.6;3.0;3.0;145352.0;2026;48450.666666666664;;False;2026;2026-12-31;6;161016;RealEstate;Cyrela;
73.178.600/0001-18;CYRELA BRAZIL REALTY S.A.EMPREEND E PART;Conselho Fiscal;2025;20187.75;20187.75;20187.75;1.25;1.25;60563.25;2026;48450.6;media != total/n_remunerados;False;2026;2026-12-31;6;161016;RealEstate;Cyrela;
92.665.611/0001-77;DIMED S.A. DISTRIBUIDORA DE MEDICAMENTOS;Diretoria Estatutária;2007;194643.36;176728.67;172250.0;5.0;0.0;2036184.62;2010;;;False;2010;2010-01-01;1;2389;Retail;Panvel;
92.665.611/0001-77;DIMED S.A. DISTRIBUIDORA DE MEDICAMENTOS;Diretoria Estatutária;2008;205743.36;189948.67;186000.0;5.0;0.0;1908748.62;2011;;;False;2011;2011-01-01;3;16918;Retail;Panvel;
92.665.611/0001-77;DIMED S.A. DISTRIBUIDORA DE MEDICAMENTOS;Diretoria Estatutária;2009;224844.0;206248.8;201600.0;5.0;0.0;2784985.08;2012;;;False;2012;2012-01-01;4;26759;Retail;Panvel;
92.665.611/0001-77;DIMED S.A. DISTRIBUIDORA DE MEDICAMENTOS;Diretoria Estatutária;2010;590144.0;518494.0;460392.0;6.0;0.0;6219087.96;2013;;;False;2013;2013-01-01;3;33709;Retail;Panvel;
92.665.611/0001-77;DIMED S.A. DISTRIBUIDORA DE MEDICAMENTOS;Diretoria Estatutária;2011;347232.0;322658.0;313376.0;6.0;0.0;3871906.0;2014;;;False;2014;2014-01-01;5;43264;Retail;Panvel;
92.665.611/0001-77;DIMED S.A. DISTRIBUIDORA DE MEDICAMENTOS;Diretoria Estatutária;2012;714992.48;638953.11;610104.88;6.0;0.0;6346948.68;2015;;;False;2015;2015-01-01;5;55922;Retail;Panvel;
92.665.611/0001-77;DIMED S.A. DISTRIBUIDORA DE MEDICAMENTOS;Diretoria Estatutária;2013;840432.0;746497.98;709144.0;6.0;0.0;7759945.05;2016;;;False;2016;2016-01-01;6;65073;Retail;Panvel;
92.665.611/0001-77;DIMED S.A. DISTRIBUIDORA DE MEDICAMENTOS;Diretoria Estatutária;2014;880039.76;802187.91;744347.48;5.0;5.0;5747508.72;2017;1149501.744;media != total/n_remunerados;False;2017;2017-01-01;5;73989;Retail;Panvel;
92.665.611/0001-77;DIMED S.A. DISTRIBUIDORA DE MEDICAMENTOS;Diretoria Estatutária;2015;941921.56;866363.0;697719.68;5.0;5.0;6145885.92;2018;1229177.184;media != total/n_remunerados;False;2018;2018-01-01;9;82934;Retail;Panvel;
92.665.611/0001-77;DIMED S.A. DISTRIBUIDORA DE MEDICAMENTOS;Diretoria Estatutária;2016;979890.8;664437.65;417672.0;6.0;6.0;7401006.06;2019;1233501.01;media != total/n_remunerados;False;2019;2019-01-01;4;92435;Retail;Panvel;
92.665.611/0001-77;DIMED S.A. DISTRIBUIDORA DE MEDICAMENTOS;Diretoria Estatutária;2017;1944494.76;1423115.55;704223.0;5.0;5.0;7115577.77;2020;1423115.554;;False;2020;2020-01-01;12;103126;Retail;Panvel;
92.665.611/0001-77;DIMED S.A. DISTRIBUIDORA DE MEDICAMENTOS;Diretoria Estatutária;2018;2284343.62;1398901.01;822781.0;4.0;4.0;5595604.3;2020;1398901.075;;False;2020;2020-01-01;12;103126;Retail;Panvel;
92.665.611/0001-77;DIMED S.A. DISTRIBUIDORA DE MEDICAMENTOS;Diretoria Estatutária;2019;2630714.02;1902041.3;936958.0;3.0;3.0;5706123.89;2022;1902041.2966666666;;False;2022;2022-01-01;2;123241;Retail;Panvel;
92.665.611/0001-77;DIMED S.A. DISTRIBUIDORA DE MEDICAMENTOS;Diretoria Estatutária;2020;3715452.71;2428054.53;1518870.84;3.0;3.0;7284163.6;2023;2428054.533333333;;False;2023;2023-12-31;5;133204;Retail;Panvel;
92.665.611/0001-77;DIMED S.A. DISTRIBUIDORA DE MEDICAMENTOS;Diretoria Estatutária;2021;2560562.56;1749325.45;1195613.03;3.0;3.0;7997111.0;2024;2665703.6666666665;media != total/n_remunerados;False;2024;2024-12-31;5;147972;Retail;Panvel;
92.665.611/0001-77;DIMED S.A. DISTRIBUIDORA DE MEDICAMENTOS;Diretoria Estatutária;2022;4350023.62;2639517.24;1543594.15;3.0;3.0;7267602.69;2025;2422534.23;media != total/n_remunerados;False;2025;2025-12-31;4;155346;Retail;Panvel;
92.665.611/0001-77;DIMED S.A. DISTRIBUIDORA DE MEDICAMENTOS;Diretoria Estatutária;2023;5633834.75;2708986.38;298455.0;3.0;3.0;6974806.62;2026;2324935.54;media != total/n_remunerados;False;2026;2026-12-31;4;159565;Retail;Panvel;
92.665.611/0001-77;DIMED S.A. DISTRIBUIDORA DE MEDICAMENTOS;Diretoria Estatutária;2024;7262119.2;4411016.39;2501098.81;3.0;3.0;8592879.57;2026;2864293.19;media != total/n_remunerados;False;2026;2026-12-31;4;159565;Retail;Panvel;
92.665.611/0001-77;DIMED S.A. DISTRIBUIDORA DE MEDICAMENTOS;Conselho de Administração;2007;22256.64;22256.64;22256.64;3.0;0.0;66769.92;2010;;;False;2010;2010-01-01;1;2389;Retail;Panvel;
92.665.611/0001-77;DIMED S.A. DISTRIBUIDORA DE MEDICAMENTOS;Conselho de Administração;2008;22256.64;22256.64;22256.64;3.0;0.0;66769.92;2011;;;False;2011;2011-01-01;3;16918;Retail;Panvel;
92.665.611/0001-77;DIMED S.A. DISTRIBUIDORA DE MEDICAMENTOS;Conselho de Administração;2009;22356.0;22356.0;22356.0;3.0;0.0;67068.0;2012;;;False;2012;2012-01-01;4;26759;Retail;Panvel;
92.665.611/0001-77;DIMED S.A. DISTRIBUIDORA DE MEDICAMENTOS;Conselho de Administração;2010;60000.0;38400.0;31200.0;4.0;0.0;153600.0;2013;;;False;2013;2013-01-01;3;33709;Retail;Panvel;
92.665.611/0001-77;DIMED S.A. DISTRIBUIDORA DE MEDICAMENTOS;Conselho de Administração;2011;96000.0;49038.0;33384.0;4.0;0.0;198389.0;2014;;;False;2014;2014-01-01;5;43264;Retail;Panvel;
92.665.611/0001-77;DIMED S.A. DISTRIBUIDORA DE MEDICAMENTOS;Conselho de Administração;2012;97000.0;51761.5;36682.0;4.0;0.0;207046.0;2015;;;False;2015;2015-01-01;5;55922;Retail;Panvel;
92.665.611/0001-77;DIMED S.A. DISTRIBUIDORA DE MEDICAMENTOS;Conselho de Administração;2013;97000.0;53608.5;39478.0;4.0;0.0;214434.0;2016;;;False;2016;2016-01-01;6;65073;Retail;Panvel;
92.665.611/0001-77;DIMED S.A. DISTRIBUIDORA DE MEDICAMENTOS;Conselho de Administração;2014;91500.0;48122.5;33663.0;4.0;4.0;192490.0;2017;48122.5;;False;2017;2017-01-01;5;73989;Retail;Panvel;
92.665.611/0001-77;DIMED S.A. DISTRIBUIDORA DE MEDICAMENTOS;Conselho de Administração;2015;98819.0;51972.0;78000.0;4.0;4.0;207889.2;2018;51972.3;media fora do intervalo min-max;False;2018;2018-01-01;9;82934;Retail;Panvel;
92.665.611/0001-77;DIMED S.A. DISTRIBUIDORA DE MEDICAMENTOS;Conselho de Administração;2016;823846.52;307652.62;78000.0;5.0;5.0;1538263.12;2019;307652.624;;False;2019;2019-01-01;4;92435;Retail;Panvel;
92.665.611/0001-77;DIMED S.A. DISTRIBUIDORA DE MEDICAMENTOS;Conselho de Administração;2017;2253776.0;860535.1;78000.0;5.0;5.0;4302675.5;2020;860535.1;;False;2020;2020-01-01;12;103126;Retail;Panvel;
92.665.611/0001-77;DIMED S.A. DISTRIBUIDORA DE MEDICAMENTOS;Conselho de Administração;2018;1555659.6;629595.24;78000.0;5.0;5.0;3147976.22;2020;629595.2440000001;;False;2020;2020-01-01;12;103126;Retail;Panvel;
92.665.611/0001-77;DIMED S.A. DISTRIBUIDORA DE MEDICAMENTOS;Conselho de Administração;2019;1741992.92;806127.52;78000.0;5.0;5.0;4030637.61;2022;806127.522;;False;2022;2022-01-01;2;123241;Retail;Panvel;
92.665.611/0001-77;DIMED S.A. DISTRIBUIDORA DE MEDICAMENTOS;Conselho de Administração;2020;948262.7;506395.72;180000.0;5.0;4.0;2531978.58;2023;632994.645;media != total/n_remunerados;False;2023;2023-12-31;5;133204;Retail;Panvel;
92.665.611/0001-77;DIMED S.A. DISTRIBUIDORA DE MEDICAMENTOS;Conselho de Administração;2021;980598.32;534409.63;75000.0;6.0;5.0;2879532.0;2024;575906.4;media != total/n_remunerados;False;2024;2024-12-31;5;147972;Retail;Panvel;
92.665.611/0001-77;DIMED S.A. DISTRIBUIDORA DE MEDICAMENTOS;Conselho de Administração;2022;1062239.0;587601.0;180000.0;6.0;6.0;2938007.0;2025;489667.8333333333;media != total/n_remunerados;False;2025;2025-12-31;4;155346;Retail;Panvel;
92.665.611/0001-77;DIMED S.A. DISTRIBUIDORA DE MEDICAMENTOS;Conselho de Administração;2023;1160112.0;634293.2;150000.0;6.0;5.0;3171466.0;2026;634293.2;;False;2026;2026-12-31;4;159565;Retail;Panvel;
92.665.611/0001-77;DIMED S.A. DISTRIBUIDORA DE MEDICAMENTOS;Conselho de Administração;2024;1227030.0;657338.0;180000.0;6.0;5.0;3286690.0;2026;657338.0;;False;2026;2026-12-31;4;159565;Retail;Panvel;
92.665.611/0001-77;DIMED S.A. DISTRIBUIDORA DE MEDICAMENTOS;Conselho Fiscal;2007;18210.0;18210.0;18210.0;3.0;0.0;54630.0;2010;;;False;2010;2010-01-01;1;2389;Retail;Panvel;
92.665.611/0001-77;DIMED S.A. DISTRIBUIDORA DE MEDICAMENTOS;Conselho Fiscal;2008;19560.0;19560.0;19560.0;3.0;0.0;58680.0;2011;;;False;2011;2011-01-01;3;16918;Retail;Panvel;
92.665.611/0001-77;DIMED S.A. DISTRIBUIDORA DE MEDICAMENTOS;Conselho Fiscal;2009;21450.0;21450.0;21450.0;3.0;0.0;64350.0;2012;;;False;2012;2012-01-01;4;26759;Retail;Panvel;
92.665.611/0001-77;DIMED S.A. DISTRIBUIDORA DE MEDICAMENTOS;Conselho Fiscal;2010;52363.0;52363.0;52363.0;3.0;0.0;157089.0;2013;;;False;2013;2013-01-01;3;33709;Retail;Panvel;
92.665.611/0001-77;DIMED S.A. DISTRIBUIDORA DE MEDICAMENTOS;Conselho Fiscal;2011;31779.0;31779.0;31779.0;3.0;0.0;95337.0;2014;;;False;2014;2014-01-01;5;43264;Retail;Panvel;
92.665.611/0001-77;DIMED S.A. DISTRIBUIDORA DE MEDICAMENTOS;Conselho Fiscal;2012;65729.0;65729.0;65729.0;3.0;0.0;197188.32;2015;;;False;2015;2015-01-01;5;55922;Retail;Panvel;
92.665.611/0001-77;DIMED S.A. DISTRIBUIDORA DE MEDICAMENTOS;Conselho Fiscal;2013;76606.0;76606.0;76606.0;3.0;0.0;229819.0;2016;;;False;2016;2016-01-01;6;65073;Retail;Panvel;
92.665.611/0001-77;DIMED S.A. DISTRIBUIDORA DE MEDICAMENTOS;Conselho Fiscal;2014;72000.0;72000.0;72000.0;3.0;3.0;216000.0;2017;72000.0;;False;2017;2017-01-01;5;73989;Retail;Panvel;
92.665.611/0001-77;DIMED S.A. DISTRIBUIDORA DE MEDICAMENTOS;Conselho Fiscal;2015;77760.0;77760.0;77760.0;3.0;3.0;233280.0;2018;77760.0;;False;2018;2018-01-01;9;82934;Retail;Panvel;
92.665.611/0001-77;DIMED S.A. DISTRIBUIDORA DE MEDICAMENTOS;Conselho Fiscal;2016;24000.0;24000.0;24000.0;3.0;3.0;72000.0;2019;24000.0;;False;2019;2019-01-01;4;92435;Retail;Panvel;
16.614.075/0001-00;DIRECIONAL ENGENHARIA S.A.;Diretoria Estatutária;2008;0.0;0.0;0.0;0.0;0.0;;;;;False;2010;2010-01-01;10;5048;RealEstate;Direcional;
16.614.075/0001-00;DIRECIONAL ENGENHARIA S.A.;Diretoria Estatutária;2009;2320013.0;1315590.1;240000.0;4.33;0.0;5696505.0;2011;;;False;2012;2012-01-01;8;28083;RealEstate;Direcional;
16.614.075/0001-00;DIRECIONAL ENGENHARIA S.A.;Diretoria Estatutária;2010;2880711.0;1289448.0;382000.0;5.25;0.0;6769602.0;2013;;;False;2013;2013-01-01;2;37313;RealEstate;Direcional;
16.614.075/0001-00;DIRECIONAL ENGENHARIA S.A.;Diretoria Estatutária;2011;1980000.0;1647248.4;840000.0;5.0;0.0;8236242.0;2014;;;False;2014;2014-01-01;8;47597;RealEstate;Direcional;
16.614.075/0001-00;DIRECIONAL ENGENHARIA S.A.;Diretoria Estatutária;2012;960859.0;2089652.82;389400.0;4.33;0.0;9048196.7;2015;;media fora do intervalo min-max;False;2015;2015-01-01;4;55858;RealEstate;Direcional;
16.614.075/0001-00;DIRECIONAL ENGENHARIA S.A.;Diretoria Estatutária;2013;2572360.44;1233729.26;413804.54;4.0;4.0;4934917.05;2016;1233729.2625;;False;2016;2016-01-01;9;65794;RealEstate;Direcional;
16.614.075/0001-00;DIRECIONAL ENGENHARIA S.A.;Diretoria Estatutária;2014;1778606.4;1036218.89;472899.61;4.25;4.25;4403930.27;2017;1036218.8870588234;;False;2017;2017-01-01;9;74012;RealEstate;Direcional;
16.614.075/0001-00;DIRECIONAL ENGENHARIA S.A.;Diretoria Estatutária;2015;703052.21;587531.25;476252.21;4.0;4.0;2350125.0;2018;587531.25;;False;2018;2018-01-01;7;83866;RealEstate;Direcional;
16.614.075/0001-00;DIRECIONAL ENGENHARIA S.A.;Diretoria Estatutária;2016;583295.52;516225.67;481866.39;4.0;4.0;2064902.69;2019;516225.6725;;False;2019;2019-01-01;9;92406;RealEstate;Direcional;
16.614.075/0001-00;DIRECIONAL ENGENHARIA S.A.;Diretoria Estatutária;2017;2607251.49;1268024.88;469232.5;4.0;4.0;5072099.5;2020;1268024.875;;False;2020;2020-01-01;8;104609;RealEstate;Direcional;
16.614.075/0001-00;DIRECIONAL ENGENHARIA S.A.;Diretoria Estatutária;2018;1889925.79;1046456.0;488087.61;4.0;4.0;4185834.14;2021;1046458.535;;False;2021;2021-01-01;6;114519;RealEstate;Direcional;
16.614.075/0001-00;DIRECIONAL ENGENHARIA S.A.;Diretoria Estatutária;2019;1561530.0;1147259.07;921815.07;4.75;4.75;5661028.61;2022;1191795.4968421054;media != total/n_remunerados;False;2022;2022-01-01;8;127348;RealEstate;Direcional;
16.614.075/0001-00;DIRECIONAL ENGENHARIA S.A.;Diretoria Estatutária;2020;1465036.91;827506.7;557235.3;4.83;4.83;3999615.73;2023;828077.7908902691;;False;2023;2023-12-31;10;137670;RealEstate;Direcional;
16.614.075/0001-00;DIRECIONAL ENGENHARIA S.A.;Diretoria Estatutária;2021;1480748.09;1092666.4;851896.61;5.83;5.83;6373887.35;2024;1093291.140651801;;False;2024;2024-12-31;6;146908;RealEstate;Direcional;
16.614.075/0001-00;DIRECIONAL ENGENHARIA S.A.;Diretoria Estatutária;2022;1401393.72;956778.36;753512.78;6.83;6.83;6537985.43;2025;957245.3045387993;;False;2025;2025-12-31;6;157182;RealEstate;Direcional;
16.614.075/0001-00;DIRECIONAL ENGENHARIA S.A.;Diretoria Estatutária;2023;2231948.11;1351123.96;461192.41;7.33;7.33;9908242.37;2026;1351738.3860845838;;False;2026;2026-12-31;2;161090;RealEstate;Direcional;
16.614.075/0001-00;DIRECIONAL ENGENHARIA S.A.;Diretoria Estatutária;2024;4045765.26;1726531.34;940893.11;7.33;7.33;12661229.81;2026;1727316.4815825375;;False;2026;2026-12-31;2;161090;RealEstate;Direcional;
16.614.075/0001-00;DIRECIONAL ENGENHARIA S.A.;Diretoria Estatutária;2025;6107035.47;2676546.63;1717401.02;7.0;7.0;18735826.41;2026;2676546.63;;False;2026;2026-12-31;2;161090;RealEstate;Direcional;
16.614.075/0001-00;DIRECIONAL ENGENHARIA S.A.;Conselho de Administração;2009;120000.0;120000.0;120000.0;7.0;0.0;216367.0;2011;;;False;2012;2012-01-01;8;28083;RealEstate;Direcional;
16.614.075/0001-00;DIRECIONAL ENGENHARIA S.A.;Conselho de Administração;2010;128030.0;24044.86;38540.0;7.0;0.0;168314.0;2013;;media fora do intervalo min-max;False;2013;2013-01-01;2;37313;RealEstate;Direcional;
16.614.075/0001-00;DIRECIONAL ENGENHARIA S.A.;Conselho de Administração;2011;120000.0;23931.43;120000.0;7.0;0.0;167520.0;2014;;media fora do intervalo min-max;False;2014;2014-01-01;8;47597;RealEstate;Direcional;
16.614.075/0001-00;DIRECIONAL ENGENHARIA S.A.;Conselho de Administração;2012;190075.0;104948.14;108000.0;7.0;0.0;734637.0;2015;;media fora do intervalo min-max;False;2015;2015-01-01;4;55858;RealEstate;Direcional;
16.614.075/0001-00;DIRECIONAL ENGENHARIA S.A.;Conselho de Administração;2013;144000.0;141029.52;134408.4;7.0;5.0;705147.6;2016;141029.52;;False;2016;2016-01-01;9;65794;RealEstate;Direcional;
16.614.075/0001-00;DIRECIONAL ENGENHARIA S.A.;Conselho de Administração;2014;234795.67;161387.06;140139.62;7.0;5.0;806935.29;2017;161387.05800000002;;False;2017;2017-01-01;9;74012;RealEstate;Direcional;
16.614.075/0001-00;DIRECIONAL ENGENHARIA S.A.;Conselho de Administração;2015;231739.1;142684.8;138739.2;7.0;5.0;802478.3;2018;160495.66;media != total/n_remunerados;False;2018;2018-01-01;7;83866;RealEstate;Direcional;
16.614.075/0001-00;DIRECIONAL ENGENHARIA S.A.;Conselho de Administração;2016;220798.49;158305.75;138747.52;7.0;5.0;791528.73;2019;158305.74599999998;;False;2019;2019-01-01;9;92406;RealEstate;Direcional;
16.614.075/0001-00;DIRECIONAL ENGENHARIA S.A.;Conselho de Administração;2017;268854.76;167924.41;138734.28;7.0;5.0;839622.04;2020;167924.408;;False;2020;2020-01-01;8;104609;RealEstate;Direcional;
16.614.075/0001-00;DIRECIONAL ENGENHARIA S.A.;Conselho de Administração;2018;221206.61;132051.0;138832.16;7.0;5.0;869760.37;2021;173952.074;"media fora do intervalo min-max; media != total/n_remunerados";False;2021;2021-01-01;6;114519;RealEstate;Direcional;
16.614.075/0001-00;DIRECIONAL ENGENHARIA S.A.;Conselho de Administração;2019;339318.52;184788.63;142684.16;7.0;6.0;1108731.77;2022;184788.62833333333;;False;2022;2022-01-01;8;127348;RealEstate;Direcional;
16.614.075/0001-00;DIRECIONAL ENGENHARIA S.A.;Conselho de Administração;2020;612494.2;260991.37;175996.7;6.92;5.33;1391953.99;2023;261154.5947467167;;False;2023;2023-12-31;10;137670;RealEstate;Direcional;
16.614.075/0001-00;DIRECIONAL ENGENHARIA S.A.;Conselho de Administração;2021;986895.95;397761.22;240003.27;7.0;5.0;1988806.1;2024;397761.22000000003;;False;2024;2024-12-31;6;146908;RealEstate;Direcional;
16.614.075/0001-00;DIRECIONAL ENGENHARIA S.A.;Conselho de Administração;2022;905270.85;380709.02;240000.0;7.0;5.08;1935270.85;2025;380958.8287401575;;False;2025;2025-12-31;6;157182;RealEstate;Direcional;
16.614.075/0001-00;DIRECIONAL ENGENHARIA S.A.;Conselho de Administração;2023;977755.7;372959.28;240000.0;7.0;6.0;2237755.7;2026;372959.2833333334;;False;2026;2026-12-31;2;161090;RealEstate;Direcional;
16.614.075/0001-00;DIRECIONAL ENGENHARIA S.A.;Conselho de Administração;2024;1522499.67;457083.28;240000.0;7.0;6.0;2742499.67;2026;457083.2783333333;;False;2026;2026-12-31;2;161090;RealEstate;Direcional;
16.614.075/0001-00;DIRECIONAL ENGENHARIA S.A.;Conselho de Administração;2025;2894012.63;682335.44;240000.0;7.0;6.0;4094012.63;2026;682335.4383333334;;False;2026;2026-12-31;2;161090;RealEstate;Direcional;
16.614.075/0001-00;DIRECIONAL ENGENHARIA S.A.;Conselho Fiscal;2008;0.0;0.0;0.0;0.0;0.0;;;;;False;2010;2010-01-01;10;5048;RealEstate;Direcional;
16.614.075/0001-00;DIRECIONAL ENGENHARIA S.A.;Conselho Fiscal;2009;0.0;0.0;0.0;0.0;0.0;0.0;2011;;;False;2012;2012-01-01;8;28083;RealEstate;Direcional;
16.614.075/0001-00;DIRECIONAL ENGENHARIA S.A.;Conselho Fiscal;2010;0.0;0.0;0.0;0.0;0.0;0.0;2013;;;False;2013;2013-01-01;2;37313;RealEstate;Direcional;
16.614.075/0001-00;DIRECIONAL ENGENHARIA S.A.;Conselho Fiscal;2011;0.0;0.0;0.0;0.0;0.0;0.0;2014;;;False;2014;2014-01-01;8;47597;RealEstate;Direcional;
16.614.075/0001-00;DIRECIONAL ENGENHARIA S.A.;Conselho Fiscal;2012;0.0;0.0;0.0;0.0;0.0;0.0;2015;;;False;2015;2015-01-01;4;55858;RealEstate;Direcional;
16.614.075/0001-00;DIRECIONAL ENGENHARIA S.A.;Conselho Fiscal;2013;0.0;0.0;0.0;0.0;0.0;0.0;2016;;;False;2016;2016-01-01;9;65794;RealEstate;Direcional;
16.614.075/0001-00;DIRECIONAL ENGENHARIA S.A.;Conselho Fiscal;2014;28799.5;43199.25;28799.5;2.0;2.0;86398.5;2017;43199.25;media fora do intervalo min-max;False;2017;2017-01-01;9;74012;RealEstate;Direcional;
16.614.075/0001-00;DIRECIONAL ENGENHARIA S.A.;Conselho Fiscal;2015;43380.0;43380.0;43380.0;3.0;3.0;130140.0;2018;43380.0;;False;2018;2018-01-01;7;83866;RealEstate;Direcional;
16.614.075/0001-00;DIRECIONAL ENGENHARIA S.A.;Conselho Fiscal;2016;43385.4;65075.1;43379.4;3.0;3.0;130150.2;2019;43383.4;"media fora do intervalo min-max; media != total/n_remunerados";False;2019;2019-01-01;9;92406;RealEstate;Direcional;
16.614.075/0001-00;DIRECIONAL ENGENHARIA S.A.;Conselho Fiscal;2017;43380.88;43376.56;43373.4;3.0;3.0;130129.68;2020;43376.56;;False;2020;2020-01-01;8;104609;RealEstate;Direcional;
16.614.075/0001-00;DIRECIONAL ENGENHARIA S.A.;Conselho Fiscal;2018;43385.4;43385.4;43385.4;3.0;3.0;130415.32;2021;43471.77333333334;;False;2021;2021-01-01;6;114519;RealEstate;Direcional;
16.614.075/0001-00;DIRECIONAL ENGENHARIA S.A.;Conselho Fiscal;2019;43736.92;43613.44;43489.96;3.0;3.0;137835.53;2022;45945.176666666666;media != total/n_remunerados;False;2022;2022-01-01;8;127348;RealEstate;Direcional;
16.614.075/0001-00;DIRECIONAL ENGENHARIA S.A.;Conselho Fiscal;2020;47115.85;47114.94;47113.11;3.0;3.0;141344.81;2023;47114.93666666667;;False;2023;2023-12-31;10;137670;RealEstate;Direcional;
16.614.075/0001-00;DIRECIONAL ENGENHARIA S.A.;Conselho Fiscal;2021;52362.87;52361.04;52358.93;3.0;3.0;157083.12;2024;52361.04;;False;2024;2024-12-31;6;146908;RealEstate;Direcional;
16.614.075/0001-00;DIRECIONAL ENGENHARIA S.A.;Conselho Fiscal;2022;52358.16;52358.16;52358.16;3.0;3.0;157074.48;2025;52358.16;;False;2025;2025-12-31;6;157182;RealEstate;Direcional;
16.614.075/0001-00;DIRECIONAL ENGENHARIA S.A.;Conselho Fiscal;2023;52358.16;52358.16;52358.16;3.0;3.0;157074.48;2026;52358.16;;False;2026;2026-12-31;2;161090;RealEstate;Direcional;
16.614.075/0001-00;DIRECIONAL ENGENHARIA S.A.;Conselho Fiscal;2024;52358.16;52358.16;52358.16;3.0;3.0;157074.48;2026;52358.16;;False;2026;2026-12-31;2;161090;RealEstate;Direcional;
16.614.075/0001-00;DIRECIONAL ENGENHARIA S.A.;Conselho Fiscal;2025;63640.83;63640.83;63640.83;3.0;3.0;190922.49;2026;63640.829999999994;;False;2026;2026-12-31;2;161090;RealEstate;Direcional;
06.626.253/0001-51;EMPREENDIMENTOS PAGUE MENOS S.A.;Diretoria Estatutária;2014;480000.0;251143.65;166836.8;7.0;7.0;1758005.56;2017;251143.65142857144;;False;2017;2017-01-01;11;74938;Retail;Pague Menos;
06.626.253/0001-51;EMPREENDIMENTOS PAGUE MENOS S.A.;Diretoria Estatutária;2015;700000.0;345784.19;180183.73;7.0;7.0;2420489.3;2018;345784.1857142857;;False;2018;2018-01-01;15;83144;Retail;Pague Menos;
06.626.253/0001-51;EMPREENDIMENTOS PAGUE MENOS S.A.;Diretoria Estatutária;2016;684306.94;551968.8;328558.82;7.0;7.0;5292713.29;2018;756101.8985714286;media != total/n_remunerados;False;2019;2019-01-01;6;89280;Retail;Pague Menos;
06.626.253/0001-51;EMPREENDIMENTOS PAGUE MENOS S.A.;Diretoria Estatutária;2017;1006264.0;427778.0;188369.0;12.0;12.0;6130000.0;2020;510833.3333333333;media != total/n_remunerados;False;2020;2020-01-01;12;103466;Retail;Pague Menos;
06.626.253/0001-51;EMPREENDIMENTOS PAGUE MENOS S.A.;Diretoria Estatutária;2018;1832949.0;593766.0;247147.0;13.0;13.0;9918019.0;2021;762924.5384615385;media != total/n_remunerados;False;2021;2021-01-01;10;115321;Retail;Pague Menos;
06.626.253/0001-51;EMPREENDIMENTOS PAGUE MENOS S.A.;Diretoria Estatutária;2019;1437595.0;548412.0;164764.0;17.0;17.0;12625288.0;2022;742664.0;media != total/n_remunerados;False;2022;2022-01-01;12;126730;Retail;Pague Menos;
06.626.253/0001-51;EMPREENDIMENTOS PAGUE MENOS S.A.;Diretoria Estatutária;2020;5084249.0;928664.0;62845.0;13.0;13.0;20070613.77;2023;1543893.3669230768;media != total/n_remunerados;False;2023;2023-12-31;16;137001;Retail;Pague Menos;
06.626.253/0001-51;EMPREENDIMENTOS PAGUE MENOS S.A.;Diretoria Estatutária;2021;3253115.0;1569752.4;905083.0;13.17;13.17;20673639.2;2024;1569752.4069855732;;False;2024;2024-12-31;10;147195;Retail;Pague Menos;
06.626.253/0001-51;EMPREENDIMENTOS PAGUE MENOS S.A.;Diretoria Estatutária;2022;4360442.0;2026098.99;637333.0;14.75;14.75;29884960.17;2025;2026098.9945762714;;False;2025;2025-12-31;11;154346;Retail;Pague Menos;
06.626.253/0001-51;EMPREENDIMENTOS PAGUE MENOS S.A.;Diretoria Estatutária;2023;3765043.9;2043915.72;1126474.19;11.75;11.75;23913813.97;2026;2035218.210212766;;False;2026;2026-12-31;10;161128;Retail;Pague Menos;
06.626.253/0001-51;EMPREENDIMENTOS PAGUE MENOS S.A.;Diretoria Estatutária;2024;5563243.75;2942462.38;1741991.66;7.92;7.92;25246327.2;2026;3187667.5757575757;media != total/n_remunerados;False;2026;2026-12-31;10;161128;Retail;Pague Menos;
06.626.253/0001-51;EMPREENDIMENTOS PAGUE MENOS S.A.;Diretoria Estatutária;2025;13141801.0;4735467.0;2129443.0;8.0;8.0;37883738.0;2026;4735467.25;;False;2026;2026-12-31;10;161128;Retail;Pague Menos;
06.626.253/0001-51;EMPREENDIMENTOS PAGUE MENOS S.A.;Conselho de Administração;2015;96000.0;96000.0;0.0;7.0;1.0;192000.0;2018;192000.0;media != total/n_remunerados;False;2018;2018-01-01;15;83144;Retail;Pague Menos;
06.626.253/0001-51;EMPREENDIMENTOS PAGUE MENOS S.A.;Conselho de Administração;2016;144000.0;88000.0;24000.0;7.0;3.0;176000.0;2018;58666.666666666664;media != total/n_remunerados;False;2018;2018-01-01;15;83144;Retail;Pague Menos;
06.626.253/0001-51;EMPREENDIMENTOS PAGUE MENOS S.A.;Conselho de Administração;2017;96000.0;68000.0;48000.0;7.0;2.0;210000.0;2020;105000.0;media != total/n_remunerados;False;2020;2020-01-01;12;103466;Retail;Pague Menos;
06.626.253/0001-51;EMPREENDIMENTOS PAGUE MENOS S.A.;Conselho de Administração;2018;180000.0;150000.0;120000.0;7.0;3.0;324000.0;2021;108000.0;media != total/n_remunerados;False;2021;2021-01-01;10;115321;Retail;Pague Menos;
06.626.253/0001-51;EMPREENDIMENTOS PAGUE MENOS S.A.;Conselho de Administração;2019;180000.0;180000.0;180000.0;9.0;3.0;360000.0;2022;120000.0;media != total/n_remunerados;False;2022;2022-01-01;12;126730;Retail;Pague Menos;
06.626.253/0001-51;EMPREENDIMENTOS PAGUE MENOS S.A.;Conselho de Administração;2020;180000.0;180000.0;180000.0;10.0;2.0;360000.0;2023;180000.0;;False;2023;2023-12-31;16;137001;Retail;Pague Menos;
06.626.253/0001-51;EMPREENDIMENTOS PAGUE MENOS S.A.;Conselho de Administração;2021;315000.0;315000.0;315000.0;9.0;2.0;630000.0;2024;315000.0;;False;2024;2024-12-31;10;147195;Retail;Pague Menos;
06.626.253/0001-51;EMPREENDIMENTOS PAGUE MENOS S.A.;Conselho de Administração;2022;378000.0;378000.0;378000.0;9.0;2.0;756000.0;2025;378000.0;;False;2025;2025-12-31;11;154346;Retail;Pague Menos;
06.626.253/0001-51;EMPREENDIMENTOS PAGUE MENOS S.A.;Conselho de Administração;2023;393750.0;391250.0;240000.0;9.0;3.0;963750.0;2026;321250.0;media != total/n_remunerados;False;2026;2026-12-31;10;161128;Retail;Pague Menos;
06.626.253/0001-51;EMPREENDIMENTOS PAGUE MENOS S.A.;Conselho de Administração;2024;480000.0;559002.02;45006.0;9.0;3.0;1677006.0;2026;559002.0;media fora do intervalo min-max;False;2026;2026-12-31;10;161128;Retail;Pague Menos;
06.626.253/0001-51;EMPREENDIMENTOS PAGUE MENOS S.A.;Conselho de Administração;2025;504000.0;480000.0;90000.0;9.0;3.0;1698000.0;2026;566000.0;media != total/n_remunerados;False;2026;2026-12-31;10;161128;Retail;Pague Menos;
06.626.253/0001-51;EMPREENDIMENTOS PAGUE MENOS S.A.;Conselho Fiscal;2017;0.0;0.0;0.0;0.0;0.0;0.0;2020;;;False;2020;2020-01-01;12;103466;Retail;Pague Menos;
06.626.253/0001-51;EMPREENDIMENTOS PAGUE MENOS S.A.;Conselho Fiscal;2018;0.0;0.0;0.0;0.0;0.0;0.0;2021;;;False;2021;2021-01-01;10;115321;Retail;Pague Menos;
06.626.253/0001-51;EMPREENDIMENTOS PAGUE MENOS S.A.;Conselho Fiscal;2019;0.0;0.0;0.0;0.0;0.0;0.0;2022;;;False;2022;2022-01-01;12;126730;Retail;Pague Menos;
06.626.253/0001-51;EMPREENDIMENTOS PAGUE MENOS S.A.;Conselho Fiscal;2020;0.0;0.0;0.0;0.0;0.0;0.0;2022;;;False;2022;2022-01-01;12;126730;Retail;Pague Menos;
06.626.253/0001-51;EMPREENDIMENTOS PAGUE MENOS S.A.;Conselho Fiscal;2021;0.0;0.0;0.0;0.0;0.0;0.0;2022;;;False;2022;2022-01-01;12;126730;Retail;Pague Menos;
00.864.214/0001-06;ENERGISA S.A.;Diretoria Estatutária;2007;727479.0;508554.39;173485.26;5.0;0.0;2034217.59;2010;;;False;2010;2010-01-01;11;8050;Utilities;Energisa;
00.864.214/0001-06;ENERGISA S.A.;Diretoria Estatutária;2008;64533.02;51175.67;42130.89;4.0;0.0;204702.7;2011;;;False;2011;2011-01-01;4;16636;Utilities;Energisa;
00.864.214/0001-06;ENERGISA S.A.;Diretoria Estatutária;2009;49651.7;29996.92;11383.62;5.0;0.0;119987.66;2012;;;False;2012;2012-01-01;12;27954;Utilities;Energisa;
00.864.214/0001-06;ENERGISA S.A.;Diretoria Estatutária;2010;49955.68;31298.15;15630.79;5.0;0.0;125192.6;2013;;;False;2013;2013-01-01;9;37413;Utilities;Energisa;
00.864.214/0001-06;ENERGISA S.A.;Diretoria Estatutária;2011;53141.65;33388.61;16896.08;5.0;0.0;133554.43;2014;;;False;2014;2014-01-01;9;47267;Utilities;Energisa;
00.864.214/0001-06;ENERGISA S.A.;Diretoria Estatutária;2012;58343.05;35973.84;17921.29;5.0;0.0;136793.31;2015;;;False;2015;2015-01-01;14;55471;Utilities;Energisa;
00.864.214/0001-06;ENERGISA S.A.;Diretoria Estatutária;2013;77534.18;65089.81;15754.21;5.0;4.0;260359.22;2016;65089.805;;False;2016;2016-01-01;12;64720;Utilities;Energisa;
00.864.214/0001-06;ENERGISA S.A.;Diretoria Estatutária;2014;75500.76;66100.68;27268.79;5.0;4.0;264402.72;2017;66100.68;;False;2017;2017-01-01;18;74952;Utilities;Energisa;
00.864.214/0001-06;ENERGISA S.A.;Diretoria Estatutária;2015;91758.65;63005.02;32757.07;5.0;4.0;252020.07;2018;63005.0175;;False;2018;2018-01-01;16;84470;Utilities;Energisa;
00.864.214/0001-06;ENERGISA S.A.;Diretoria Estatutária;2016;99216.6;78913.6;34932.36;5.0;4.0;315654.47;2019;78913.6175;;False;2019;2019-01-01;11;93244;Utilities;Energisa;
00.864.214/0001-06;ENERGISA S.A.;Diretoria Estatutária;2017;2784833.76;665308.02;39878.57;5.0;4.67;3104770.77;2020;664833.1413276232;;False;2020;2020-01-01;8;103422;Utilities;Energisa;
00.864.214/0001-06;ENERGISA S.A.;Diretoria Estatutária;2018;4777088.81;1056444.41;38203.71;5.0;5.0;5282222.05;2021;1056444.41;;False;2021;2021-01-01;13;115599;Utilities;Energisa;
00.864.214/0001-06;ENERGISA S.A.;Diretoria Estatutária;2019;4517818.24;1134236.65;24594.71;5.0;5.0;5671183.26;2022;1134236.652;;False;2022;2022-01-01;20;127076;Utilities;Energisa;
00.864.214/0001-06;ENERGISA S.A.;Diretoria Estatutária;2020;5448263.82;1159731.54;56490.56;5.0;5.0;5798657.72;2023;1159731.544;;False;2023;2023-12-31;19;137075;Utilities;Energisa;
00.864.214/0001-06;ENERGISA S.A.;Diretoria Estatutária;2021;6331134.83;1313058.94;62407.67;5.0;5.0;6565294.71;2024;1313058.942;;False;2024;2024-12-31;18;148374;Utilities;Energisa;
00.864.214/0001-06;ENERGISA S.A.;Diretoria Estatutária;2022;7094394.15;1485107.55;70652.36;5.0;5.0;7425537.76;2025;1485107.552;;False;2025;2025-12-31;12;157767;Utilities;Energisa;
00.864.214/0001-06;ENERGISA S.A.;Diretoria Estatutária;2023;6193600.12;1299983.5;47162.54;5.0;5.0;6499917.51;2026;1299983.5019999999;;False;2026;2026-12-31;4;160981;Utilities;Energisa;
00.864.214/0001-06;ENERGISA S.A.;Diretoria Estatutária;2024;5627351.41;1197593.73;64897.32;5.0;5.0;5987968.65;2026;1197593.73;;False;2026;2026-12-31;4;160981;Utilities;Energisa;
00.864.214/0001-06;ENERGISA S.A.;Diretoria Estatutária;2025;3155022.38;687619.33;53167.77;5.0;5.0;3438096.65;2026;687619.33;;False;2026;2026-12-31;4;160981;Utilities;Energisa;
00.864.214/0001-06;ENERGISA S.A.;Conselho de Administração;2007;731792.11;222719.49;17061.92;7.0;0.0;1113597.46;2010;;;False;2010;2010-01-01;11;8050;Utilities;Energisa;
00.864.214/0001-06;ENERGISA S.A.;Conselho de Administração;2008;174437.49;54183.32;13009.28;7.0;0.0;270916.61;2011;;;False;2011;2011-01-01;4;16636;Utilities;Energisa;
00.864.214/0001-06;ENERGISA S.A.;Conselho de Administração;2009;49851.22;27637.42;12286.99;7.0;0.0;165824.54;2012;;;False;2012;2012-01-01;12;27954;Utilities;Energisa;
00.864.214/0001-06;ENERGISA S.A.;Conselho de Administração;2010;59465.55;37394.92;14805.12;7.0;0.0;224369.52;2013;;;False;2013;2013-01-01;9;37413;Utilities;Energisa;
00.864.214/0001-06;ENERGISA S.A.;Conselho de Administração;2011;59237.95;46987.16;15593.95;7.0;0.0;281922.98;2014;;;False;2014;2014-01-01;9;47267;Utilities;Energisa;
00.864.214/0001-06;ENERGISA S.A.;Conselho de Administração;2012;59237.95;48163.14;15887.09;7.0;0.0;286560.26;2015;;;False;2015;2015-01-01;14;55471;Utilities;Energisa;
00.864.214/0001-06;ENERGISA S.A.;Conselho de Administração;2013;87173.22;61117.05;5452.27;8.51;6.76;413151.28;2016;61117.05325443787;;False;2016;2016-01-01;12;64720;Utilities;Energisa;
00.864.214/0001-06;ENERGISA S.A.;Conselho de Administração;2014;235047.89;81163.28;12845.04;10.67;7.0;568142.98;2017;81163.28285714285;;False;2017;2017-01-01;18;74952;Utilities;Energisa;
00.864.214/0001-06;ENERGISA S.A.;Conselho de Administração;2015;170843.47;111823.03;11344.94;11.25;7.0;782761.19;2018;111823.02714285713;;False;2018;2018-01-01;16;84470;Utilities;Energisa;
00.864.214/0001-06;ENERGISA S.A.;Conselho de Administração;2016;229860.8;138658.99;45516.4;11.0;7.0;970612.96;2019;138658.9942857143;;False;2019;2019-01-01;11;93244;Utilities;Energisa;
00.864.214/0001-06;ENERGISA S.A.;Conselho de Administração;2017;294888.54;157410.25;74604.66;11.75;8.25;1298634.6;2020;157410.25454545455;;False;2020;2020-01-01;8;103422;Utilities;Energisa;
00.864.214/0001-06;ENERGISA S.A.;Conselho de Administração;2018;220904.78;129268.53;66798.91;13.0;7.75;1001831.09;2021;129268.52774193548;;False;2021;2021-01-01;13;115599;Utilities;Energisa;
00.864.214/0001-06;ENERGISA S.A.;Conselho de Administração;2019;235496.98;106551.14;68728.34;13.0;7.0;745858.0;2022;106551.14285714286;;False;2022;2022-01-01;20;127076;Utilities;Energisa;
00.864.214/0001-06;ENERGISA S.A.;Conselho de Administração;2020;238671.54;100848.88;54127.67;11.67;7.0;705942.13;2023;100848.87571428572;;False;2023;2023-12-31;19;137075;Utilities;Energisa;
00.864.214/0001-06;ENERGISA S.A.;Conselho de Administração;2021;238671.54;158618.48;27766.08;11.0;7.0;1110329.35;2024;158618.4785714286;;False;2024;2024-12-31;18;148374;Utilities;Energisa;
00.864.214/0001-06;ENERGISA S.A.;Conselho de Administração;2022;277200.0;235160.97;14080.0;9.67;6.67;1567739.8;2025;235043.4482758621;;False;2025;2025-12-31;12;157767;Utilities;Energisa;
00.864.214/0001-06;ENERGISA S.A.;Conselho de Administração;2023;436260.0;323049.26;14520.0;10.0;6.0;1938295.56;2026;323049.26;;False;2026;2026-12-31;4;160981;Utilities;Energisa;
00.864.214/0001-06;ENERGISA S.A.;Conselho de Administração;2024;37506000.0;477763.35;105020.0;8.0;6.0;2866580.12;2026;477763.35333333333;;False;2026;2026-12-31;4;160981;Utilities;Energisa;
00.864.214/0001-06;ENERGISA S.A.;Conselho de Administração;2025;685162.0;572288.9;236064.9;7.0;6.0;3433733.4;2026;572288.9;;False;2026;2026-12-31;4;160981;Utilities;Energisa;
00.864.214/0001-06;ENERGISA S.A.;Conselho Fiscal;2018;0.0;0.0;0.0;0.0;0.0;0.0;2021;;;False;2021;2021-01-01;13;115599;Utilities;Energisa;
00.864.214/0001-06;ENERGISA S.A.;Conselho Fiscal;2019;26460.0;26460.0;26460.0;4.0;2.0;52920.0;2022;26460.0;;False;2022;2022-01-01;20;127076;Utilities;Energisa;
00.864.214/0001-06;ENERGISA S.A.;Conselho Fiscal;2020;24726.06;24745.09;24726.06;8.67;4.33;107146.25;2023;24745.092378752888;media fora do intervalo min-max;False;2023;2023-12-31;19;137075;Utilities;Energisa;
00.864.214/0001-06;ENERGISA S.A.;Conselho Fiscal;2021;56686.64;56686.64;56686.64;10.0;5.0;283433.2;2024;56686.64;;False;2024;2024-12-31;18;148374;Utilities;Energisa;
00.864.214/0001-06;ENERGISA S.A.;Conselho Fiscal;2022;75953.74;75953.74;75953.74;7.33;3.67;278497.05;2025;75884.75476839236;;False;2025;2025-12-31;12;157767;Utilities;Energisa;
00.864.214/0001-06;ENERGISA S.A.;Conselho Fiscal;2023;68865.25;68865.25;68865.25;8.67;3.67;252505.92;2026;68802.7029972752;;False;2026;2026-12-31;4;160981;Utilities;Energisa;
00.864.214/0001-06;ENERGISA S.A.;Conselho Fiscal;2024;88240.59;88240.59;88240.59;10.0;4.33;382375.88;2026;88308.51732101616;;False;2026;2026-12-31;4;160981;Utilities;Energisa;
00.864.214/0001-06;ENERGISA S.A.;Conselho Fiscal;2025;29702.12;29702.12;29702.12;3.33;1.67;148510.6;2026;88928.50299401199;media != total/n_remunerados;False;2026;2026-12-31;4;160981;Utilities;Energisa;
04.423.567/0001-21;ENEVA S.A;Diretoria Estatutária;2009;10122428.92;5134780.79;6026427.06;6.0;0.0;36158562.38;2010;;media fora do intervalo min-max;False;2010;2010-01-01;8;6381;Utilities;Eneva;
04.423.567/0001-21;ENEVA S.A;Diretoria Estatutária;2010;10154436.92;5497874.36;5218405.88;5.67;0.0;31172947.6;2013;;;False;2013;2013-01-01;34;36597;Utilities;Eneva;
04.423.567/0001-21;ENEVA S.A;Diretoria Estatutária;2011;10447472.0;6448673.0;5403587.0;5.0;0.0;32243363.8;2014;;;False;2014;2014-01-01;13;46817;Utilities;Eneva;
04.423.567/0001-21;ENEVA S.A;Diretoria Estatutária;2012;7629279.0;4772899.0;4011041.0;5.0;0.0;23864493.95;2015;;;False;2015;2015-01-01;9;56741;Utilities;Eneva;
04.423.567/0001-21;ENEVA S.A;Diretoria Estatutária;2013;15933138.0;13451453.0;15933138.0;3.3;3.3;44389796.0;2016;13451453.333333334;media fora do intervalo min-max;False;2016;2016-01-01;11;65897;Utilities;Eneva;
04.423.567/0001-21;ENEVA S.A;Diretoria Estatutária;2014;4010152.44;3323944.25;44847.74;2.17;2.17;7212959.03;2017;3323944.2534562214;;False;2017;2017-01-01;15;74898;Utilities;Eneva;
04.423.567/0001-21;ENEVA S.A;Diretoria Estatutária;2015;7616994.23;7087446.42;7080397.71;2.08;2.08;14741888.56;2018;7087446.423076923;;False;2018;2018-01-01;9;81262;Utilities;Eneva;
04.423.567/0001-21;ENEVA S.A;Diretoria Estatutária;2016;4700508.0;3681663.0;2662818.0;2.0;2.0;7363326.0;2019;3681663.0;;False;2019;2019-01-01;29;94824;Utilities;Eneva;
04.423.567/0001-21;ENEVA S.A;Diretoria Estatutária;2017;12897534.0;7569476.9;936848.0;3.94;3.94;29823739.0;2020;7569476.9035533;;False;2020;2020-01-01;16;104873;Utilities;Eneva;
04.423.567/0001-21;ENEVA S.A;Diretoria Estatutária;2018;4833026.0;3336272.35;381252.0;3.58;3.58;11943854.0;2021;3336272.067039106;;False;2021;2021-01-01;7;115717;Utilities;Eneva;
04.423.567/0001-21;ENEVA S.A;Diretoria Estatutária;2019;14882056.0;8720668.96;1975578.0;3.97;3.97;34621055.78;2022;8720668.962216625;;False;2022;2022-01-01;17;127252;Utilities;Eneva;
04.423.567/0001-21;ENEVA S.A;Diretoria Estatutária;2020;17852746.91;7524640.99;1749073.64;4.0;4.0;29743372.85;2023;7435843.2125;media != total/n_remunerados;False;2023;2023-12-31;13;136750;Utilities;Eneva;
04.423.567/0001-21;ENEVA S.A;Diretoria Estatutária;2021;52719896.1;23402619.5;1798322.59;3.75;3.75;87759823.14;2024;23402619.504;;False;2024;2024-12-31;14;148217;Utilities;Eneva;
04.423.567/0001-21;ENEVA S.A;Diretoria Estatutária;2022;55347020.95;25946591.12;3462313.24;4.0;4.0;103786364.49;2025;25946591.1225;;False;2025;2025-12-31;12;157855;Utilities;Eneva;
04.423.567/0001-21;ENEVA S.A;Diretoria Estatutária;2023;9244440.48;7661849.97;3340396.13;3.0;3.0;22985549.91;2026;7661849.97;;False;2026;2026-12-31;4;160978;Utilities;Eneva;
04.423.567/0001-21;ENEVA S.A;Diretoria Estatutária;2024;9228394.88;7352807.53;4439687.25;3.0;3.0;22058422.59;2026;7352807.53;;False;2026;2026-12-31;4;160978;Utilities;Eneva;
04.423.567/0001-21;ENEVA S.A;Diretoria Estatutária;2025;11148589.05;7958946.81;5642988.56;3.0;3.0;23876840.42;2026;7958946.806666668;;False;2026;2026-12-31;4;160978;Utilities;Eneva;
04.423.567/0001-21;ENEVA S.A;Conselho de Administração;2009;6854183.2;1766074.35;48000.0;9.0;0.0;17660743.5;2010;;;False;2010;2010-01-01;8;6381;Utilities;Eneva;
04.423.567/0001-21;ENEVA S.A;Conselho de Administração;2010;6854183.2;1972841.2;51000.0;8.92;0.0;17597743.5;2013;;;False;2013;2013-01-01;34;36597;Utilities;Eneva;
04.423.567/0001-21;ENEVA S.A;Conselho de Administração;2011;4567588.0;1111668.0;151623.0;8.9;0.0;9893841.05;2014;;;False;2014;2014-01-01;13;46817;Utilities;Eneva;
04.423.567/0001-21;ENEVA S.A;Conselho de Administração;2012;3112108.0;602710.0;70000.0;11.5;0.0;6931161.54;2015;;;False;2015;2015-01-01;9;56741;Utilities;Eneva;
04.423.567/0001-21;ENEVA S.A;Conselho de Administração;2013;61888.0;65692.0;49500.0;9.3;5.3;610936.0;2016;115270.94339622642;"media fora do intervalo min-max; media != total/n_remunerados";False;2016;2016-01-01;11;65897;Utilities;Eneva;
04.423.567/0001-21;ENEVA S.A;Conselho de Administração;2014;240000.0;217877.09;180000.0;7.63;3.58;780000.0;2017;217877.09497206705;;False;2017;2017-01-01;15;74898;Utilities;Eneva;
04.423.567/0001-21;ENEVA S.A;Conselho de Administração;2015;21115514.0;7528463.2;471600.0;5.08;2.92;21983114.0;2018;7528463.698630137;;False;2018;2018-01-01;9;81262;Utilities;Eneva;
04.423.567/0001-21;ENEVA S.A;Conselho de Administração;2016;2447400.0;1406549.93;33000.0;5.68;3.75;5274562.24;2019;1406549.9306666667;;False;2019;2019-01-01;29;94824;Utilities;Eneva;
04.423.567/0001-21;ENEVA S.A;Conselho de Administração;2017;662400.0;587971.26;403600.0;8.0;6.75;3968806.0;2020;587971.2592592592;;False;2020;2020-01-01;16;104873;Utilities;Eneva;
04.423.567/0001-21;ENEVA S.A;Conselho de Administração;2018;1296000.0;643606.9;316800.0;6.98;6.67;4292858.0;2021;643606.8965517242;;False;2021;2021-01-01;7;115717;Utilities;Eneva;
04.423.567/0001-21;ENEVA S.A;Conselho de Administração;2019;8214098.27;1629589.79;475200.0;6.83;6.83;11130098.27;2022;1629589.7906295753;;False;2022;2022-01-01;17;127252;Utilities;Eneva;
04.423.567/0001-21;ENEVA S.A;Conselho de Administração;2020;34977241.66;5365320.24;396000.0;7.0;7.0;37557241.66;2023;5365320.237142856;;False;2023;2023-12-31;13;136750;Utilities;Eneva;
04.423.567/0001-21;ENEVA S.A;Conselho de Administração;2021;720000.0;451285.71;99000.0;7.0;7.0;3159000.0;2024;451285.71428571426;;False;2024;2024-12-31;14;148217;Utilities;Eneva;
04.423.567/0001-21;ENEVA S.A;Conselho de Administração;2022;860000.0;551428.57;500000.0;7.0;7.0;3860000.0;2025;551428.5714285715;;False;2025;2025-12-31;12;157855;Utilities;Eneva;
04.423.567/0001-21;ENEVA S.A;Conselho de Administração;2023;1125250.0;699050.0;580000.0;7.0;7.0;4727673.33;2026;675381.9042857143;media != total/n_remunerados;False;2026;2026-12-31;4;160978;Utilities;Eneva;
04.423.567/0001-21;ENEVA S.A;Conselho de Administração;2024;1504132.41;740243.25;612924.38;7.0;7.0;5181702.78;2026;740243.2542857144;;False;2026;2026-12-31;4;160978;Utilities;Eneva;
04.423.567/0001-21;ENEVA S.A;Conselho de Administração;2025;1240538.19;870487.04;641364.0;7.0;7.0;5635163.19;2026;805023.3128571429;media != total/n_remunerados;False;2026;2026-12-31;4;160978;Utilities;Eneva;
04.423.567/0001-21;ENEVA S.A;Conselho Fiscal;2011;23249.0;23249.0;23249.0;3.0;0.0;69748.0;2014;;;False;2014;2014-01-01;13;46817;Utilities;Eneva;
04.423.567/0001-21;ENEVA S.A;Conselho Fiscal;2012;29801.0;29801.0;29801.0;3.0;0.0;89402.0;2015;;;False;2015;2015-01-01;9;56741;Utilities;Eneva;
04.423.567/0001-21;ENEVA S.A;Conselho Fiscal;2013;0.0;0.0;0.0;0.0;0.0;0.0;2016;;;False;2016;2016-01-01;11;65897;Utilities;Eneva;
04.423.567/0001-21;ENEVA S.A;Conselho Fiscal;2014;0.0;0.0;0.0;0.0;0.0;0.0;2017;;;False;2017;2017-01-01;15;74898;Utilities;Eneva;
04.423.567/0001-21;ENEVA S.A;Conselho Fiscal;2015;38400.0;38400.0;38400.0;1.08;1.08;115200.0;2018;106666.66666666666;media != total/n_remunerados;False;2018;2018-01-01;9;81262;Utilities;Eneva;
04.423.567/0001-21;ENEVA S.A;Conselho Fiscal;2016;182400.0;182400.0;182400.0;1.0;1.0;182400.0;2019;182400.0;;False;2019;2019-01-01;29;94824;Utilities;Eneva;
04.423.567/0001-21;ENEVA S.A;Conselho Fiscal;2017;0.0;0.0;0.0;0.0;0.0;0.0;2020;;;False;2020;2020-01-01;16;104873;Utilities;Eneva;
04.423.567/0001-21;ENEVA S.A;Conselho Fiscal;2018;0.0;0.0;0.0;0.0;0.0;0.0;2021;;;False;2021;2021-01-01;7;115717;Utilities;Eneva;
04.423.567/0001-21;ENEVA S.A;Conselho Fiscal;2019;0.0;0.0;0.0;0.0;0.0;0.0;2022;;;False;2022;2022-01-01;17;127252;Utilities;Eneva;
04.423.567/0001-21;ENEVA S.A;Conselho Fiscal;2020;0.0;0.0;0.0;0.0;0.0;0.0;2023;;;False;2023;2023-12-31;13;136750;Utilities;Eneva;
04.423.567/0001-21;ENEVA S.A;Conselho Fiscal;2021;0.0;0.0;0.0;0.0;0.0;0.0;2024;;;False;2024;2024-12-31;14;148217;Utilities;Eneva;
04.423.567/0001-21;ENEVA S.A;Conselho Fiscal;2022;0.0;0.0;0.0;0.0;0.0;0.0;2025;;;False;2025;2025-12-31;12;157855;Utilities;Eneva;
04.423.567/0001-21;ENEVA S.A;Conselho Fiscal;2023;0.0;0.0;0.0;0.0;0.0;0.0;2026;;;False;2026;2026-12-31;4;160978;Utilities;Eneva;
04.423.567/0001-21;ENEVA S.A;Conselho Fiscal;2024;0.0;0.0;0.0;0.0;0.0;0.0;2026;;;False;2026;2026-12-31;4;160978;Utilities;Eneva;
04.423.567/0001-21;ENEVA S.A;Conselho Fiscal;2025;0.0;0.0;0.0;0.0;0.0;0.0;2026;;;False;2026;2026-12-31;4;160978;Utilities;Eneva;
03.220.438/0001-73;EQUATORIAL S.A.;Diretoria Estatutária;2009;5448000.0;1839200.0;779000.0;5.0;0.0;9196000.0;2012;;;False;2012;2012-01-01;22;27987;Utilities;Equatorial;
03.220.438/0001-73;EQUATORIAL S.A.;Diretoria Estatutária;2010;4385000.0;1874891.0;778000.0;4.58;0.0;8587000.0;2013;;;False;2013;2013-01-01;11;37308;Utilities;Equatorial;
03.220.438/0001-73;EQUATORIAL S.A.;Diretoria Estatutária;2011;2157000.0;1165500.0;164000.0;4.0;0.0;4662000.0;2014;;;False;2014;2014-01-01;15;47177;Utilities;Equatorial;
03.220.438/0001-73;EQUATORIAL S.A.;Diretoria Estatutária;2012;2079000.0;1573750.0;168000.0;4.0;0.0;6295000.0;2015;;;False;2015;2015-01-01;19;56889;Utilities;Equatorial;
03.220.438/0001-73;EQUATORIAL S.A.;Diretoria Estatutária;2013;2391000.0;1148571.43;144000.0;7.0;6.0;8040000.0;2016;1340000.0;media != total/n_remunerados;False;2016;2016-01-01;16;65960;Utilities;Equatorial;
03.220.438/0001-73;EQUATORIAL S.A.;Diretoria Estatutária;2014;2075000.0;1225000.0;60000.0;7.0;7.0;12119010.0;2017;1731287.142857143;media != total/n_remunerados;False;2017;2017-01-01;10;74399;Utilities;Equatorial;
03.220.438/0001-73;EQUATORIAL S.A.;Diretoria Estatutária;2015;2882000.0;2038000.0;200000.0;5.83;5.83;19740100.0;2018;3385951.9725557463;media != total/n_remunerados;False;2018;2018-01-01;12;83791;Utilities;Equatorial;
03.220.438/0001-73;EQUATORIAL S.A.;Diretoria Estatutária;2016;4794150.5;3381835.5;275000.0;6.0;6.0;20291013.0;2019;3381835.5;;False;2019;2019-01-01;20;94943;Utilities;Equatorial;
03.220.438/0001-73;EQUATORIAL S.A.;Diretoria Estatutária;2017;3458386.61;2653104.18;1143770.0;6.0;3.0;7959312.54;2020;2653104.18;;False;2020;2020-01-01;15;104607;Utilities;Equatorial;
03.220.438/0001-73;EQUATORIAL S.A.;Diretoria Estatutária;2018;3571725.02;2190564.33;1908117.53;7.0;3.0;6571692.99;2021;2190564.33;;False;2021;2021-01-01;18;115541;Utilities;Equatorial;
03.220.438/0001-73;EQUATORIAL S.A.;Diretoria Estatutária;2019;5435929.0;3227313.46;1310221.0;6.0;3.0;9681940.38;2022;3227313.4600000004;;False;2022;2022-01-01;7;127055;Utilities;Equatorial;
03.220.438/0001-73;EQUATORIAL S.A.;Diretoria Estatutária;2020;5522966.22;6048485.24;1024516.0;6.0;1.0;6532364.06;2023;6532364.06;"media fora do intervalo min-max; media != total/n_remunerados";False;2023;2023-12-31;15;137644;Utilities;Equatorial;
03.220.438/0001-73;EQUATORIAL S.A.;Diretoria Estatutária;2021;6119862.16;6119862.16;6119862.16;5.67;1.0;6119862.16;2024;6119862.16;;False;2024;2024-12-31;37;148115;Utilities;Equatorial;
03.220.438/0001-73;EQUATORIAL S.A.;Diretoria Estatutária;2022;11739284.21;11739284.21;11739284.21;7.58;1.0;11739284.21;2025;11739284.21;;False;2025;2025-12-31;22;158126;Utilities;Equatorial;
03.220.438/0001-73;EQUATORIAL S.A.;Diretoria Estatutária;2023;17673208.98;15287489.92;17673208.98;9.67;1.17;17886363.21;2026;15287489.923076924;media fora do intervalo min-max;False;2026;2026-12-31;7;160229;Utilities;Equatorial;
03.220.438/0001-73;EQUATORIAL S.A.;Diretoria Estatutária;2024;19651404.29;9719462.99;2854079.28;9.75;2.75;26728523.23;2026;9719462.992727272;;False;2026;2026-12-31;7;160229;Utilities;Equatorial;
03.220.438/0001-73;EQUATORIAL S.A.;Diretoria Estatutária;2025;30999733.79;11109472.16;685111.44;9.0;3.0;33328416.47;2026;11109472.156666666;;False;2026;2026-12-31;7;160229;Utilities;Equatorial;
03.220.438/0001-73;EQUATORIAL S.A.;Conselho de Administração;2009;203000.0;153714.0;144000.0;7.0;0.0;1076000.0;2012;;;False;2012;2012-01-01;22;27987;Utilities;Equatorial;
03.220.438/0001-73;EQUATORIAL S.A.;Conselho de Administração;2010;484023.0;200142.86;144000.0;7.0;0.0;1401000.0;2013;;;False;2013;2013-01-01;11;37308;Utilities;Equatorial;
03.220.438/0001-73;EQUATORIAL S.A.;Conselho de Administração;2011;164000.0;146857.14;144000.0;7.0;0.0;1028000.0;2014;;;False;2014;2014-01-01;15;47177;Utilities;Equatorial;
03.220.438/0001-73;EQUATORIAL S.A.;Conselho de Administração;2012;198000.0;197857.14;198000.0;7.0;0.0;1385000.0;2015;;media fora do intervalo min-max;False;2015;2015-01-01;19;56889;Utilities;Equatorial;
03.220.438/0001-73;EQUATORIAL S.A.;Conselho de Administração;2013;216000.0;216000.0;216000.0;7.0;7.0;1512000.0;2016;216000.0;;False;2016;2016-01-01;16;65960;Utilities;Equatorial;
03.220.438/0001-73;EQUATORIAL S.A.;Conselho de Administração;2014;200000.0;200000.0;200000.0;7.0;7.0;1404000.0;2017;200571.42857142858;;False;2017;2017-01-01;10;74399;Utilities;Equatorial;
03.220.438/0001-73;EQUATORIAL S.A.;Conselho de Administração;2015;240000.0;226000.0;53000.0;7.0;7.0;-10970.0;2018;-1567.142857142857;media != total/n_remunerados;False;2018;2018-01-01;12;83791;Utilities;Equatorial;
03.220.438/0001-73;EQUATORIAL S.A.;Conselho de Administração;2016;2971000.0;377390.0;180000.0;6.0;6.0;2264340.02;2019;377390.00333333336;;False;2019;2019-01-01;20;94943;Utilities;Equatorial;
03.220.438/0001-73;EQUATORIAL S.A.;Conselho de Administração;2017;2940428.04;712805.55;180000.0;6.66;6.66;4747284.94;2020;712805.5465465466;;False;2020;2020-01-01;15;104607;Utilities;Equatorial;
03.220.438/0001-73;EQUATORIAL S.A.;Conselho de Administração;2018;2534398.26;516342.61;180000.0;7.0;7.0;3614398.26;2021;516342.6085714285;;False;2021;2021-01-01;18;115541;Utilities;Equatorial;
03.220.438/0001-73;EQUATORIAL S.A.;Conselho de Administração;2019;1105434.0;297856.8;216000.0;8.0;6.33;1885433.52;2022;297856.7962085308;;False;2022;2022-01-01;7;127055;Utilities;Equatorial;
03.220.438/0001-73;EQUATORIAL S.A.;Conselho de Administração;2020;1433136.42;682430.91;418677.54;8.0;7.0;4551814.16;2023;650259.1657142857;media != total/n_remunerados;False;2023;2023-12-31;15;137644;Utilities;Equatorial;
03.220.438/0001-73;EQUATORIAL S.A.;Conselho de Administração;2021;1468405.26;697667.99;540000.0;7.5;6.0;4186007.91;2024;697667.985;;False;2024;2024-12-31;37;148115;Utilities;Equatorial;
03.220.438/0001-73;EQUATORIAL S.A.;Conselho de Administração;2022;1484039.91;680621.52;240000.0;8.17;6.5;4424039.91;2025;680621.5246153846;;False;2025;2025-12-31;22;158126;Utilities;Equatorial;
03.220.438/0001-73;EQUATORIAL S.A.;Conselho de Administração;2023;3168770.6;1023000.21;660000.0;8.5;7.5;7672501.54;2026;1023000.2053333333;;False;2026;2026-12-31;7;160229;Utilities;Equatorial;
03.220.438/0001-73;EQUATORIAL S.A.;Conselho de Administração;2024;16477627.68;3399807.95;720000.0;7.25;6.25;21248799.66;2026;3399807.9456;;False;2026;2026-12-31;7;160229;Utilities;Equatorial;
03.220.438/0001-73;EQUATORIAL S.A.;Conselho de Administração;2025;4251790.1;1466572.22;745000.0;7.98;6.98;10236714.95;2026;1466578.0730659023;;False;2026;2026-12-31;7;160229;Utilities;Equatorial;
03.220.438/0001-73;EQUATORIAL S.A.;Conselho Fiscal;2009;50333.0;50333.0;50333.0;3.0;0.0;151000.0;2012;;;False;2012;2012-01-01;22;27987;Utilities;Equatorial;
03.220.438/0001-73;EQUATORIAL S.A.;Conselho Fiscal;2010;50333.0;50333.0;50333.0;3.0;0.0;151000.0;2013;;;False;2013;2013-01-01;11;37308;Utilities;Equatorial;
03.220.438/0001-73;EQUATORIAL S.A.;Conselho Fiscal;2011;50000.0;50333.33;50000.0;3.0;0.0;151000.0;2014;;media fora do intervalo min-max;False;2014;2014-01-01;15;47177;Utilities;Equatorial;
03.220.438/0001-73;EQUATORIAL S.A.;Conselho Fiscal;2012;69000.0;69333.33;69000.0;3.0;0.0;208000.0;2015;;media fora do intervalo min-max;False;2015;2015-01-01;19;56889;Utilities;Equatorial;
03.220.438/0001-73;EQUATORIAL S.A.;Conselho Fiscal;2013;75666.67;75666.67;75666.67;3.0;3.0;227000.0;2016;75666.66666666667;;False;2016;2016-01-01;16;65960;Utilities;Equatorial;
03.220.438/0001-73;EQUATORIAL S.A.;Conselho Fiscal;2014;76000.0;76000.0;76000.0;3.0;3.0;226800.0;2017;75600.0;;False;2017;2017-01-01;10;74399;Utilities;Equatorial;
03.220.438/0001-73;EQUATORIAL S.A.;Conselho Fiscal;2015;73000.0;73000.0;73000.0;3.0;3.0;219130.0;2018;73043.33333333333;;False;2018;2018-01-01;12;83791;Utilities;Equatorial;
03.220.438/0001-73;EQUATORIAL S.A.;Conselho Fiscal;2016;73066.67;73066.67;73066.67;3.0;3.0;219200.0;2019;73066.66666666667;;False;2019;2019-01-01;20;94943;Utilities;Equatorial;
03.220.438/0001-73;EQUATORIAL S.A.;Conselho Fiscal;2017;72000.0;72000.0;72000.0;3.0;3.0;216000.0;2020;72000.0;;False;2020;2020-01-01;15;104607;Utilities;Equatorial;
03.220.438/0001-73;EQUATORIAL S.A.;Conselho Fiscal;2018;72000.0;72000.0;72000.0;3.0;3.0;180000.0;2021;60000.0;media != total/n_remunerados;False;2021;2021-01-01;18;115541;Utilities;Equatorial;
03.220.438/0001-73;EQUATORIAL S.A.;Conselho Fiscal;2019;72000.0;72000.0;72000.0;3.0;3.0;180000.0;2022;60000.0;media != total/n_remunerados;False;2022;2022-01-01;7;127055;Utilities;Equatorial;
03.220.438/0001-73;EQUATORIAL S.A.;Conselho Fiscal;2020;130000.0;130000.0;130000.0;3.0;3.0;390000.0;2023;130000.0;;False;2023;2023-12-31;15;137644;Utilities;Equatorial;
03.220.438/0001-73;EQUATORIAL S.A.;Conselho Fiscal;2021;144000.0;144000.0;144000.0;3.0;3.0;432000.0;2024;144000.0;;False;2024;2024-12-31;37;148115;Utilities;Equatorial;
03.220.438/0001-73;EQUATORIAL S.A.;Conselho Fiscal;2022;144000.0;144000.0;144000.0;3.0;3.0;432000.0;2025;144000.0;;False;2025;2025-12-31;22;158126;Utilities;Equatorial;
03.220.438/0001-73;EQUATORIAL S.A.;Conselho Fiscal;2023;144000.0;144000.0;144000.0;3.0;3.0;432000.0;2026;144000.0;;False;2026;2026-12-31;7;160229;Utilities;Equatorial;
03.220.438/0001-73;EQUATORIAL S.A.;Conselho Fiscal;2024;144776.25;144258.75;144000.0;3.0;3.0;432776.25;2026;144258.75;;False;2026;2026-12-31;7;160229;Utilities;Equatorial;
03.220.438/0001-73;EQUATORIAL S.A.;Conselho Fiscal;2025;159000.0;159000.0;159000.0;3.0;3.0;477000.0;2026;159000.0;;False;2026;2026-12-31;7;160229;Utilities;Equatorial;
33.611.500/0001-19;GERDAU S.A.;Diretoria Estatutária;2015;621344.24;306493.54;83043.03;6.83;6.83;2094372.55;2018;306643.12591508054;;False;2018;2018-01-01;11;83979;Metals;Gerdau;
33.611.500/0001-19;GERDAU S.A.;Diretoria Estatutária;2016;445499.0;282685.0;119648.0;5.92;5.25;1484096.55;2019;282685.0571428572;;False;2019;2019-01-01;13;92739;Metals;Gerdau;
33.611.500/0001-19;GERDAU S.A.;Diretoria Estatutária;2017;422294.0;217824.0;52150.0;6.5;5.0;1089117.71;2019;217823.542;;False;2020;2020-01-01;11;104022;Metals;Gerdau;
33.611.500/0001-19;GERDAU S.A.;Diretoria Estatutária;2018;4574904.0;2363273.0;1181957.0;8.0;3.58;8468395.81;2021;2365473.689944134;;False;2021;2021-01-01;16;115101;Metals;Gerdau;
33.611.500/0001-19;GERDAU S.A.;Diretoria Estatutária;2019;4585691.0;3255257.0;1251375.0;7.33;3.0;9765770.67;2022;3255256.89;;False;2022;2022-01-01;21;126945;Metals;Gerdau;
33.611.500/0001-19;GERDAU S.A.;Diretoria Estatutária;2020;8364168.0;4350527.0;1156787.0;8.67;3.0;13051582.44;2023;4350527.4799999995;;False;2023;2023-12-31;13;138034;Metals;Gerdau;
33.611.500/0001-19;GERDAU S.A.;Diretoria Estatutária;2021;9360145.0;5377776.0;1515738.0;9.0;3.0;16133327.82;2024;5377775.94;;False;2024;2024-12-31;15;148343;Metals;Gerdau;
33.611.500/0001-19;GERDAU S.A.;Diretoria Estatutária;2022;8001933.0;4041190.0;454201.0;9.83;3.42;13807399.43;2025;4037251.2953216373;;False;2025;2025-12-31;22;157704;Metals;Gerdau;
33.611.500/0001-19;GERDAU S.A.;Diretoria Estatutária;2023;9078744.0;4699787.0;652274.0;8.5;2.33;10966169.69;2026;4706510.596566523;;False;2026;2026-12-31;4;161118;Metals;Gerdau;
33.611.500/0001-19;GERDAU S.A.;Diretoria Estatutária;2024;9963952.0;4803512.0;1048063.0;8.67;3.0;14410536.87;2026;4803512.29;;False;2026;2026-12-31;4;161118;Metals;Gerdau;
33.611.500/0001-19;GERDAU S.A.;Diretoria Estatutária;2025;10058933.0;4690879.0;1298286.0;9.0;3.0;14072637.13;2026;4690879.043333334;;False;2026;2026-12-31;4;161118;Metals;Gerdau;
33.611.500/0001-19;GERDAU S.A.;Conselho de Administração;2015;995028.6;1064845.91;681825.32;6.67;4.67;4969280.92;2018;1064085.8501070663;media fora do intervalo min-max;False;2018;2018-01-01;11;83979;Metals;Gerdau;
33.611.500/0001-19;GERDAU S.A.;Conselho de Administração;2016;1158233.0;774011.0;488856.0;6.0;4.0;3096042.43;2019;774010.6075;;False;2019;2019-01-01;13;92739;Metals;Gerdau;
33.611.500/0001-19;GERDAU S.A.;Conselho de Administração;2017;849010.0;620221.0;531398.0;6.0;4.0;2480884.87;2019;620221.2175;;False;2020;2020-01-01;11;104022;Metals;Gerdau;
33.611.500/0001-19;GERDAU S.A.;Conselho de Administração;2018;9029427.0;3648189.0;519421.0;6.67;6.67;24321262.82;2021;3646366.23988006;;False;2021;2021-01-01;16;115101;Metals;Gerdau;
33.611.500/0001-19;GERDAU S.A.;Conselho de Administração;2019;8491693.0;3279190.0;615719.0;8.33;7.67;25140453.73;2022;3277764.5019556717;;False;2022;2022-01-01;21;126945;Metals;Gerdau;
33.611.500/0001-19;GERDAU S.A.;Conselho de Administração;2020;10545919.0;3836486.0;549881.0;9.0;8.0;30691889.65;2023;3836486.20625;;False;2023;2023-12-31;13;138034;Metals;Gerdau;
33.611.500/0001-19;GERDAU S.A.;Conselho de Administração;2021;4990864.0;2694351.0;573554.0;7.67;6.67;17962336.67;2024;2693003.99850075;;False;2024;2024-12-31;15;148343;Metals;Gerdau;
33.611.500/0001-19;GERDAU S.A.;Conselho de Administração;2022;5174090.0;2957772.0;485992.0;6.83;5.83;17253669.48;2025;2959463.0325900516;;False;2025;2025-12-31;22;157704;Metals;Gerdau;
33.611.500/0001-19;GERDAU S.A.;Conselho de Administração;2023;6296694.0;3397812.0;587952.0;7.0;6.0;20386871.04;2026;3397811.84;;False;2026;2026-12-31;4;161118;Metals;Gerdau;
33.611.500/0001-19;GERDAU S.A.;Conselho de Administração;2024;5504448.0;3097176.0;680728.0;7.0;6.0;18583058.73;2026;3097176.455;;False;2026;2026-12-31;4;161118;Metals;Gerdau;
33.611.500/0001-19;GERDAU S.A.;Conselho de Administração;2025;5754463.0;3629824.0;775669.0;6.33;5.33;19359062.59;2026;3632094.2945590992;;False;2026;2026-12-31;4;161118;Metals;Gerdau;
33.611.500/0001-19;GERDAU S.A.;Conselho Fiscal;2015;266976.0;164891.08;133488.0;4.33;4.33;714528.0;2018;165018.01385681293;;False;2018;2018-01-01;11;83979;Metals;Gerdau;
33.611.500/0001-19;GERDAU S.A.;Conselho Fiscal;2016;270864.0;162518.0;135432.0;5.0;5.0;812592.0;2019;162518.4;;False;2019;2019-01-01;13;92739;Metals;Gerdau;
33.611.500/0001-19;GERDAU S.A.;Conselho Fiscal;2017;282288.0;166253.0;141144.0;5.0;5.0;831264.0;2019;166252.8;;False;2020;2020-01-01;11;104022;Metals;Gerdau;
33.611.500/0001-19;GERDAU S.A.;Conselho Fiscal;2018;293760.0;186415.0;146880.0;3.67;3.67;683520.0;2021;186245.23160762942;;False;2021;2021-01-01;16;115101;Metals;Gerdau;
33.611.500/0001-19;GERDAU S.A.;Conselho Fiscal;2019;306528.0;204352.0;153264.0;3.0;3.0;613056.0;2022;204352.0;;False;2022;2022-01-01;21;126945;Metals;Gerdau;
33.611.500/0001-19;GERDAU S.A.;Conselho Fiscal;2020;292008.0;194672.0;146004.0;3.0;3.0;584016.0;2023;194672.0;;False;2023;2023-12-31;13;138034;Metals;Gerdau;
33.611.500/0001-19;GERDAU S.A.;Conselho Fiscal;2021;246584.0;167509.0;127972.0;3.0;3.0;502528.0;2024;167509.33333333334;;False;2024;2024-12-31;15;148343;Metals;Gerdau;
33.611.500/0001-19;GERDAU S.A.;Conselho Fiscal;2022;272520.0;186627.0;143680.0;3.0;3.0;559880.0;2025;186626.66666666666;;False;2025;2025-12-31;22;157704;Metals;Gerdau;
33.611.500/0001-19;GERDAU S.A.;Conselho Fiscal;2023;289160.0;198093.0;152560.0;3.0;3.0;594280.0;2026;198093.33333333334;;False;2026;2026-12-31;4;161118;Metals;Gerdau;
33.611.500/0001-19;GERDAU S.A.;Conselho Fiscal;2024;298080.0;205653.0;298080.0;3.0;3.0;616960.0;2026;205653.33333333334;media fora do intervalo min-max;False;2026;2026-12-31;4;161118;Metals;Gerdau;
33.611.500/0001-19;GERDAU S.A.;Conselho Fiscal;2025;253840.0;211360.0;167040.0;3.0;3.0;634080.0;2026;211360.0;;False;2026;2026-12-31;4;161118;Metals;Gerdau;
09.229.201/0001-30;GPS PARTICIPAÇÕES E EMPREENDIMENTOS S.A.;Diretoria Estatutária;2018;110432.94;106261.55;102422.88;4.0;4.0;425046.0;2021;106261.5;;False;2021;2021-01-01;7;114973;Industrials;GPS;
09.229.201/0001-30;GPS PARTICIPAÇÕES E EMPREENDIMENTOS S.A.;Diretoria Estatutária;2019;15758600.82;7036072.5;1994220.59;4.0;4.0;28144290.0;2022;7036072.5;;False;2022;2022-01-01;7;125291;Industrials;GPS;
09.229.201/0001-30;GPS PARTICIPAÇÕES E EMPREENDIMENTOS S.A.;Diretoria Estatutária;2020;25010408.96;10728177.91;2589808.18;4.0;4.0;42912711.0;2023;10728177.75;;False;2023;2023-12-31;7;135939;Industrials;GPS;
09.229.201/0001-30;GPS PARTICIPAÇÕES E EMPREENDIMENTOS S.A.;Diretoria Estatutária;2021;27852425.0;11007632.0;1548120.0;5.0;5.0;52286253.0;2024;10457250.6;media != total/n_remunerados;False;2024;2024-12-31;8;148351;Industrials;GPS;
09.229.201/0001-30;GPS PARTICIPAÇÕES E EMPREENDIMENTOS S.A.;Diretoria Estatutária;2022;28192710.0;11856085.0;1883098.0;5.8;5.8;68765296.0;2025;11856085.51724138;;False;2025;2025-12-31;7;157874;Industrials;GPS;
09.229.201/0001-30;GPS PARTICIPAÇÕES E EMPREENDIMENTOS S.A.;Diretoria Estatutária;2023;37185615.0;14632981.0;2337658.0;6.0;6.0;87797889.0;2025;14632981.5;;False;2025;2025-12-31;7;157874;Industrials;GPS;
09.229.201/0001-30;GPS PARTICIPAÇÕES E EMPREENDIMENTOS S.A.;Diretoria Estatutária;2024;30425929.0;12873763.0;2563382.0;6.0;6.0;77242581.0;2026;12873763.5;;False;2026;2026-12-31;1;158630;Industrials;GPS;
09.229.201/0001-30;GPS PARTICIPAÇÕES E EMPREENDIMENTOS S.A.;Diretoria Estatutária;2025;25928342.0;11550807.0;2447639.0;6.0;6.0;106554747.0;2026;17759124.5;media != total/n_remunerados;False;2026;2026-12-31;1;158630;Industrials;GPS;
09.229.201/0001-30;GPS PARTICIPAÇÕES E EMPREENDIMENTOS S.A.;Conselho de Administração;2018;104160.0;104160.0;104160.0;16.0;1.0;104160.0;2021;104160.0;;False;2021;2021-01-01;7;114973;Industrials;GPS;
09.229.201/0001-30;GPS PARTICIPAÇÕES E EMPREENDIMENTOS S.A.;Conselho de Administração;2019;104160.0;104160.0;104160.0;16.0;1.0;104160.0;2022;104160.0;;False;2022;2022-01-01;7;125291;Industrials;GPS;
09.229.201/0001-30;GPS PARTICIPAÇÕES E EMPREENDIMENTOS S.A.;Conselho de Administração;2020;104160.0;104160.0;104160.0;15.0;1.0;104160.0;2023;104160.0;;False;2023;2023-12-31;7;135939;Industrials;GPS;
09.229.201/0001-30;GPS PARTICIPAÇÕES E EMPREENDIMENTOS S.A.;Conselho de Administração;2021;237860.0;179820.0;145800.0;11.0;3.0;449550.0;2024;149850.0;media != total/n_remunerados;False;2024;2024-12-31;8;148351;Industrials;GPS;
09.229.201/0001-30;GPS PARTICIPAÇÕES E EMPREENDIMENTOS S.A.;Conselho de Administração;2022;311622.0;260262.0;234582.0;9.0;3.0;844987.0;2025;281662.3333333333;media != total/n_remunerados;False;2025;2025-12-31;7;157874;Industrials;GPS;
09.229.201/0001-30;GPS PARTICIPAÇÕES E EMPREENDIMENTOS S.A.;Conselho de Administração;2023;352639.0;320273.0;266000.0;9.0;6.0;1921639.0;2026;320273.1666666667;;False;2026;2026-12-31;1;158630;Industrials;GPS;
09.229.201/0001-30;GPS PARTICIPAÇÕES E EMPREENDIMENTOS S.A.;Conselho de Administração;2024;444960.0;395520.0;370800.0;9.0;6.0;2373120.0;2026;395520.0;;False;2026;2026-12-31;1;158630;Industrials;GPS;
09.229.201/0001-30;GPS PARTICIPAÇÕES E EMPREENDIMENTOS S.A.;Conselho de Administração;2025;465592.0;438569.0;387994.0;9.0;4.0;2512159.0;2026;628039.75;media != total/n_remunerados;False;2026;2026-12-31;1;158630;Industrials;GPS;
09.229.201/0001-30;GPS PARTICIPAÇÕES E EMPREENDIMENTOS S.A.;Conselho Fiscal;2018;0.0;0.0;0.0;0.0;0.0;0.0;2021;;;False;2021;2021-01-01;7;114973;Industrials;GPS;
09.229.201/0001-30;GPS PARTICIPAÇÕES E EMPREENDIMENTOS S.A.;Conselho Fiscal;2019;0.0;0.0;0.0;0.0;0.0;0.0;2022;;;False;2022;2022-01-01;7;125291;Industrials;GPS;
09.229.201/0001-30;GPS PARTICIPAÇÕES E EMPREENDIMENTOS S.A.;Conselho Fiscal;2020;0.0;0.0;0.0;0.0;0.0;0.0;2023;;;False;2023;2023-12-31;7;135939;Industrials;GPS;
09.229.201/0001-30;GPS PARTICIPAÇÕES E EMPREENDIMENTOS S.A.;Conselho Fiscal;2021;0.0;0.0;0.0;0.0;0.0;0.0;2024;;;False;2024;2024-12-31;8;148351;Industrials;GPS;
09.229.201/0001-30;GPS PARTICIPAÇÕES E EMPREENDIMENTOS S.A.;Conselho Fiscal;2022;0.0;0.0;0.0;0.0;0.0;0.0;2025;;;False;2025;2025-12-31;7;157874;Industrials;GPS;
09.229.201/0001-30;GPS PARTICIPAÇÕES E EMPREENDIMENTOS S.A.;Conselho Fiscal;2023;165360.0;165360.0;165360.0;4.5;2.25;372060.0;2026;165360.0;;False;2026;2026-12-31;1;158630;Industrials;GPS;
09.229.201/0001-30;GPS PARTICIPAÇÕES E EMPREENDIMENTOS S.A.;Conselho Fiscal;2024;0.0;0.0;0.0;0.0;0.0;0.0;2026;;;False;2026;2026-12-31;1;158630;Industrials;GPS;
09.229.201/0001-30;GPS PARTICIPAÇÕES E EMPREENDIMENTOS S.A.;Conselho Fiscal;2025;147982.0;147982.0;147982.0;6.0;3.0;612338.0;2026;204112.66666666666;media != total/n_remunerados;False;2026;2026-12-31;1;158630;Industrials;GPS;
24.990.777/0001-09;GRUPO MATEUS S.A.;Diretoria Estatutária;2017;14870.0;14870.0;14870.0;1.0;1.0;0.0;2020;;;False;2020;2020-01-01;5;103822;Retail;Grupo Mateus;
24.990.777/0001-09;GRUPO MATEUS S.A.;Diretoria Estatutária;2018;16218.82;16218.82;16218.82;1.0;1.0;0.0;2021;;;False;2021;2021-01-01;4;114142;Retail;Grupo Mateus;
24.990.777/0001-09;GRUPO MATEUS S.A.;Diretoria Estatutária;2019;18547.02;17073.51;15600.0;2.0;2.0;0.0;2022;;;False;2022;2022-01-01;8;125613;Retail;Grupo Mateus;
24.990.777/0001-09;GRUPO MATEUS S.A.;Diretoria Estatutária;2020;94713.6;62343.57;42263.02;3.0;3.0;1086080.57;2023;362026.8566666667;media != total/n_remunerados;False;2023;2023-12-31;9;137712;Retail;Grupo Mateus;
24.990.777/0001-09;GRUPO MATEUS S.A.;Diretoria Estatutária;2021;1136563.2;748122.8;507156.24;3.0;3.0;2244368.4;2024;748122.7999999999;;False;2024;2024-12-31;9;146536;Retail;Grupo Mateus;
24.990.777/0001-09;GRUPO MATEUS S.A.;Diretoria Estatutária;2022;2019147.44;1742575.74;769819.69;3.0;3.0;5227727.23;2025;1742575.7433333334;;False;2025;2025-12-31;9;157755;Retail;Grupo Mateus;
24.990.777/0001-09;GRUPO MATEUS S.A.;Diretoria Estatutária;2023;11832219.18;10091831.05;1286414.13;3.0;3.0;30275493.14;2026;10091831.046666667;;False;2026;2026-12-31;1;158148;Retail;Grupo Mateus;
24.990.777/0001-09;GRUPO MATEUS S.A.;Diretoria Estatutária;2024;17452016.45;10196259.77;2374878.85;3.0;3.0;30588779.31;2026;10196259.77;;False;2026;2026-12-31;1;158148;Retail;Grupo Mateus;
24.990.777/0001-09;GRUPO MATEUS S.A.;Diretoria Estatutária;2025;19879214.52;13044299.89;1368440.56;3.0;3.0;39132899.68;2026;13044299.893333333;;False;2026;2026-12-31;1;158148;Retail;Grupo Mateus;
24.990.777/0001-09;GRUPO MATEUS S.A.;Conselho de Administração;2017;0.0;0.0;0.0;0.0;0.0;0.0;2020;;;False;2020;2020-01-01;5;103822;Retail;Grupo Mateus;
24.990.777/0001-09;GRUPO MATEUS S.A.;Conselho de Administração;2018;0.0;0.0;0.0;0.0;0.0;0.0;2021;;;False;2021;2021-01-01;4;114142;Retail;Grupo Mateus;
24.990.777/0001-09;GRUPO MATEUS S.A.;Conselho de Administração;2019;0.0;0.0;0.0;0.0;0.0;0.0;2022;;;False;2022;2022-01-01;8;125613;Retail;Grupo Mateus;
24.990.777/0001-09;GRUPO MATEUS S.A.;Conselho de Administração;2020;76108.0;52278.25;35000.0;3.0;2.0;800787.35;2023;400393.675;media != total/n_remunerados;False;2023;2023-12-31;9;137712;Retail;Grupo Mateus;
24.990.777/0001-09;GRUPO MATEUS S.A.;Conselho de Administração;2021;913296.0;1150922.72;420000.0;5.0;4.0;4603690.87;2024;1150922.7175;media fora do intervalo min-max;False;2024;2024-12-31;9;146536;Retail;Grupo Mateus;
24.990.777/0001-09;GRUPO MATEUS S.A.;Conselho de Administração;2022;2694502.57;1191387.23;420000.0;5.0;4.0;4765548.91;2025;1191387.2275;;False;2025;2025-12-31;9;157755;Retail;Grupo Mateus;
24.990.777/0001-09;GRUPO MATEUS S.A.;Conselho de Administração;2023;1136563.2;683348.6;420000.0;4.92;3.92;2678726.53;2026;683348.6045918367;;False;2026;2026-12-31;1;158148;Retail;Grupo Mateus;
24.990.777/0001-09;GRUPO MATEUS S.A.;Conselho de Administração;2024;1136563.2;800121.35;488000.0;4.92;3.92;3136475.7;2026;800121.3520408163;;False;2026;2026-12-31;1;158148;Retail;Grupo Mateus;
24.990.777/0001-09;GRUPO MATEUS S.A.;Conselho de Administração;2025;1136563.2;825640.8;522000.0;5.0;4.0;3302563.2;2026;825640.8;;False;2026;2026-12-31;1;158148;Retail;Grupo Mateus;
24.990.777/0001-09;GRUPO MATEUS S.A.;Conselho Fiscal;2017;0.0;0.0;0.0;0.0;0.0;0.0;2020;;;False;2020;2020-01-01;5;103822;Retail;Grupo Mateus;
24.990.777/0001-09;GRUPO MATEUS S.A.;Conselho Fiscal;2018;0.0;0.0;0.0;0.0;0.0;0.0;2021;;;False;2021;2021-01-01;4;114142;Retail;Grupo Mateus;
24.990.777/0001-09;GRUPO MATEUS S.A.;Conselho Fiscal;2019;0.0;0.0;0.0;0.0;0.0;0.0;2022;;;False;2022;2022-01-01;8;125613;Retail;Grupo Mateus;
24.990.777/0001-09;GRUPO MATEUS S.A.;Conselho Fiscal;2020;0.0;0.0;0.0;0.0;0.0;0.0;2022;;;False;2022;2022-01-01;8;125613;Retail;Grupo Mateus;
24.990.777/0001-09;GRUPO MATEUS S.A.;Conselho Fiscal;2021;21951.05;21951.05;21951.05;3.0;3.0;65853.15;2024;21951.05;;False;2024;2024-12-31;9;146536;Retail;Grupo Mateus;
24.990.777/0001-09;GRUPO MATEUS S.A.;Conselho Fiscal;2022;36961.19;36961.19;36961.19;3.0;3.0;110883.58;2025;36961.193333333336;;False;2025;2025-12-31;9;157755;Retail;Grupo Mateus;
24.990.777/0001-09;GRUPO MATEUS S.A.;Conselho Fiscal;2023;149902.33;149902.33;149902.33;3.0;3.0;449707.0;2026;149902.33333333334;;False;2026;2026-12-31;1;158148;Retail;Grupo Mateus;
24.990.777/0001-09;GRUPO MATEUS S.A.;Conselho Fiscal;2024;198134.4;198134.4;198134.4;3.0;3.0;594403.2;2026;198134.4;;False;2026;2026-12-31;1;158148;Retail;Grupo Mateus;
24.990.777/0001-09;GRUPO MATEUS S.A.;Conselho Fiscal;2025;198134.4;198134.4;198134.4;3.0;3.0;594403.2;2026;198134.4;;False;2026;2026-12-31;1;158148;Retail;Grupo Mateus;
08.402.943/0001-52;GUARARAPES CONFECCOES S.A.;Diretoria Estatutária;2007;961000.0;955000.0;931000.0;6.0;0.0;;;;;False;2010;2010-01-01;3;7500;Retail;Guararapes;
08.402.943/0001-52;GUARARAPES CONFECCOES S.A.;Diretoria Estatutária;2008;891000.0;886000.0;867000.0;6.0;0.0;;;;;False;2011;2011-01-01;2;13294;Retail;Guararapes;
08.402.943/0001-52;GUARARAPES CONFECCOES S.A.;Diretoria Estatutária;2009;895000.0;889000.0;870000.0;5.0;0.0;3600000.0;2012;;;False;2012;2012-01-01;4;27025;Retail;Guararapes;
08.402.943/0001-52;GUARARAPES CONFECCOES S.A.;Diretoria Estatutária;2010;978672.0;991480.47;951552.0;4.25;0.0;4213792.0;2013;;media fora do intervalo min-max;False;2013;2013-01-01;11;36504;Retail;Guararapes;
08.402.943/0001-52;GUARARAPES CONFECCOES S.A.;Diretoria Estatutária;2011;979224.75;992814.57;952104.02;3.08;0.0;3061178.26;2014;;media fora do intervalo min-max;False;2014;2014-01-01;6;46099;Retail;Guararapes;
08.402.943/0001-52;GUARARAPES CONFECCOES S.A.;Diretoria Estatutária;2012;1068509.54;1058647.48;1038923.36;3.0;0.0;3175942.44;2014;;;False;2015;2015-01-01;5;55174;Retail;Guararapes;
08.402.943/0001-52;GUARARAPES CONFECCOES S.A.;Diretoria Estatutária;2013;1246576.85;1235071.11;1212059.63;3.0;0.0;3705213.33;2016;;;False;2016;2016-01-01;9;64649;Retail;Guararapes;
08.402.943/0001-52;GUARARAPES CONFECCOES S.A.;Diretoria Estatutária;2014;1247293.4;1235787.65;1212776.16;3.0;2.0;3707362.96;2017;1853681.48;media != total/n_remunerados;False;2017;2017-01-01;5;74084;Retail;Guararapes;
08.402.943/0001-52;GUARARAPES CONFECCOES S.A.;Diretoria Estatutária;2015;1247117.96;1143034.84;934868.59;3.0;2.0;2411624.35;2018;1205812.175;media != total/n_remunerados;False;2018;2018-01-01;8;83170;Retail;Guararapes;
08.402.943/0001-52;GUARARAPES CONFECCOES S.A.;Diretoria Estatutária;2016;1247633.6;1230374.94;1213116.27;3.0;2.0;1729000.0;2019;864500.0;media != total/n_remunerados;False;2019;2019-01-01;7;94423;Retail;Guararapes;
08.402.943/0001-52;GUARARAPES CONFECCOES S.A.;Diretoria Estatutária;2017;1248084.32;1230825.72;1213567.11;3.0;2.0;1729000.0;2020;864500.0;media != total/n_remunerados;False;2020;2020-01-01;6;104340;Retail;Guararapes;
08.402.943/0001-52;GUARARAPES CONFECCOES S.A.;Diretoria Estatutária;2018;1248235.52;1248235.52;1248235.52;3.0;1.0;1182916.95;2021;1182916.95;media != total/n_remunerados;False;2021;2021-01-01;7;115622;Retail;Guararapes;
08.402.943/0001-52;GUARARAPES CONFECCOES S.A.;Diretoria Estatutária;2019;1248491.12;1248491.12;1248491.12;3.0;1.0;910000.0;2022;910000.0;media != total/n_remunerados;False;2022;2022-01-01;8;127054;Retail;Guararapes;
08.402.943/0001-52;GUARARAPES CONFECCOES S.A.;Diretoria Estatutária;2020;728414.27;728414.27;728414.27;2.5;0.58;546038.33;2023;941445.3965517242;media != total/n_remunerados;False;2023;2023-12-31;3;137765;Retail;Guararapes;
08.402.943/0001-52;GUARARAPES CONFECCOES S.A.;Diretoria Estatutária;2021;0.0;0.0;0.0;2.0;0.0;0.0;2024;;;False;2024;2024-12-31;3;147402;Retail;Guararapes;
08.402.943/0001-52;GUARARAPES CONFECCOES S.A.;Diretoria Estatutária;2022;7919030.75;6418733.16;260281.88;2.25;1.33;8536915.1;2025;6418733.157894736;;False;2025;2025-12-31;9;156666;Retail;Guararapes;
08.402.943/0001-52;GUARARAPES CONFECCOES S.A.;Diretoria Estatutária;2023;8487228.14;7502302.61;3052160.75;3.0;3.0;22506907.84;2026;7502302.613333333;;False;2026;2026-12-31;1;158200;Retail;Guararapes;
08.402.943/0001-52;GUARARAPES CONFECCOES S.A.;Diretoria Estatutária;2024;12316054.49;6253226.74;3282441.94;3.0;3.0;18759680.23;2026;6253226.743333333;;False;2026;2026-12-31;1;158200;Retail;Guararapes;
08.402.943/0001-52;GUARARAPES CONFECCOES S.A.;Diretoria Estatutária;2025;14309244.27;7281337.92;3389126.51;3.0;3.0;21844013.75;2026;7281337.916666667;;False;2026;2026-12-31;1;158200;Retail;Guararapes;
08.402.943/0001-52;GUARARAPES CONFECCOES S.A.;Conselho de Administração;2007;961000.0;511000.0;96000.0;3.0;0.0;;;;;False;2010;2010-01-01;3;7500;Retail;Guararapes;
08.402.943/0001-52;GUARARAPES CONFECCOES S.A.;Conselho de Administração;2008;891000.0;475000.0;89000.0;3.0;0.0;;;;;False;2011;2011-01-01;2;13294;Retail;Guararapes;
08.402.943/0001-52;GUARARAPES CONFECCOES S.A.;Conselho de Administração;2009;895000.0;555000.0;326000.0;3.0;0.0;1664000.0;2012;;;False;2012;2012-01-01;4;27025;Retail;Guararapes;
08.402.943/0001-52;GUARARAPES CONFECCOES S.A.;Conselho de Administração;2010;530400.0;530400.0;530400.0;2.0;0.0;1060800.0;2013;;;False;2013;2013-01-01;11;36504;Retail;Guararapes;
08.402.943/0001-52;GUARARAPES CONFECCOES S.A.;Conselho de Administração;2011;530949.1;530949.1;530949.1;2.0;0.0;1061898.2;2014;;;False;2014;2014-01-01;6;46099;Retail;Guararapes;
08.402.943/0001-52;GUARARAPES CONFECCOES S.A.;Conselho de Administração;2012;530578.51;530578.51;530578.51;2.0;0.0;1061157.02;2014;;;False;2015;2015-01-01;5;55174;Retail;Guararapes;
08.402.943/0001-52;GUARARAPES CONFECCOES S.A.;Conselho de Administração;2013;618990.66;618990.66;618990.66;2.0;0.0;1237981.32;2016;;;False;2016;2016-01-01;9;64649;Retail;Guararapes;
08.402.943/0001-52;GUARARAPES CONFECCOES S.A.;Conselho de Administração;2014;619707.1;619707.1;619707.1;3.0;2.0;1239414.2;2017;619707.1;;False;2017;2017-01-01;5;74084;Retail;Guararapes;
08.402.943/0001-52;GUARARAPES CONFECCOES S.A.;Conselho de Administração;2015;619531.78;619531.78;619531.78;3.0;2.0;910000.0;2018;455000.0;media != total/n_remunerados;False;2018;2018-01-01;8;83170;Retail;Guararapes;
08.402.943/0001-52;GUARARAPES CONFECCOES S.A.;Conselho de Administração;2016;620047.3;620047.3;620047.3;3.0;2.0;910000.0;2019;455000.0;media != total/n_remunerados;False;2019;2019-01-01;7;94423;Retail;Guararapes;
08.402.943/0001-52;GUARARAPES CONFECCOES S.A.;Conselho de Administração;2017;620498.14;620498.14;620498.14;3.0;2.0;910000.0;2020;455000.0;media != total/n_remunerados;False;2020;2020-01-01;6;104340;Retail;Guararapes;
08.402.943/0001-52;GUARARAPES CONFECCOES S.A.;Conselho de Administração;2018;766582.24;766582.24;766582.24;3.0;3.0;1365187.66;2021;455062.5533333333;media != total/n_remunerados;False;2021;2021-01-01;7;115622;Retail;Guararapes;
08.402.943/0001-52;GUARARAPES CONFECCOES S.A.;Conselho de Administração;2019;1001000.0;1001000.0;1001000.0;3.0;3.0;2191706.76;2022;730568.9199999999;media != total/n_remunerados;False;2022;2022-01-01;8;127054;Retail;Guararapes;
08.402.943/0001-52;GUARARAPES CONFECCOES S.A.;Conselho de Administração;2020;1001000.0;1001000.0;1001000.0;3.0;3.0;2190042.96;2023;730014.32;media != total/n_remunerados;False;2023;2023-12-31;3;137765;Retail;Guararapes;
08.402.943/0001-52;GUARARAPES CONFECCOES S.A.;Conselho de Administração;2021;1058000.0;1029374.88;609710.69;4.33;4.33;3258280.55;2024;752489.7344110854;media != total/n_remunerados;False;2024;2024-12-31;3;147402;Retail;Guararapes;
08.402.943/0001-52;GUARARAPES CONFECCOES S.A.;Conselho de Administração;2022;899024.92;860985.89;749932.32;6.0;5.0;4304929.44;2025;860985.888;;False;2025;2025-12-31;9;156666;Retail;Guararapes;
08.402.943/0001-52;GUARARAPES CONFECCOES S.A.;Conselho de Administração;2023;1344200.0;1279400.0;1084000.0;5.0;5.0;6397000.0;2026;1279400.0;;False;2026;2026-12-31;1;158200;Retail;Guararapes;
08.402.943/0001-52;GUARARAPES CONFECCOES S.A.;Conselho de Administração;2024;1344200.0;1238360.0;1280400.0;5.0;5.0;6191800.0;2026;1238360.0;media fora do intervalo min-max;False;2026;2026-12-31;1;158200;Retail;Guararapes;
08.402.943/0001-52;GUARARAPES CONFECCOES S.A.;Conselho de Administração;2025;1344200.0;1310188.32;1188006.0;5.0;5.0;6550941.6;2026;1310188.3199999998;;False;2026;2026-12-31;1;158200;Retail;Guararapes;
08.402.943/0001-52;GUARARAPES CONFECCOES S.A.;Conselho Fiscal;2007;82000.0;82000.0;82000.0;3.0;0.0;;;;;False;2010;2010-01-01;3;7500;Retail;Guararapes;
08.402.943/0001-52;GUARARAPES CONFECCOES S.A.;Conselho Fiscal;2008;82000.0;82000.0;82000.0;3.0;0.0;;;;;False;2011;2011-01-01;2;13294;Retail;Guararapes;
08.402.943/0001-52;GUARARAPES CONFECCOES S.A.;Conselho Fiscal;2009;82000.0;82000.0;82000.0;3.0;0.0;247000.0;2012;;;False;2012;2012-01-01;4;27025;Retail;Guararapes;
08.402.943/0001-52;GUARARAPES CONFECCOES S.A.;Conselho Fiscal;2010;90360.0;90360.0;90360.0;3.0;0.0;271080.0;2013;;;False;2013;2013-01-01;11;36504;Retail;Guararapes;
08.402.943/0001-52;GUARARAPES CONFECCOES S.A.;Conselho Fiscal;2011;90480.0;90480.0;90480.0;3.0;0.0;271440.0;2014;;;False;2014;2014-01-01;6;46099;Retail;Guararapes;
08.402.943/0001-52;GUARARAPES CONFECCOES S.A.;Conselho Fiscal;2012;98640.0;98640.0;98640.0;3.0;0.0;295920.0;2014;;;False;2015;2015-01-01;5;55174;Retail;Guararapes;
08.402.943/0001-52;GUARARAPES CONFECCOES S.A.;Conselho Fiscal;2013;115200.0;115200.0;115200.0;3.0;0.0;345600.0;2016;;;False;2016;2016-01-01;9;64649;Retail;Guararapes;
08.402.943/0001-52;GUARARAPES CONFECCOES S.A.;Conselho Fiscal;2014;115200.0;115200.0;115200.0;3.0;3.0;345600.0;2017;115200.0;;False;2017;2017-01-01;5;74084;Retail;Guararapes;
08.402.943/0001-52;GUARARAPES CONFECCOES S.A.;Conselho Fiscal;2015;115200.0;115200.0;115200.0;3.0;3.0;272541.75;2018;90847.25;media != total/n_remunerados;False;2018;2018-01-01;8;83170;Retail;Guararapes;
08.402.943/0001-52;GUARARAPES CONFECCOES S.A.;Conselho Fiscal;2016;115200.0;115200.0;115200.0;3.0;3.0;272137.81;2019;90712.60333333333;media != total/n_remunerados;False;2019;2019-01-01;7;94423;Retail;Guararapes;
08.402.943/0001-52;GUARARAPES CONFECCOES S.A.;Conselho Fiscal;2017;115200.0;115200.0;115200.0;3.0;3.0;271270.08;2020;90423.36;media != total/n_remunerados;False;2020;2020-01-01;6;104340;Retail;Guararapes;
08.402.943/0001-52;GUARARAPES CONFECCOES S.A.;Conselho Fiscal;2018;121622.32;121622.32;121622.32;4.0;4.0;348495.58;2021;87123.895;media != total/n_remunerados;False;2021;2021-01-01;7;115622;Retail;Guararapes;
08.402.943/0001-52;GUARARAPES CONFECCOES S.A.;Conselho Fiscal;2019;124833.48;124833.48;124833.48;3.0;3.0;325524.92;2022;108508.30666666666;media != total/n_remunerados;False;2022;2022-01-01;8;127054;Retail;Guararapes;
08.402.943/0001-52;GUARARAPES CONFECCOES S.A.;Conselho Fiscal;2020;124949.14;124949.14;124949.14;3.0;3.0;290110.33;2023;96703.44333333334;media != total/n_remunerados;False;2023;2023-12-31;3;137765;Retail;Guararapes;
08.402.943/0001-52;GUARARAPES CONFECCOES S.A.;Conselho Fiscal;2021;120000.0;111599.06;41688.88;3.0;3.0;334797.17;2024;111599.05666666666;;False;2024;2024-12-31;3;147402;Retail;Guararapes;
08.402.943/0001-52;GUARARAPES CONFECCOES S.A.;Conselho Fiscal;2022;180000.0;131577.24;60000.0;3.0;3.0;394731.72;2025;131577.24;;False;2025;2025-12-31;9;156666;Retail;Guararapes;
08.402.943/0001-52;GUARARAPES CONFECCOES S.A.;Conselho Fiscal;2023;196800.0;196800.0;196800.0;3.0;3.0;590400.0;2026;196800.0;;False;2026;2026-12-31;1;158200;Retail;Guararapes;
08.402.943/0001-52;GUARARAPES CONFECCOES S.A.;Conselho Fiscal;2024;202835.2;202835.2;202835.2;3.0;3.0;608505.6;2026;202835.19999999998;;False;2026;2026-12-31;1;158200;Retail;Guararapes;
08.402.943/0001-52;GUARARAPES CONFECCOES S.A.;Conselho Fiscal;2025;205852.8;205852.8;205852.8;3.0;3.0;617558.4;2026;205852.80000000002;;False;2026;2026-12-31;1;158200;Retail;Guararapes;
05.197.443/0001-38;HAPVIDA PARTICIPAÇÕES E INVESTIMENTOS S.A.;Diretoria Estatutária;2015;0.0;0.0;0.0;0.0;0.0;0.0;2018;;;False;2018;2018-01-01;8;82581;Saude;Hapvida;
05.197.443/0001-38;HAPVIDA PARTICIPAÇÕES E INVESTIMENTOS S.A.;Diretoria Estatutária;2016;1051950.09;429628.68;515873.31;5.0;5.0;2148143.4;2019;429628.68;media fora do intervalo min-max;False;2019;2019-01-01;12;92746;Saude;Hapvida;
05.197.443/0001-38;HAPVIDA PARTICIPAÇÕES E INVESTIMENTOS S.A.;Diretoria Estatutária;2017;6023162.33;2072058.12;0.0;5.0;5.0;10360290.59;2020;2072058.118;;False;2020;2020-01-01;9;100175;Saude;Hapvida;
05.197.443/0001-38;HAPVIDA PARTICIPAÇÕES E INVESTIMENTOS S.A.;Diretoria Estatutária;2018;6973876.66;1837271.78;2212482.23;5.0;5.0;15506976.06;2021;3101395.2120000003;"media fora do intervalo min-max; media != total/n_remunerados";False;2021;2021-01-01;17;115749;Saude;Hapvida;
05.197.443/0001-38;HAPVIDA PARTICIPAÇÕES E INVESTIMENTOS S.A.;Diretoria Estatutária;2019;9507728.31;2289090.29;1937723.15;5.0;5.0;19418335.11;2022;3883667.022;media != total/n_remunerados;False;2022;2022-01-01;15;124430;Saude;Hapvida;
05.197.443/0001-38;HAPVIDA PARTICIPAÇÕES E INVESTIMENTOS S.A.;Diretoria Estatutária;2020;7911169.27;4024126.91;1789680.6;5.0;5.0;20120634.57;2023;4024126.914;;False;2023;2023-12-31;18;137749;Saude;Hapvida;
05.197.443/0001-38;HAPVIDA PARTICIPAÇÕES E INVESTIMENTOS S.A.;Diretoria Estatutária;2021;12225771.4;9519726.73;6555351.88;5.0;5.0;47598633.67;2024;9519726.734000001;;False;2024;2024-12-31;11;148132;Saude;Hapvida;
05.197.443/0001-38;HAPVIDA PARTICIPAÇÕES E INVESTIMENTOS S.A.;Diretoria Estatutária;2022;82169144.04;39183916.7;18174661.67;5.08;5.08;199054296.85;2025;39183916.702755906;;False;2025;2025-12-31;16;157229;Saude;Hapvida;
05.197.443/0001-38;HAPVIDA PARTICIPAÇÕES E INVESTIMENTOS S.A.;Diretoria Estatutária;2023;67413422.63;26583903.77;16021783.85;4.08;4.08;108462327.39;2026;26583903.772058822;;False;2026;2026-12-31;2;159341;Saude;Hapvida;
05.197.443/0001-38;HAPVIDA PARTICIPAÇÕES E INVESTIMENTOS S.A.;Diretoria Estatutária;2024;43433811.54;17814647.33;6810016.86;5.0;5.0;89073236.65;2026;17814647.330000002;;False;2026;2026-12-31;2;159341;Saude;Hapvida;
05.197.443/0001-38;HAPVIDA PARTICIPAÇÕES E INVESTIMENTOS S.A.;Diretoria Estatutária;2025;14903090.07;8502371.16;3331649.96;5.0;5.0;42511855.78;2026;8502371.156;;False;2026;2026-12-31;2;159341;Saude;Hapvida;
05.197.443/0001-38;HAPVIDA PARTICIPAÇÕES E INVESTIMENTOS S.A.;Conselho de Administração;2015;0.0;0.0;0.0;0.0;0.0;0.0;2018;;;False;2018;2018-01-01;8;82581;Saude;Hapvida;
05.197.443/0001-38;HAPVIDA PARTICIPAÇÕES E INVESTIMENTOS S.A.;Conselho de Administração;2016;72000.0;63000.0;54000.0;6.0;2.0;126000.0;2019;63000.0;;False;2019;2019-01-01;12;92746;Saude;Hapvida;
05.197.443/0001-38;HAPVIDA PARTICIPAÇÕES E INVESTIMENTOS S.A.;Conselho de Administração;2017;219960.0;219465.0;218970.0;6.0;2.0;438930.0;2020;219465.0;;False;2020;2020-01-01;9;100175;Saude;Hapvida;
05.197.443/0001-38;HAPVIDA PARTICIPAÇÕES E INVESTIMENTOS S.A.;Conselho de Administração;2018;2478789.45;381241.35;189900.0;7.0;7.0;9525769.56;2021;1360824.222857143;media != total/n_remunerados;False;2021;2021-01-01;17;115749;Saude;Hapvida;
05.197.443/0001-38;HAPVIDA PARTICIPAÇÕES E INVESTIMENTOS S.A.;Conselho de Administração;2019;2809294.71;444325.14;189900.0;6.75;6.75;7099737.11;2022;1051812.9051851851;media != total/n_remunerados;False;2022;2022-01-01;15;124430;Saude;Hapvida;
05.197.443/0001-38;HAPVIDA PARTICIPAÇÕES E INVESTIMENTOS S.A.;Conselho de Administração;2020;2426336.82;917207.16;247425.0;6.83;6.83;6264524.88;2023;917207.1566617863;;False;2023;2023-12-31;18;137749;Saude;Hapvida;
05.197.443/0001-38;HAPVIDA PARTICIPAÇÕES E INVESTIMENTOS S.A.;Conselho de Administração;2021;2967564.89;1477853.04;846666.67;7.0;7.0;10344971.26;2024;1477853.0371428572;;False;2024;2024-12-31;11;148132;Saude;Hapvida;
05.197.443/0001-38;HAPVIDA PARTICIPAÇÕES E INVESTIMENTOS S.A.;Conselho de Administração;2022;12536752.16;4475662.87;1258327.18;8.75;8.75;39162050.15;2025;4475662.874285714;;False;2025;2025-12-31;16;157229;Saude;Hapvida;
05.197.443/0001-38;HAPVIDA PARTICIPAÇÕES E INVESTIMENTOS S.A.;Conselho de Administração;2023;29247780.33;7459744.96;2314077.03;9.0;9.0;67137704.65;2026;7459744.961111112;;False;2026;2026-12-31;2;159341;Saude;Hapvida;
05.197.443/0001-38;HAPVIDA PARTICIPAÇÕES E INVESTIMENTOS S.A.;Conselho de Administração;2024;13471879.41;6715760.94;3166781.46;9.0;9.0;60441848.42;2026;6715760.935555556;;False;2026;2026-12-31;2;159341;Saude;Hapvida;
05.197.443/0001-38;HAPVIDA PARTICIPAÇÕES E INVESTIMENTOS S.A.;Conselho de Administração;2025;6406516.28;2578998.77;1525516.4;9.0;9.0;23210988.91;2026;2578998.7677777777;;False;2026;2026-12-31;2;159341;Saude;Hapvida;
05.197.443/0001-38;HAPVIDA PARTICIPAÇÕES E INVESTIMENTOS S.A.;Conselho Fiscal;2015;0.0;0.0;0.0;0.0;0.0;0.0;2018;;;False;2018;2018-01-01;8;82581;Saude;Hapvida;
05.197.443/0001-38;HAPVIDA PARTICIPAÇÕES E INVESTIMENTOS S.A.;Conselho Fiscal;2016;0.0;0.0;0.0;0.0;0.0;0.0;2018;;;False;2018;2018-01-01;8;82581;Saude;Hapvida;
05.197.443/0001-38;HAPVIDA PARTICIPAÇÕES E INVESTIMENTOS S.A.;Conselho Fiscal;2017;0.0;0.0;0.0;0.0;0.0;0.0;2018;;;False;2018;2018-01-01;8;82581;Saude;Hapvida;
05.197.443/0001-38;HAPVIDA PARTICIPAÇÕES E INVESTIMENTOS S.A.;Conselho Fiscal;2022;192391.68;192391.68;192391.68;2.0;2.0;577175.04;2025;288587.52;media != total/n_remunerados;False;2025;2025-12-31;16;157229;Saude;Hapvida;
05.197.443/0001-38;HAPVIDA PARTICIPAÇÕES E INVESTIMENTOS S.A.;Conselho Fiscal;2023;197379.0;197379.0;197379.0;1.0;1.0;197379.0;2026;197379.0;;False;2026;2026-12-31;2;159341;Saude;Hapvida;
05.197.443/0001-38;HAPVIDA PARTICIPAÇÕES E INVESTIMENTOS S.A.;Conselho Fiscal;2024;453849.6;453849.6;453849.6;2.0;2.0;453849.6;2026;226924.8;media != total/n_remunerados;False;2026;2026-12-31;2;159341;Saude;Hapvida;
05.197.443/0001-38;HAPVIDA PARTICIPAÇÕES E INVESTIMENTOS S.A.;Conselho Fiscal;2025;110103.48;110103.48;110103.48;1.0;1.0;330310.44;2026;330310.44;media != total/n_remunerados;False;2026;2026-12-31;2;159341;Saude;Hapvida;
12.648.327/0001-53;HIDROVIAS DO BRASIL S.A.;Diretoria Estatutária;2010;70000.0;35000.0;0.0;2.0;0.0;70000.0;2013;;;False;2013;2013-01-01;8;34962;Logistics;Hidrovias;
12.648.327/0001-53;HIDROVIAS DO BRASIL S.A.;Diretoria Estatutária;2011;420000.0;390000.0;360000.0;2.0;0.0;1354000.0;2014;;;False;2014;2014-01-01;3;46913;Logistics;Hidrovias;
12.648.327/0001-53;HIDROVIAS DO BRASIL S.A.;Diretoria Estatutária;2012;462000.0;391500.0;300000.0;4.0;0.0;2851000.0;2015;;;False;2015;2015-01-01;4;55991;Logistics;Hidrovias;
12.648.327/0001-53;HIDROVIAS DO BRASIL S.A.;Diretoria Estatutária;2013;493500.0;185420.83;248183.33;4.0;4.0;3444520.0;2016;861130.0;"media fora do intervalo min-max; media != total/n_remunerados";False;2016;2016-01-01;5;64768;Logistics;Hidrovias;
12.648.327/0001-53;HIDROVIAS DO BRASIL S.A.;Diretoria Estatutária;2014;592000.0;247000.57;396002.29;4.0;4.0;4885550.0;2017;1221387.5;"media fora do intervalo min-max; media != total/n_remunerados";False;2017;2017-01-01;4;73957;Logistics;Hidrovias;
12.648.327/0001-53;HIDROVIAS DO BRASIL S.A.;Diretoria Estatutária;2015;700000.0;597427.71;524471.43;4.0;4.0;6003475.96;2018;1500868.99;media != total/n_remunerados;False;2018;2018-01-01;4;83046;Logistics;Hidrovias;
12.648.327/0001-53;HIDROVIAS DO BRASIL S.A.;Diretoria Estatutária;2016;2290000.0;1471548.7;1045161.98;4.0;4.0;6122967.05;2019;1530741.7625;media != total/n_remunerados;False;2019;2019-01-01;2;85141;Logistics;Hidrovias;
12.648.327/0001-53;HIDROVIAS DO BRASIL S.A.;Diretoria Estatutária;2017;2719531.94;1628611.17;732685.39;4.0;4.0;8718914.42;2020;2179728.605;media != total/n_remunerados;False;2020;2020-01-01;18;104716;Logistics;Hidrovias;
12.648.327/0001-53;HIDROVIAS DO BRASIL S.A.;Diretoria Estatutária;2018;3506733.08;2062442.0;883514.32;4.0;4.0;10993187.74;2021;2748296.935;media != total/n_remunerados;False;2021;2021-01-01;12;114368;Logistics;Hidrovias;
12.648.327/0001-53;HIDROVIAS DO BRASIL S.A.;Diretoria Estatutária;2019;4337334.15;2419566.0;1216188.61;4.0;4.0;12880913.29;2022;3220228.3225;media != total/n_remunerados;False;2022;2022-01-01;12;127010;Logistics;Hidrovias;
12.648.327/0001-53;HIDROVIAS DO BRASIL S.A.;Diretoria Estatutária;2020;6627923.28;4276931.99;6627923.28;3.92;3.92;16765573.42;2023;4276931.994897959;media fora do intervalo min-max;False;2023;2023-12-31;21;137833;Logistics;Hidrovias;
12.648.327/0001-53;HIDROVIAS DO BRASIL S.A.;Diretoria Estatutária;2021;2784050.81;1697846.16;1079420.1;3.0;3.0;5093538.48;2024;1697846.1600000001;;False;2024;2024-12-31;23;148040;Logistics;Hidrovias;
12.648.327/0001-53;HIDROVIAS DO BRASIL S.A.;Diretoria Estatutária;2022;3739302.0;3739302.0;3739302.0;3.5;3.5;13273884.34;2025;3792538.382857143;media != total/n_remunerados;False;2025;2025-12-31;13;156978;Logistics;Hidrovias;
12.648.327/0001-53;HIDROVIAS DO BRASIL S.A.;Diretoria Estatutária;2023;3917820.0;2231948.33;1394154.0;4.0;4.0;11070818.88;2026;2767704.72;media != total/n_remunerados;False;2026;2026-12-31;2;158618;Logistics;Hidrovias;
12.648.327/0001-53;HIDROVIAS DO BRASIL S.A.;Diretoria Estatutária;2024;2786450.0;2786450.0;2786450.0;3.67;3.67;17197909.39;2026;4686078.852861036;media != total/n_remunerados;False;2026;2026-12-31;2;158618;Logistics;Hidrovias;
12.648.327/0001-53;HIDROVIAS DO BRASIL S.A.;Diretoria Estatutária;2025;3707976.0;3707976.0;3707976.0;3.75;3.75;17744346.88;2026;4731825.834666667;media != total/n_remunerados;False;2026;2026-12-31;2;158618;Logistics;Hidrovias;
12.648.327/0001-53;HIDROVIAS DO BRASIL S.A.;Conselho de Administração;2011;0.0;0.0;0.0;3.0;0.0;0.0;2014;;;False;2014;2014-01-01;3;46913;Logistics;Hidrovias;
12.648.327/0001-53;HIDROVIAS DO BRASIL S.A.;Conselho de Administração;2012;0.0;0.0;0.0;5.0;0.0;0.0;2015;;;False;2015;2015-01-01;4;55991;Logistics;Hidrovias;
12.648.327/0001-53;HIDROVIAS DO BRASIL S.A.;Conselho de Administração;2013;126000.0;126000.0;126000.0;5.0;1.0;126000.0;2016;126000.0;;False;2016;2016-01-01;5;64768;Logistics;Hidrovias;
12.648.327/0001-53;HIDROVIAS DO BRASIL S.A.;Conselho de Administração;2014;108000.0;108000.0;108000.0;5.0;1.0;108000.0;2017;108000.0;;False;2017;2017-01-01;4;73957;Logistics;Hidrovias;
12.648.327/0001-53;HIDROVIAS DO BRASIL S.A.;Conselho de Administração;2015;108000.0;108000.0;108000.0;9.0;1.0;108000.0;2018;108000.0;;False;2018;2018-01-01;4;83046;Logistics;Hidrovias;
12.648.327/0001-53;HIDROVIAS DO BRASIL S.A.;Conselho de Administração;2016;108000.0;108000.0;108000.0;9.0;1.0;108000.0;2019;108000.0;;False;2019;2019-01-01;2;85141;Logistics;Hidrovias;
12.648.327/0001-53;HIDROVIAS DO BRASIL S.A.;Conselho de Administração;2017;144000.0;134300.0;124600.0;9.0;2.0;268600.0;2020;134300.0;;False;2020;2020-01-01;18;104716;Logistics;Hidrovias;
12.648.327/0001-53;HIDROVIAS DO BRASIL S.A.;Conselho de Administração;2018;144000.0;144000.0;144000.0;9.0;2.0;288000.0;2021;144000.0;;False;2021;2021-01-01;12;114368;Logistics;Hidrovias;
12.648.327/0001-53;HIDROVIAS DO BRASIL S.A.;Conselho de Administração;2019;144000.0;144000.0;144000.0;9.0;2.0;288000.0;2022;144000.0;;False;2022;2022-01-01;12;127010;Logistics;Hidrovias;
12.648.327/0001-53;HIDROVIAS DO BRASIL S.A.;Conselho de Administração;2020;7794460.86;2927870.95;178025.56;12.17;4.75;13907387.0;2023;2927870.947368421;;False;2023;2023-12-31;21;137833;Logistics;Hidrovias;
12.648.327/0001-53;HIDROVIAS DO BRASIL S.A.;Conselho de Administração;2021;3432260.5;929652.1;304000.0;9.0;5.0;4648260.5;2024;929652.1;;False;2024;2024-12-31;23;148040;Logistics;Hidrovias;
12.648.327/0001-53;HIDROVIAS DO BRASIL S.A.;Conselho de Administração;2022;1224499.0;572852.36;336000.0;9.0;5.0;2864261.82;2025;572852.364;;False;2025;2025-12-31;13;156978;Logistics;Hidrovias;
12.648.327/0001-53;HIDROVIAS DO BRASIL S.A.;Conselho de Administração;2023;336000.0;224280.25;84000.0;9.0;6.75;2304015.55;2026;341335.637037037;media != total/n_remunerados;False;2026;2026-12-31;2;158618;Logistics;Hidrovias;
12.648.327/0001-53;HIDROVIAS DO BRASIL S.A.;Conselho de Administração;2024;336000.0;336000.0;336000.0;8.42;7.42;2475820.0;2026;333668.4636118598;;False;2026;2026-12-31;2;158618;Logistics;Hidrovias;
12.648.327/0001-53;HIDROVIAS DO BRASIL S.A.;Conselho de Administração;2025;336000.0;336000.0;336000.0;6.92;6.92;2309067.09;2026;333680.21531791904;;False;2026;2026-12-31;2;158618;Logistics;Hidrovias;
12.648.327/0001-53;HIDROVIAS DO BRASIL S.A.;Conselho Fiscal;2017;0.0;0.0;0.0;0.0;0.0;;;;;False;2020;2020-01-01;18;104716;Logistics;Hidrovias;
12.648.327/0001-53;HIDROVIAS DO BRASIL S.A.;Conselho Fiscal;2018;0.0;0.0;0.0;0.0;0.0;;;;;False;2021;2021-01-01;12;114368;Logistics;Hidrovias;
12.648.327/0001-53;HIDROVIAS DO BRASIL S.A.;Conselho Fiscal;2019;0.0;0.0;0.0;0.0;0.0;;;;;False;2022;2022-01-01;12;127010;Logistics;Hidrovias;
12.648.327/0001-53;HIDROVIAS DO BRASIL S.A.;Conselho Fiscal;2020;0.0;0.0;0.0;0.0;0.0;0.0;2023;;;False;2023;2023-12-31;21;137833;Logistics;Hidrovias;
12.648.327/0001-53;HIDROVIAS DO BRASIL S.A.;Conselho Fiscal;2021;0.0;0.0;0.0;0.0;0.0;0.0;2024;;;False;2024;2024-12-31;23;148040;Logistics;Hidrovias;
12.648.327/0001-53;HIDROVIAS DO BRASIL S.A.;Conselho Fiscal;2022;0.0;0.0;0.0;0.0;0.0;0.0;2024;;;False;2024;2024-12-31;23;148040;Logistics;Hidrovias;
12.648.327/0001-53;HIDROVIAS DO BRASIL S.A.;Conselho Fiscal;2023;71700.0;71700.0;71700.0;3.0;2.0;215100.42;2026;107550.21;media != total/n_remunerados;False;2026;2026-12-31;2;158618;Logistics;Hidrovias;
12.648.327/0001-53;HIDROVIAS DO BRASIL S.A.;Conselho Fiscal;2024;108000.0;108000.0;108000.0;3.0;3.0;318838.0;2026;106279.33333333333;media != total/n_remunerados;False;2026;2026-12-31;2;158618;Logistics;Hidrovias;
12.648.327/0001-53;HIDROVIAS DO BRASIL S.A.;Conselho Fiscal;2025;156000.0;156000.0;156000.0;3.0;3.0;480500.0;2026;160166.66666666666;media != total/n_remunerados;False;2026;2026-12-31;2;158618;Logistics;Hidrovias;
16.676.520/0001-59;HOSPITAL MATER DEI S.A.;Diretoria Estatutária;2018;2940983.4;2549932.01;585000.0;5.42;5.42;13820631.5;2021;2549932.011070111;;False;2021;2021-01-01;16;115559;Saude;Mater Dei;
16.676.520/0001-59;HOSPITAL MATER DEI S.A.;Diretoria Estatutária;2019;3097728.84;2318128.36;679800.0;6.75;6.75;15647366.4;2022;2318128.355555556;;False;2022;2022-01-01;8;127251;Saude;Mater Dei;
16.676.520/0001-59;HOSPITAL MATER DEI S.A.;Diretoria Estatutária;2020;3099298.24;1738932.74;775450.0;8.0;8.0;13476728.74;2023;1684591.0925;media != total/n_remunerados;False;2023;2023-12-31;9;137955;Saude;Mater Dei;
16.676.520/0001-59;HOSPITAL MATER DEI S.A.;Diretoria Estatutária;2021;2475597.94;2090075.85;786455.0;8.17;8.17;17075919.72;2024;2090075.853121175;;False;2024;2024-12-31;17;148109;Saude;Mater Dei;
16.676.520/0001-59;HOSPITAL MATER DEI S.A.;Diretoria Estatutária;2022;5989545.49;2090928.95;612000.0;9.0;9.0;25970237.1;2025;2885581.9000000004;media != total/n_remunerados;False;2025;2025-12-31;16;157390;Saude;Mater Dei;
16.676.520/0001-59;HOSPITAL MATER DEI S.A.;Diretoria Estatutária;2023;5720861.59;3256761.31;1582986.19;8.0;8.0;26054090.5;2026;3256761.3125;;False;2026;2026-12-31;3;159427;Saude;Mater Dei;
16.676.520/0001-59;HOSPITAL MATER DEI S.A.;Diretoria Estatutária;2024;3646606.44;2363796.11;1116201.2;6.58;6.58;15561657.72;2026;2364993.574468085;;False;2026;2026-12-31;3;159427;Saude;Mater Dei;
16.676.520/0001-59;HOSPITAL MATER DEI S.A.;Diretoria Estatutária;2025;3244765.18;2021872.01;936220.67;7.0;7.0;14153104.06;2026;2021872.0085714287;;False;2026;2026-12-31;3;159427;Saude;Mater Dei;
16.676.520/0001-59;HOSPITAL MATER DEI S.A.;Conselho de Administração;2018;84292.0;84292.0;84292.0;9.0;8.0;674336.0;2021;84292.0;;False;2021;2021-01-01;16;115559;Saude;Mater Dei;
16.676.520/0001-59;HOSPITAL MATER DEI S.A.;Conselho de Administração;2019;86856.0;86856.0;86856.0;9.0;8.0;694848.0;2022;86856.0;;False;2022;2022-01-01;8;127251;Saude;Mater Dei;
16.676.520/0001-59;HOSPITAL MATER DEI S.A.;Conselho de Administração;2020;1878958.78;292205.96;87984.0;10.0;9.0;2556802.18;2023;284089.13111111114;media != total/n_remunerados;False;2023;2023-12-31;9;137955;Saude;Mater Dei;
16.676.520/0001-59;HOSPITAL MATER DEI S.A.;Conselho de Administração;2021;1920733.48;300707.54;92754.7;10.0;9.0;2631190.98;2024;292354.55333333334;media != total/n_remunerados;False;2024;2024-12-31;17;148109;Saude;Mater Dei;
16.676.520/0001-59;HOSPITAL MATER DEI S.A.;Conselho de Administração;2022;3210901.37;542336.86;175790.05;10.0;9.0;4881031.72;2025;542336.8577777777;;False;2025;2025-12-31;16;157390;Saude;Mater Dei;
16.676.520/0001-59;HOSPITAL MATER DEI S.A.;Conselho de Administração;2023;3586674.7;678150.5;140000.0;10.0;9.67;6555454.88;2026;677916.740434333;;False;2026;2026-12-31;3;159427;Saude;Mater Dei;
16.676.520/0001-59;HOSPITAL MATER DEI S.A.;Conselho de Administração;2024;5822119.44;2044867.43;200000.0;10.0;10.0;20448674.25;2026;2044867.425;;False;2026;2026-12-31;3;159427;Saude;Mater Dei;
16.676.520/0001-59;HOSPITAL MATER DEI S.A.;Conselho de Administração;2025;4465366.66;1849366.04;140000.0;9.25;9.25;17106635.88;2026;1849366.041081081;;False;2026;2026-12-31;3;159427;Saude;Mater Dei;
16.676.520/0001-59;HOSPITAL MATER DEI S.A.;Conselho Fiscal;2018;0.0;0.0;0.0;0.0;0.0;0.0;2021;;;False;2021;2021-01-01;16;115559;Saude;Mater Dei;
16.676.520/0001-59;HOSPITAL MATER DEI S.A.;Conselho Fiscal;2019;0.0;0.0;0.0;0.0;0.0;0.0;2022;;;False;2022;2022-01-01;8;127251;Saude;Mater Dei;
16.676.520/0001-59;HOSPITAL MATER DEI S.A.;Conselho Fiscal;2020;0.0;0.0;0.0;0.0;0.0;0.0;2023;;;False;2023;2023-12-31;9;137955;Saude;Mater Dei;
16.676.520/0001-59;HOSPITAL MATER DEI S.A.;Conselho Fiscal;2021;0.0;0.0;0.0;0.0;0.0;0.0;2024;;;False;2024;2024-12-31;17;148109;Saude;Mater Dei;
16.676.520/0001-59;HOSPITAL MATER DEI S.A.;Conselho Fiscal;2022;0.0;0.0;0.0;0.0;0.0;0.0;2025;;;False;2025;2025-12-31;16;157390;Saude;Mater Dei;
16.676.520/0001-59;HOSPITAL MATER DEI S.A.;Conselho Fiscal;2023;121527.77;121527.77;121527.77;1.75;1.75;364583.31;2026;208333.32;media != total/n_remunerados;False;2026;2026-12-31;3;159427;Saude;Mater Dei;
16.676.520/0001-59;HOSPITAL MATER DEI S.A.;Conselho Fiscal;2024;192799.76;192799.76;192799.76;3.0;3.0;578399.28;2026;192799.76;;False;2026;2026-12-31;3;159427;Saude;Mater Dei;
16.676.520/0001-59;HOSPITAL MATER DEI S.A.;Conselho Fiscal;2025;197522.92;197522.92;197522.92;3.0;3.0;592568.76;2026;197522.92;;False;2026;2026-12-31;3;159427;Saude;Mater Dei;
60.543.816/0001-93;IGUATEMI S.A.;Diretoria Estatutária;2009;0.0;0.0;0.0;5.0;0.0;1250251.0;2012;;;False;2012;2012-01-01;6;27059;Malls;Iguatemi;
60.543.816/0001-93;IGUATEMI S.A.;Diretoria Estatutária;2010;0.0;0.0;0.0;5.0;0.0;1666775.0;2012;;;False;2012;2012-01-01;6;27059;Malls;Iguatemi;
60.543.816/0001-93;IGUATEMI S.A.;Diretoria Estatutária;2015;1139439.25;611832.0;601041.5;5.0;5.0;3059160.0;2018;611832.0;;False;2018;2018-01-01;7;83422;Malls;Iguatemi;
60.543.816/0001-93;IGUATEMI S.A.;Diretoria Estatutária;2016;1789793.14;803906.0;684870.84;5.0;5.0;4019530.0;2019;803906.0;;False;2019;2019-01-01;3;94837;Malls;Iguatemi;
60.543.816/0001-93;IGUATEMI S.A.;Diretoria Estatutária;2017;2996389.26;882805.6;821041.33;5.0;5.0;4414028.0;2020;882805.6;;False;2020;2020-01-01;3;103221;Malls;Iguatemi;
60.543.816/0001-93;IGUATEMI S.A.;Diretoria Estatutária;2018;3405235.11;1076000.0;947435.67;5.0;5.0;5380000.0;2021;1076000.0;;False;2021;2021-01-01;9;115393;Malls;Iguatemi;
60.543.816/0001-93;IGUATEMI S.A.;Diretoria Estatutária;2019;3889926.73;1462310.93;998509.27;5.0;5.0;7311554.63;2022;1462310.926;;False;2022;2022-01-01;11;125690;Malls;Iguatemi;
60.543.816/0001-93;IGUATEMI S.A.;Diretoria Estatutária;2020;4777446.0;1176317.0;232895.0;5.0;5.0;5881585.89;2023;1176317.1779999998;;False;2023;2023-12-31;13;135854;Malls;Iguatemi;
60.543.816/0001-93;IGUATEMI S.A.;Diretoria Estatutária;2021;4686621.0;1369892.0;456810.0;5.0;5.0;6849460.15;2024;1369892.03;;False;2024;2024-12-31;14;147294;Malls;Iguatemi;
60.543.816/0001-93;IGUATEMI S.A.;Diretoria Estatutária;2022;2361093.0;1389613.0;626857.0;5.0;5.0;6948065.0;2025;1389613.0;;False;2025;2025-12-31;12;156534;Malls;Iguatemi;
60.543.816/0001-93;IGUATEMI S.A.;Diretoria Estatutária;2023;1734621.0;1433662.0;468204.0;5.0;5.0;7168310.0;2026;1433662.0;;False;2026;2026-12-31;2;159281;Malls;Iguatemi;
60.543.816/0001-93;IGUATEMI S.A.;Diretoria Estatutária;2024;1953333.0;2005400.0;444069.0;5.0;5.0;9592434.0;2026;1918486.8;"media fora do intervalo min-max; media != total/n_remunerados";False;2026;2026-12-31;2;159281;Malls;Iguatemi;
60.543.816/0001-93;IGUATEMI S.A.;Diretoria Estatutária;2025;2192000.0;2005350.0;544000.0;5.0;5.0;10026749.0;2026;2005349.8;;False;2026;2026-12-31;2;159281;Malls;Iguatemi;
60.543.816/0001-93;IGUATEMI S.A.;Conselho de Administração;2009;0.0;0.0;0.0;10.0;0.0;292000.0;2012;;;False;2012;2012-01-01;6;27059;Malls;Iguatemi;
60.543.816/0001-93;IGUATEMI S.A.;Conselho de Administração;2010;0.0;0.0;0.0;10.0;0.0;372000.0;2012;;;False;2012;2012-01-01;6;27059;Malls;Iguatemi;
60.543.816/0001-93;IGUATEMI S.A.;Conselho de Administração;2015;180000.0;90666.67;92000.0;9.75;9.75;884000.0;2018;90666.66666666667;media fora do intervalo min-max;False;2018;2018-01-01;7;83422;Malls;Iguatemi;
60.543.816/0001-93;IGUATEMI S.A.;Conselho de Administração;2016;140000.0;98389.46;92000.0;6.83;6.83;672000.0;2019;98389.45827232796;;False;2019;2019-01-01;3;94837;Malls;Iguatemi;
60.543.816/0001-93;IGUATEMI S.A.;Conselho de Administração;2017;120000.0;94786.73;96000.0;6.33;6.33;600000.0;2020;94786.7298578199;media fora do intervalo min-max;False;2020;2020-01-01;3;103221;Malls;Iguatemi;
60.543.816/0001-93;IGUATEMI S.A.;Conselho de Administração;2018;120000.0;120000.0;96000.0;6.0;6.0;720000.0;2021;120000.0;;False;2021;2021-01-01;9;115393;Malls;Iguatemi;
60.543.816/0001-93;IGUATEMI S.A.;Conselho de Administração;2019;144000.0;120600.0;115200.0;5.33;5.33;643200.0;2022;120675.42213883677;;False;2022;2022-01-01;11;125690;Malls;Iguatemi;
60.543.816/0001-93;IGUATEMI S.A.;Conselho de Administração;2020;144000.0;120960.0;115200.0;5.0;5.0;604800.0;2023;120960.0;;False;2023;2023-12-31;13;135854;Malls;Iguatemi;
60.543.816/0001-93;IGUATEMI S.A.;Conselho de Administração;2021;144000.0;120960.0;115200.0;5.0;5.0;604800.0;2024;120960.0;;False;2024;2024-12-31;14;147294;Malls;Iguatemi;
60.543.816/0001-93;IGUATEMI S.A.;Conselho de Administração;2022;659500.0;465713.0;228000.0;8.0;6.25;3725700.0;2025;596112.0;media != total/n_remunerados;False;2025;2025-12-31;12;156534;Malls;Iguatemi;
60.543.816/0001-93;IGUATEMI S.A.;Conselho de Administração;2023;4141655.0;1486767.0;240000.0;8.0;8.0;11523310.0;2026;1440413.75;media != total/n_remunerados;False;2026;2026-12-31;2;159281;Malls;Iguatemi;
60.543.816/0001-93;IGUATEMI S.A.;Conselho de Administração;2024;2585780.0;1744603.0;300000.0;8.0;8.0;11243166.0;2026;1405395.75;media != total/n_remunerados;False;2026;2026-12-31;2;159281;Malls;Iguatemi;
60.543.816/0001-93;IGUATEMI S.A.;Conselho de Administração;2025;5398975.0;1855840.0;3200.0;8.0;8.0;14846722.0;2026;1855840.25;;False;2026;2026-12-31;2;159281;Malls;Iguatemi;
60.543.816/0001-93;IGUATEMI S.A.;Conselho Fiscal;2009;0.0;0.0;0.0;3.0;0.0;62400.0;2012;;;False;2012;2012-01-01;6;27059;Malls;Iguatemi;
60.543.816/0001-93;IGUATEMI S.A.;Conselho Fiscal;2010;0.0;0.0;0.0;3.0;0.0;62400.0;2012;;;False;2012;2012-01-01;6;27059;Malls;Iguatemi;
60.543.816/0001-93;IGUATEMI S.A.;Conselho Fiscal;2015;56869.6;49321.8;44000.0;5.0;5.0;246609.0;2018;49321.8;;False;2018;2018-01-01;7;83422;Malls;Iguatemi;
60.543.816/0001-93;IGUATEMI S.A.;Conselho Fiscal;2016;60000.0;55200.0;48000.0;5.0;5.0;276000.0;2019;55200.0;;False;2019;2019-01-01;3;94837;Malls;Iguatemi;
60.543.816/0001-93;IGUATEMI S.A.;Conselho Fiscal;2017;60000.0;69284.06;48000.0;4.33;4.33;300000.0;2020;69284.06466512702;media fora do intervalo min-max;False;2020;2020-01-01;3;103221;Malls;Iguatemi;
60.543.816/0001-93;IGUATEMI S.A.;Conselho Fiscal;2018;60000.0;61888.94;56000.0;3.33;3.33;206296.46;2021;61950.88888888888;media fora do intervalo min-max;False;2021;2021-01-01;9;115393;Malls;Iguatemi;
60.543.816/0001-93;IGUATEMI S.A.;Conselho Fiscal;2019;70666.67;70666.67;70666.67;3.0;3.0;212000.0;2022;70666.66666666667;;False;2022;2022-01-01;11;125690;Malls;Iguatemi;
60.543.816/0001-93;IGUATEMI S.A.;Conselho Fiscal;2020;72000.0;72000.0;72000.0;3.0;3.0;225165.11;2023;75055.03666666667;media != total/n_remunerados;False;2023;2023-12-31;13;135854;Malls;Iguatemi;
60.543.816/0001-93;IGUATEMI S.A.;Conselho Fiscal;2021;92923.0;78974.0;72000.0;3.0;3.0;236923.3;2024;78974.43333333333;;False;2024;2024-12-31;14;147294;Malls;Iguatemi;
60.543.816/0001-93;IGUATEMI S.A.;Conselho Fiscal;2022;108000.0;107341.0;72000.0;3.0;3.0;322022.0;2025;107340.66666666667;;False;2025;2025-12-31;12;156534;Malls;Iguatemi;
60.543.816/0001-93;IGUATEMI S.A.;Conselho Fiscal;2023;144000.0;128000.0;108000.0;3.0;3.0;384000.0;2026;128000.0;;False;2026;2026-12-31;2;159281;Malls;Iguatemi;
60.543.816/0001-93;IGUATEMI S.A.;Conselho Fiscal;2024;144000.0;96000.0;81000.0;3.0;3.0;384000.0;2026;128000.0;media != total/n_remunerados;False;2026;2026-12-31;2;159281;Malls;Iguatemi;
60.543.816/0001-93;IGUATEMI S.A.;Conselho Fiscal;2025;144000.0;128000.0;132000.0;3.0;3.0;384000.0;2026;128000.0;media fora do intervalo min-max;False;2026;2026-12-31;2;159281;Malls;Iguatemi;
82.901.000/0001-27;INTELBRAS S.A. IND. DE TELECOMUNICAÇÃO ELETRÔNICA BRASILEIRA;Diretoria Estatutária;2017;3322565.0;2309955.44;1297346.0;2.0;2.0;4619911.0;2020;2309955.5;;False;2020;2020-01-01;5;103052;TMT;Intelbras;
82.901.000/0001-27;INTELBRAS S.A. IND. DE TELECOMUNICAÇÃO ELETRÔNICA BRASILEIRA;Diretoria Estatutária;2018;3690882.0;2530757.9;1370634.0;2.0;2.0;5061516.0;2021;2530758.0;;False;2021;2021-01-01;5;114554;TMT;Intelbras;
82.901.000/0001-27;INTELBRAS S.A. IND. DE TELECOMUNICAÇÃO ELETRÔNICA BRASILEIRA;Diretoria Estatutária;2019;4379371.0;2976147.38;1572924.0;2.0;2.0;5952295.0;2022;2976147.5;;False;2022;2022-01-01;5;127284;TMT;Intelbras;
82.901.000/0001-27;INTELBRAS S.A. IND. DE TELECOMUNICAÇÃO ELETRÔNICA BRASILEIRA;Diretoria Estatutária;2020;3480888.24;2417283.0;1353678.76;2.0;2.0;4834567.0;2023;2417283.5;;False;2023;2023-12-31;3;135975;TMT;Intelbras;
82.901.000/0001-27;INTELBRAS S.A. IND. DE TELECOMUNICAÇÃO ELETRÔNICA BRASILEIRA;Diretoria Estatutária;2021;8480392.0;5686560.0;2403669.0;2.0;2.0;11373120.0;2024;5686560.0;;False;2024;2024-12-31;4;146945;TMT;Intelbras;
82.901.000/0001-27;INTELBRAS S.A. IND. DE TELECOMUNICAÇÃO ELETRÔNICA BRASILEIRA;Diretoria Estatutária;2022;7838828.41;5002149.45;2165470.49;2.0;2.0;10004298.9;2025;5002149.45;;False;2025;2025-12-31;6;156463;TMT;Intelbras;
82.901.000/0001-27;INTELBRAS S.A. IND. DE TELECOMUNICAÇÃO ELETRÔNICA BRASILEIRA;Diretoria Estatutária;2023;8111677.01;3250489.92;564694.06;3.75;3.75;12189337.2;2026;3250489.92;;False;2026;2026-12-31;1;158315;TMT;Intelbras;
82.901.000/0001-27;INTELBRAS S.A. IND. DE TELECOMUNICAÇÃO ELETRÔNICA BRASILEIRA;Diretoria Estatutária;2024;7931950.33;3108450.54;1742958.06;5.0;5.0;15542252.68;2026;3108450.536;;False;2026;2026-12-31;1;158315;TMT;Intelbras;
82.901.000/0001-27;INTELBRAS S.A. IND. DE TELECOMUNICAÇÃO ELETRÔNICA BRASILEIRA;Diretoria Estatutária;2025;4393313.53;2403803.69;1735108.01;4.25;4.25;10339686.36;2026;2432867.3788235295;media != total/n_remunerados;False;2026;2026-12-31;1;158315;TMT;Intelbras;
82.901.000/0001-27;INTELBRAS S.A. IND. DE TELECOMUNICAÇÃO ELETRÔNICA BRASILEIRA;Conselho de Administração;2017;2556398.0;680023.41;154961.0;7.0;7.0;4760164.0;2020;680023.4285714285;;False;2020;2020-01-01;5;103052;TMT;Intelbras;
82.901.000/0001-27;INTELBRAS S.A. IND. DE TELECOMUNICAÇÃO ELETRÔNICA BRASILEIRA;Conselho de Administração;2018;2592202.0;709574.36;157178.0;7.0;7.0;4967021.0;2021;709574.4285714285;;False;2021;2021-01-01;5;114554;TMT;Intelbras;
82.901.000/0001-27;INTELBRAS S.A. IND. DE TELECOMUNICAÇÃO ELETRÔNICA BRASILEIRA;Conselho de Administração;2019;2699725.0;753494.82;163711.0;7.17;7.0;5274464.0;2022;753494.8571428572;;False;2022;2022-01-01;5;127284;TMT;Intelbras;
82.901.000/0001-27;INTELBRAS S.A. IND. DE TELECOMUNICAÇÃO ELETRÔNICA BRASILEIRA;Conselho de Administração;2020;2824125.0;780710.12;178445.0;7.42;6.42;5012159.0;2023;780710.1246105919;;False;2023;2023-12-31;3;135975;TMT;Intelbras;
82.901.000/0001-27;INTELBRAS S.A. IND. DE TELECOMUNICAÇÃO ELETRÔNICA BRASILEIRA;Conselho de Administração;2021;4042606.0;1287821.29;400671.0;7.0;7.0;9014749.0;2024;1287821.2857142857;;False;2024;2024-12-31;4;146945;TMT;Intelbras;
82.901.000/0001-27;INTELBRAS S.A. IND. DE TELECOMUNICAÇÃO ELETRÔNICA BRASILEIRA;Conselho de Administração;2022;3952666.35;1230821.6;270082.64;7.75;7.66;9428093.44;2025;1230821.597911227;;False;2025;2025-12-31;6;156463;TMT;Intelbras;
82.901.000/0001-27;INTELBRAS S.A. IND. DE TELECOMUNICAÇÃO ELETRÔNICA BRASILEIRA;Conselho de Administração;2023;4316099.34;1543698.29;474815.39;6.67;6.67;10296467.58;2026;1543698.287856072;;False;2026;2026-12-31;1;158315;TMT;Intelbras;
82.901.000/0001-27;INTELBRAS S.A. IND. DE TELECOMUNICAÇÃO ELETRÔNICA BRASILEIRA;Conselho de Administração;2024;4333189.32;1428638.28;794942.9;6.67;6.67;10000467.93;2026;1499320.5292353823;media != total/n_remunerados;False;2026;2026-12-31;1;158315;TMT;Intelbras;
82.901.000/0001-27;INTELBRAS S.A. IND. DE TELECOMUNICAÇÃO ELETRÔNICA BRASILEIRA;Conselho de Administração;2025;2087435.48;1041591.61;669703.83;7.0;7.0;8332732.92;2026;1190390.417142857;media != total/n_remunerados;False;2026;2026-12-31;1;158315;TMT;Intelbras;
60.872.504/0001-23;ITAU UNIBANCO HOLDING S.A.;Diretoria Estatutária;2015;52027000.0;14540073.0;2069000.0;19.83;19.83;288329653.0;2018;14540073.272818962;;False;2018;2018-01-01;15;82596;Financials;Itau;
60.872.504/0001-23;ITAU UNIBANCO HOLDING S.A.;Diretoria Estatutária;2016;72935000.0;13341960.0;1903000.0;21.33;21.33;284584000.0;2019;13341959.68120019;;False;2019;2019-01-01;11;92875;Financials;Itau;
60.872.504/0001-23;ITAU UNIBANCO HOLDING S.A.;Diretoria Estatutária;2017;40918000.0;13505633.0;2309000.0;21.67;21.67;292667072.0;2020;13505633.22565759;;False;2020;2020-01-01;21;104273;Financials;Itau;
60.872.504/0001-23;ITAU UNIBANCO HOLDING S.A.;Diretoria Estatutária;2018;46880000.0;13316714.0;2604000.0;20.83;20.83;277387160.0;2021;13316714.354296688;;False;2021;2021-01-01;17;114194;Financials;Itau;
60.872.504/0001-23;ITAU UNIBANCO HOLDING S.A.;Diretoria Estatutária;2019;52060000.0;16930128.0;2953000.0;21.0;21.0;355532690.0;2022;16930128.095238097;;False;2022;2022-01-01;15;127205;Financials;Itau;
60.872.504/0001-23;ITAU UNIBANCO HOLDING S.A.;Diretoria Estatutária;2020;34737000.0;11598141.0;2588000.0;19.92;19.92;231034969.0;2023;11598141.014056224;;False;2023;2023-12-31;11;136081;Financials;Itau;
60.872.504/0001-23;ITAU UNIBANCO HOLDING S.A.;Diretoria Estatutária;2021;52966000.0;16604654.0;3150000.0;25.25;25.25;419267519.0;2024;16604654.217821782;;False;2024;2024-12-31;18;146853;Financials;Itau;
60.872.504/0001-23;ITAU UNIBANCO HOLDING S.A.;Diretoria Estatutária;2022;59188000.0;16812675.0;3758000.0;26.5;26.5;445535892.0;2025;16812675.16981132;;False;2025;2025-12-31;13;156924;Financials;Itau;
60.872.504/0001-23;ITAU UNIBANCO HOLDING S.A.;Diretoria Estatutária;2023;67705174.0;18161622.0;3305003.0;30.5;30.5;553929458.0;2026;18161621.573770493;;False;2026;2026-12-31;3;160142;Financials;Itau;
60.872.504/0001-23;ITAU UNIBANCO HOLDING S.A.;Diretoria Estatutária;2024;81727411.0;18103171.0;3277133.0;35.92;35.92;650205552.0;2026;18101490.86859688;;False;2026;2026-12-31;3;160142;Financials;Itau;
60.872.504/0001-23;ITAU UNIBANCO HOLDING S.A.;Diretoria Estatutária;2025;87001376.0;17866704.0;2623383.0;45.5;45.5;812935024.0;2026;17866703.824175823;;False;2026;2026-12-31;3;160142;Financials;Itau;
60.872.504/0001-23;ITAU UNIBANCO HOLDING S.A.;Conselho de Administração;2015;14348000.0;4198949.0;2109000.0;8.5;8.5;35691070.0;2018;4198949.411764706;;False;2018;2018-01-01;15;82596;Financials;Itau;
60.872.504/0001-23;ITAU UNIBANCO HOLDING S.A.;Conselho de Administração;2016;11709000.0;3369550.0;2109000.0;8.67;8.67;29214000.0;2019;3369550.1730103805;;False;2019;2019-01-01;11;92875;Financials;Itau;
60.872.504/0001-23;ITAU UNIBANCO HOLDING S.A.;Conselho de Administração;2017;12228000.0;4822777.0;2567000.0;10.18;10.18;49095871.0;2020;4822777.111984283;;False;2020;2020-01-01;21;104273;Financials;Itau;
60.872.504/0001-23;ITAU UNIBANCO HOLDING S.A.;Conselho de Administração;2018;12941000.0;5218146.0;2652000.0;11.25;11.25;58704142.0;2021;5218145.955555555;;False;2021;2021-01-01;17;114194;Financials;Itau;
60.872.504/0001-23;ITAU UNIBANCO HOLDING S.A.;Conselho de Administração;2019;14560000.0;5236316.0;2643000.0;11.75;11.75;61526709.0;2022;5236315.659574468;;False;2022;2022-01-01;15;127205;Financials;Itau;
60.872.504/0001-23;ITAU UNIBANCO HOLDING S.A.;Conselho de Administração;2020;10392000.0;4483015.0;2643000.0;11.5;11.5;51554676.0;2023;4483015.304347826;;False;2023;2023-12-31;11;136081;Financials;Itau;
60.872.504/0001-23;ITAU UNIBANCO HOLDING S.A.;Conselho de Administração;2021;14256000.0;4778137.0;2392000.0;12.17;12.17;58149925.0;2024;4778136.811832375;;False;2024;2024-12-31;18;146853;Financials;Itau;
60.872.504/0001-23;ITAU UNIBANCO HOLDING S.A.;Conselho de Administração;2022;15648000.0;5201038.0;2442000.0;12.0;12.0;62412454.0;2025;5201037.833333333;;False;2025;2025-12-31;13;156924;Financials;Itau;
60.872.504/0001-23;ITAU UNIBANCO HOLDING S.A.;Conselho de Administração;2023;18509021.0;5790512.0;2522283.0;12.0;12.0;69486149.0;2026;5790512.416666667;;False;2026;2026-12-31;3;160142;Financials;Itau;
60.872.504/0001-23;ITAU UNIBANCO HOLDING S.A.;Conselho de Administração;2024;9600993.0;3732576.0;2280000.0;12.75;12.75;47590339.0;2026;3732575.6078431373;;False;2026;2026-12-31;3;160142;Financials;Itau;
60.872.504/0001-23;ITAU UNIBANCO HOLDING S.A.;Conselho de Administração;2025;9620782.0;3860243.0;2600000.0;13.0;13.0;50183158.0;2026;3860242.923076923;;False;2026;2026-12-31;3;160142;Financials;Itau;
60.872.504/0001-23;ITAU UNIBANCO HOLDING S.A.;Conselho Fiscal;2015;220500.0;154350.0;88200.0;6.0;6.0;926100.0;2018;154350.0;;False;2018;2018-01-01;15;82596;Financials;Itau;
60.872.504/0001-23;ITAU UNIBANCO HOLDING S.A.;Conselho Fiscal;2016;220500.0;159584.0;88200.0;4.33;4.33;691000.0;2019;159584.29561200924;;False;2019;2019-01-01;11;92875;Financials;Itau;
60.872.504/0001-23;ITAU UNIBANCO HOLDING S.A.;Conselho Fiscal;2017;220500.0;155642.0;88200.0;5.58;5.58;869000.0;2020;155734.7670250896;;False;2020;2020-01-01;21;104273;Financials;Itau;
60.872.504/0001-23;ITAU UNIBANCO HOLDING S.A.;Conselho Fiscal;2018;220500.0;154500.0;88200.0;6.0;6.0;927000.0;2021;154500.0;;False;2021;2021-01-01;17;114194;Financials;Itau;
60.872.504/0001-23;ITAU UNIBANCO HOLDING S.A.;Conselho Fiscal;2019;220500.0;154350.0;88200.0;6.0;6.0;927000.0;2022;154500.0;;False;2022;2022-01-01;15;127205;Financials;Itau;
60.872.504/0001-23;ITAU UNIBANCO HOLDING S.A.;Conselho Fiscal;2020;220500.0;154105.0;88200.0;6.0;6.0;924630.0;2023;154105.0;;False;2023;2023-12-31;11;136081;Financials;Itau;
60.872.504/0001-23;ITAU UNIBANCO HOLDING S.A.;Conselho Fiscal;2021;180000.0;126000.0;72000.0;6.0;6.0;756000.0;2024;126000.0;;False;2024;2024-12-31;18;146853;Financials;Itau;
60.872.504/0001-23;ITAU UNIBANCO HOLDING S.A.;Conselho Fiscal;2022;236000.0;161333.0;96000.0;6.0;6.0;968000.0;2025;161333.33333333334;;False;2025;2025-12-31;13;156924;Financials;Itau;
60.872.504/0001-23;ITAU UNIBANCO HOLDING S.A.;Conselho Fiscal;2023;264000.0;186122.0;108000.0;6.0;6.0;1116733.0;2026;186122.16666666666;;False;2026;2026-12-31;3;160142;Financials;Itau;
60.872.504/0001-23;ITAU UNIBANCO HOLDING S.A.;Conselho Fiscal;2024;264000.0;186000.0;108000.0;6.0;6.0;1116000.0;2026;186000.0;;False;2026;2026-12-31;3;160142;Financials;Itau;
60.872.504/0001-23;ITAU UNIBANCO HOLDING S.A.;Conselho Fiscal;2025;264000.0;186000.0;108000.0;6.0;6.0;1116000.0;2026;186000.0;;False;2026;2026-12-31;3;160142;Financials;Itau;
89.637.490/0001-45;KLABIN S.A.;Diretoria Estatutária;2009;1942580.19;1464917.87;904081.14;4.0;0.0;5859671.48;2012;;;False;2012;2012-01-01;6;26347;Pulp;Klabin;
89.637.490/0001-45;KLABIN S.A.;Diretoria Estatutária;2010;6285386.73;3335551.27;1342540.15;4.67;0.0;15577024.44;2013;;;False;2013;2013-01-01;9;36049;Pulp;Klabin;
89.637.490/0001-45;KLABIN S.A.;Diretoria Estatutária;2011;2872786.75;2020174.05;665817.58;5.67;0.0;11454386.88;2014;;;False;2014;2014-01-01;7;47586;Pulp;Klabin;
89.637.490/0001-45;KLABIN S.A.;Diretoria Estatutária;2012;4832316.34;3471178.72;1056772.77;6.0;0.0;20827072.34;2015;;;False;2015;2015-01-01;16;55580;Pulp;Klabin;
89.637.490/0001-45;KLABIN S.A.;Diretoria Estatutária;2013;5430776.44;3526986.57;1568739.19;6.0;6.0;21161919.4;2016;3526986.5666666664;;False;2016;2016-01-01;14;65037;Pulp;Klabin;
89.637.490/0001-45;KLABIN S.A.;Diretoria Estatutária;2014;6395339.49;4266970.88;1716192.18;6.0;6.0;25601825.29;2017;4266970.881666667;;False;2017;2017-01-01;19;73520;Pulp;Klabin;
89.637.490/0001-45;KLABIN S.A.;Diretoria Estatutária;2015;10545221.99;5122450.25;558872.72;5.67;5.67;29027218.08;2018;5119438.814814814;;False;2018;2018-01-01;10;82632;Pulp;Klabin;
89.637.490/0001-45;KLABIN S.A.;Diretoria Estatutária;2016;11152363.26;4628880.27;2772766.25;6.0;6.0;27773281.64;2019;4628880.273333333;;False;2019;2019-01-01;4;88830;Pulp;Klabin;
89.637.490/0001-45;KLABIN S.A.;Diretoria Estatutária;2017;10740321.66;8689454.09;3685325.64;4.42;4.42;38378422.21;2020;8682900.952488689;;False;2020;2020-01-01;19;103545;Pulp;Klabin;
89.637.490/0001-45;KLABIN S.A.;Diretoria Estatutária;2018;8261775.98;5464937.2;66394.87;4.0;4.0;21859748.81;2021;5464937.2025;;False;2021;2021-01-01;12;113697;Pulp;Klabin;
89.637.490/0001-45;KLABIN S.A.;Diretoria Estatutária;2019;9207532.53;5725466.61;4248387.49;3.42;3.42;19562010.9;2022;5719886.228070175;;False;2022;2022-01-01;10;125778;Pulp;Klabin;
89.637.490/0001-45;KLABIN S.A.;Diretoria Estatutária;2020;13559297.11;7432186.61;3231781.72;4.0;4.0;29728746.45;2023;7432186.6125;;False;2023;2023-12-31;15;137486;Pulp;Klabin;
89.637.490/0001-45;KLABIN S.A.;Diretoria Estatutária;2021;17386354.81;8865744.28;4825405.58;3.92;3.92;34724165.09;2024;8858205.380102042;;False;2024;2024-12-31;9;147821;Pulp;Klabin;
89.637.490/0001-45;KLABIN S.A.;Diretoria Estatutária;2022;13109898.7;8092387.34;4258066.16;4.0;4.0;32369549.37;2025;8092387.3425;;False;2025;2025-12-31;14;154996;Pulp;Klabin;
89.637.490/0001-45;KLABIN S.A.;Diretoria Estatutária;2023;16630631.33;7830986.37;5545000.36;5.42;5.42;42443946.14;2026;7830986.372693727;;False;2026;2026-12-31;13;159573;Pulp;Klabin;
89.637.490/0001-45;KLABIN S.A.;Diretoria Estatutária;2024;26417353.46;10791805.54;7313247.86;6.0;6.0;64750833.22;2026;10791805.536666667;;False;2026;2026-12-31;13;159573;Pulp;Klabin;
89.637.490/0001-45;KLABIN S.A.;Diretoria Estatutária;2025;22445462.53;8878840.34;5874398.4;6.67;6.67;59192268.92;2026;8874403.136431785;;False;2026;2026-12-31;13;159573;Pulp;Klabin;
89.637.490/0001-45;KLABIN S.A.;Conselho de Administração;2009;1229631.21;1127594.01;564060.78;12.0;0.0;13531128.15;2012;;;False;2012;2012-01-01;6;26347;Pulp;Klabin;
89.637.490/0001-45;KLABIN S.A.;Conselho de Administração;2010;1232932.03;1127754.19;645637.41;12.0;0.0;13533050.22;2013;;;False;2013;2013-01-01;9;36049;Pulp;Klabin;
89.637.490/0001-45;KLABIN S.A.;Conselho de Administração;2011;1243646.06;1138768.56;656836.72;12.0;0.0;13665222.68;2014;;;False;2014;2014-01-01;7;47586;Pulp;Klabin;
89.637.490/0001-45;KLABIN S.A.;Conselho de Administração;2012;1049806.79;1145071.35;553459.18;12.0;0.0;13740856.2;2015;;media fora do intervalo min-max;False;2015;2015-01-01;16;55580;Pulp;Klabin;
89.637.490/0001-45;KLABIN S.A.;Conselho de Administração;2013;1897184.29;1077963.95;516491.02;12.0;12.0;12935567.43;2016;1077963.9525;;False;2016;2016-01-01;14;65037;Pulp;Klabin;
89.637.490/0001-45;KLABIN S.A.;Conselho de Administração;2014;1241333.06;1163544.87;475886.04;12.75;12.75;14835197.03;2017;1163544.8650980392;;False;2017;2017-01-01;19;73520;Pulp;Klabin;
89.637.490/0001-45;KLABIN S.A.;Conselho de Administração;2015;1335778.06;1160526.11;610312.66;12.92;12.92;14990128.96;2018;1160226.6996904025;;False;2018;2018-01-01;10;82632;Pulp;Klabin;
89.637.490/0001-45;KLABIN S.A.;Conselho de Administração;2016;1472830.67;1173318.76;609526.04;12.75;12.75;14959814.17;2019;1173318.7584313725;;False;2019;2019-01-01;4;88830;Pulp;Klabin;
89.637.490/0001-45;KLABIN S.A.;Conselho de Administração;2017;2893819.55;1353817.04;676026.18;13.0;13.0;17599621.51;2020;1353817.0392307693;;False;2020;2020-01-01;19;103545;Pulp;Klabin;
89.637.490/0001-45;KLABIN S.A.;Conselho de Administração;2018;1147586.19;1041110.67;568325.88;13.0;13.0;13534438.66;2021;1041110.6661538462;;False;2021;2021-01-01;12;113697;Pulp;Klabin;
89.637.490/0001-45;KLABIN S.A.;Conselho de Administração;2019;1119574.8;1021887.83;913152.74;13.67;13.67;13965800.31;2022;1021638.6474030724;;False;2022;2022-01-01;10;125778;Pulp;Klabin;
89.637.490/0001-45;KLABIN S.A.;Conselho de Administração;2020;1094178.62;1009323.33;979021.04;13.58;13.58;13709975.25;2023;1009571.0787923416;;False;2023;2023-12-31;15;137486;Pulp;Klabin;
89.637.490/0001-45;KLABIN S.A.;Conselho de Administração;2021;1345368.78;1062380.79;938674.23;13.0;13.0;13810950.23;2024;1062380.786923077;;False;2024;2024-12-31;9;147821;Pulp;Klabin;
89.637.490/0001-45;KLABIN S.A.;Conselho de Administração;2022;1166769.61;1013759.39;887098.73;13.75;13.75;13939191.62;2025;1013759.3905454545;;False;2025;2025-12-31;14;154996;Pulp;Klabin;
89.637.490/0001-45;KLABIN S.A.;Conselho de Administração;2023;1176193.6;999092.94;871634.56;14.0;14.0;13987301.13;2026;999092.9378571429;;False;2026;2026-12-31;13;159573;Pulp;Klabin;
89.637.490/0001-45;KLABIN S.A.;Conselho de Administração;2024;1391547.15;971372.96;840684.7;14.75;14.75;14327751.19;2026;971372.9620338982;;False;2026;2026-12-31;13;159573;Pulp;Klabin;
89.637.490/0001-45;KLABIN S.A.;Conselho de Administração;2025;1379886.63;994974.58;855646.29;14.25;14.25;14178387.77;2026;994974.5803508771;;False;2026;2026-12-31;13;159573;Pulp;Klabin;
89.637.490/0001-45;KLABIN S.A.;Conselho Fiscal;2009;351397.79;351610.11;171055.68;5.0;0.0;1758050.53;2012;;media fora do intervalo min-max;False;2012;2012-01-01;6;26347;Pulp;Klabin;
89.637.490/0001-45;KLABIN S.A.;Conselho Fiscal;2010;377202.01;375367.01;272831.02;5.0;0.0;1876835.06;2013;;;False;2013;2013-01-01;9;36049;Pulp;Klabin;
89.637.490/0001-45;KLABIN S.A.;Conselho Fiscal;2011;410289.42;402827.68;399159.12;5.0;0.0;2014138.38;2014;;;False;2014;2014-01-01;7;47586;Pulp;Klabin;
89.637.490/0001-45;KLABIN S.A.;Conselho Fiscal;2012;351991.82;414336.81;333477.52;5.0;0.0;2071684.04;2015;;media fora do intervalo min-max;False;2015;2015-01-01;16;55580;Pulp;Klabin;
89.637.490/0001-45;KLABIN S.A.;Conselho Fiscal;2013;336980.95;393298.0;308505.22;5.0;5.0;1966489.98;2016;393297.996;media fora do intervalo min-max;False;2016;2016-01-01;14;65037;Pulp;Klabin;
89.637.490/0001-45;KLABIN S.A.;Conselho Fiscal;2014;406693.68;365503.96;85163.56;5.0;5.0;1827519.65;2017;365503.93;;False;2017;2017-01-01;19;73520;Pulp;Klabin;
89.637.490/0001-45;KLABIN S.A.;Conselho Fiscal;2015;438346.23;415407.7;401116.06;5.0;5.0;2077038.51;2018;415407.702;;False;2018;2018-01-01;10;82632;Pulp;Klabin;
89.637.490/0001-45;KLABIN S.A.;Conselho Fiscal;2016;422290.99;417208.8;138923.91;5.0;5.0;2086043.98;2019;417208.796;;False;2019;2019-01-01;4;88830;Pulp;Klabin;
89.637.490/0001-45;KLABIN S.A.;Conselho Fiscal;2017;446420.36;417996.37;398629.56;5.0;5.0;2089981.83;2020;417996.36600000004;;False;2020;2020-01-01;19;103545;Pulp;Klabin;
89.637.490/0001-45;KLABIN S.A.;Conselho Fiscal;2018;369984.6;351524.96;332189.0;5.0;5.0;1757624.81;2021;351524.962;;False;2021;2021-01-01;12;113697;Pulp;Klabin;
89.637.490/0001-45;KLABIN S.A.;Conselho Fiscal;2019;400080.15;352169.06;332189.0;5.0;5.0;1760845.3;2022;352169.06;;False;2022;2022-01-01;10;125778;Pulp;Klabin;
89.637.490/0001-45;KLABIN S.A.;Conselho Fiscal;2020;406313.09;347013.82;332189.0;5.0;5.0;1735069.09;2023;347013.818;;False;2023;2023-12-31;15;137486;Pulp;Klabin;
89.637.490/0001-45;KLABIN S.A.;Conselho Fiscal;2021;405787.26;356878.76;332189.0;5.0;5.0;1784393.79;2024;356878.75800000003;;False;2024;2024-12-31;9;147821;Pulp;Klabin;
89.637.490/0001-45;KLABIN S.A.;Conselho Fiscal;2022;417859.6;359791.45;334105.51;5.0;5.0;1784053.56;2025;356810.712;;False;2025;2025-12-31;14;154996;Pulp;Klabin;
89.637.490/0001-45;KLABIN S.A.;Conselho Fiscal;2023;397495.73;351492.23;332189.0;5.0;5.0;1757461.16;2026;351492.23199999996;;False;2026;2026-12-31;13;159573;Pulp;Klabin;
89.637.490/0001-45;KLABIN S.A.;Conselho Fiscal;2024;417859.6;359791.45;334105.51;5.0;5.0;1798957.25;2026;359791.45;;False;2026;2026-12-31;13;159573;Pulp;Klabin;
89.637.490/0001-45;KLABIN S.A.;Conselho Fiscal;2025;412004.58;358384.24;333111.79;5.0;5.0;1791921.2;2026;358384.24;;False;2026;2026-12-31;13;159573;Pulp;Klabin;
16.670.085/0001-55;LOCALIZA RENT A CAR S.A.;Diretoria Estatutária;2009;3007630.0;1671869.24;773910.0;5.17;0.0;8643563.98;2012;;;False;2012;2012-01-01;14;28107;Locadoras;Localiza;
16.670.085/0001-55;LOCALIZA RENT A CAR S.A.;Diretoria Estatutária;2010;4839793.0;2268944.0;699678.0;5.75;0.0;17125336.79;2013;;;False;2013;2013-01-01;11;37137;Locadoras;Localiza;
16.670.085/0001-55;LOCALIZA RENT A CAR S.A.;Diretoria Estatutária;2011;6267247.18;3217992.52;1012924.39;6.0;0.0;22089535.53;2014;;;False;2014;2014-01-01;6;46701;Locadoras;Localiza;
16.670.085/0001-55;LOCALIZA RENT A CAR S.A.;Diretoria Estatutária;2012;7145924.18;3256199.42;1208002.07;6.0;0.0;22759016.21;2015;;;False;2015;2015-01-01;7;55272;Locadoras;Localiza;
16.670.085/0001-55;LOCALIZA RENT A CAR S.A.;Diretoria Estatutária;2013;9430507.39;3930563.03;1307182.43;6.0;6.0;23583378.18;2016;3930563.03;;False;2016;2016-01-01;7;64951;Locadoras;Localiza;
16.670.085/0001-55;LOCALIZA RENT A CAR S.A.;Diretoria Estatutária;2014;13993306.75;4459261.03;916719.38;6.0;6.0;26755566.15;2017;4459261.024999999;;False;2017;2017-01-01;11;74492;Locadoras;Localiza;
16.670.085/0001-55;LOCALIZA RENT A CAR S.A.;Diretoria Estatutária;2015;14441931.71;4774235.16;925314.04;6.0;6.0;28645410.98;2018;4774235.163333333;;False;2018;2018-01-01;14;84111;Locadoras;Localiza;
16.670.085/0001-55;LOCALIZA RENT A CAR S.A.;Diretoria Estatutária;2016;12845307.12;4195188.7;937632.48;6.0;6.0;25171132.23;2019;4195188.705;;False;2019;2019-01-01;7;93402;Locadoras;Localiza;
16.670.085/0001-55;LOCALIZA RENT A CAR S.A.;Diretoria Estatutária;2017;14734656.55;6190567.59;1870303.81;4.67;4.67;28909950.65;2020;6190567.591006423;;False;2020;2020-01-01;6;99490;Locadoras;Localiza;
16.670.085/0001-55;LOCALIZA RENT A CAR S.A.;Diretoria Estatutária;2018;10954730.47;5441457.33;2911944.41;6.0;5.33;29002967.57;2021;5441457.330206379;;False;2021;2021-01-01;11;114350;Locadoras;Localiza;
16.670.085/0001-55;LOCALIZA RENT A CAR S.A.;Diretoria Estatutária;2019;18121558.04;5139728.98;2095591.25;8.75;8.42;43276518.01;2022;5139728.979809976;;False;2022;2022-01-01;9;126982;Locadoras;Localiza;
16.670.085/0001-55;LOCALIZA RENT A CAR S.A.;Diretoria Estatutária;2020;15808563.32;4665521.49;1535550.29;9.67;9.67;52130902.18;2023;5390992.98655636;media != total/n_remunerados;False;2023;2023-12-31;16;137317;Locadoras;Localiza;
16.670.085/0001-55;LOCALIZA RENT A CAR S.A.;Diretoria Estatutária;2021;28676957.18;7351542.2;2382863.81;8.33;8.33;61238346.0;2024;7351542.136854742;;False;2024;2024-12-31;13;147999;Locadoras;Localiza;
16.670.085/0001-55;LOCALIZA RENT A CAR S.A.;Diretoria Estatutária;2022;37617910.17;8227525.79;2196139.0;8.0;8.0;65820207.0;2025;8227525.875;;False;2025;2025-12-31;12;157234;Locadoras;Localiza;
16.670.085/0001-55;LOCALIZA RENT A CAR S.A.;Diretoria Estatutária;2023;38558232.01;9273432.48;3127982.15;8.0;8.0;74187460.0;2026;9273432.5;;False;2026;2026-12-31;4;160114;Locadoras;Localiza;
16.670.085/0001-55;LOCALIZA RENT A CAR S.A.;Diretoria Estatutária;2024;52585784.78;12958194.95;3229506.45;7.92;7.92;102628904.0;2026;12958194.94949495;;False;2026;2026-12-31;4;160114;Locadoras;Localiza;
16.670.085/0001-55;LOCALIZA RENT A CAR S.A.;Diretoria Estatutária;2025;60861487.85;15856258.88;3718039.14;7.0;7.0;110993812.0;2026;15856258.857142856;;False;2026;2026-12-31;4;160114;Locadoras;Localiza;
16.670.085/0001-55;LOCALIZA RENT A CAR S.A.;Conselho de Administração;2009;175200.0;175200.0;175200.0;8.0;0.0;1051200.0;2012;;;False;2012;2012-01-01;14;28107;Locadoras;Localiza;
16.670.085/0001-55;LOCALIZA RENT A CAR S.A.;Conselho de Administração;2010;272508.0;272508.0;272508.0;9.0;0.0;2289067.2;2013;;;False;2013;2013-01-01;11;37137;Locadoras;Localiza;
16.670.085/0001-55;LOCALIZA RENT A CAR S.A.;Conselho de Administração;2011;366670.0;336670.0;314170.0;9.0;0.0;2828028.0;2014;;;False;2014;2014-01-01;6;46701;Locadoras;Localiza;
16.670.085/0001-55;LOCALIZA RENT A CAR S.A.;Conselho de Administração;2012;450000.0;420000.0;360000.0;8.0;0.0;3024000.0;2015;;;False;2015;2015-01-01;7;55272;Locadoras;Localiza;
16.670.085/0001-55;LOCALIZA RENT A CAR S.A.;Conselho de Administração;2013;5235358.54;1384028.0;625089.55;8.0;6.67;9231466.77;2016;1384028.0014992503;;False;2016;2016-01-01;7;64951;Locadoras;Localiza;
16.670.085/0001-55;LOCALIZA RENT A CAR S.A.;Conselho de Administração;2014;10214055.33;1859837.79;690768.58;8.0;7.0;13018864.5;2017;1859837.7857142857;;False;2017;2017-01-01;11;74492;Locadoras;Localiza;
16.670.085/0001-55;LOCALIZA RENT A CAR S.A.;Conselho de Administração;2015;9147213.67;1975512.97;752170.66;8.0;7.0;13828590.8;2018;1975512.9714285715;;False;2018;2018-01-01;14;84111;Locadoras;Localiza;
16.670.085/0001-55;LOCALIZA RENT A CAR S.A.;Conselho de Administração;2016;9567053.42;2052954.44;772356.82;8.0;7.0;14370681.06;2019;2052954.4371428571;;False;2019;2019-01-01;7;93402;Locadoras;Localiza;
16.670.085/0001-55;LOCALIZA RENT A CAR S.A.;Conselho de Administração;2017;9059363.88;1972110.87;759964.76;8.0;7.0;13804776.11;2020;1972110.8728571427;;False;2020;2020-01-01;6;99490;Locadoras;Localiza;
16.670.085/0001-55;LOCALIZA RENT A CAR S.A.;Conselho de Administração;2018;9059882.38;2362740.0;964543.57;7.83;6.83;16137514.19;2021;2362739.998535871;;False;2021;2021-01-01;11;114350;Locadoras;Localiza;
16.670.085/0001-55;LOCALIZA RENT A CAR S.A.;Conselho de Administração;2019;3904000.0;1842817.54;1350000.0;7.0;6.0;11056905.25;2022;1842817.5416666667;;False;2022;2022-01-01;9;126982;Locadoras;Localiza;
16.670.085/0001-55;LOCALIZA RENT A CAR S.A.;Conselho de Administração;2020;3840000.0;1648203.26;1125000.0;5.67;5.67;12099375.0;2023;2133928.5714285714;media != total/n_remunerados;False;2023;2023-12-31;16;137317;Locadoras;Localiza;
16.670.085/0001-55;LOCALIZA RENT A CAR S.A.;Conselho de Administração;2021;8189067.91;2584932.49;1156875.04;6.0;6.0;15509595.0;2024;2584932.5;;False;2024;2024-12-31;13;147999;Locadoras;Localiza;
16.670.085/0001-55;LOCALIZA RENT A CAR S.A.;Conselho de Administração;2022;13376693.6;3174229.8;1066477.52;8.0;6.5;20632494.0;2025;3174229.846153846;;False;2025;2025-12-31;12;157234;Locadoras;Localiza;
16.670.085/0001-55;LOCALIZA RENT A CAR S.A.;Conselho de Administração;2023;12681423.61;3174139.31;1013310.0;8.0;7.67;24335068.0;2026;3172759.8435462844;;False;2026;2026-12-31;4;160114;Locadoras;Localiza;
16.670.085/0001-55;LOCALIZA RENT A CAR S.A.;Conselho de Administração;2024;9630976.08;2920145.2;1013310.0;7.92;7.92;23127550.0;2026;2920145.202020202;;False;2026;2026-12-31;4;160114;Locadoras;Localiza;
16.670.085/0001-55;LOCALIZA RENT A CAR S.A.;Conselho de Administração;2025;9692495.0;3101613.1;1266637.56;7.33;7.33;22742154.0;2026;3102613.09686221;;False;2026;2026-12-31;4;160114;Locadoras;Localiza;
16.670.085/0001-55;LOCALIZA RENT A CAR S.A.;Conselho Fiscal;2018;96000.0;96000.0;96000.0;3.0;3.0;288000.0;2021;96000.0;;False;2021;2021-01-01;11;114350;Locadoras;Localiza;
16.670.085/0001-55;LOCALIZA RENT A CAR S.A.;Conselho Fiscal;2019;45637.75;45637.75;45637.75;3.0;3.0;136913.25;2022;45637.75;;False;2022;2022-01-01;9;126982;Locadoras;Localiza;
16.670.085/0001-55;LOCALIZA RENT A CAR S.A.;Conselho Fiscal;2021;107464.0;107464.0;107464.0;3.0;3.0;322392.0;2024;107464.0;;False;2024;2024-12-31;13;147999;Locadoras;Localiza;
16.670.085/0001-55;LOCALIZA RENT A CAR S.A.;Conselho Fiscal;2022;201099.04;201099.04;201099.04;3.0;3.0;603297.0;2025;201099.0;;False;2025;2025-12-31;12;157234;Locadoras;Localiza;
16.670.085/0001-55;LOCALIZA RENT A CAR S.A.;Conselho Fiscal;2023;205888.56;205888.56;205888.56;3.0;3.0;617666.0;2026;205888.66666666666;;False;2026;2026-12-31;4;160114;Locadoras;Localiza;
16.670.085/0001-55;LOCALIZA RENT A CAR S.A.;Conselho Fiscal;2024;205888.56;205888.56;205888.56;3.0;3.0;617666.0;2026;205888.66666666666;;False;2026;2026-12-31;4;160114;Locadoras;Localiza;
16.670.085/0001-55;LOCALIZA RENT A CAR S.A.;Conselho Fiscal;2025;175232.0;175232.0;175232.0;3.0;3.0;525696.0;2026;175232.0;;False;2026;2026-12-31;4;160114;Locadoras;Localiza;
92.754.738/0001-62;LOJAS RENNER S.A.;Diretoria Estatutária;2007;8090223.35;3498511.94;1290513.28;4.0;0.0;13994047.75;2010;;;False;2010;2010-01-01;5;6632;Retail;Renner;
92.754.738/0001-62;LOJAS RENNER S.A.;Diretoria Estatutária;2008;8384790.65;2965694.08;976727.68;4.83;0.0;14324302.42;2011;;;False;2011;2011-01-01;9;16433;Retail;Renner;
92.754.738/0001-62;LOJAS RENNER S.A.;Diretoria Estatutária;2009;15633155.94;4082172.15;1133900.41;5.67;0.0;23145916.09;2012;;;False;2012;2012-01-01;11;26346;Retail;Renner;
92.754.738/0001-62;LOJAS RENNER S.A.;Diretoria Estatutária;2010;15975117.9;4263763.66;1271658.84;6.5;0.0;27714463.78;2013;;;False;2013;2013-01-01;10;38169;Retail;Renner;
92.754.738/0001-62;LOJAS RENNER S.A.;Diretoria Estatutária;2011;10843562.42;3230456.84;1040757.61;6.0;0.0;19382741.03;2014;;;False;2014;2014-01-01;7;46186;Retail;Renner;
92.754.738/0001-62;LOJAS RENNER S.A.;Diretoria Estatutária;2012;9050783.78;3365048.75;2223965.77;6.0;0.0;20190292.47;2015;;;False;2015;2015-01-01;17;55380;Retail;Renner;
92.754.738/0001-62;LOJAS RENNER S.A.;Diretoria Estatutária;2013;7386430.76;2788500.17;1483192.5;6.0;6.0;16731001.02;2016;2788500.17;;False;2016;2016-01-01;15;65872;Retail;Renner;
92.754.738/0001-62;LOJAS RENNER S.A.;Diretoria Estatutária;2014;21616502.98;6369387.28;2536140.91;6.0;6.0;38216323.66;2017;6369387.276666666;;False;2017;2017-01-01;7;73565;Retail;Renner;
92.754.738/0001-62;LOJAS RENNER S.A.;Diretoria Estatutária;2015;21629238.35;5647131.77;2166614.93;6.0;6.0;33882790.64;2018;5647131.773333333;;False;2018;2018-01-01;11;82716;Retail;Renner;
92.754.738/0001-62;LOJAS RENNER S.A.;Diretoria Estatutária;2016;14700544.28;4501269.76;2464923.46;6.0;6.0;27007618.57;2019;4501269.761666667;;False;2019;2019-01-01;10;93548;Retail;Renner;
92.754.738/0001-62;LOJAS RENNER S.A.;Diretoria Estatutária;2017;21484446.3;6114228.7;2955993.99;6.0;6.0;36685372.17;2020;6114228.695;;False;2020;2020-01-01;9;102079;Retail;Renner;
92.754.738/0001-62;LOJAS RENNER S.A.;Diretoria Estatutária;2018;12515208.11;4560016.15;2523002.47;6.33;6.33;28864902.2;2021;4560016.145339652;;False;2021;2021-01-01;13;114384;Retail;Renner;
92.754.738/0001-62;LOJAS RENNER S.A.;Diretoria Estatutária;2019;4028573.56;3765683.27;2225155.87;5.6;5.6;21087826.3;2022;3765683.267857143;;False;2022;2022-01-01;11;126261;Retail;Renner;
92.754.738/0001-62;LOJAS RENNER S.A.;Diretoria Estatutária;2020;4021246.54;3156234.87;2497765.79;5.0;5.0;15781174.34;2023;3156234.868;;False;2023;2023-12-31;9;136012;Retail;Renner;
92.754.738/0001-62;LOJAS RENNER S.A.;Diretoria Estatutária;2021;8433536.02;4856403.63;1629322.35;4.92;4.92;23893505.86;2024;4856403.630081301;;False;2024;2024-12-31;11;148165;Retail;Renner;
92.754.738/0001-62;LOJAS RENNER S.A.;Diretoria Estatutária;2022;7057703.57;4149426.57;2202075.69;5.0;5.0;20747132.82;2025;4149426.5640000002;;False;2025;2025-12-31;9;156944;Retail;Renner;
92.754.738/0001-62;LOJAS RENNER S.A.;Diretoria Estatutária;2023;7727347.44;4643532.85;2707027.27;5.0;5.0;23217664.25;2026;4643532.85;;False;2026;2026-12-31;3;160603;Retail;Renner;
92.754.738/0001-62;LOJAS RENNER S.A.;Diretoria Estatutária;2024;14175771.91;6747878.56;4664531.18;5.75;5.75;38800301.7;2026;6747878.55652174;;False;2026;2026-12-31;3;160603;Retail;Renner;
92.754.738/0001-62;LOJAS RENNER S.A.;Diretoria Estatutária;2025;15353215.57;7221335.38;5121308.75;5.42;5.42;39139637.76;2026;7221335.380073801;;False;2026;2026-12-31;3;160603;Retail;Renner;
92.754.738/0001-62;LOJAS RENNER S.A.;Conselho de Administração;2007;200000.0;170448.95;135000.0;5.42;0.0;923833.33;2010;;;False;2010;2010-01-01;5;6632;Retail;Renner;
92.754.738/0001-62;LOJAS RENNER S.A.;Conselho de Administração;2008;210000.0;176286.45;140000.0;5.83;0.0;1027750.0;2011;;;False;2011;2011-01-01;9;16433;Retail;Renner;
92.754.738/0001-62;LOJAS RENNER S.A.;Conselho de Administração;2009;210000.0;174166.67;135000.0;6.0;0.0;1045000.0;2012;;;False;2012;2012-01-01;11;26346;Retail;Renner;
92.754.738/0001-62;LOJAS RENNER S.A.;Conselho de Administração;2010;258700.0;184261.99;130000.0;5.42;0.0;998700.0;2013;;;False;2013;2013-01-01;10;38169;Retail;Renner;
92.754.738/0001-62;LOJAS RENNER S.A.;Conselho de Administração;2011;312700.0;226428.98;179700.0;5.75;0.0;1301966.66;2014;;;False;2014;2014-01-01;7;46186;Retail;Renner;
92.754.738/0001-62;LOJAS RENNER S.A.;Conselho de Administração;2012;315630.0;265959.51;194550.0;6.75;0.0;1795226.67;2015;;;False;2015;2015-01-01;17;55380;Retail;Renner;
92.754.738/0001-62;LOJAS RENNER S.A.;Conselho de Administração;2013;350814.0;292144.29;199620.0;8.0;7.0;2045010.0;2016;292144.28571428574;;False;2016;2016-01-01;15;65872;Retail;Renner;
92.754.738/0001-62;LOJAS RENNER S.A.;Conselho de Administração;2014;582600.0;362455.43;330870.0;8.0;7.0;2537188.0;2017;362455.4285714286;;False;2017;2017-01-01;7;73565;Retail;Renner;
92.754.738/0001-62;LOJAS RENNER S.A.;Conselho de Administração;2015;724530.0;429090.57;317160.0;8.0;7.0;3003634.0;2018;429090.5714285714;;False;2018;2018-01-01;11;82716;Retail;Renner;
92.754.738/0001-62;LOJAS RENNER S.A.;Conselho de Administração;2016;831240.0;495602.86;394680.0;8.0;7.0;3469220.0;2019;495602.85714285716;;False;2019;2019-01-01;10;93548;Retail;Renner;
92.754.738/0001-62;LOJAS RENNER S.A.;Conselho de Administração;2017;889200.0;557430.48;466800.0;8.0;7.0;3902013.34;2020;557430.4771428572;;False;2020;2020-01-01;9;102079;Retail;Renner;
92.754.738/0001-62;LOJAS RENNER S.A.;Conselho de Administração;2018;912000.0;584738.57;467400.0;8.0;7.0;4093170.0;2021;584738.5714285715;;False;2021;2021-01-01;13;114384;Retail;Renner;
92.754.738/0001-62;LOJAS RENNER S.A.;Conselho de Administração;2019;11744796.61;2117791.77;533000.0;7.7;7.7;16306996.61;2022;2117791.7675324674;;False;2022;2022-01-01;11;126261;Retail;Renner;
92.754.738/0001-62;LOJAS RENNER S.A.;Conselho de Administração;2020;14903025.74;2415639.45;524393.32;8.0;8.0;19325115.6;2023;2415639.45;;False;2023;2023-12-31;9;136012;Retail;Renner;
92.754.738/0001-62;LOJAS RENNER S.A.;Conselho de Administração;2021;10548668.75;1917766.09;568280.0;8.0;8.0;15342128.75;2024;1917766.09375;;False;2024;2024-12-31;11;148165;Retail;Renner;
92.754.738/0001-62;LOJAS RENNER S.A.;Conselho de Administração;2022;10249111.6;1969617.7;638910.0;8.0;8.0;15756941.6;2025;1969617.7;;False;2025;2025-12-31;9;156944;Retail;Renner;
92.754.738/0001-62;LOJAS RENNER S.A.;Conselho de Administração;2023;10065796.5;1987548.35;673564.0;8.0;8.0;15900386.83;2026;1987548.35375;;False;2026;2026-12-31;3;160603;Retail;Renner;
92.754.738/0001-62;LOJAS RENNER S.A.;Conselho de Administração;2024;3138280.0;1275434.33;871600.0;8.0;8.0;10203474.67;2026;1275434.33375;;False;2026;2026-12-31;3;160603;Retail;Renner;
92.754.738/0001-62;LOJAS RENNER S.A.;Conselho de Administração;2025;1711260.0;1061515.92;784560.0;8.0;8.0;8492127.34;2026;1061515.9175;;False;2026;2026-12-31;3;160603;Retail;Renner;
92.754.738/0001-62;LOJAS RENNER S.A.;Conselho Fiscal;2007;72150.0;72283.61;72150.0;3.0;0.0;216850.83;2010;;media fora do intervalo min-max;False;2010;2010-01-01;5;6632;Retail;Renner;
92.754.738/0001-62;LOJAS RENNER S.A.;Conselho Fiscal;2008;68607.92;68607.92;68607.92;3.0;0.0;205823.76;2011;;;False;2011;2011-01-01;9;16433;Retail;Renner;
92.754.738/0001-62;LOJAS RENNER S.A.;Conselho Fiscal;2009;67812.48;67812.48;67812.48;3.0;0.0;203437.44;2012;;;False;2012;2012-01-01;11;26346;Retail;Renner;
92.754.738/0001-62;LOJAS RENNER S.A.;Conselho Fiscal;2010;69656.76;69656.76;69656.76;3.0;0.0;208970.21;2013;;;False;2013;2013-01-01;10;38169;Retail;Renner;
92.754.738/0001-62;LOJAS RENNER S.A.;Conselho Fiscal;2011;115196.49;98996.49;90896.49;3.0;0.0;296989.47;2014;;;False;2014;2014-01-01;7;46186;Retail;Renner;
92.754.738/0001-62;LOJAS RENNER S.A.;Conselho Fiscal;2012;136200.0;113320.0;101880.0;3.0;0.0;339960.0;2015;;;False;2015;2015-01-01;17;55380;Retail;Renner;
92.754.738/0001-62;LOJAS RENNER S.A.;Conselho Fiscal;2013;144720.0;120400.0;108240.0;3.0;3.0;361200.0;2016;120400.0;;False;2016;2016-01-01;15;65872;Retail;Renner;
92.754.738/0001-62;LOJAS RENNER S.A.;Conselho Fiscal;2014;163990.0;136591.0;122720.0;3.0;3.0;409773.0;2017;136591.0;;False;2017;2017-01-01;7;73565;Retail;Renner;
92.754.738/0001-62;LOJAS RENNER S.A.;Conselho Fiscal;2015;189380.0;157600.0;141720.0;3.0;3.0;472800.0;2018;157600.0;;False;2018;2018-01-01;11;82716;Retail;Renner;
92.754.738/0001-62;LOJAS RENNER S.A.;Conselho Fiscal;2016;210720.0;175440.0;157800.0;3.0;3.0;526320.0;2019;175440.0;;False;2019;2019-01-01;10;93548;Retail;Renner;
92.754.738/0001-62;LOJAS RENNER S.A.;Conselho Fiscal;2017;225600.0;188000.0;169200.0;3.0;3.0;564000.0;2020;188000.0;;False;2020;2020-01-01;9;102079;Retail;Renner;
92.754.738/0001-62;LOJAS RENNER S.A.;Conselho Fiscal;2018;230400.0;192000.0;172800.0;3.0;3.0;576000.0;2021;192000.0;;False;2021;2021-01-01;13;114384;Retail;Renner;
92.754.738/0001-62;LOJAS RENNER S.A.;Conselho Fiscal;2019;196800.0;219043.33;196800.0;3.0;3.0;657130.0;2022;219043.33333333334;media fora do intervalo min-max;False;2022;2022-01-01;11;126261;Retail;Renner;
92.754.738/0001-62;LOJAS RENNER S.A.;Conselho Fiscal;2020;252281.66;210418.33;122836.66;3.0;3.0;631254.98;2023;210418.32666666666;;False;2023;2023-12-31;9;136012;Retail;Renner;
92.754.738/0001-62;LOJAS RENNER S.A.;Conselho Fiscal;2021;273350.0;227996.67;205320.0;3.0;3.0;683990.0;2024;227996.66666666666;;False;2024;2024-12-31;11;148165;Retail;Renner;
92.754.738/0001-62;LOJAS RENNER S.A.;Conselho Fiscal;2022;314880.0;262693.33;236600.0;3.0;3.0;788080.0;2025;262693.3333333333;;False;2025;2025-12-31;9;156944;Retail;Renner;
92.754.738/0001-62;LOJAS RENNER S.A.;Conselho Fiscal;2023;339600.0;286203.33;255600.0;3.0;3.0;858610.0;2026;286203.3333333333;;False;2026;2026-12-31;3;160603;Retail;Renner;
92.754.738/0001-62;LOJAS RENNER S.A.;Conselho Fiscal;2024;352800.0;294645.67;265200.0;3.0;3.0;883937.0;2026;294645.6666666667;;False;2026;2026-12-31;3;160603;Retail;Renner;
92.754.738/0001-62;LOJAS RENNER S.A.;Conselho Fiscal;2025;352800.0;294645.67;265200.0;3.0;3.0;883200.0;2026;294400.0;;False;2026;2026-12-31;3;160603;Retail;Renner;
02.351.877/0001-52;LWSA S/A;Diretoria Estatutária;2016;6455481.32;1447080.97;94677.97;8.4;8.4;12155480.13;2019;1447080.967857143;;False;2019;2019-01-01;11;94705;TMT;Locaweb;
02.351.877/0001-52;LWSA S/A;Diretoria Estatutária;2017;1993555.46;1104389.0;103984.13;7.5;7.5;8282917.49;2020;1104388.9986666667;;False;2020;2020-01-01;19;103756;TMT;Locaweb;
02.351.877/0001-52;LWSA S/A;Diretoria Estatutária;2018;1565444.53;1065766.82;104081.25;8.0;8.0;7493236.24;2021;936654.53;media != total/n_remunerados;False;2021;2021-01-01;14;115548;TMT;Locaweb;
02.351.877/0001-52;LWSA S/A;Diretoria Estatutária;2019;1251934.18;872109.52;143363.99;7.7;5.0;6665381.69;2022;1333076.338;media != total/n_remunerados;False;2022;2022-01-01;22;126272;TMT;Locaweb;
02.351.877/0001-52;LWSA S/A;Diretoria Estatutária;2020;4156252.9;3915669.0;289913.25;5.0;5.0;17964977.81;2023;3592995.562;media != total/n_remunerados;False;2023;2023-12-31;27;136130;TMT;Locaweb;
02.351.877/0001-52;LWSA S/A;Diretoria Estatutária;2021;5121008.3;2503117.0;290102.95;7.33;7.33;18347852.34;2024;2503117.645293315;;False;2024;2024-12-31;11;146783;TMT;Locaweb;
02.351.877/0001-52;LWSA S/A;Diretoria Estatutária;2022;2636008.0;1667527.0;649693.0;9.0;9.0;15007745.18;2025;1667527.2422222223;;False;2025;2025-12-31;15;157574;TMT;Locaweb;
02.351.877/0001-52;LWSA S/A;Diretoria Estatutária;2023;4079149.0;2021403.0;879428.0;8.0;8.0;16171224.18;2026;2021403.0225;;False;2026;2026-12-31;2;160937;TMT;Locaweb;
02.351.877/0001-52;LWSA S/A;Diretoria Estatutária;2024;4361065.0;2572699.0;727663.0;7.75;7.75;21476489.32;2026;2771159.9122580644;media != total/n_remunerados;False;2026;2026-12-31;2;160937;TMT;Locaweb;
02.351.877/0001-52;LWSA S/A;Diretoria Estatutária;2025;3268944.0;2817563.0;1514256.0;8.17;8.17;23010097.4;2026;2816413.390452876;;False;2026;2026-12-31;2;160937;TMT;Locaweb;
02.351.877/0001-52;LWSA S/A;Conselho de Administração;2016;243378.22;190294.93;130299.63;3.0;2.0;380589.85;2019;190294.925;;False;2019;2019-01-01;11;94705;TMT;Locaweb;
02.351.877/0001-52;LWSA S/A;Conselho de Administração;2017;266962.19;260840.52;143333.85;3.0;1.6;817349.4;2020;510843.375;media != total/n_remunerados;False;2020;2020-01-01;19;103756;TMT;Locaweb;
02.351.877/0001-52;LWSA S/A;Conselho de Administração;2018;137611.48;233760.73;89659.65;3.0;1.0;627271.13;2021;627271.13;"media fora do intervalo min-max; media != total/n_remunerados";False;2021;2021-01-01;14;115548;TMT;Locaweb;
02.351.877/0001-52;LWSA S/A;Conselho de Administração;2019;0.0;0.0;0.0;3.4;0.0;942189.51;2022;;;False;2022;2022-01-01;22;126272;TMT;Locaweb;
02.351.877/0001-52;LWSA S/A;Conselho de Administração;2020;506997.42;375367.25;52018.99;8.0;8.0;2562141.19;2023;320267.64875;media != total/n_remunerados;False;2023;2023-12-31;27;136130;TMT;Locaweb;
02.351.877/0001-52;LWSA S/A;Conselho de Administração;2021;513225.31;302407.0;118856.15;8.0;8.0;2419258.67;2024;302407.33375;;False;2024;2024-12-31;11;146783;TMT;Locaweb;
02.351.877/0001-52;LWSA S/A;Conselho de Administração;2022;522508.0;252165.0;139639.0;8.0;8.0;2017320.26;2025;252165.0325;;False;2025;2025-12-31;15;157574;TMT;Locaweb;
02.351.877/0001-52;LWSA S/A;Conselho de Administração;2023;603649.0;270725.0;133231.0;8.0;7.0;1895077.0;2026;270725.28571428574;;False;2026;2026-12-31;2;160937;TMT;Locaweb;
02.351.877/0001-52;LWSA S/A;Conselho de Administração;2024;561459.0;361547.0;165209.0;8.0;7.0;2008732.18;2026;286961.74;media != total/n_remunerados;False;2026;2026-12-31;2;160937;TMT;Locaweb;
02.351.877/0001-52;LWSA S/A;Conselho de Administração;2025;726856.0;382418.0;191556.0;8.0;6.75;2581320.55;2026;382417.85925925925;;False;2026;2026-12-31;2;160937;TMT;Locaweb;
02.351.877/0001-52;LWSA S/A;Conselho Fiscal;2021;51532.0;51560.0;51532.0;3.0;3.0;154680.24;2024;51560.079999999994;media fora do intervalo min-max;False;2024;2024-12-31;11;146783;TMT;Locaweb;
02.351.877/0001-52;LWSA S/A;Conselho Fiscal;2022;88341.0;78525.0;58894.0;3.0;3.0;235575.0;2025;78525.0;;False;2025;2025-12-31;15;157574;TMT;Locaweb;
02.351.877/0001-52;LWSA S/A;Conselho Fiscal;2023;29447.0;29447.0;29447.0;1.0;1.0;88341.0;2026;88341.0;media != total/n_remunerados;False;2026;2026-12-31;2;160937;TMT;Locaweb;
47.960.950/0001-21;MAGAZINE LUIZA S.A.;Diretoria Estatutária;2009;1200000.0;401000.0;378000.0;7.0;0.0;5803000.0;2012;;;False;2012;2012-01-01;8;27985;Retail;Magalu;
47.960.950/0001-21;MAGAZINE LUIZA S.A.;Diretoria Estatutária;2010;3250480.0;1548686.58;692503.0;7.0;0.0;10840805.0;2013;;;False;2013;2013-01-01;6;36790;Retail;Magalu;
47.960.950/0001-21;MAGAZINE LUIZA S.A.;Diretoria Estatutária;2011;2139227.0;1235102.5;935861.0;6.17;0.0;7620582.0;2014;;;False;2014;2014-01-01;6;46458;Retail;Magalu;
47.960.950/0001-21;MAGAZINE LUIZA S.A.;Diretoria Estatutária;2012;2356356.0;1720129.61;998775.0;6.0;0.0;10320778.0;2015;;;False;2015;2015-01-01;7;55333;Retail;Magalu;
47.960.950/0001-21;MAGAZINE LUIZA S.A.;Diretoria Estatutária;2013;3698499.67;2625588.48;1582956.67;6.0;6.0;15753531.0;2016;2625588.5;;False;2016;2016-01-01;12;65977;Retail;Magalu;
47.960.950/0001-21;MAGAZINE LUIZA S.A.;Diretoria Estatutária;2014;3824375.02;2883548.38;1629811.27;6.0;6.0;17301291.0;2017;2883548.5;;False;2017;2017-01-01;11;73446;Retail;Magalu;
47.960.950/0001-21;MAGAZINE LUIZA S.A.;Diretoria Estatutária;2015;2433013.62;1952946.1;1037701.44;6.0;6.0;11717677.0;2018;1952946.1666666667;;False;2018;2018-01-01;5;82362;Retail;Magalu;
47.960.950/0001-21;MAGAZINE LUIZA S.A.;Diretoria Estatutária;2016;3011644.31;2865499.83;2089106.01;4.0;4.0;11461999.0;2019;2865499.75;;False;2019;2019-01-01;7;89818;Retail;Magalu;
47.960.950/0001-21;MAGAZINE LUIZA S.A.;Diretoria Estatutária;2017;5615138.84;4043381.03;2811045.48;4.0;4.0;16173524.0;2020;4043381.0;;False;2020;2020-01-01;5;103504;Retail;Magalu;
47.960.950/0001-21;MAGAZINE LUIZA S.A.;Diretoria Estatutária;2018;18455919.96;6941482.0;2905153.76;4.0;4.0;27765928.0;2021;6941482.0;;False;2021;2021-01-01;11;113929;Retail;Magalu;
47.960.950/0001-21;MAGAZINE LUIZA S.A.;Diretoria Estatutária;2019;36263283.21;14853512.42;3430890.35;5.0;5.0;74267562.0;2022;14853512.4;;False;2022;2022-01-01;5;126359;Retail;Magalu;
47.960.950/0001-21;MAGAZINE LUIZA S.A.;Diretoria Estatutária;2020;30347473.58;10797216.0;6775480.05;6.0;6.0;64783297.0;2023;10797216.166666666;;False;2023;2023-12-31;6;136524;Retail;Magalu;
47.960.950/0001-21;MAGAZINE LUIZA S.A.;Diretoria Estatutária;2021;13672873.46;6785067.58;4829324.93;6.0;6.0;40710405.0;2024;6785067.5;;False;2024;2024-12-31;6;146869;Retail;Magalu;
47.960.950/0001-21;MAGAZINE LUIZA S.A.;Diretoria Estatutária;2022;11032506.52;6101507.96;4434597.65;6.0;6.0;36609047.0;2025;6101507.833333333;;False;2025;2025-12-31;6;156645;Retail;Magalu;
47.960.950/0001-21;MAGAZINE LUIZA S.A.;Diretoria Estatutária;2023;2474441.79;1772423.9;1385062.44;6.0;6.0;10634544.0;2026;1772424.0;;False;2026;2026-12-31;2;159326;Retail;Magalu;
47.960.950/0001-21;MAGAZINE LUIZA S.A.;Diretoria Estatutária;2024;6376620.19;4128800.33;3232060.12;6.0;6.0;24772802.0;2026;4128800.3333333335;;False;2026;2026-12-31;2;159326;Retail;Magalu;
47.960.950/0001-21;MAGAZINE LUIZA S.A.;Diretoria Estatutária;2025;4056351.0;3160049.53;2142358.0;5.33;5.33;34490941.0;2026;6471095.872420263;media != total/n_remunerados;False;2026;2026-12-31;2;159326;Retail;Magalu;
47.960.950/0001-21;MAGAZINE LUIZA S.A.;Conselho de Administração;2009;120000.0;75000.0;30000.0;7.0;0.0;150000.0;2012;;;False;2012;2012-01-01;8;27985;Retail;Magalu;
47.960.950/0001-21;MAGAZINE LUIZA S.A.;Conselho de Administração;2010;144000.0;87000.0;30000.0;7.0;0.0;174000.0;2013;;;False;2013;2013-01-01;6;36790;Retail;Magalu;
47.960.950/0001-21;MAGAZINE LUIZA S.A.;Conselho de Administração;2011;144000.0;97000.0;50000.0;6.25;0.0;194000.0;2014;;;False;2014;2014-01-01;6;46458;Retail;Magalu;
47.960.950/0001-21;MAGAZINE LUIZA S.A.;Conselho de Administração;2012;144000.0;110128.75;93257.5;6.0;0.0;440515.0;2015;;;False;2015;2015-01-01;7;55333;Retail;Magalu;
47.960.950/0001-21;MAGAZINE LUIZA S.A.;Conselho de Administração;2013;210000.0;143128.75;126000.0;6.0;4.0;572515.0;2016;143128.75;;False;2016;2016-01-01;12;65977;Retail;Magalu;
47.960.950/0001-21;MAGAZINE LUIZA S.A.;Conselho de Administração;2014;264000.0;201350.57;144000.0;6.0;4.0;805402.0;2017;201350.5;;False;2017;2017-01-01;11;73446;Retail;Magalu;
47.960.950/0001-21;MAGAZINE LUIZA S.A.;Conselho de Administração;2015;264000.0;201350.57;144000.0;6.0;4.0;805402.0;2018;201350.5;;False;2018;2018-01-01;5;82362;Retail;Magalu;
47.960.950/0001-21;MAGAZINE LUIZA S.A.;Conselho de Administração;2016;1536000.0;766637.07;158400.0;6.58;5.58;5366418.0;2019;961723.6559139785;media != total/n_remunerados;False;2019;2019-01-01;7;89818;Retail;Magalu;
47.960.950/0001-21;MAGAZINE LUIZA S.A.;Conselho de Administração;2017;1584000.0;450829.77;176000.0;7.0;6.67;3155808.0;2020;473134.63268365816;media != total/n_remunerados;False;2020;2020-01-01;5;103504;Retail;Magalu;
47.960.950/0001-21;MAGAZINE LUIZA S.A.;Conselho de Administração;2018;1584000.0;560947.86;316800.0;7.0;7.0;3926635.0;2021;560947.8571428572;;False;2021;2021-01-01;11;113929;Retail;Magalu;
47.960.950/0001-21;MAGAZINE LUIZA S.A.;Conselho de Administração;2019;1886400.0;668604.99;374400.0;7.0;7.0;4680235.0;2022;668605.0;;False;2022;2022-01-01;5;126359;Retail;Magalu;
47.960.950/0001-21;MAGAZINE LUIZA S.A.;Conselho de Administração;2020;1738800.0;608400.0;352800.0;7.0;7.0;4258800.0;2023;608400.0;;False;2023;2023-12-31;6;136524;Retail;Magalu;
47.960.950/0001-21;MAGAZINE LUIZA S.A.;Conselho de Administração;2021;21665388.83;3093114.58;403200.0;7.67;7.67;23724189.0;2024;3093114.602346806;;False;2024;2024-12-31;6;146869;Retail;Magalu;
47.960.950/0001-21;MAGAZINE LUIZA S.A.;Conselho de Administração;2022;14361793.88;2143824.24;336000.0;8.0;8.0;17150594.0;2025;2143824.25;;False;2025;2025-12-31;6;156645;Retail;Magalu;
47.960.950/0001-21;MAGAZINE LUIZA S.A.;Conselho de Administração;2023;1656000.0;651910.17;336000.0;7.33;7.33;4780675.0;2026;652206.6848567531;;False;2026;2026-12-31;2;159326;Retail;Magalu;
47.960.950/0001-21;MAGAZINE LUIZA S.A.;Conselho de Administração;2024;1764000.0;896207.71;432000.0;7.0;7.0;6273454.0;2026;896207.7142857143;;False;2026;2026-12-31;2;159326;Retail;Magalu;
47.960.950/0001-21;MAGAZINE LUIZA S.A.;Conselho de Administração;2025;2698166.0;1195669.62;400000.0;7.67;7.67;8312521.0;2026;1083770.6649282922;media != total/n_remunerados;False;2026;2026-12-31;2;159326;Retail;Magalu;
47.960.950/0001-21;MAGAZINE LUIZA S.A.;Conselho Fiscal;2012;58500.0;58500.0;58500.0;3.0;0.0;175500.0;2015;;;False;2015;2015-01-01;7;55333;Retail;Magalu;
47.960.950/0001-21;MAGAZINE LUIZA S.A.;Conselho Fiscal;2013;100353.84;100353.84;100353.84;3.0;3.0;301062.0;2016;100354.0;;False;2016;2016-01-01;12;65977;Retail;Magalu;
47.960.950/0001-21;MAGAZINE LUIZA S.A.;Conselho Fiscal;2014;106392.0;106392.0;106392.0;3.0;3.0;319176.0;2017;106392.0;;False;2017;2017-01-01;11;73446;Retail;Magalu;
47.960.950/0001-21;MAGAZINE LUIZA S.A.;Conselho Fiscal;2015;111554.0;111554.0;111554.0;3.0;3.0;334662.0;2018;111554.0;;False;2018;2018-01-01;5;82362;Retail;Magalu;
47.960.950/0001-21;MAGAZINE LUIZA S.A.;Conselho Fiscal;2016;121976.42;212976.42;121976.42;3.0;3.0;365929.0;2019;121976.33333333333;"media fora do intervalo min-max; media != total/n_remunerados";False;2019;2019-01-01;7;89818;Retail;Magalu;
47.960.950/0001-21;MAGAZINE LUIZA S.A.;Conselho Fiscal;2017;120907.68;120907.68;120907.68;3.0;3.0;362723.0;2020;120907.66666666667;;False;2020;2020-01-01;5;103504;Retail;Magalu;
47.960.950/0001-21;MAGAZINE LUIZA S.A.;Conselho Fiscal;2018;120880.67;120880.67;120880.67;3.0;3.0;362642.0;2021;120880.66666666667;;False;2021;2021-01-01;11;113929;Retail;Magalu;
47.960.950/0001-21;MAGAZINE LUIZA S.A.;Conselho Fiscal;2019;121354.77;121354.77;121354.77;3.0;3.0;364064.0;2022;121354.66666666667;;False;2022;2022-01-01;5;126359;Retail;Magalu;
47.960.950/0001-21;MAGAZINE LUIZA S.A.;Conselho Fiscal;2020;120530.76;120530.76;120530.76;3.0;3.0;361592.0;2023;120530.66666666667;;False;2023;2023-12-31;6;136524;Retail;Magalu;
47.960.950/0001-21;MAGAZINE LUIZA S.A.;Conselho Fiscal;2021;116113.29;116113.29;116113.29;3.0;3.0;348340.0;2024;116113.33333333333;;False;2024;2024-12-31;6;146869;Retail;Magalu;
47.960.950/0001-21;MAGAZINE LUIZA S.A.;Conselho Fiscal;2022;116358.0;116358.0;116358.0;3.0;3.0;349074.0;2025;116358.0;;False;2025;2025-12-31;6;156645;Retail;Magalu;
47.960.950/0001-21;MAGAZINE LUIZA S.A.;Conselho Fiscal;2023;118668.0;118668.0;118668.0;3.0;3.0;356004.0;2026;118668.0;;False;2026;2026-12-31;2;159326;Retail;Magalu;
47.960.950/0001-21;MAGAZINE LUIZA S.A.;Conselho Fiscal;2024;119796.0;119796.0;119796.0;3.0;3.0;359388.0;2026;119796.0;;False;2026;2026-12-31;2;159326;Retail;Magalu;
47.960.950/0001-21;MAGAZINE LUIZA S.A.;Conselho Fiscal;2025;143755.33;143755.33;143755.33;3.0;3.0;430484.0;2026;143494.66666666666;;False;2026;2026-12-31;2;159326;Retail;Magalu;
02.846.056/0001-97;MOTIVA INFRAESTRUTURA DE MOBILIDADE S.A.;Diretoria Estatutária;2015;9956828.59;4005368.54;2170978.75;10.5;10.5;42764000.0;2018;4072761.904761905;media != total/n_remunerados;False;2018;2018-01-01;21;84071;Logistics;Motiva;
02.846.056/0001-97;MOTIVA INFRAESTRUTURA DE MOBILIDADE S.A.;Diretoria Estatutária;2016;7859846.02;3158633.34;1375273.95;11.0;11.0;35135000.0;2019;3194090.909090909;media != total/n_remunerados;False;2019;2019-01-01;18;93823;Logistics;Motiva;
02.846.056/0001-97;MOTIVA INFRAESTRUTURA DE MOBILIDADE S.A.;Diretoria Estatutária;2017;12814521.11;4547654.96;2121565.9;11.0;11.0;50024000.0;2020;4547636.363636363;;False;2020;2020-01-01;16;102916;Logistics;Motiva;
02.846.056/0001-97;MOTIVA INFRAESTRUTURA DE MOBILIDADE S.A.;Diretoria Estatutária;2018;13392633.12;4734253.28;2069720.97;11.0;11.0;52077000.0;2021;4734272.7272727275;;False;2021;2021-01-01;19;114588;Logistics;Motiva;
02.846.056/0001-97;MOTIVA INFRAESTRUTURA DE MOBILIDADE S.A.;Diretoria Estatutária;2019;9516717.0;3415418.41;1432417.0;12.17;12.17;41554000.0;2022;3414461.7912900574;;False;2022;2022-01-01;17;125620;Logistics;Motiva;
02.846.056/0001-97;MOTIVA INFRAESTRUTURA DE MOBILIDADE S.A.;Diretoria Estatutária;2020;19019417.33;4715732.7;1094795.57;12.25;12.25;57768000.0;2023;4715755.102040816;;False;2023;2023-12-31;10;136034;Logistics;Motiva;
02.846.056/0001-97;MOTIVA INFRAESTRUTURA DE MOBILIDADE S.A.;Diretoria Estatutária;2021;7370329.12;2772342.65;1761202.37;12.25;12.25;25565000.0;2024;2086938.775510204;media != total/n_remunerados;False;2024;2024-12-31;15;146830;Logistics;Motiva;
02.846.056/0001-97;MOTIVA INFRAESTRUTURA DE MOBILIDADE S.A.;Diretoria Estatutária;2022;8750690.0;3174324.0;1731743.0;11.25;11.25;35711143.0;2025;3174323.822222222;;False;2025;2025-12-31;16;156858;Logistics;Motiva;
02.846.056/0001-97;MOTIVA INFRAESTRUTURA DE MOBILIDADE S.A.;Diretoria Estatutária;2023;7493660.0;5119355.0;3978667.0;8.42;8.42;43087901.0;2026;5117327.909738718;;False;2026;2026-12-31;2;160080;Logistics;Motiva;
02.846.056/0001-97;MOTIVA INFRAESTRUTURA DE MOBILIDADE S.A.;Diretoria Estatutária;2024;10061396.73;5741156.57;4815895.08;7.75;7.75;44493963.41;2026;5741156.569032257;;False;2026;2026-12-31;2;160080;Logistics;Motiva;
02.846.056/0001-97;MOTIVA INFRAESTRUTURA DE MOBILIDADE S.A.;Diretoria Estatutária;2025;13503552.0;6718420.0;3730918.0;7.17;7.17;48148676.0;2026;6715296.5132496515;;False;2026;2026-12-31;2;160080;Logistics;Motiva;
02.846.056/0001-97;MOTIVA INFRAESTRUTURA DE MOBILIDADE S.A.;Conselho de Administração;2015;319942.0;173283.55;125025.6;11.0;11.0;1906000.0;2018;173272.72727272726;;False;2018;2018-01-01;21;84071;Logistics;Motiva;
02.846.056/0001-97;MOTIVA INFRAESTRUTURA DE MOBILIDADE S.A.;Conselho de Administração;2016;359490.0;180468.11;129261.6;11.0;11.0;1985000.0;2019;180454.54545454544;;False;2019;2019-01-01;18;93823;Logistics;Motiva;
02.846.056/0001-97;MOTIVA INFRAESTRUTURA DE MOBILIDADE S.A.;Conselho de Administração;2017;385652.1;199000.0;138714.3;11.0;11.0;2388000.0;2020;217090.9090909091;media != total/n_remunerados;False;2020;2020-01-01;16;102916;Logistics;Motiva;
02.846.056/0001-97;MOTIVA INFRAESTRUTURA DE MOBILIDADE S.A.;Conselho de Administração;2018;556686.0;243250.0;143369.4;12.0;12.0;2919000.0;2021;243250.0;;False;2021;2021-01-01;19;114588;Logistics;Motiva;
02.846.056/0001-97;MOTIVA INFRAESTRUTURA DE MOBILIDADE S.A.;Conselho de Administração;2019;1285504.0;609611.11;475996.0;12.17;12.17;7417000.0;2022;609449.4658997535;;False;2022;2022-01-01;17;125620;Logistics;Motiva;
02.846.056/0001-97;MOTIVA INFRAESTRUTURA DE MOBILIDADE S.A.;Conselho de Administração;2020;722230.07;592820.57;583798.22;12.75;12.75;7559000.0;2023;592862.7450980392;;False;2023;2023-12-31;10;136034;Logistics;Motiva;
02.846.056/0001-97;MOTIVA INFRAESTRUTURA DE MOBILIDADE S.A.;Conselho de Administração;2021;642800.64;488500.68;519718.7;13.0;13.0;6839000.0;2024;526076.9230769231;"media fora do intervalo min-max; media != total/n_remunerados";False;2024;2024-12-31;15;146830;Logistics;Motiva;
02.846.056/0001-97;MOTIVA INFRAESTRUTURA DE MOBILIDADE S.A.;Conselho de Administração;2022;877184.0;137680.0;616167.0;12.4;12.4;7907236.0;2025;637680.3225806451;"media fora do intervalo min-max; media != total/n_remunerados";False;2025;2025-12-31;16;156858;Logistics;Motiva;
02.846.056/0001-97;MOTIVA INFRAESTRUTURA DE MOBILIDADE S.A.;Conselho de Administração;2023;994649.0;694222.0;660383.0;11.0;11.0;7636445.0;2026;694222.2727272727;;False;2026;2026-12-31;2;160080;Logistics;Motiva;
02.846.056/0001-97;MOTIVA INFRAESTRUTURA DE MOBILIDADE S.A.;Conselho de Administração;2024;989383.8;792808.06;722983.8;11.0;11.0;8720888.7;2026;792808.0636363636;;False;2026;2026-12-31;2;160080;Logistics;Motiva;
02.846.056/0001-97;MOTIVA INFRAESTRUTURA DE MOBILIDADE S.A.;Conselho de Administração;2025;1146906.0;834319.0;747306.0;11.0;11.0;9177510.0;2026;834319.0909090909;;False;2026;2026-12-31;2;160080;Logistics;Motiva;
02.846.056/0001-97;MOTIVA INFRAESTRUTURA DE MOBILIDADE S.A.;Conselho Fiscal;2015;113877.0;113877.0;113877.0;3.0;3.0;342000.0;2018;114000.0;;False;2018;2018-01-01;21;84071;Logistics;Motiva;
02.846.056/0001-97;MOTIVA INFRAESTRUTURA DE MOBILIDADE S.A.;Conselho Fiscal;2016;117741.6;117741.6;117741.6;3.0;3.0;353000.0;2019;117666.66666666667;;False;2019;2019-01-01;18;93823;Logistics;Motiva;
02.846.056/0001-97;MOTIVA INFRAESTRUTURA DE MOBILIDADE S.A.;Conselho Fiscal;2017;126632.7;126632.7;126632.7;3.0;3.0;380000.0;2020;126666.66666666667;;False;2020;2020-01-01;16;102916;Logistics;Motiva;
02.846.056/0001-97;MOTIVA INFRAESTRUTURA DE MOBILIDADE S.A.;Conselho Fiscal;2018;130989.0;130989.0;130989.0;3.0;3.0;392000.0;2021;130666.66666666667;;False;2021;2021-01-01;19;114588;Logistics;Motiva;
02.846.056/0001-97;MOTIVA INFRAESTRUTURA DE MOBILIDADE S.A.;Conselho Fiscal;2019;135594.0;134501.05;135594.0;3.0;3.0;404000.0;2022;134666.66666666666;media fora do intervalo min-max;False;2022;2022-01-01;17;125620;Logistics;Motiva;
02.846.056/0001-97;MOTIVA INFRAESTRUTURA DE MOBILIDADE S.A.;Conselho Fiscal;2020;135875.0;135875.0;135875.0;3.08;3.08;409000.0;2023;132792.2077922078;media != total/n_remunerados;False;2023;2023-12-31;10;136034;Logistics;Motiva;
02.846.056/0001-97;MOTIVA INFRAESTRUTURA DE MOBILIDADE S.A.;Conselho Fiscal;2021;122254.54;122254.54;122254.54;3.0;3.0;367000.0;2024;122333.33333333333;;False;2024;2024-12-31;15;146830;Logistics;Motiva;
02.846.056/0001-97;MOTIVA INFRAESTRUTURA DE MOBILIDADE S.A.;Conselho Fiscal;2022;138311.71;138311.71;138311.71;3.0;3.0;416386.0;2025;138795.33333333334;;False;2025;2025-12-31;16;156858;Logistics;Motiva;
02.846.056/0001-97;MOTIVA INFRAESTRUTURA DE MOBILIDADE S.A.;Conselho Fiscal;2023;157132.0;157132.0;157132.0;3.0;3.0;471397.0;2026;157132.33333333334;;False;2026;2026-12-31;2;160080;Logistics;Motiva;
02.846.056/0001-97;MOTIVA INFRAESTRUTURA DE MOBILIDADE S.A.;Conselho Fiscal;2024;178567.8;178567.8;178567.8;3.0;3.0;535703.4;2026;178567.80000000002;;False;2026;2026-12-31;2;160080;Logistics;Motiva;
02.846.056/0001-97;MOTIVA INFRAESTRUTURA DE MOBILIDADE S.A.;Conselho Fiscal;2025;185345.0;185345.0;185345.0;3.0;3.0;556033.0;2026;185344.33333333334;;False;2026;2026-12-31;2;160080;Logistics;Motiva;
21.314.559/0001-66;MOVIDA PARTICIPACOES SA;Diretoria Estatutária;2014;0.0;0.0;0.0;2.0;0.0;0.0;2015;;;False;2015;2015-01-01;1;53147;Locadoras;Movida;
21.314.559/0001-66;MOVIDA PARTICIPACOES SA;Diretoria Estatutária;2015;633000.0;2108778.08;633000.0;1.0;1.0;2108778.08;2018;2108778.08;media fora do intervalo min-max;False;2018;2018-01-01;11;82651;Locadoras;Movida;
21.314.559/0001-66;MOVIDA PARTICIPACOES SA;Diretoria Estatutária;2016;771000.0;1315336.98;240000.0;2.0;2.0;2630673.96;2019;1315336.98;media fora do intervalo min-max;False;2019;2019-01-01;14;93429;Locadoras;Movida;
21.314.559/0001-66;MOVIDA PARTICIPACOES SA;Diretoria Estatutária;2017;966000.0;3666737.18;907000.0;2.0;2.0;7333474.36;2020;3666737.18;media fora do intervalo min-max;False;2020;2020-01-01;12;105018;Locadoras;Movida;
21.314.559/0001-66;MOVIDA PARTICIPACOES SA;Diretoria Estatutária;2018;1185000.0;2265854.73;625000.0;5.17;5.17;11706916.13;2021;2264393.835589942;media fora do intervalo min-max;False;2021;2021-01-01;10;111240;Locadoras;Movida;
21.314.559/0001-66;MOVIDA PARTICIPACOES SA;Diretoria Estatutária;2019;1544100.0;1046850.75;729101.0;4.92;4.92;12318674.29;2022;2503795.587398374;media != total/n_remunerados;False;2022;2022-01-01;22;125974;Locadoras;Movida;
21.314.559/0001-66;MOVIDA PARTICIPACOES SA;Diretoria Estatutária;2020;4921561.33;1805682.41;801738.39;6.0;6.0;13626036.84;2023;2271006.14;media != total/n_remunerados;False;2023;2023-12-31;20;137252;Locadoras;Movida;
21.314.559/0001-66;MOVIDA PARTICIPACOES SA;Diretoria Estatutária;2021;4930071.0;2679916.65;1443324.0;4.42;4.42;11845231.61;2024;2679916.6538461535;;False;2024;2024-12-31;15;147353;Locadoras;Movida;
21.314.559/0001-66;MOVIDA PARTICIPACOES SA;Diretoria Estatutária;2022;9423862.0;3317901.0;1006089.0;5.75;5.75;19077930.19;2025;3317900.902608696;;False;2025;2025-12-31;14;158131;Locadoras;Movida;
21.314.559/0001-66;MOVIDA PARTICIPACOES SA;Diretoria Estatutária;2023;5423139.0;2492499.0;1573018.0;4.25;4.25;10593118.69;2026;2492498.5152941174;;False;2026;2026-12-31;5;161116;Locadoras;Movida;
21.314.559/0001-66;MOVIDA PARTICIPACOES SA;Diretoria Estatutária;2024;4933184.0;2438222.0;1476914.0;3.42;3.42;8338719.89;2026;2438222.1900584796;;False;2026;2026-12-31;5;161116;Locadoras;Movida;
21.314.559/0001-66;MOVIDA PARTICIPACOES SA;Diretoria Estatutária;2025;8335999.0;3669737.0;2444295.0;4.17;4.17;15290570.41;2026;3666803.4556354918;;False;2026;2026-12-31;5;161116;Locadoras;Movida;
21.314.559/0001-66;MOVIDA PARTICIPACOES SA;Conselho de Administração;2014;0.0;0.0;0.0;0.0;0.0;0.0;2015;;;False;2015;2015-01-01;1;53147;Locadoras;Movida;
21.314.559/0001-66;MOVIDA PARTICIPACOES SA;Conselho de Administração;2015;0.0;0.0;0.0;0.0;0.0;0.0;2018;;;False;2018;2018-01-01;11;82651;Locadoras;Movida;
21.314.559/0001-66;MOVIDA PARTICIPACOES SA;Conselho de Administração;2016;0.0;0.0;0.0;0.0;0.0;0.0;2019;;;False;2019;2019-01-01;14;93429;Locadoras;Movida;
21.314.559/0001-66;MOVIDA PARTICIPACOES SA;Conselho de Administração;2017;520000.0;410046.0;325000.0;5.0;5.0;1783512.0;2020;356702.4;media != total/n_remunerados;False;2020;2020-01-01;12;105018;Locadoras;Movida;
21.314.559/0001-66;MOVIDA PARTICIPACOES SA;Conselho de Administração;2018;480000.0;378504.0;300000.0;5.0;5.0;2767575.46;2021;553515.092;media != total/n_remunerados;False;2021;2021-01-01;10;111240;Locadoras;Movida;
21.314.559/0001-66;MOVIDA PARTICIPACOES SA;Conselho de Administração;2019;669777.0;526078.0;300000.0;5.25;5.25;2957175.46;2022;563271.5161904761;media != total/n_remunerados;False;2022;2022-01-01;22;125974;Locadoras;Movida;
21.314.559/0001-66;MOVIDA PARTICIPACOES SA;Conselho de Administração;2020;739777.0;494863.0;300000.0;5.0;5.0;2969175.46;2023;593835.092;media != total/n_remunerados;False;2023;2023-12-31;20;137252;Locadoras;Movida;
21.314.559/0001-66;MOVIDA PARTICIPACOES SA;Conselho de Administração;2021;654536.0;494862.58;300000.0;5.0;5.0;2474312.88;2024;494862.576;;False;2024;2024-12-31;15;147353;Locadoras;Movida;
21.314.559/0001-66;MOVIDA PARTICIPACOES SA;Conselho de Administração;2022;654536.0;494862.58;300000.0;5.0;5.0;2474312.88;2025;494862.576;;False;2025;2025-12-31;14;158131;Locadoras;Movida;
21.314.559/0001-66;MOVIDA PARTICIPACOES SA;Conselho de Administração;2023;654536.0;467235.0;300000.0;5.0;5.0;2336175.07;2026;467235.01399999997;;False;2026;2026-12-31;5;161116;Locadoras;Movida;
21.314.559/0001-66;MOVIDA PARTICIPACOES SA;Conselho de Administração;2024;654536.0;461759.0;300000.0;5.0;5.0;2308795.8;2026;461759.16;;False;2026;2026-12-31;5;161116;Locadoras;Movida;
21.314.559/0001-66;MOVIDA PARTICIPACOES SA;Conselho de Administração;2025;654536.0;461759.0;300000.0;5.0;5.0;2308795.8;2026;461759.16;;False;2026;2026-12-31;5;161116;Locadoras;Movida;
21.314.559/0001-66;MOVIDA PARTICIPACOES SA;Conselho Fiscal;2014;0.0;0.0;0.0;0.0;0.0;0.0;2015;;;False;2015;2015-01-01;1;53147;Locadoras;Movida;
21.314.559/0001-66;MOVIDA PARTICIPACOES SA;Conselho Fiscal;2015;0.0;0.0;0.0;0.0;0.0;0.0;2018;;;False;2018;2018-01-01;11;82651;Locadoras;Movida;
21.314.559/0001-66;MOVIDA PARTICIPACOES SA;Conselho Fiscal;2016;0.0;0.0;0.0;0.0;0.0;0.0;2019;;;False;2019;2019-01-01;14;93429;Locadoras;Movida;
21.314.559/0001-66;MOVIDA PARTICIPACOES SA;Conselho Fiscal;2017;124667300.0;98329.33;64950.0;4.0;4.0;802872.0;2020;200718.0;media != total/n_remunerados;False;2020;2020-01-01;12;105018;Locadoras;Movida;
21.314.559/0001-66;MOVIDA PARTICIPACOES SA;Conselho Fiscal;2018;86169.45;86169.45;86169.45;3.0;3.0;310210.02;2021;103403.34000000001;media != total/n_remunerados;False;2021;2021-01-01;10;111240;Locadoras;Movida;
21.314.559/0001-66;MOVIDA PARTICIPACOES SA;Conselho Fiscal;2019;88073.33;88073.33;88073.33;3.08;3.08;317358.4;2022;103038.44155844157;media != total/n_remunerados;False;2022;2022-01-01;22;125974;Locadoras;Movida;
21.314.559/0001-66;MOVIDA PARTICIPACOES SA;Conselho Fiscal;2020;65946.02;65946.02;65946.02;1.0;1.0;150750.0;2023;150750.0;media != total/n_remunerados;False;2023;2023-12-31;20;137252;Locadoras;Movida;
21.314.559/0001-66;MOVIDA PARTICIPACOES SA;Conselho Fiscal;2021;65946.02;98919.03;65946.02;2.0;2.0;197838.06;2024;98919.03;media fora do intervalo min-max;False;2024;2024-12-31;15;147353;Locadoras;Movida;
21.314.559/0001-66;MOVIDA PARTICIPACOES SA;Conselho Fiscal;2022;102849.0;100267.84;102849.0;3.08;3.08;308824.96;2025;100267.84415584416;media fora do intervalo min-max;False;2025;2025-12-31;14;158131;Locadoras;Movida;
21.314.559/0001-66;MOVIDA PARTICIPACOES SA;Conselho Fiscal;2023;108710.0;107976.0;108710.0;2.92;2.92;315289.28;2026;107975.78082191783;media fora do intervalo min-max;False;2026;2026-12-31;5;161116;Locadoras;Movida;
21.314.559/0001-66;MOVIDA PARTICIPACOES SA;Conselho Fiscal;2024;37246.0;37246.0;37246.0;1.0;1.0;111737.52;2026;111737.52;media != total/n_remunerados;False;2026;2026-12-31;5;161116;Locadoras;Movida;
21.314.559/0001-66;MOVIDA PARTICIPACOES SA;Conselho Fiscal;2025;0.0;0.0;0.0;0.0;0.0;0.0;2026;;;False;2026;2026-12-31;5;161116;Locadoras;Movida;
08.343.492/0001-20;MRV ENGENHARIA E PARTICIPACOES S.A.;Diretoria Estatutária;2008;1554000.0;833000.0;440000.0;7.0;0.0;5834000.0;2010;;;False;2011;2011-01-01;15;14668;RealEstate;MRV;
08.343.492/0001-20;MRV ENGENHARIA E PARTICIPACOES S.A.;Diretoria Estatutária;2009;1610000.0;855571.43;605000.0;7.0;0.0;5989000.0;2012;;;False;2012;2012-01-01;20;28014;RealEstate;MRV;
08.343.492/0001-20;MRV ENGENHARIA E PARTICIPACOES S.A.;Diretoria Estatutária;2010;1890000.0;821508.14;722000.0;11.67;0.0;9587000.0;2013;;;False;2013;2013-01-01;24;38219;RealEstate;MRV;
08.343.492/0001-20;MRV ENGENHARIA E PARTICIPACOES S.A.;Diretoria Estatutária;2011;2539200.0;990267.0;580800.0;12.0;0.0;11883200.0;2014;;;False;2014;2014-01-01;36;47714;RealEstate;MRV;
08.343.492/0001-20;MRV ENGENHARIA E PARTICIPACOES S.A.;Diretoria Estatutária;2012;1442400.0;735271.0;318000.0;11.25;0.0;8271800.0;2015;;;False;2015;2015-01-01;8;55430;RealEstate;MRV;
08.343.492/0001-20;MRV ENGENHARIA E PARTICIPACOES S.A.;Diretoria Estatutária;2013;2989200.0;1239600.0;772938.0;11.0;11.0;13635598.0;2016;1239599.8181818181;;False;2016;2016-01-01;12;65873;RealEstate;MRV;
08.343.492/0001-20;MRV ENGENHARIA E PARTICIPACOES S.A.;Diretoria Estatutária;2014;1882140.0;1308360.0;653554.0;10.2;10.2;13345272.0;2017;1308360.0;;False;2017;2017-01-01;9;75066;RealEstate;MRV;
08.343.492/0001-20;MRV ENGENHARIA E PARTICIPACOES S.A.;Diretoria Estatutária;2015;2127216.0;1455813.0;734016.0;9.0;9.0;13102318.0;2018;1455813.111111111;;False;2018;2018-01-01;14;82419;RealEstate;MRV;
08.343.492/0001-20;MRV ENGENHARIA E PARTICIPACOES S.A.;Diretoria Estatutária;2016;2389898.0;1569252.0;1029116.0;9.0;9.0;14123268.0;2019;1569252.0;;False;2019;2019-01-01;25;93462;RealEstate;MRV;
08.343.492/0001-20;MRV ENGENHARIA E PARTICIPACOES S.A.;Diretoria Estatutária;2017;2985812.0;1932310.0;1341927.0;9.0;9.0;17390792.0;2020;1932310.2222222222;;False;2020;2020-01-01;9;103102;RealEstate;MRV;
08.343.492/0001-20;MRV ENGENHARIA E PARTICIPACOES S.A.;Diretoria Estatutária;2018;3128907.0;2098700.0;1362788.0;9.0;9.0;18888299.0;2021;2098699.888888889;;False;2021;2021-01-01;12;115303;RealEstate;MRV;
08.343.492/0001-20;MRV ENGENHARIA E PARTICIPACOES S.A.;Diretoria Estatutária;2019;3924928.0;2402660.0;1257963.0;9.66;9.66;23225713.0;2022;2404318.115942029;;False;2022;2022-01-01;15;127243;RealEstate;MRV;
08.343.492/0001-20;MRV ENGENHARIA E PARTICIPACOES S.A.;Diretoria Estatutária;2020;4464174.0;2390124.0;1228060.0;8.0;8.0;19320171.37;2023;2415021.42125;media != total/n_remunerados;False;2023;2023-12-31;19;137479;RealEstate;MRV;
08.343.492/0001-20;MRV ENGENHARIA E PARTICIPACOES S.A.;Diretoria Estatutária;2021;5637088.0;3038438.0;1280210.0;7.0;7.0;21269063.0;2024;3038437.5714285714;;False;2024;2024-12-31;14;146569;RealEstate;MRV;
08.343.492/0001-20;MRV ENGENHARIA E PARTICIPACOES S.A.;Diretoria Estatutária;2022;5241194.0;2679811.0;1124493.0;7.0;7.0;18758675.0;2025;2679810.714285714;;False;2025;2025-12-31;14;157404;RealEstate;MRV;
08.343.492/0001-20;MRV ENGENHARIA E PARTICIPACOES S.A.;Diretoria Estatutária;2023;5831559.0;4072715.0;1299987.0;7.92;7.92;32242324.0;2026;4071000.505050505;;False;2026;2026-12-31;5;160170;RealEstate;MRV;
08.343.492/0001-20;MRV ENGENHARIA E PARTICIPACOES S.A.;Diretoria Estatutária;2024;8767989.0;4256366.0;2065185.0;9.0;9.0;38307294.0;2026;4256366.0;;False;2026;2026-12-31;5;160170;RealEstate;MRV;
08.343.492/0001-20;MRV ENGENHARIA E PARTICIPACOES S.A.;Diretoria Estatutária;2025;10390027.0;4214867.0;2378089.0;9.0;9.0;37933801.0;2026;4214866.777777778;;False;2026;2026-12-31;5;160170;RealEstate;MRV;
08.343.492/0001-20;MRV ENGENHARIA E PARTICIPACOES S.A.;Conselho de Administração;2008;253000.0;68000.0;0.0;7.0;0.0;478000.0;2010;;;False;2011;2011-01-01;15;14668;RealEstate;MRV;
08.343.492/0001-20;MRV ENGENHARIA E PARTICIPACOES S.A.;Conselho de Administração;2009;276000.0;79285.71;65000.0;7.0;0.0;555000.0;2012;;;False;2012;2012-01-01;20;28014;RealEstate;MRV;
08.343.492/0001-20;MRV ENGENHARIA E PARTICIPACOES S.A.;Conselho de Administração;2010;189000.0;115142.86;92000.0;7.0;0.0;806000.0;2013;;;False;2013;2013-01-01;24;38219;RealEstate;MRV;
08.343.492/0001-20;MRV ENGENHARIA E PARTICIPACOES S.A.;Conselho de Administração;2011;201600.0;144000.0;115200.0;7.0;0.0;1008000.0;2014;;;False;2014;2014-01-01;36;47714;RealEstate;MRV;
08.343.492/0001-20;MRV ENGENHARIA E PARTICIPACOES S.A.;Conselho de Administração;2012;217200.0;154971.0;124800.0;7.0;0.0;1084800.0;2015;;;False;2015;2015-01-01;8;55430;RealEstate;MRV;
08.343.492/0001-20;MRV ENGENHARIA E PARTICIPACOES S.A.;Conselho de Administração;2013;191000.0;164576.0;110000.0;7.0;7.0;1152032.0;2016;164576.0;;False;2016;2016-01-01;12;65873;RealEstate;MRV;
08.343.492/0001-20;MRV ENGENHARIA E PARTICIPACOES S.A.;Conselho de Administração;2014;3404006.0;584783.0;110015.0;6.7;6.7;3918046.0;2017;584782.9850746269;;False;2017;2017-01-01;9;75066;RealEstate;MRV;
08.343.492/0001-20;MRV ENGENHARIA E PARTICIPACOES S.A.;Conselho de Administração;2015;4544226.0;839301.0;186600.0;7.0;7.0;5875104.0;2018;839300.5714285715;;False;2018;2018-01-01;14;82419;RealEstate;MRV;
08.343.492/0001-20;MRV ENGENHARIA E PARTICIPACOES S.A.;Conselho de Administração;2016;5404896.0;1025375.0;105000.0;7.0;7.0;7177626.0;2019;1025375.1428571428;;False;2019;2019-01-01;25;93462;RealEstate;MRV;
08.343.492/0001-20;MRV ENGENHARIA E PARTICIPACOES S.A.;Conselho de Administração;2017;6707867.0;1197410.0;213000.0;7.0;7.0;8381867.0;2020;1197409.5714285714;;False;2020;2020-01-01;9;103102;RealEstate;MRV;
08.343.492/0001-20;MRV ENGENHARIA E PARTICIPACOES S.A.;Conselho de Administração;2018;6465781.0;1146061.0;225000.0;8.0;8.0;9168485.0;2021;1146060.625;;False;2021;2021-01-01;12;115303;RealEstate;MRV;
08.343.492/0001-20;MRV ENGENHARIA E PARTICIPACOES S.A.;Conselho de Administração;2019;8758969.0;1754005.0;240000.0;7.58;7.58;13301147.0;2022;1754768.7335092349;;False;2022;2022-01-01;15;127243;RealEstate;MRV;
08.343.492/0001-20;MRV ENGENHARIA E PARTICIPACOES S.A.;Conselho de Administração;2020;11303919.0;1889143.0;240000.0;8.0;8.0;15113142.91;2023;1889142.86375;;False;2023;2023-12-31;19;137479;RealEstate;MRV;
08.343.492/0001-20;MRV ENGENHARIA E PARTICIPACOES S.A.;Conselho de Administração;2021;9031747.0;1654824.0;266726.0;7.58;7.58;12549085.0;2024;1655552.1108179418;;False;2024;2024-12-31;14;146569;RealEstate;MRV;
08.343.492/0001-20;MRV ENGENHARIA E PARTICIPACOES S.A.;Conselho de Administração;2022;9799878.0;2015421.0;108033.0;6.92;6.92;13939995.0;2025;2014450.1445086705;;False;2025;2025-12-31;14;157404;RealEstate;MRV;
08.343.492/0001-20;MRV ENGENHARIA E PARTICIPACOES S.A.;Conselho de Administração;2023;10325122.0;2144385.0;120078.0;7.0;7.0;15010697.0;2026;2144385.285714286;;False;2026;2026-12-31;5;160170;RealEstate;MRV;
08.343.492/0001-20;MRV ENGENHARIA E PARTICIPACOES S.A.;Conselho de Administração;2024;10091484.0;2017125.0;100089.0;7.5;7.5;15128438.0;2026;2017125.0666666667;;False;2026;2026-12-31;5;160170;RealEstate;MRV;
08.343.492/0001-20;MRV ENGENHARIA E PARTICIPACOES S.A.;Conselho de Administração;2025;9911534.0;1904796.0;120090.0;8.0;8.0;15238365.0;2026;1904795.625;;False;2026;2026-12-31;5;160170;RealEstate;MRV;
08.343.492/0001-20;MRV ENGENHARIA E PARTICIPACOES S.A.;Conselho Fiscal;2019;100861.0;100861.0;100861.0;3.0;3.0;374598.0;2022;124866.0;media != total/n_remunerados;False;2022;2022-01-01;15;127243;RealEstate;MRV;
08.343.492/0001-20;MRV ENGENHARIA E PARTICIPACOES S.A.;Conselho Fiscal;2020;84000.0;84000.0;84000.0;3.0;3.0;252000.0;2023;84000.0;;False;2023;2023-12-31;19;137479;RealEstate;MRV;
08.343.492/0001-20;MRV ENGENHARIA E PARTICIPACOES S.A.;Conselho Fiscal;2021;84000.0;84000.0;84000.0;3.0;3.0;252000.0;2024;84000.0;;False;2024;2024-12-31;14;146569;RealEstate;MRV;
08.343.492/0001-20;MRV ENGENHARIA E PARTICIPACOES S.A.;Conselho Fiscal;2022;84078.0;82078.0;78078.0;3.0;3.0;246233.0;2025;82077.66666666667;;False;2025;2025-12-31;14;157404;RealEstate;MRV;
08.343.492/0001-20;MRV ENGENHARIA E PARTICIPACOES S.A.;Conselho Fiscal;2023;84708.0;84078.0;84078.0;2.58;2.58;252000.0;2026;97674.41860465116;media != total/n_remunerados;False;2026;2026-12-31;5;160170;RealEstate;MRV;
08.343.492/0001-20;MRV ENGENHARIA E PARTICIPACOES S.A.;Conselho Fiscal;2024;84089.0;84089.0;84089.0;3.0;3.0;252000.0;2026;84000.0;;False;2026;2026-12-31;5;160170;RealEstate;MRV;
08.343.492/0001-20;MRV ENGENHARIA E PARTICIPACOES S.A.;Conselho Fiscal;2025;98690.0;98690.0;98690.0;3.0;3.0;296733.0;2026;98911.0;;False;2026;2026-12-31;5;160170;RealEstate;MRV;
07.816.890/0001-53;MULTIPLAN - EMPREEND IMOBILIARIOS S.A.;Diretoria Estatutária;2009;2499000.0;2128000.0;1719000.0;5.0;0.0;10641000.0;2012;;;False;2012;2012-01-01;5;22192;Malls;Multiplan;
07.816.890/0001-53;MULTIPLAN - EMPREEND IMOBILIARIOS S.A.;Diretoria Estatutária;2010;4507327.97;3075292.47;2194605.18;5.0;0.0;15376462.34;2013;;;False;2013;2013-01-01;15;36570;Malls;Multiplan;
07.816.890/0001-53;MULTIPLAN - EMPREEND IMOBILIARIOS S.A.;Diretoria Estatutária;2011;5008778.11;3659317.37;2556890.93;5.0;0.0;18296586.84;2014;;;False;2014;2014-01-01;4;46523;Malls;Multiplan;
07.816.890/0001-53;MULTIPLAN - EMPREEND IMOBILIARIOS S.A.;Diretoria Estatutária;2012;6231745.39;3970547.11;2726552.5;5.0;0.0;19852735.55;2015;;;False;2015;2015-01-01;2;55717;Malls;Multiplan;
07.816.890/0001-53;MULTIPLAN - EMPREEND IMOBILIARIOS S.A.;Diretoria Estatutária;2013;6571791.41;4702142.46;3295796.76;5.0;5.0;23510712.28;2016;4702142.456;;False;2016;2016-01-01;8;63080;Malls;Multiplan;
07.816.890/0001-53;MULTIPLAN - EMPREEND IMOBILIARIOS S.A.;Diretoria Estatutária;2014;7855105.37;5174184.59;3446088.53;5.0;5.0;25870922.95;2017;5174184.59;;False;2017;2017-01-01;8;73606;Malls;Multiplan;
07.816.890/0001-53;MULTIPLAN - EMPREEND IMOBILIARIOS S.A.;Diretoria Estatutária;2015;9568995.56;5751072.98;3654081.99;5.0;5.0;28755364.9;2018;5751072.9799999995;;False;2018;2018-01-01;7;83923;Malls;Multiplan;
07.816.890/0001-53;MULTIPLAN - EMPREEND IMOBILIARIOS S.A.;Diretoria Estatutária;2016;10940573.59;6157391.74;3803601.66;5.0;5.0;30786958.68;2019;6157391.736;;False;2019;2019-01-01;6;94757;Malls;Multiplan;
07.816.890/0001-53;MULTIPLAN - EMPREEND IMOBILIARIOS S.A.;Diretoria Estatutária;2017;19754789.06;9826038.63;5123041.15;5.0;5.0;49130193.16;2020;9826038.632;;False;2020;2020-01-01;3;103091;Malls;Multiplan;
07.816.890/0001-53;MULTIPLAN - EMPREEND IMOBILIARIOS S.A.;Diretoria Estatutária;2018;10631456.95;4888209.44;3697053.29;5.0;5.0;24441047.21;2021;4888209.442;;False;2021;2021-01-01;8;114661;Malls;Multiplan;
07.816.890/0001-53;MULTIPLAN - EMPREEND IMOBILIARIOS S.A.;Diretoria Estatutária;2019;20150773.26;8882395.77;5239530.03;5.67;5.67;50363184.0;2022;8882395.767195767;;False;2022;2022-01-01;6;126119;Malls;Multiplan;
07.816.890/0001-53;MULTIPLAN - EMPREEND IMOBILIARIOS S.A.;Diretoria Estatutária;2020;7290812.51;5400614.55;1750229.99;6.0;6.0;32403687.28;2023;5400614.546666667;;False;2023;2023-12-31;7;137757;Malls;Multiplan;
07.816.890/0001-53;MULTIPLAN - EMPREEND IMOBILIARIOS S.A.;Diretoria Estatutária;2021;13668021.27;6559573.67;3034921.18;6.0;6.0;39357442.01;2024;6559573.668333333;;False;2024;2024-12-31;12;148264;Malls;Multiplan;
07.816.890/0001-53;MULTIPLAN - EMPREEND IMOBILIARIOS S.A.;Diretoria Estatutária;2022;14429865.07;7192144.06;3570392.34;6.0;6.0;43152864.34;2025;7192144.056666668;;False;2025;2025-12-31;9;158030;Malls;Multiplan;
07.816.890/0001-53;MULTIPLAN - EMPREEND IMOBILIARIOS S.A.;Diretoria Estatutária;2023;12457507.33;8447518.94;2634426.57;5.92;5.92;50009312.14;2026;8447518.942567568;;False;2026;2026-12-31;2;159620;Malls;Multiplan;
07.816.890/0001-53;MULTIPLAN - EMPREEND IMOBILIARIOS S.A.;Diretoria Estatutária;2024;22122332.91;10961877.85;5526870.46;6.0;6.0;65771267.1;2026;10961877.85;;False;2026;2026-12-31;2;159620;Malls;Multiplan;
07.816.890/0001-53;MULTIPLAN - EMPREEND IMOBILIARIOS S.A.;Diretoria Estatutária;2025;24631723.03;12118541.35;6124942.35;6.0;6.0;72711248.07;2026;12118541.344999999;;False;2026;2026-12-31;2;159620;Malls;Multiplan;
07.816.890/0001-53;MULTIPLAN - EMPREEND IMOBILIARIOS S.A.;Conselho de Administração;2009;1388000.0;619000.0;120000.0;3.0;0.0;1856000.0;2012;;;False;2012;2012-01-01;5;22192;Malls;Multiplan;
07.816.890/0001-53;MULTIPLAN - EMPREEND IMOBILIARIOS S.A.;Conselho de Administração;2010;1456829.04;826308.35;108000.0;7.0;0.0;2478925.06;2013;;;False;2013;2013-01-01;15;36570;Malls;Multiplan;
07.816.890/0001-53;MULTIPLAN - EMPREEND IMOBILIARIOS S.A.;Conselho de Administração;2011;1970818.38;914546.64;180000.0;7.0;0.0;2743639.92;2014;;;False;2014;2014-01-01;4;46523;Malls;Multiplan;
07.816.890/0001-53;MULTIPLAN - EMPREEND IMOBILIARIOS S.A.;Conselho de Administração;2012;2080195.26;927989.1;108000.0;6.75;0.0;3173722.73;2015;;;False;2015;2015-01-01;2;55717;Malls;Multiplan;
07.816.890/0001-53;MULTIPLAN - EMPREEND IMOBILIARIOS S.A.;Conselho de Administração;2013;2208271.87;903323.08;360000.0;7.0;4.0;3613292.31;2016;903323.0775;;False;2016;2016-01-01;8;63080;Malls;Multiplan;
07.816.890/0001-53;MULTIPLAN - EMPREEND IMOBILIARIOS S.A.;Conselho de Administração;2014;800233.94;508955.7;360000.0;7.0;4.0;2035822.81;2017;508955.7025;;False;2017;2017-01-01;8;73606;Malls;Multiplan;
07.816.890/0001-53;MULTIPLAN - EMPREEND IMOBILIARIOS S.A.;Conselho de Administração;2015;600000.0;450021.05;360000.0;7.0;3.0;1350063.15;2018;450021.05;;False;2018;2018-01-01;7;83923;Malls;Multiplan;
07.816.890/0001-53;MULTIPLAN - EMPREEND IMOBILIARIOS S.A.;Conselho de Administração;2016;720000.0;480000.0;360000.0;7.0;3.0;1440000.0;2019;480000.0;;False;2019;2019-01-01;6;94757;Malls;Multiplan;
07.816.890/0001-53;MULTIPLAN - EMPREEND IMOBILIARIOS S.A.;Conselho de Administração;2017;720000.0;480000.0;360000.0;7.0;3.0;1440000.0;2020;480000.0;;False;2020;2020-01-01;3;103091;Malls;Multiplan;
07.816.890/0001-53;MULTIPLAN - EMPREEND IMOBILIARIOS S.A.;Conselho de Administração;2018;720000.0;416666.67;210000.0;7.0;2.58;1075000.0;2021;416666.6666666666;;False;2021;2021-01-01;8;114661;Malls;Multiplan;
07.816.890/0001-53;MULTIPLAN - EMPREEND IMOBILIARIOS S.A.;Conselho de Administração;2019;600000.0;450000.0;300000.0;7.0;2.0;900000.0;2022;450000.0;;False;2022;2022-01-01;6;126119;Malls;Multiplan;
07.816.890/0001-53;MULTIPLAN - EMPREEND IMOBILIARIOS S.A.;Conselho de Administração;2020;500000.0;400000.0;100000.0;7.0;2.0;800000.0;2023;400000.0;;False;2023;2023-12-31;7;137757;Malls;Multiplan;
07.816.890/0001-53;MULTIPLAN - EMPREEND IMOBILIARIOS S.A.;Conselho de Administração;2021;600000.0;450000.0;300000.0;7.0;2.0;900000.0;2024;450000.0;;False;2024;2024-12-31;12;148264;Malls;Multiplan;
07.816.890/0001-53;MULTIPLAN - EMPREEND IMOBILIARIOS S.A.;Conselho de Administração;2022;640000.0;480000.0;320000.0;7.0;2.0;960000.0;2025;480000.0;;False;2025;2025-12-31;9;158030;Malls;Multiplan;
07.816.890/0001-53;MULTIPLAN - EMPREEND IMOBILIARIOS S.A.;Conselho de Administração;2023;6398919.65;2336643.8;72000.0;7.0;3.17;7407160.86;2026;2336643.804416404;;False;2026;2026-12-31;2;159620;Malls;Multiplan;
07.816.890/0001-53;MULTIPLAN - EMPREEND IMOBILIARIOS S.A.;Conselho de Administração;2024;4205846.9;1321461.72;120000.0;6.83;4.0;5285846.9;2026;1321461.725;;False;2026;2026-12-31;2;159620;Malls;Multiplan;
07.816.890/0001-53;MULTIPLAN - EMPREEND IMOBILIARIOS S.A.;Conselho de Administração;2025;2370102.0;865284.63;360000.0;6.75;4.75;4110102.0;2026;865284.6315789474;;False;2026;2026-12-31;2;159620;Malls;Multiplan;
07.816.890/0001-53;MULTIPLAN - EMPREEND IMOBILIARIOS S.A.;Conselho Fiscal;2018;190400.0;237666.67;189600.0;2.0;2.0;475333.34;2021;237666.67;media fora do intervalo min-max;False;2021;2021-01-01;8;114661;Malls;Multiplan;
07.816.890/0001-53;MULTIPLAN - EMPREEND IMOBILIARIOS S.A.;Conselho Fiscal;2019;240000.0;240000.0;240000.0;3.0;3.0;720000.0;2022;240000.0;;False;2022;2022-01-01;6;126119;Malls;Multiplan;
07.816.890/0001-53;MULTIPLAN - EMPREEND IMOBILIARIOS S.A.;Conselho Fiscal;2020;200000.0;200000.0;200000.0;3.0;3.0;600000.0;2023;200000.0;;False;2023;2023-12-31;7;137757;Malls;Multiplan;
07.816.890/0001-53;MULTIPLAN - EMPREEND IMOBILIARIOS S.A.;Conselho Fiscal;2021;240000.0;240000.0;240000.0;3.0;3.0;720000.0;2024;240000.0;;False;2024;2024-12-31;12;148264;Malls;Multiplan;
07.816.890/0001-53;MULTIPLAN - EMPREEND IMOBILIARIOS S.A.;Conselho Fiscal;2022;80000.0;80000.0;80000.0;1.0;1.0;240000.0;2025;240000.0;media != total/n_remunerados;False;2025;2025-12-31;9;158030;Malls;Multiplan;
07.816.890/0001-53;MULTIPLAN - EMPREEND IMOBILIARIOS S.A.;Conselho Fiscal;2023;109632.15;164448.23;109632.15;2.0;2.0;328896.45;2026;164448.225;media fora do intervalo min-max;False;2026;2026-12-31;2;159620;Malls;Multiplan;
07.816.890/0001-53;MULTIPLAN - EMPREEND IMOBILIARIOS S.A.;Conselho Fiscal;2024;194881.2;194881.2;129920.8;3.67;3.67;714564.4;2026;194704.19618528613;;False;2026;2026-12-31;2;159620;Malls;Multiplan;
07.816.890/0001-53;MULTIPLAN - EMPREEND IMOBILIARIOS S.A.;Conselho Fiscal;2025;199669.1;199669.1;199669.1;4.0;4.0;798676.4;2026;199669.1;;False;2026;2026-12-31;2;159620;Malls;Multiplan;
71.673.990/0001-77;NATURA COSMÉTICOS S.A.;Diretoria Estatutária;2009;3056900.0;1997200.0;789600.0;4.0;0.0;9633492.0;2012;;;False;2012;2012-01-01;8;26480;Consumo;Natura;
71.673.990/0001-77;NATURA COSMÉTICOS S.A.;Diretoria Estatutária;2010;3962500.0;2271100.0;876700.0;4.0;0.0;12122800.0;2013;;;False;2013;2013-01-01;7;37154;Consumo;Natura;
71.673.990/0001-77;NATURA COSMÉTICOS S.A.;Diretoria Estatutária;2011;3998750.0;2346350.0;894950.0;4.0;0.0;9385300.0;2014;;;False;2014;2014-01-01;20;46595;Consumo;Natura;
71.673.990/0001-77;NATURA COSMÉTICOS S.A.;Diretoria Estatutária;2012;6092300.0;3801700.0;1654900.0;4.0;0.0;15206700.0;2015;;;False;2015;2015-01-01;11;55323;Consumo;Natura;
71.673.990/0001-77;NATURA COSMÉTICOS S.A.;Diretoria Estatutária;2013;6255260.0;3478130.0;1381420.0;4.0;0.0;13912500.0;2015;;;False;2016;2016-01-01;15;65153;Consumo;Natura;
71.673.990/0001-77;NATURA COSMÉTICOS S.A.;Diretoria Estatutária;2014;6144400.0;3731700.0;2053400.0;4.0;4.0;14926300.0;2017;3731575.0;;False;2017;2017-01-01;24;75082;Consumo;Natura;
71.673.990/0001-77;NATURA COSMÉTICOS S.A.;Diretoria Estatutária;2015;6779000.0;2927500.0;1266600.0;6.17;6.17;27907200.0;2018;4523047.001620745;media != total/n_remunerados;False;2018;2018-01-01;16;83927;Consumo;Natura;
71.673.990/0001-77;NATURA COSMÉTICOS S.A.;Diretoria Estatutária;2016;5484900.0;4548000.0;3363800.0;7.1;7.1;32291100.0;2019;4548042.253521127;;False;2019;2019-01-01;17;94648;Consumo;Natura;
71.673.990/0001-77;NATURA COSMÉTICOS S.A.;Diretoria Estatutária;2017;8989300.0;7383100.0;4664400.0;6.4;6.4;47252000.0;2019;7383125.0;;False;2019;2019-01-01;17;94648;Consumo;Natura;
71.673.990/0001-77;NATURA COSMÉTICOS S.A.;Diretoria Estatutária;2018;11362400.0;6789100.0;3367200.0;4.8;4.8;35294700.0;2019;7353062.5;media != total/n_remunerados;False;2019;2019-01-01;17;94648;Consumo;Natura;
71.673.990/0001-77;NATURA COSMÉTICOS S.A.;Diretoria Estatutária;2022;13164144.0;7045527.88;4053440.0;4.2;4.2;29591217.1;2025;7045527.880952381;;False;2025;2025-12-31;13;157016;Consumo;Natura;
71.673.990/0001-77;NATURA COSMÉTICOS S.A.;Diretoria Estatutária;2023;20060537.97;7621594.57;3966597.76;4.0;4.0;30486378.27;2026;7621594.5675;;False;2026;2026-12-31;3;160848;Consumo;Natura;
71.673.990/0001-77;NATURA COSMÉTICOS S.A.;Diretoria Estatutária;2024;17605843.74;9888702.63;5367075.35;4.17;4.17;41235889.96;2026;9888702.628297362;;False;2026;2026-12-31;3;160848;Consumo;Natura;
71.673.990/0001-77;NATURA COSMÉTICOS S.A.;Diretoria Estatutária;2025;22531228.72;9920944.49;4522139.06;4.0;4.0;39683777.95;2026;9920944.4875;;False;2026;2026-12-31;3;160848;Consumo;Natura;
71.673.990/0001-77;NATURA COSMÉTICOS S.A.;Conselho de Administração;2009;1595300.0;785414.0;303500.0;7.0;0.0;5497900.0;2012;;;False;2012;2012-01-01;8;26480;Consumo;Natura;
71.673.990/0001-77;NATURA COSMÉTICOS S.A.;Conselho de Administração;2010;1689800.0;761800.0;379000.0;6.42;0.0;5332900.0;2013;;;False;2013;2013-01-01;7;37154;Consumo;Natura;
71.673.990/0001-77;NATURA COSMÉTICOS S.A.;Conselho de Administração;2011;814900.0;554400.0;318900.0;6.83;0.0;3786600.0;2014;;;False;2014;2014-01-01;20;46595;Consumo;Natura;
71.673.990/0001-77;NATURA COSMÉTICOS S.A.;Conselho de Administração;2012;1239100.0;888600.0;628400.0;9.0;0.0;7997700.0;2015;;;False;2015;2015-01-01;11;55323;Consumo;Natura;
71.673.990/0001-77;NATURA COSMÉTICOS S.A.;Conselho de Administração;2013;1274500.0;726800.0;504000.0;9.0;0.0;6541000.0;2015;;;False;2016;2016-01-01;15;65153;Consumo;Natura;
71.673.990/0001-77;NATURA COSMÉTICOS S.A.;Conselho de Administração;2014;1213600.0;774200.0;534200.0;8.25;8.25;6387000.0;2017;774181.8181818182;;False;2017;2017-01-01;24;75082;Consumo;Natura;
71.673.990/0001-77;NATURA COSMÉTICOS S.A.;Conselho de Administração;2015;1392900.0;574500.0;190800.0;8.42;8.42;5744700.0;2018;682268.4085510689;media != total/n_remunerados;False;2018;2018-01-01;16;83927;Consumo;Natura;
71.673.990/0001-77;NATURA COSMÉTICOS S.A.;Conselho de Administração;2016;1179100.0;899200.0;815600.0;8.8;8.8;7913300.0;2019;899238.6363636362;;False;2019;2019-01-01;17;94648;Consumo;Natura;
71.673.990/0001-77;NATURA COSMÉTICOS S.A.;Conselho de Administração;2017;5367900.0;1720500.0;1133700.0;9.3;9.3;16000700.0;2019;1720505.376344086;;False;2019;2019-01-01;17;94648;Consumo;Natura;
71.673.990/0001-77;NATURA COSMÉTICOS S.A.;Conselho de Administração;2018;28784300.0;4224000.0;1236300.0;9.2;9.2;38860500.0;2019;4223967.391304349;;False;2019;2019-01-01;17;94648;Consumo;Natura;
71.673.990/0001-77;NATURA COSMÉTICOS S.A.;Conselho de Administração;2022;0.0;0.0;0.0;3.67;0.0;0.0;2025;;;False;2025;2025-12-31;13;157016;Consumo;Natura;
71.673.990/0001-77;NATURA COSMÉTICOS S.A.;Conselho de Administração;2023;0.0;0.0;0.0;3.0;0.0;0.0;2026;;;False;2026;2026-12-31;3;160848;Consumo;Natura;
71.673.990/0001-77;NATURA COSMÉTICOS S.A.;Conselho de Administração;2024;0.0;0.0;0.0;3.0;0.0;0.0;2026;;;False;2026;2026-12-31;3;160848;Consumo;Natura;
71.673.990/0001-77;NATURA COSMÉTICOS S.A.;Conselho de Administração;2025;2126250.0;2055639.81;6415.37;8.0;4.25;8736469.18;2026;2055639.8070588235;;False;2026;2026-12-31;3;160848;Consumo;Natura;
33.000.167/0001-01;PETROLEO BRASILEIRO S.A. PETROBRAS;Diretoria Estatutária;2009;975175.81;939995.98;884494.73;7.0;0.0;6615569.25;2012;;;False;2012;2012-01-01;8;25233;Oil;Petrobras;
33.000.167/0001-01;PETROLEO BRASILEIRO S.A. PETROBRAS;Diretoria Estatutária;2010;1210747.93;1167989.42;1123019.83;7.0;0.0;8175925.97;2013;;;False;2013;2013-01-01;9;36171;Oil;Petrobras;
33.000.167/0001-01;PETROLEO BRASILEIRO S.A. PETROBRAS;Diretoria Estatutária;2011;2106242.35;1746051.21;1463957.8;7.0;0.0;12222358.48;2014;;;False;2014;2014-01-01;10;46485;Oil;Petrobras;
33.000.167/0001-01;PETROLEO BRASILEIRO S.A. PETROBRAS;Diretoria Estatutária;2012;1692854.46;1423094.43;1389196.91;7.42;0.0;12932748.18;2015;;;False;2015;2015-01-01;19;55824;Oil;Petrobras;
33.000.167/0001-01;PETROLEO BRASILEIRO S.A. PETROBRAS;Diretoria Estatutária;2013;2183133.37;1873337.43;1608757.95;7.0;0.0;13113362.01;2016;;;False;2016;2016-01-01;13;65141;Oil;Petrobras;
33.000.167/0001-01;PETROLEO BRASILEIRO S.A. PETROBRAS;Diretoria Estatutária;2014;2649793.98;2204041.27;2030751.74;7.0;7.0;15428288.86;2017;2204041.2657142854;;False;2017;2017-01-01;18;73975;Oil;Petrobras;
33.000.167/0001-01;PETROLEO BRASILEIRO S.A. PETROBRAS;Diretoria Estatutária;2015;2168850.76;2124912.84;305461.68;8.0;8.0;16999302.76;2018;2124912.845;;False;2018;2018-01-01;27;81763;Oil;Petrobras;
33.000.167/0001-01;PETROLEO BRASILEIRO S.A. PETROBRAS;Diretoria Estatutária;2016;2240007.4;2212752.14;1994839.17;7.67;7.67;16971808.92;2019;2212752.1408083444;;False;2019;2019-01-01;40;94737;Oil;Petrobras;
33.000.167/0001-01;PETROLEO BRASILEIRO S.A. PETROBRAS;Diretoria Estatutária;2017;2347432.34;2112962.39;1860873.09;7.92;7.92;16734662.12;2020;2112962.388888889;;False;2020;2020-01-01;19;104904;Oil;Petrobras;
33.000.167/0001-01;PETROLEO BRASILEIRO S.A. PETROBRAS;Diretoria Estatutária;2018;2345948.12;2225262.75;2017773.48;7.92;7.92;17624080.98;2021;2225262.75;;False;2021;2021-01-01;28;113911;Oil;Petrobras;
33.000.167/0001-01;PETROLEO BRASILEIRO S.A. PETROBRAS;Diretoria Estatutária;2019;2711572.79;2929586.16;2023422.94;7.67;7.67;22460160.53;2022;2928312.976531943;media fora do intervalo min-max;False;2022;2022-01-01;26;126948;Oil;Petrobras;
33.000.167/0001-01;PETROLEO BRASILEIRO S.A. PETROBRAS;Diretoria Estatutária;2020;2937733.28;2738492.19;2166779.72;9.0;9.0;24646429.73;2023;2738492.192222222;;False;2023;2023-12-31;26;137831;Oil;Petrobras;
33.000.167/0001-01;PETROLEO BRASILEIRO S.A. PETROBRAS;Diretoria Estatutária;2021;3079232.01;3939645.02;3034506.31;9.0;9.0;35456855.2;2024;3939650.5777777783;media fora do intervalo min-max;False;2024;2024-12-31;28;148031;Oil;Petrobras;
33.000.167/0001-01;PETROLEO BRASILEIRO S.A. PETROBRAS;Diretoria Estatutária;2022;2295729.68;3073743.86;1691555.66;9.0;9.0;27663694.7;2025;3073743.8555555553;media fora do intervalo min-max;False;2025;2025-12-31;27;157150;Oil;Petrobras;
33.000.167/0001-01;PETROLEO BRASILEIRO S.A. PETROBRAS;Diretoria Estatutária;2023;2754629.8;3748138.85;148387.62;9.0;9.0;33733249.63;2026;3748138.8477777783;media fora do intervalo min-max;False;2026;2026-12-31;9;161123;Oil;Petrobras;
33.000.167/0001-01;PETROLEO BRASILEIRO S.A. PETROBRAS;Diretoria Estatutária;2024;3035922.96;3317994.68;2436930.38;9.0;9.0;29861952.08;2026;3317994.675555555;media fora do intervalo min-max;False;2026;2026-12-31;9;161123;Oil;Petrobras;
33.000.167/0001-01;PETROLEO BRASILEIRO S.A. PETROBRAS;Diretoria Estatutária;2025;3027442.37;3310628.63;2392594.07;9.0;8.92;29519771.95;2026;3309391.4742152467;media fora do intervalo min-max;False;2026;2026-12-31;9;161123;Oil;Petrobras;
33.000.167/0001-01;PETROLEO BRASILEIRO S.A. PETROBRAS;Conselho de Administração;2009;89132.55;76154.5;74423.57;7.75;0.0;590197.4;2012;;;False;2012;2012-01-01;8;25233;Oil;Petrobras;
33.000.167/0001-01;PETROLEO BRASILEIRO S.A. PETROBRAS;Conselho de Administração;2010;100179.1;86357.27;83875.37;8.0;0.0;687894.5;2013;;;False;2013;2013-01-01;9;36171;Oil;Petrobras;
33.000.167/0001-01;PETROLEO BRASILEIRO S.A. PETROBRAS;Conselho de Administração;2011;91785.94;89646.52;90912.41;7.92;0.0;710000.4;2014;;media fora do intervalo min-max;False;2014;2014-01-01;10;46485;Oil;Petrobras;
33.000.167/0001-01;PETROLEO BRASILEIRO S.A. PETROBRAS;Conselho de Administração;2012;112530.82;108352.73;107972.19;9.83;0.0;1147152.13;2015;;;False;2015;2015-01-01;19;55824;Oil;Petrobras;
33.000.167/0001-01;PETROLEO BRASILEIRO S.A. PETROBRAS;Conselho de Administração;2013;155457.81;140961.99;137657.81;10.0;0.0;1268657.94;2016;;;False;2016;2016-01-01;13;65141;Oil;Petrobras;
33.000.167/0001-01;PETROLEO BRASILEIRO S.A. PETROBRAS;Conselho de Administração;2014;186019.09;156237.4;145014.77;10.0;9.0;1406136.64;2017;156237.40444444443;;False;2017;2017-01-01;18;73975;Oil;Petrobras;
33.000.167/0001-01;PETROLEO BRASILEIRO S.A. PETROBRAS;Conselho de Administração;2015;156602.47;153277.24;156602.47;13.67;11.33;1736631.13;2018;153277.240070609;media fora do intervalo min-max;False;2018;2018-01-01;27;81763;Oil;Petrobras;
33.000.167/0001-01;PETROLEO BRASILEIRO S.A. PETROBRAS;Conselho de Administração;2016;171361.46;168338.59;149039.98;11.0;9.33;1571158.82;2019;168398.58735262594;;False;2019;2019-01-01;40;94737;Oil;Petrobras;
33.000.167/0001-01;PETROLEO BRASILEIRO S.A. PETROBRAS;Conselho de Administração;2017;210653.11;169538.52;137072.73;9.0;5.75;974846.46;2020;169538.5147826087;;False;2020;2020-01-01;19;104904;Oil;Petrobras;
33.000.167/0001-01;PETROLEO BRASILEIRO S.A. PETROBRAS;Conselho de Administração;2018;225339.87;186514.27;180152.78;10.08;6.0;1119085.59;2021;186514.265;;False;2021;2021-01-01;28;113911;Oil;Petrobras;
33.000.167/0001-01;PETROLEO BRASILEIRO S.A. PETROBRAS;Conselho de Administração;2019;173558.09;194282.26;173558.09;9.75;5.0;971411.32;2022;194282.264;media fora do intervalo min-max;False;2022;2022-01-01;26;126948;Oil;Petrobras;
33.000.167/0001-01;PETROLEO BRASILEIRO S.A. PETROBRAS;Conselho de Administração;2020;174437.57;177728.84;174437.57;10.0;4.42;784969.06;2023;177594.80995475114;media fora do intervalo min-max;False;2023;2023-12-31;26;137831;Oil;Petrobras;
33.000.167/0001-01;PETROLEO BRASILEIRO S.A. PETROBRAS;Conselho de Administração;2021;174437.57;170022.79;174437.57;10.58;4.5;765102.54;2024;170022.78666666668;media fora do intervalo min-max;False;2024;2024-12-31;28;148031;Oil;Petrobras;
33.000.167/0001-01;PETROLEO BRASILEIRO S.A. PETROBRAS;Conselho de Administração;2022;145364.64;144539.5;145364.64;11.0;3.83;554068.09;2025;144665.29765013052;media fora do intervalo min-max;False;2025;2025-12-31;27;157150;Oil;Petrobras;
33.000.167/0001-01;PETROLEO BRASILEIRO S.A. PETROBRAS;Conselho de Administração;2023;155176.71;156282.25;155176.71;11.0;6.33;989787.58;2026;156364.5466034755;media fora do intervalo min-max;False;2026;2026-12-31;9;161123;Oil;Petrobras;
33.000.167/0001-01;PETROLEO BRASILEIRO S.A. PETROBRAS;Conselho de Administração;2024;163937.58;167702.64;158435.94;11.0;8.0;1341621.15;2026;167702.64375;media fora do intervalo min-max;False;2026;2026-12-31;9;161123;Oil;Petrobras;
33.000.167/0001-01;PETROLEO BRASILEIRO S.A. PETROBRAS;Conselho de Administração;2025;188948.8;173620.07;171772.62;11.0;9.0;1562580.59;2026;173620.06555555557;;False;2026;2026-12-31;9;161123;Oil;Petrobras;
33.000.167/0001-01;PETROLEO BRASILEIRO S.A. PETROBRAS;Conselho Fiscal;2009;74423.57;74423.57;74423.57;5.0;0.0;372117.85;2012;;;False;2012;2012-01-01;8;25233;Oil;Petrobras;
33.000.167/0001-01;PETROLEO BRASILEIRO S.A. PETROBRAS;Conselho Fiscal;2010;83875.37;83875.37;83875.37;5.0;0.0;419376.85;2013;;;False;2013;2013-01-01;9;36171;Oil;Petrobras;
33.000.167/0001-01;PETROLEO BRASILEIRO S.A. PETROBRAS;Conselho Fiscal;2011;90912.41;90912.41;90912.41;5.0;0.0;454562.04;2014;;;False;2014;2014-01-01;10;46485;Oil;Petrobras;
33.000.167/0001-01;PETROLEO BRASILEIRO S.A. PETROBRAS;Conselho Fiscal;2012;108679.08;108656.25;108679.08;5.0;0.0;651937.51;2015;;media fora do intervalo min-max;False;2015;2015-01-01;19;55824;Oil;Petrobras;
33.000.167/0001-01;PETROLEO BRASILEIRO S.A. PETROBRAS;Conselho Fiscal;2013;137657.82;142044.53;137657.82;5.0;0.0;710222.66;2016;;media fora do intervalo min-max;False;2016;2016-01-01;13;65141;Oil;Petrobras;
33.000.167/0001-01;PETROLEO BRASILEIRO S.A. PETROBRAS;Conselho Fiscal;2014;145014.77;145014.77;145014.77;5.0;5.0;725073.84;2017;145014.76799999998;;False;2017;2017-01-01;18;73975;Oil;Petrobras;
33.000.167/0001-01;PETROLEO BRASILEIRO S.A. PETROBRAS;Conselho Fiscal;2015;156602.47;156602.47;156602.47;5.0;5.0;783012.36;2018;156602.472;;False;2018;2018-01-01;27;81763;Oil;Petrobras;
33.000.167/0001-01;PETROLEO BRASILEIRO S.A. PETROBRAS;Conselho Fiscal;2016;170868.54;163341.28;170868.54;5.0;5.0;816706.42;2019;163341.284;media fora do intervalo min-max;False;2019;2019-01-01;40;94737;Oil;Petrobras;
33.000.167/0001-01;PETROLEO BRASILEIRO S.A. PETROBRAS;Conselho Fiscal;2017;164487.28;160068.62;164487.28;5.0;5.0;800343.12;2020;160068.624;media fora do intervalo min-max;False;2020;2020-01-01;19;104904;Oil;Petrobras;
33.000.167/0001-01;PETROLEO BRASILEIRO S.A. PETROBRAS;Conselho Fiscal;2018;184628.63;178351.3;153857.19;5.0;5.0;891756.51;2021;178351.302;;False;2021;2021-01-01;28;113911;Oil;Petrobras;
33.000.167/0001-01;PETROLEO BRASILEIRO S.A. PETROBRAS;Conselho Fiscal;2019;138186.7;132369.1;138186.7;5.0;5.0;661845.5;2022;132369.1;media fora do intervalo min-max;False;2022;2022-01-01;26;126948;Oil;Petrobras;
33.000.167/0001-01;PETROLEO BRASILEIRO S.A. PETROBRAS;Conselho Fiscal;2020;174437.57;172983.92;174437.57;5.0;5.0;864919.61;2023;172983.922;media fora do intervalo min-max;False;2023;2023-12-31;26;137831;Oil;Petrobras;
33.000.167/0001-01;PETROLEO BRASILEIRO S.A. PETROBRAS;Conselho Fiscal;2021;174437.57;164402.72;174437.57;5.17;5.17;849414.05;2024;164296.72147001934;media fora do intervalo min-max;False;2024;2024-12-31;28;148031;Oil;Petrobras;
33.000.167/0001-01;PETROLEO BRASILEIRO S.A. PETROBRAS;Conselho Fiscal;2022;145364.64;145364.64;145364.64;5.0;5.0;726823.2;2025;145364.63999999998;;False;2025;2025-12-31;27;157150;Oil;Petrobras;
33.000.167/0001-01;PETROLEO BRASILEIRO S.A. PETROBRAS;Conselho Fiscal;2023;155176.71;156203.27;155176.71;5.0;5.0;781016.37;2026;156203.274;media fora do intervalo min-max;False;2026;2026-12-31;9;161123;Oil;Petrobras;
33.000.167/0001-01;PETROLEO BRASILEIRO S.A. PETROBRAS;Conselho Fiscal;2024;180331.38;167216.32;163937.58;5.0;5.0;836081.6;2026;167216.32;;False;2026;2026-12-31;9;161123;Oil;Petrobras;
33.000.167/0001-01;PETROLEO BRASILEIRO S.A. PETROBRAS;Conselho Fiscal;2025;171772.62;172237.96;171772.62;4.92;4.92;846836.64;2026;172121.26829268294;media fora do intervalo min-max;False;2026;2026-12-31;9;161123;Oil;Petrobras;
03.342.704/0001-30;PETRORECÔNCAVO S.A.;Diretoria Estatutária;2018;2576666.18;2247000.0;1917333.82;2.0;2.0;4494000.0;2021;2247000.0;;False;2021;2021-01-01;15;113616;Oil;PetroReconcavo;
03.342.704/0001-30;PETRORECÔNCAVO S.A.;Diretoria Estatutária;2019;2121946.26;1812000.0;1480538.5;3.0;3.0;5436000.0;2022;1812000.0;;False;2022;2022-01-01;16;124104;Oil;PetroReconcavo;
03.342.704/0001-30;PETRORECÔNCAVO S.A.;Diretoria Estatutária;2020;4331001.5;3624840.94;3084464.4;3.0;3.0;10874623.0;2023;3624874.3333333335;;False;2023;2023-12-31;15;136830;Oil;PetroReconcavo;
03.342.704/0001-30;PETRORECÔNCAVO S.A.;Diretoria Estatutária;2021;5519200.66;4989055.28;3889129.64;3.0;3.0;14967165.84;2024;4989055.28;;False;2024;2024-12-31;18;147420;Oil;PetroReconcavo;
03.342.704/0001-30;PETRORECÔNCAVO S.A.;Diretoria Estatutária;2022;7399679.6;6450962.15;4727163.6;3.0;3.0;19352886.46;2025;6450962.153333333;;False;2025;2025-12-31;11;157068;Oil;PetroReconcavo;
03.342.704/0001-30;PETRORECÔNCAVO S.A.;Diretoria Estatutária;2023;6792363.24;4342180.83;2237959.4;5.0;5.0;21710904.17;2026;4342180.834000001;;False;2026;2026-12-31;6;160995;Oil;PetroReconcavo;
03.342.704/0001-30;PETRORECÔNCAVO S.A.;Diretoria Estatutária;2024;5916701.58;4169822.75;2460860.32;5.0;5.0;20849113.76;2026;4169822.7520000003;;False;2026;2026-12-31;6;160995;Oil;PetroReconcavo;
03.342.704/0001-30;PETRORECÔNCAVO S.A.;Diretoria Estatutária;2025;6619285.26;4358451.05;2596855.95;5.0;5.0;21792254.98;2026;4358450.996;;False;2026;2026-12-31;6;160995;Oil;PetroReconcavo;
03.342.704/0001-30;PETRORECÔNCAVO S.A.;Conselho de Administração;2018;180000.0;180000.0;180000.0;4.0;2.0;360000.0;2021;180000.0;;False;2021;2021-01-01;15;113616;Oil;PetroReconcavo;
03.342.704/0001-30;PETRORECÔNCAVO S.A.;Conselho de Administração;2019;180000.0;180000.0;180000.0;4.0;2.0;360000.0;2022;180000.0;;False;2022;2022-01-01;16;124104;Oil;PetroReconcavo;
03.342.704/0001-30;PETRORECÔNCAVO S.A.;Conselho de Administração;2020;180000.0;180000.0;180000.0;4.0;2.0;360000.0;2023;180000.0;;False;2023;2023-12-31;15;136830;Oil;PetroReconcavo;
03.342.704/0001-30;PETRORECÔNCAVO S.A.;Conselho de Administração;2021;348333.31;322695.03;265000.0;6.58;6.58;2123333.31;2024;322695.0319148936;;False;2024;2024-12-31;18;147420;Oil;PetroReconcavo;
03.342.704/0001-30;PETRORECÔNCAVO S.A.;Conselho de Administração;2022;540000.0;540000.0;540000.0;7.0;7.0;3780000.0;2025;540000.0;;False;2025;2025-12-31;11;157068;Oil;PetroReconcavo;
03.342.704/0001-30;PETRORECÔNCAVO S.A.;Conselho de Administração;2023;571500.0;571500.0;571500.0;7.0;7.0;4000500.0;2026;571500.0;;False;2026;2026-12-31;6;160995;Oil;PetroReconcavo;
03.342.704/0001-30;PETRORECÔNCAVO S.A.;Conselho de Administração;2024;717750.0;693964.29;594000.0;7.0;7.0;4857750.0;2026;693964.2857142857;;False;2026;2026-12-31;6;160995;Oil;PetroReconcavo;
03.342.704/0001-30;PETRORECÔNCAVO S.A.;Conselho de Administração;2025;742500.0;615450.0;594000.0;7.0;7.0;4884150.0;2026;697735.7142857143;media != total/n_remunerados;False;2026;2026-12-31;6;160995;Oil;PetroReconcavo;
03.342.704/0001-30;PETRORECÔNCAVO S.A.;Conselho Fiscal;2018;0.0;0.0;0.0;0.0;0.0;0.0;2021;;;False;2021;2021-01-01;15;113616;Oil;PetroReconcavo;
03.342.704/0001-30;PETRORECÔNCAVO S.A.;Conselho Fiscal;2019;0.0;0.0;0.0;0.0;0.0;0.0;2022;;;False;2022;2022-01-01;16;124104;Oil;PetroReconcavo;
03.342.704/0001-30;PETRORECÔNCAVO S.A.;Conselho Fiscal;2020;0.0;0.0;0.0;0.0;0.0;0.0;2023;;;False;2023;2023-12-31;15;136830;Oil;PetroReconcavo;
03.342.704/0001-30;PETRORECÔNCAVO S.A.;Conselho Fiscal;2021;0.0;0.0;0.0;0.0;0.0;0.0;2024;;;False;2024;2024-12-31;18;147420;Oil;PetroReconcavo;
03.342.704/0001-30;PETRORECÔNCAVO S.A.;Conselho Fiscal;2022;0.0;0.0;0.0;0.0;0.0;0.0;2025;;;False;2025;2025-12-31;11;157068;Oil;PetroReconcavo;
03.342.704/0001-30;PETRORECÔNCAVO S.A.;Conselho Fiscal;2023;0.0;0.0;0.0;0.0;0.0;0.0;2026;;;False;2026;2026-12-31;6;160995;Oil;PetroReconcavo;
03.342.704/0001-30;PETRORECÔNCAVO S.A.;Conselho Fiscal;2024;0.0;0.0;0.0;0.0;0.0;0.0;2026;;;False;2026;2026-12-31;6;160995;Oil;PetroReconcavo;
03.342.704/0001-30;PETRORECÔNCAVO S.A.;Conselho Fiscal;2025;0.0;0.0;0.0;0.0;0.0;0.0;2026;;;False;2026;2026-12-31;6;160995;Oil;PetroReconcavo;
10.629.105/0001-68;PRIO S.A.;Diretoria Estatutária;2009;0.0;0.0;0.0;2.0;0.0;0.0;2010;;;False;2010;2010-01-01;9;7306;Oil;PetroRio;
10.629.105/0001-68;PRIO S.A.;Diretoria Estatutária;2010;7493160.0;7994829.0;6213841.0;2.17;0.0;17348779.0;2013;;media fora do intervalo min-max;False;2013;2013-01-01;26;37453;Oil;PetroRio;
10.629.105/0001-68;PRIO S.A.;Diretoria Estatutária;2011;3893408.0;2563305.0;2335043.0;3.25;0.0;8330742.0;2014;;;False;2014;2014-01-01;21;46309;Oil;PetroRio;
10.629.105/0001-68;PRIO S.A.;Diretoria Estatutária;2012;11063637.0;7532326.0;3464086.0;4.42;0.0;33292880.0;2015;;;False;2015;2015-01-01;14;56772;Oil;PetroRio;
10.629.105/0001-68;PRIO S.A.;Diretoria Estatutária;2013;17104314.0;9763323.0;1463058.0;4.0;0.0;39053291.0;2016;;;False;2016;2016-01-01;6;65907;Oil;PetroRio;
10.629.105/0001-68;PRIO S.A.;Diretoria Estatutária;2014;2800418.0;1672997.0;2279823.0;5.0;5.0;8364983.0;2017;1672996.6;media fora do intervalo min-max;False;2017;2017-01-01;13;74972;Oil;PetroRio;
10.629.105/0001-68;PRIO S.A.;Diretoria Estatutária;2015;2008948.0;1435232.0;922679.0;3.83;3.83;5496939.0;2018;1435232.1148825064;;False;2018;2018-01-01;16;84002;Oil;PetroRio;
10.629.105/0001-68;PRIO S.A.;Diretoria Estatutária;2016;1379720.0;1360295.0;160000.0;2.08;2.08;2829414.0;2019;1360295.1923076923;;False;2019;2019-01-01;22;93997;Oil;PetroRio;
10.629.105/0001-68;PRIO S.A.;Diretoria Estatutária;2017;3760981.0;3082343.0;2403708.0;2.0;2.0;6164685.0;2020;3082342.5;;False;2020;2020-01-01;22;103769;Oil;PetroRio;
10.629.105/0001-68;PRIO S.A.;Diretoria Estatutária;2018;7017906.0;5967391.0;4916876.0;2.67;2.67;13604769.0;2021;5095419.101123596;media != total/n_remunerados;False;2021;2021-01-01;14;115628;Oil;PetroRio;
10.629.105/0001-68;PRIO S.A.;Diretoria Estatutária;2019;5159519.0;4970015.0;4780510.0;3.42;3.42;17389501.0;2022;5084649.415204679;media != total/n_remunerados;False;2022;2022-01-01;20;127162;Oil;PetroRio;
10.629.105/0001-68;PRIO S.A.;Diretoria Estatutária;2020;9135191.0;7286400.0;4334795.0;2.25;2.25;16394400.0;2023;7286400.0;;False;2023;2023-12-31;19;136834;Oil;PetroRio;
10.629.105/0001-68;PRIO S.A.;Diretoria Estatutária;2021;9694400.0;5457309.0;582800.0;2.75;2.75;15007600.0;2024;5457309.090909091;;False;2024;2024-12-31;13;146710;Oil;PetroRio;
10.629.105/0001-68;PRIO S.A.;Diretoria Estatutária;2022;24553400.0;13642033.0;6471700.0;3.0;3.0;40926100.0;2025;13642033.333333334;;False;2025;2025-12-31;15;157176;Oil;PetroRio;
10.629.105/0001-68;PRIO S.A.;Diretoria Estatutária;2023;40636400.0;25655767.0;13431700.0;3.0;3.0;76967300.0;2026;25655766.666666668;;False;2026;2026-12-31;5;159379;Oil;PetroRio;
10.629.105/0001-68;PRIO S.A.;Diretoria Estatutária;2024;64234440.0;38744418.33;19197990.0;3.0;3.0;116233255.0;2026;38744418.333333336;;False;2026;2026-12-31;5;159379;Oil;PetroRio;
10.629.105/0001-68;PRIO S.A.;Diretoria Estatutária;2025;68966843.0;30445903.13;12685753.0;3.83;3.83;116607809.0;2026;30445903.13315927;;False;2026;2026-12-31;5;159379;Oil;PetroRio;
10.629.105/0001-68;PRIO S.A.;Conselho de Administração;2009;90000.0;49595.0;0.0;6.17;0.0;367200.0;2010;;;False;2010;2010-01-01;9;7306;Oil;PetroRio;
10.629.105/0001-68;PRIO S.A.;Conselho de Administração;2010;6000.0;3600.0;2400.0;8.0;0.0;28800.0;2013;;;False;2013;2013-01-01;26;37453;Oil;PetroRio;
10.629.105/0001-68;PRIO S.A.;Conselho de Administração;2011;513292.0;297255.0;163141.0;8.75;0.0;2600985.0;2014;;;False;2014;2014-01-01;21;46309;Oil;PetroRio;
10.629.105/0001-68;PRIO S.A.;Conselho de Administração;2012;936000.0;558201.0;130500.0;9.42;0.0;5258257.0;2015;;;False;2015;2015-01-01;14;56772;Oil;PetroRio;
10.629.105/0001-68;PRIO S.A.;Conselho de Administração;2013;521250.0;416734.0;347500.0;11.0;0.0;4584073.0;2016;;;False;2016;2016-01-01;6;65907;Oil;PetroRio;
10.629.105/0001-68;PRIO S.A.;Conselho de Administração;2014;190125.0;58321.0;68027.0;7.0;7.0;408249.0;2017;58321.28571428572;media fora do intervalo min-max;False;2017;2017-01-01;13;74972;Oil;PetroRio;
10.629.105/0001-68;PRIO S.A.;Conselho de Administração;2015;144000.0;144000.0;144000.0;6.0;6.0;864000.0;2018;144000.0;;False;2018;2018-01-01;16;84002;Oil;PetroRio;
10.629.105/0001-68;PRIO S.A.;Conselho de Administração;2016;216000.0;215867.0;90000.0;5.42;5.42;1170000.0;2019;215867.15867158672;;False;2019;2019-01-01;22;93997;Oil;PetroRio;
10.629.105/0001-68;PRIO S.A.;Conselho de Administração;2017;216000.0;216000.0;216000.0;5.0;5.0;1080000.0;2020;216000.0;;False;2020;2020-01-01;22;103769;Oil;PetroRio;
10.629.105/0001-68;PRIO S.A.;Conselho de Administração;2018;216000.0;208800.0;201600.0;5.0;5.0;1107600.0;2021;221520.0;media != total/n_remunerados;False;2021;2021-01-01;14;115628;Oil;PetroRio;
10.629.105/0001-68;PRIO S.A.;Conselho de Administração;2019;216000.0;216000.0;216000.0;5.5;5.5;1203600.0;2022;218836.36363636365;media != total/n_remunerados;False;2022;2022-01-01;20;127162;Oil;PetroRio;
10.629.105/0001-68;PRIO S.A.;Conselho de Administração;2020;180000.0;180000.0;180000.0;6.75;6.75;1215000.0;2023;180000.0;;False;2023;2023-12-31;19;136834;Oil;PetroRio;
10.629.105/0001-68;PRIO S.A.;Conselho de Administração;2021;180000.0;180000.0;180000.0;7.0;7.0;1260000.0;2024;180000.0;;False;2024;2024-12-31;13;146710;Oil;PetroRio;
10.629.105/0001-68;PRIO S.A.;Conselho de Administração;2022;267766.0;263998.0;150500.0;7.67;7.67;2024862.0;2025;263997.65319426334;;False;2025;2025-12-31;15;157176;Oil;PetroRio;
10.629.105/0001-68;PRIO S.A.;Conselho de Administração;2023;1642280.0;1642280.0;1642280.0;8.0;8.0;13138240.0;2026;1642280.0;;False;2026;2026-12-31;5;159379;Oil;PetroRio;
10.629.105/0001-68;PRIO S.A.;Conselho de Administração;2024;1873517.25;1873517.25;1873517.25;8.0;8.0;14988138.0;2026;1873517.25;;False;2026;2026-12-31;5;159379;Oil;PetroRio;
10.629.105/0001-68;PRIO S.A.;Conselho de Administração;2025;240000.0;240000.0;240000.0;8.0;8.0;1920000.0;2026;240000.0;;False;2026;2026-12-31;5;159379;Oil;PetroRio;
10.629.105/0001-68;PRIO S.A.;Conselho Fiscal;2009;0.0;0.0;0.0;0.0;0.0;0.0;2010;;;False;2010;2010-01-01;9;7306;Oil;PetroRio;
10.629.105/0001-68;PRIO S.A.;Conselho Fiscal;2010;0.0;0.0;0.0;0.0;0.0;0.0;2013;;;False;2013;2013-01-01;26;37453;Oil;PetroRio;
10.629.105/0001-68;PRIO S.A.;Conselho Fiscal;2011;0.0;0.0;0.0;0.0;0.0;0.0;2014;;;False;2014;2014-01-01;21;46309;Oil;PetroRio;
10.629.105/0001-68;PRIO S.A.;Conselho Fiscal;2012;0.0;0.0;0.0;0.0;0.0;0.0;2015;;;False;2015;2015-01-01;14;56772;Oil;PetroRio;
10.629.105/0001-68;PRIO S.A.;Conselho Fiscal;2013;124850.0;299200.0;49500.0;1.0;0.0;299200.0;2016;;media fora do intervalo min-max;False;2016;2016-01-01;6;65907;Oil;PetroRio;
10.629.105/0001-68;PRIO S.A.;Conselho Fiscal;2014;102700.0;102700.0;102700.0;3.0;3.0;387756.0;2017;129252.0;media != total/n_remunerados;False;2017;2017-01-01;13;74972;Oil;PetroRio;
10.629.105/0001-68;PRIO S.A.;Conselho Fiscal;2015;131400.0;131400.0;131400.0;3.0;3.0;394200.0;2018;131400.0;;False;2018;2018-01-01;16;84002;Oil;PetroRio;
10.629.105/0001-68;PRIO S.A.;Conselho Fiscal;2016;144000.0;144000.0;144000.0;3.0;3.0;432000.0;2019;144000.0;;False;2019;2019-01-01;22;93997;Oil;PetroRio;
10.629.105/0001-68;PRIO S.A.;Conselho Fiscal;2017;48000.0;48000.0;48000.0;1.0;1.0;144000.0;2020;144000.0;media != total/n_remunerados;False;2020;2020-01-01;22;103769;Oil;PetroRio;
10.629.105/0001-68;PRIO S.A.;Conselho Fiscal;2018;144000.0;144000.0;144000.0;3.0;3.0;432000.0;2021;144000.0;;False;2021;2021-01-01;14;115628;Oil;PetroRio;
10.629.105/0001-68;PRIO S.A.;Conselho Fiscal;2019;144000.0;144000.0;144000.0;3.0;3.0;432000.0;2022;144000.0;;False;2022;2022-01-01;20;127162;Oil;PetroRio;
10.629.105/0001-68;PRIO S.A.;Conselho Fiscal;2020;120000.0;120000.0;120000.0;3.0;3.0;360000.0;2023;120000.0;;False;2023;2023-12-31;19;136834;Oil;PetroRio;
10.629.105/0001-68;PRIO S.A.;Conselho Fiscal;2021;120000.0;120000.0;120000.0;3.0;3.0;360000.0;2024;120000.0;;False;2024;2024-12-31;13;146710;Oil;PetroRio;
10.629.105/0001-68;PRIO S.A.;Conselho Fiscal;2022;120000.0;120000.0;120000.0;3.0;3.0;360000.0;2025;120000.0;;False;2025;2025-12-31;15;157176;Oil;PetroRio;
10.629.105/0001-68;PRIO S.A.;Conselho Fiscal;2023;120000.0;120000.0;120000.0;3.0;3.0;360000.0;2026;120000.0;;False;2026;2026-12-31;5;159379;Oil;PetroRio;
10.629.105/0001-68;PRIO S.A.;Conselho Fiscal;2024;160000.0;160000.0;160000.0;3.0;3.0;480000.0;2026;160000.0;;False;2026;2026-12-31;5;159379;Oil;PetroRio;
10.629.105/0001-68;PRIO S.A.;Conselho Fiscal;2025;180000.0;180000.0;180000.0;3.0;3.0;540000.0;2026;180000.0;;False;2026;2026-12-31;5;159379;Oil;PetroRio;
61.585.865/0001-51;RAIA DROGASIL S.A.;Diretoria Estatutária;2009;4860000.0;3312261.58;1925000.0;3.67;0.0;12491000.0;2012;;;False;2012;2012-01-01;10;26867;Retail;Raia Drogasil;
61.585.865/0001-51;RAIA DROGASIL S.A.;Diretoria Estatutária;2010;1944000.0;1287000.0;931000.0;4.0;0.0;5613000.0;2013;;;False;2013;2013-01-01;12;36762;Retail;Raia Drogasil;
61.585.865/0001-51;RAIA DROGASIL S.A.;Diretoria Estatutária;2011;3488000.0;2417000.0;2039000.0;4.0;0.0;10148000.0;2014;;;False;2014;2014-01-01;4;46014;Retail;Raia Drogasil;
61.585.865/0001-51;RAIA DROGASIL S.A.;Diretoria Estatutária;2012;2485000.0;1446000.0;1010000.0;7.0;0.0;10124000.0;2015;;;False;2015;2015-01-01;6;54851;Retail;Raia Drogasil;
61.585.865/0001-51;RAIA DROGASIL S.A.;Diretoria Estatutária;2013;3863199.0;2454397.0;1067684.0;8.0;8.0;19635176.0;2016;2454397.0;;False;2016;2016-01-01;10;64478;Retail;Raia Drogasil;
61.585.865/0001-51;RAIA DROGASIL S.A.;Diretoria Estatutária;2014;4835331.0;2280336.0;1788151.0;8.0;8.0;18242688.0;2017;2280336.0;;False;2017;2017-01-01;6;73304;Retail;Raia Drogasil;
61.585.865/0001-51;RAIA DROGASIL S.A.;Diretoria Estatutária;2015;6596833.0;3018103.0;2204200.0;8.0;8.0;24144825.0;2018;3018103.125;;False;2018;2018-01-01;11;83242;Retail;Raia Drogasil;
61.585.865/0001-51;RAIA DROGASIL S.A.;Diretoria Estatutária;2016;10776473.0;4512871.0;3250171.0;8.0;8.0;36102973.0;2019;4512871.625;;False;2019;2019-01-01;12;92888;Retail;Raia Drogasil;
61.585.865/0001-51;RAIA DROGASIL S.A.;Diretoria Estatutária;2017;12334388.0;5900563.0;3695426.0;7.08;7.08;41775983.0;2020;5900562.570621469;;False;2020;2020-01-01;6;103803;Retail;Raia Drogasil;
61.585.865/0001-51;RAIA DROGASIL S.A.;Diretoria Estatutária;2018;8133642.0;3839694.0;3038994.0;7.0;7.0;26877857.0;2021;3839693.8571428573;;False;2021;2021-01-01;6;113999;Retail;Raia Drogasil;
61.585.865/0001-51;RAIA DROGASIL S.A.;Diretoria Estatutária;2019;8874296.0;4244996.0;3373439.0;7.0;7.0;29714972.0;2022;4244996.0;;False;2022;2022-01-01;8;126603;Retail;Raia Drogasil;
61.585.865/0001-51;RAIA DROGASIL S.A.;Diretoria Estatutária;2020;10283840.0;3919923.0;729652.0;7.75;7.75;30379402.0;2023;3919922.8387096776;;False;2023;2023-12-31;10;137915;Retail;Raia Drogasil;
61.585.865/0001-51;RAIA DROGASIL S.A.;Diretoria Estatutária;2021;10980753.0;4019465.0;2142988.0;8.0;8.0;32155723.0;2024;4019465.375;;False;2024;2024-12-31;13;146900;Retail;Raia Drogasil;
61.585.865/0001-51;RAIA DROGASIL S.A.;Diretoria Estatutária;2022;11738155.0;5451401.0;3097631.0;8.0;8.0;43611206.0;2025;5451400.75;;False;2025;2025-12-31;10;156441;Retail;Raia Drogasil;
61.585.865/0001-51;RAIA DROGASIL S.A.;Diretoria Estatutária;2023;13538516.96;6588464.25;3921236.46;8.0;8.0;52707714.0;2026;6588464.25;;False;2026;2026-12-31;3;159738;Retail;Raia Drogasil;
61.585.865/0001-51;RAIA DROGASIL S.A.;Diretoria Estatutária;2024;16863933.65;7636204.68;5252365.41;8.0;8.0;61089637.0;2026;7636204.625;;False;2026;2026-12-31;3;159738;Retail;Raia Drogasil;
61.585.865/0001-51;RAIA DROGASIL S.A.;Diretoria Estatutária;2025;7639401.98;3998572.16;1783739.43;9.0;9.0;60464003.0;2026;6718222.555555556;media != total/n_remunerados;False;2026;2026-12-31;3;159738;Retail;Raia Drogasil;
61.585.865/0001-51;RAIA DROGASIL S.A.;Conselho de Administração;2009;426000.0;154375.0;58000.0;8.0;0.0;1235000.0;2012;;;False;2012;2012-01-01;10;26867;Retail;Raia Drogasil;
61.585.865/0001-51;RAIA DROGASIL S.A.;Conselho de Administração;2010;401000.0;152000.0;78000.0;8.0;0.0;1213000.0;2013;;;False;2013;2013-01-01;12;36762;Retail;Raia Drogasil;
61.585.865/0001-51;RAIA DROGASIL S.A.;Conselho de Administração;2011;456000.0;111000.0;20000.0;9.0;0.0;1440000.0;2014;;;False;2014;2014-01-01;4;46014;Retail;Raia Drogasil;
61.585.865/0001-51;RAIA DROGASIL S.A.;Conselho de Administração;2012;432000.0;172000.0;144000.0;9.0;0.0;1549000.0;2015;;;False;2015;2015-01-01;6;54851;Retail;Raia Drogasil;
61.585.865/0001-51;RAIA DROGASIL S.A.;Conselho de Administração;2013;518400.0;200400.0;172800.0;9.0;9.0;1803600.0;2016;200400.0;;False;2016;2016-01-01;10;64478;Retail;Raia Drogasil;
61.585.865/0001-51;RAIA DROGASIL S.A.;Conselho de Administração;2014;518400.0;211200.0;172800.0;9.0;9.0;1900800.0;2017;211200.0;;False;2017;2017-01-01;6;73304;Retail;Raia Drogasil;
61.585.865/0001-51;RAIA DROGASIL S.A.;Conselho de Administração;2015;542400.0;221037.0;181200.0;9.0;9.0;1989331.0;2018;221036.77777777778;;False;2018;2018-01-01;11;83242;Retail;Raia Drogasil;
61.585.865/0001-51;RAIA DROGASIL S.A.;Conselho de Administração;2016;965697.0;415575.0;271499.0;9.0;9.0;3740178.0;2019;415575.3333333333;;False;2019;2019-01-01;12;92888;Retail;Raia Drogasil;
61.585.865/0001-51;RAIA DROGASIL S.A.;Conselho de Administração;2017;1024196.0;454647.0;288055.0;9.0;9.0;4091826.0;2020;454647.3333333333;;False;2020;2020-01-01;6;103803;Retail;Raia Drogasil;
61.585.865/0001-51;RAIA DROGASIL S.A.;Conselho de Administração;2018;1351082.0;636179.0;327249.0;9.0;9.0;5725614.0;2021;636179.3333333334;;False;2021;2021-01-01;6;113999;Retail;Raia Drogasil;
61.585.865/0001-51;RAIA DROGASIL S.A.;Conselho de Administração;2019;1307822.0;633637.0;353140.0;9.0;9.0;5702733.0;2022;633637.0;;False;2022;2022-01-01;8;126603;Retail;Raia Drogasil;
61.585.865/0001-51;RAIA DROGASIL S.A.;Conselho de Administração;2020;1891337.0;757009.0;588467.0;9.0;9.0;6813079.0;2023;757008.7777777778;;False;2023;2023-12-31;10;137915;Retail;Raia Drogasil;
61.585.865/0001-51;RAIA DROGASIL S.A.;Conselho de Administração;2021;1619830.0;738774.0;309750.0;10.5;10.5;7757125.0;2024;738773.8095238095;;False;2024;2024-12-31;13;146900;Retail;Raia Drogasil;
61.585.865/0001-51;RAIA DROGASIL S.A.;Conselho de Administração;2022;1581750.0;779383.0;329862.0;11.0;11.0;8573216.0;2025;779383.2727272727;;False;2025;2025-12-31;10;156441;Retail;Raia Drogasil;
61.585.865/0001-51;RAIA DROGASIL S.A.;Conselho de Administração;2023;1665693.88;873694.09;367153.84;11.0;11.0;9610635.0;2026;873694.0909090909;;False;2026;2026-12-31;3;159738;Retail;Raia Drogasil;
61.585.865/0001-51;RAIA DROGASIL S.A.;Conselho de Administração;2024;1802537.42;903437.55;402820.42;11.0;11.0;9937813.0;2026;903437.5454545454;;False;2026;2026-12-31;3;159738;Retail;Raia Drogasil;
61.585.865/0001-51;RAIA DROGASIL S.A.;Conselho de Administração;2025;2513690.0;925779.38;417724.77;13.0;13.0;12035132.0;2026;925779.3846153846;;False;2026;2026-12-31;3;159738;Retail;Raia Drogasil;
61.585.865/0001-51;RAIA DROGASIL S.A.;Conselho Fiscal;2009;55000.0;55000.0;55000.0;3.0;0.0;165000.0;2012;;;False;2012;2012-01-01;10;26867;Retail;Raia Drogasil;
61.585.865/0001-51;RAIA DROGASIL S.A.;Conselho Fiscal;2010;66000.0;66000.0;66000.0;3.0;0.0;198000.0;2013;;;False;2013;2013-01-01;12;36762;Retail;Raia Drogasil;
61.585.865/0001-51;RAIA DROGASIL S.A.;Conselho Fiscal;2011;72000.0;54000.0;24000.0;3.0;0.0;216000.0;2014;;;False;2014;2014-01-01;4;46014;Retail;Raia Drogasil;
61.585.865/0001-51;RAIA DROGASIL S.A.;Conselho Fiscal;2012;72000.0;72000.0;72000.0;3.0;0.0;216000.0;2015;;;False;2015;2015-01-01;6;54851;Retail;Raia Drogasil;
61.585.865/0001-51;RAIA DROGASIL S.A.;Conselho Fiscal;2013;101150.0;101150.0;101150.0;3.0;3.0;303450.0;2016;101150.0;;False;2016;2016-01-01;10;64478;Retail;Raia Drogasil;
61.585.865/0001-51;RAIA DROGASIL S.A.;Conselho Fiscal;2014;112320.0;112320.0;112320.0;3.0;3.0;336960.0;2017;112320.0;;False;2017;2017-01-01;6;73304;Retail;Raia Drogasil;
61.585.865/0001-51;RAIA DROGASIL S.A.;Conselho Fiscal;2015;120368.0;120368.0;120368.0;3.0;3.0;361104.0;2018;120368.0;;False;2018;2018-01-01;11;83242;Retail;Raia Drogasil;
61.585.865/0001-51;RAIA DROGASIL S.A.;Conselho Fiscal;2016;130680.0;130680.0;130680.0;3.0;3.0;392040.0;2019;130680.0;;False;2019;2019-01-01;12;92888;Retail;Raia Drogasil;
61.585.865/0001-51;RAIA DROGASIL S.A.;Conselho Fiscal;2017;142384.0;143384.0;142384.0;3.0;3.0;427071.0;2020;142357.0;media fora do intervalo min-max;False;2020;2020-01-01;6;103803;Retail;Raia Drogasil;
61.585.865/0001-51;RAIA DROGASIL S.A.;Conselho Fiscal;2018;148666.0;148666.0;148666.0;3.0;3.0;445999.0;2021;148666.33333333334;;False;2021;2021-01-01;6;113999;Retail;Raia Drogasil;
61.585.865/0001-51;RAIA DROGASIL S.A.;Conselho Fiscal;2019;130275.0;130275.0;130275.0;3.0;3.0;390825.0;2022;130275.0;;False;2022;2022-01-01;8;126603;Retail;Raia Drogasil;
61.585.865/0001-51;RAIA DROGASIL S.A.;Conselho Fiscal;2020;133352.0;132771.0;97838.0;3.75;3.75;497893.0;2023;132771.46666666667;;False;2023;2023-12-31;10;137915;Retail;Raia Drogasil;
61.585.865/0001-51;RAIA DROGASIL S.A.;Conselho Fiscal;2021;137600.0;137600.0;137600.0;4.0;4.0;550401.0;2024;137600.25;;False;2024;2024-12-31;13;146900;Retail;Raia Drogasil;
61.585.865/0001-51;RAIA DROGASIL S.A.;Conselho Fiscal;2022;154600.0;154600.0;154600.0;4.0;4.0;618400.0;2025;154600.0;;False;2025;2025-12-31;10;156441;Retail;Raia Drogasil;
61.585.865/0001-51;RAIA DROGASIL S.A.;Conselho Fiscal;2023;171630.44;171630.44;171630.44;4.0;4.0;686522.0;2026;171630.5;;False;2026;2026-12-31;3;159738;Retail;Raia Drogasil;
61.585.865/0001-51;RAIA DROGASIL S.A.;Conselho Fiscal;2024;173158.77;173158.75;173158.77;4.0;4.0;692635.0;2026;173158.75;media fora do intervalo min-max;False;2026;2026-12-31;3;159738;Retail;Raia Drogasil;
61.585.865/0001-51;RAIA DROGASIL S.A.;Conselho Fiscal;2025;180474.0;180474.0;180474.0;4.0;4.0;722988.0;2026;180747.0;;False;2026;2026-12-31;3;159738;Retail;Raia Drogasil;
33.453.598/0001-23;RAÍZEN S.A.;Diretoria Estatutária;2018;9803087.61;4931412.82;2682885.97;7.0;7.0;34519896.77;2021;4931413.824285715;;False;2021;2021-03-31;2;105411;Oil;Raizen;
33.453.598/0001-23;RAÍZEN S.A.;Diretoria Estatutária;2019;9012741.34;4796627.49;2809356.32;7.0;7.0;33576392.42;2022;4796627.488571429;;False;2022;2022-03-31;13;119171;Oil;Raizen;
33.453.598/0001-23;RAÍZEN S.A.;Diretoria Estatutária;2020;8544346.9;6224670.29;3724393.06;6.0;6.0;37348021.75;2022;6224670.291666667;;False;2023;2023-03-31;17;130598;Oil;Raizen;
33.453.598/0001-23;RAÍZEN S.A.;Diretoria Estatutária;2021;12357528.85;6312948.22;846340.89;6.0;6.0;37877689.31;2024;6312948.218333334;;False;2024;2024-03-31;21;141260;Oil;Raizen;
33.453.598/0001-23;RAÍZEN S.A.;Diretoria Estatutária;2022;17936091.66;9478804.04;2342430.42;6.0;6.0;56872824.26;2025;9478804.043333333;;False;2025;2025-03-31;26;150921;Oil;Raizen;
33.453.598/0001-23;RAÍZEN S.A.;Diretoria Estatutária;2023;19001639.61;7719094.76;3656311.65;6.0;6.0;46314568.57;2026;7719094.761666667;;False;2026;2026-03-31;16;160866;Oil;Raizen;
33.453.598/0001-23;RAÍZEN S.A.;Diretoria Estatutária;2024;25854215.47;10238074.47;3881619.49;6.08;6.08;97590655.27;2026;16051094.616776315;media != total/n_remunerados;False;2026;2026-03-31;16;160866;Oil;Raizen;
33.453.598/0001-23;RAÍZEN S.A.;Diretoria Estatutária;2025;10984921.29;5287330.88;3740155.53;6.42;6.42;47775704.31;2026;7441698.490654206;media != total/n_remunerados;False;2026;2026-03-31;16;160866;Oil;Raizen;
33.453.598/0001-23;RAÍZEN S.A.;Conselho de Administração;2018;49243120.58;49243120.58;49243120.58;6.0;1.0;49243120.58;2021;49243120.58;;False;2021;2021-03-31;2;105411;Oil;Raizen;
33.453.598/0001-23;RAÍZEN S.A.;Conselho de Administração;2019;52441820.5;52441820.5;52441820.5;6.0;1.0;52441820.5;2022;52441820.5;;False;2022;2022-03-31;13;119171;Oil;Raizen;
33.453.598/0001-23;RAÍZEN S.A.;Conselho de Administração;2020;64974323.36;64974323.36;64974323.36;6.0;1.0;64974323.36;2022;64974323.36;;False;2023;2023-03-31;17;130598;Oil;Raizen;
33.453.598/0001-23;RAÍZEN S.A.;Conselho de Administração;2021;56535795.72;56535795.72;56535795.72;6.0;1.0;56535795.72;2024;56535795.72;;False;2024;2024-03-31;21;141260;Oil;Raizen;
33.453.598/0001-23;RAÍZEN S.A.;Conselho de Administração;2022;53230349.66;23198788.7;406451.61;7.33;2.33;54053177.68;2025;23198788.70386266;;False;2025;2025-03-31;26;150921;Oil;Raizen;
33.453.598/0001-23;RAÍZEN S.A.;Conselho de Administração;2023;57411885.4;19536929.98;598904.55;8.0;3.0;58610789.95;2026;19536929.983333334;;False;2026;2026-03-31;16;160866;Oil;Raizen;
33.453.598/0001-23;RAÍZEN S.A.;Conselho de Administração;2024;69079297.13;23440008.69;600000.0;8.0;3.0;70320026.06;2026;23440008.686666667;;False;2026;2026-03-31;16;160866;Oil;Raizen;
33.453.598/0001-23;RAÍZEN S.A.;Conselho de Administração;2025;55557959.64;18957604.63;600000.0;8.17;3.0;62554631.59;2026;20851543.863333333;media != total/n_remunerados;False;2026;2026-03-31;16;160866;Oil;Raizen;
33.453.598/0001-23;RAÍZEN S.A.;Conselho Fiscal;2018;0.0;0.0;0.0;0.0;0.0;0.0;2021;;;False;2021;2021-03-31;2;105411;Oil;Raizen;
33.453.598/0001-23;RAÍZEN S.A.;Conselho Fiscal;2019;0.0;0.0;0.0;0.0;0.0;0.0;2022;;;False;2022;2022-03-31;13;119171;Oil;Raizen;
33.453.598/0001-23;RAÍZEN S.A.;Conselho Fiscal;2020;0.0;0.0;0.0;0.0;0.0;0.0;2022;;;False;2023;2023-03-31;17;130598;Oil;Raizen;
33.453.598/0001-23;RAÍZEN S.A.;Conselho Fiscal;2021;0.0;0.0;0.0;0.0;0.0;0.0;2024;;;False;2024;2024-03-31;21;141260;Oil;Raizen;
33.453.598/0001-23;RAÍZEN S.A.;Conselho Fiscal;2022;0.0;0.0;0.0;0.0;0.0;0.0;2025;;;False;2025;2025-03-31;26;150921;Oil;Raizen;
33.453.598/0001-23;RAÍZEN S.A.;Conselho Fiscal;2023;183229.17;183229.17;183229.17;2.25;2.25;549687.51;2026;244305.56;media != total/n_remunerados;False;2026;2026-03-31;16;160866;Oil;Raizen;
33.453.598/0001-23;RAÍZEN S.A.;Conselho Fiscal;2024;263850.0;263850.0;263850.0;3.0;3.0;791550.0;2026;263850.0;;False;2026;2026-03-31;16;160866;Oil;Raizen;
33.453.598/0001-23;RAÍZEN S.A.;Conselho Fiscal;2025;263850.0;263850.0;263850.0;3.0;3.0;791550.0;2026;263850.0;;False;2026;2026-03-31;16;160866;Oil;Raizen;
06.047.087/0001-39;REDE D'OR SÃO LUIZ S.A.;Diretoria Estatutária;2017;5146696.0;4106220.54;2772840.0;5.25;5.25;21557657.84;2020;4106220.5409523807;;False;2020;2020-01-01;11;103739;Saude;Rede D'Or;
06.047.087/0001-39;REDE D'OR SÃO LUIZ S.A.;Diretoria Estatutária;2018;15593389.0;9546081.0;2862170.0;4.0;4.0;33002419.0;2021;8250604.75;media != total/n_remunerados;False;2021;2021-01-01;12;115656;Saude;Rede D'Or;
06.047.087/0001-39;REDE D'OR SÃO LUIZ S.A.;Diretoria Estatutária;2019;18729000.0;7751680.0;3511315.0;5.33;5.33;38769730.84;2022;7273870.701688556;media != total/n_remunerados;False;2022;2022-01-01;8;125825;Saude;Rede D'Or;
06.047.087/0001-39;REDE D'OR SÃO LUIZ S.A.;Diretoria Estatutária;2020;48287321.0;25929141.33;22301992.0;5.25;5.25;170976838.0;2023;32567016.76190476;media != total/n_remunerados;False;2023;2023-12-31;8;137033;Saude;Rede D'Or;
06.047.087/0001-39;REDE D'OR SÃO LUIZ S.A.;Diretoria Estatutária;2021;27197930.0;19086463.58;3954473.0;6.92;6.92;132078328.0;2024;19086463.58381503;;False;2024;2024-12-31;10;147426;Saude;Rede D'Or;
06.047.087/0001-39;REDE D'OR SÃO LUIZ S.A.;Diretoria Estatutária;2022;22044192.0;14443504.05;2722867.0;7.66;7.66;110637241.0;2025;14443504.046997389;;False;2025;2025-12-31;11;156981;Saude;Rede D'Or;
06.047.087/0001-39;REDE D'OR SÃO LUIZ S.A.;Diretoria Estatutária;2023;22013667.0;11819798.0;4037024.0;7.5;7.5;88648486.0;2026;11819798.133333333;;False;2026;2026-12-31;4;159594;Saude;Rede D'Or;
06.047.087/0001-39;REDE D'OR SÃO LUIZ S.A.;Diretoria Estatutária;2024;23029682.0;9830903.0;5599595.0;7.0;7.0;78016318.0;2026;11145188.285714285;media != total/n_remunerados;False;2026;2026-12-31;4;159594;Saude;Rede D'Or;
06.047.087/0001-39;REDE D'OR SÃO LUIZ S.A.;Diretoria Estatutária;2025;24180216.0;10226799.0;5990837.0;6.0;6.0;86986368.0;2026;14497728.0;media != total/n_remunerados;False;2026;2026-12-31;4;159594;Saude;Rede D'Or;
06.047.087/0001-39;REDE D'OR SÃO LUIZ S.A.;Conselho de Administração;2017;0.0;0.0;0.0;7.0;0.0;0.0;2020;;;False;2020;2020-01-01;11;103739;Saude;Rede D'Or;
06.047.087/0001-39;REDE D'OR SÃO LUIZ S.A.;Conselho de Administração;2018;0.0;0.0;0.0;7.0;0.0;0.0;2021;;;False;2021;2021-01-01;12;115656;Saude;Rede D'Or;
06.047.087/0001-39;REDE D'OR SÃO LUIZ S.A.;Conselho de Administração;2019;0.0;0.0;0.0;7.0;0.0;0.0;2022;;;False;2022;2022-01-01;8;125825;Saude;Rede D'Or;
06.047.087/0001-39;REDE D'OR SÃO LUIZ S.A.;Conselho de Administração;2020;330533124.0;330533124.0;330533124.0;7.0;1.0;330533124.0;2023;330533124.0;;False;2023;2023-12-31;8;137033;Saude;Rede D'Or;
06.047.087/0001-39;REDE D'OR SÃO LUIZ S.A.;Conselho de Administração;2021;47638364.0;47638364.0;47638364.0;7.0;1.0;47638363.0;2024;47638363.0;;False;2024;2024-12-31;10;147426;Saude;Rede D'Or;
06.047.087/0001-39;REDE D'OR SÃO LUIZ S.A.;Conselho de Administração;2022;17929091.0;17929091.0;17929091.0;7.0;1.0;17929091.0;2025;17929091.0;;False;2025;2025-12-31;11;156981;Saude;Rede D'Or;
06.047.087/0001-39;REDE D'OR SÃO LUIZ S.A.;Conselho de Administração;2023;37286235.0;20023118.0;2760000.0;7.0;2.0;40046235.0;2026;20023117.5;;False;2026;2026-12-31;4;159594;Saude;Rede D'Or;
06.047.087/0001-39;REDE D'OR SÃO LUIZ S.A.;Conselho de Administração;2024;51367518.0;27127515.0;2887512.0;7.0;2.0;54255030.0;2026;27127515.0;;False;2026;2026-12-31;4;159594;Saude;Rede D'Or;
06.047.087/0001-39;REDE D'OR SÃO LUIZ S.A.;Conselho de Administração;2025;53887582.0;26402617.0;3041145.0;7.0;2.0;56926804.0;2026;28463402.0;media != total/n_remunerados;False;2026;2026-12-31;4;159594;Saude;Rede D'Or;
06.047.087/0001-39;REDE D'OR SÃO LUIZ S.A.;Conselho Fiscal;2020;0.0;0.0;0.0;0.0;0.0;0.0;2023;;;False;2023;2023-12-31;8;137033;Saude;Rede D'Or;
06.047.087/0001-39;REDE D'OR SÃO LUIZ S.A.;Conselho Fiscal;2021;0.0;0.0;0.0;0.0;0.0;0.0;2024;;;False;2024;2024-12-31;10;147426;Saude;Rede D'Or;
06.047.087/0001-39;REDE D'OR SÃO LUIZ S.A.;Conselho Fiscal;2022;338392.0;338392.0;338392.0;2.0;2.0;1015176.0;2025;507588.0;media != total/n_remunerados;False;2025;2025-12-31;11;156981;Saude;Rede D'Or;
06.047.087/0001-39;REDE D'OR SÃO LUIZ S.A.;Conselho Fiscal;2023;530716.0;530716.0;530716.0;3.0;3.0;1592148.0;2026;530716.0;;False;2026;2026-12-31;4;159594;Saude;Rede D'Or;
06.047.087/0001-39;REDE D'OR SÃO LUIZ S.A.;Conselho Fiscal;2024;530716.0;530716.0;530716.0;3.0;3.0;1592147.0;2026;530715.6666666666;;False;2026;2026-12-31;4;159594;Saude;Rede D'Or;
06.047.087/0001-39;REDE D'OR SÃO LUIZ S.A.;Conselho Fiscal;2025;700684.0;700684.0;700684.0;3.0;3.0;2204033.0;2026;734677.6666666666;media != total/n_remunerados;False;2026;2026-12-31;4;159594;Saude;Rede D'Or;
02.387.241/0001-60;RUMO S.A.;Diretoria Estatutária;2009;0.0;0.0;0.0;8.67;0.0;4669000.0;2010;;;False;2010;2010-01-01;8;4786;Logistics;Rumo;
02.387.241/0001-60;RUMO S.A.;Diretoria Estatutária;2010;0.0;0.0;0.0;8.0;0.0;32982718.0;2013;;;False;2013;2013-01-01;8;37848;Logistics;Rumo;
02.387.241/0001-60;RUMO S.A.;Diretoria Estatutária;2011;0.0;0.0;0.0;8.0;0.0;36651561.0;2014;;;False;2014;2014-01-01;13;47598;Logistics;Rumo;
02.387.241/0001-60;RUMO S.A.;Diretoria Estatutária;2012;0.0;0.0;0.0;8.08;0.0;22004947.0;2015;;;False;2015;2015-01-01;4;56770;Logistics;Rumo;
02.387.241/0001-60;RUMO S.A.;Diretoria Estatutária;2013;0.0;0.0;0.0;7.67;0.0;22877534.0;2015;;;False;2015;2015-01-01;4;56770;Logistics;Rumo;
02.387.241/0001-60;RUMO S.A.;Diretoria Estatutária;2014;0.0;0.0;0.0;6.5;0.0;8750436.0;2015;;;False;2015;2015-01-01;4;56770;Logistics;Rumo;
02.387.241/0001-60;RUMO S.A.;Diretoria Estatutária;2015;1269935.0;300511.35;625816.0;4.66;11.0;3606135.81;2018;327830.5281818182;"media fora do intervalo min-max; media != total/n_remunerados";False;2018;2018-01-01;6;80298;Logistics;Rumo;
02.387.241/0001-60;RUMO S.A.;Diretoria Estatutária;2016;5433292.0;1742210.0;850758.0;7.66;7.66;13937679.3;2019;1819540.3785900783;media != total/n_remunerados;False;2019;2019-01-01;19;93438;Logistics;Rumo;
02.387.241/0001-60;RUMO S.A.;Diretoria Estatutária;2017;22801721.0;12332149.5;1862578.0;4.83;4.83;6819639.57;2020;1411933.6583850933;media != total/n_remunerados;False;2020;2020-01-01;22;105130;Logistics;Rumo;
02.387.241/0001-60;RUMO S.A.;Diretoria Estatutária;2018;16486454.19;9275023.11;2063592.03;5.0;5.0;23667696.84;2021;4733539.368;media != total/n_remunerados;False;2021;2021-01-01;17;115500;Logistics;Rumo;
02.387.241/0001-60;RUMO S.A.;Diretoria Estatutária;2019;4993877.51;3529154.31;2363451.87;5.0;5.0;34198250.3;2022;6839650.06;media != total/n_remunerados;False;2022;2022-01-01;23;127111;Logistics;Rumo;
02.387.241/0001-60;RUMO S.A.;Diretoria Estatutária;2020;6975112.4;3494123.4;2264564.49;6.0;6.0;13322936.94;2023;2220489.4899999998;media != total/n_remunerados;False;2023;2023-12-31;17;137808;Logistics;Rumo;
02.387.241/0001-60;RUMO S.A.;Diretoria Estatutária;2021;17426065.18;5680949.66;2649168.21;6.0;6.0;34085697.99;2024;5680949.665;;False;2024;2024-12-31;16;146854;Logistics;Rumo;
02.387.241/0001-60;RUMO S.A.;Diretoria Estatutária;2022;20574438.2;7648132.93;3320148.35;6.0;4.83;36965975.85;2025;7653411.149068323;;False;2025;2025-12-31;8;157010;Logistics;Rumo;
02.387.241/0001-60;RUMO S.A.;Diretoria Estatutária;2023;23258287.67;8636598.22;3711549.8;5.0;5.0;43182991.11;2026;8636598.222;;False;2026;2026-12-31;6;160500;Logistics;Rumo;
02.387.241/0001-60;RUMO S.A.;Diretoria Estatutária;2024;11679145.0;9746651.95;4500997.01;4.17;4.17;40643538.64;2026;9746651.95203837;;False;2026;2026-12-31;6;160500;Logistics;Rumo;
02.387.241/0001-60;RUMO S.A.;Diretoria Estatutária;2025;11656173.3;5951643.59;1562865.99;3.92;3.92;23310604.07;2026;5946582.670918368;;False;2026;2026-12-31;6;160500;Logistics;Rumo;
02.387.241/0001-60;RUMO S.A.;Conselho de Administração;2009;0.0;0.0;0.0;12.0;0.0;2431000.0;2010;;;False;2010;2010-01-01;8;4786;Logistics;Rumo;
02.387.241/0001-60;RUMO S.A.;Conselho de Administração;2010;0.0;0.0;0.0;15.0;0.0;7423309.0;2013;;;False;2013;2013-01-01;8;37848;Logistics;Rumo;
02.387.241/0001-60;RUMO S.A.;Conselho de Administração;2011;0.0;0.0;0.0;13.91;0.0;4851677.0;2014;;;False;2014;2014-01-01;13;47598;Logistics;Rumo;
02.387.241/0001-60;RUMO S.A.;Conselho de Administração;2012;0.0;0.0;0.0;15.33;0.0;5979782.0;2015;;;False;2015;2015-01-01;4;56770;Logistics;Rumo;
02.387.241/0001-60;RUMO S.A.;Conselho de Administração;2013;0.0;0.0;0.0;14.42;0.0;5350423.0;2015;;;False;2015;2015-01-01;4;56770;Logistics;Rumo;
02.387.241/0001-60;RUMO S.A.;Conselho de Administração;2014;0.0;0.0;0.0;14.91;0.0;4378560.0;2015;;;False;2015;2015-01-01;4;56770;Logistics;Rumo;
02.387.241/0001-60;RUMO S.A.;Conselho de Administração;2015;240000.0;76722.22;0.0;5.67;0.0;1381000.0;2018;;;False;2018;2018-01-01;6;80298;Logistics;Rumo;
02.387.241/0001-60;RUMO S.A.;Conselho de Administração;2016;360000.0;181059.0;180000.0;15.75;14.16;3078000.0;2019;217372.88135593222;media != total/n_remunerados;False;2019;2019-01-01;19;93438;Logistics;Rumo;
02.387.241/0001-60;RUMO S.A.;Conselho de Administração;2017;360000.0;270000.0;180000.0;11.58;11.58;2503626.0;2020;216202.59067357512;media != total/n_remunerados;False;2020;2020-01-01;22;105130;Logistics;Rumo;
02.387.241/0001-60;RUMO S.A.;Conselho de Administração;2018;1332000.0;774000.0;216000.0;10.0;10.0;4233471.58;2021;423347.158;media != total/n_remunerados;False;2021;2021-01-01;17;115500;Logistics;Rumo;
02.387.241/0001-60;RUMO S.A.;Conselho de Administração;2019;1332000.0;393230.76;158400.0;11.0;9.75;3834000.0;2022;393230.76923076925;;False;2022;2022-01-01;23;127111;Logistics;Rumo;
02.387.241/0001-60;RUMO S.A.;Conselho de Administração;2020;5386386.0;908688.61;287917.68;11.25;11.25;11572285.0;2023;1028647.5555555555;media != total/n_remunerados;False;2023;2023-12-31;17;137808;Logistics;Rumo;
02.387.241/0001-60;RUMO S.A.;Conselho de Administração;2021;5864000.0;992867.77;234000.0;13.0;11.0;10921545.5;2024;992867.7727272727;;False;2024;2024-12-31;16;146854;Logistics;Rumo;
02.387.241/0001-60;RUMO S.A.;Conselho de Administração;2022;5864000.0;1285313.44;234000.0;10.0;9.0;11567821.0;2025;1285313.4444444445;;False;2025;2025-12-31;8;157010;Logistics;Rumo;
02.387.241/0001-60;RUMO S.A.;Conselho de Administração;2023;2250000.0;728204.42;260000.0;9.33;8.33;6065942.85;2026;728204.4237695078;;False;2026;2026-12-31;6;160500;Logistics;Rumo;
02.387.241/0001-60;RUMO S.A.;Conselho de Administração;2024;2250000.0;651121.37;260000.0;10.0;8.0;5208970.93;2026;651121.36625;;False;2026;2026-12-31;6;160500;Logistics;Rumo;
02.387.241/0001-60;RUMO S.A.;Conselho de Administração;2025;2200000.0;721837.5;240000.0;9.0;8.17;5895006.24;2026;721542.9914320685;;False;2026;2026-12-31;6;160500;Logistics;Rumo;
02.387.241/0001-60;RUMO S.A.;Conselho Fiscal;2009;0.0;0.0;0.0;4.0;0.0;375000.0;2010;;;False;2010;2010-01-01;8;4786;Logistics;Rumo;
02.387.241/0001-60;RUMO S.A.;Conselho Fiscal;2010;0.0;0.0;0.0;3.0;0.0;389160.0;2013;;;False;2013;2013-01-01;8;37848;Logistics;Rumo;
02.387.241/0001-60;RUMO S.A.;Conselho Fiscal;2011;0.0;0.0;0.0;3.0;0.0;390000.0;2014;;;False;2014;2014-01-01;13;47598;Logistics;Rumo;
02.387.241/0001-60;RUMO S.A.;Conselho Fiscal;2012;0.0;0.0;0.0;3.08;0.0;469760.0;2015;;;False;2015;2015-01-01;4;56770;Logistics;Rumo;
02.387.241/0001-60;RUMO S.A.;Conselho Fiscal;2013;0.0;0.0;0.0;3.08;0.0;475200.0;2015;;;False;2015;2015-01-01;4;56770;Logistics;Rumo;
02.387.241/0001-60;RUMO S.A.;Conselho Fiscal;2014;0.0;0.0;0.0;3.08;0.0;396360.0;2015;;;False;2015;2015-01-01;4;56770;Logistics;Rumo;
02.387.241/0001-60;RUMO S.A.;Conselho Fiscal;2015;0.0;0.0;0.0;2.0;2.0;0.0;2018;;;False;2018;2018-01-01;6;80298;Logistics;Rumo;
02.387.241/0001-60;RUMO S.A.;Conselho Fiscal;2016;145469.0;121224.0;121224.0;2.83;2.83;391149.44;2019;138215.34982332157;media != total/n_remunerados;False;2019;2019-01-01;19;93438;Logistics;Rumo;
02.387.241/0001-60;RUMO S.A.;Conselho Fiscal;2017;145469.0;145469.0;145469.0;3.67;3.67;517222.0;2020;140932.4250681199;media != total/n_remunerados;False;2020;2020-01-01;22;105130;Logistics;Rumo;
02.387.241/0001-60;RUMO S.A.;Conselho Fiscal;2018;172118.76;172118.76;172118.76;4.67;4.67;669350.64;2021;143329.90149892934;media != total/n_remunerados;False;2021;2021-01-01;17;115500;Logistics;Rumo;
02.387.241/0001-60;RUMO S.A.;Conselho Fiscal;2019;172118.74;143432.28;172118.74;5.0;5.0;717161.4;2022;143432.28;media fora do intervalo min-max;False;2022;2022-01-01;23;127111;Logistics;Rumo;
02.387.241/0001-60;RUMO S.A.;Conselho Fiscal;2020;178322.56;155320.76;171633.61;5.0;4.33;637248.27;2023;147170.5011547344;"media fora do intervalo min-max; media != total/n_remunerados";False;2023;2023-12-31;17;137808;Logistics;Rumo;
02.387.241/0001-60;RUMO S.A.;Conselho Fiscal;2021;143432.28;143432.28;143432.28;5.0;5.0;717161.4;2024;143432.28;;False;2024;2024-12-31;16;146854;Logistics;Rumo;
02.387.241/0001-60;RUMO S.A.;Conselho Fiscal;2022;143432.28;143432.28;143432.28;5.0;4.58;657397.95;2025;143536.67030567685;;False;2025;2025-12-31;8;157010;Logistics;Rumo;
02.387.241/0001-60;RUMO S.A.;Conselho Fiscal;2023;180000.0;161373.39;156000.0;5.0;4.66;752000.0;2026;161373.3905579399;;False;2026;2026-12-31;6;160500;Logistics;Rumo;
02.387.241/0001-60;RUMO S.A.;Conselho Fiscal;2024;165000.0;160810.0;156000.0;5.0;5.0;804050.0;2026;160810.0;;False;2026;2026-12-31;6;160500;Logistics;Rumo;
02.387.241/0001-60;RUMO S.A.;Conselho Fiscal;2025;180000.0;160881.36;156000.0;4.92;4.92;791000.0;2026;160772.35772357724;;False;2026;2026-12-31;6;160500;Logistics;Rumo;
06.057.223/0001-71;SENDAS DISTRIBUIDORA S.A.;Diretoria Estatutária;2017;13828492.38;5737993.16;2131197.84;4.0;4.0;22951972.64;2020;5737993.16;;False;2020;2020-01-01;11;103627;Retail;Assai;
06.057.223/0001-71;SENDAS DISTRIBUIDORA S.A.;Diretoria Estatutária;2018;13795248.83;6084872.09;2361333.54;4.0;4.0;24339488.37;2021;6084872.0925;;False;2021;2021-01-01;18;115525;Retail;Assai;
06.057.223/0001-71;SENDAS DISTRIBUIDORA S.A.;Diretoria Estatutária;2019;20054297.01;5960139.62;3734570.11;4.0;4.0;29800698.13;2022;7450174.5325;media != total/n_remunerados;False;2022;2022-01-01;11;123560;Retail;Assai;
06.057.223/0001-71;SENDAS DISTRIBUIDORA S.A.;Diretoria Estatutária;2020;14973432.67;6216783.55;1879899.93;4.0;4.0;24867134.19;2023;6216783.5475;;False;2023;2023-12-31;23;137036;Retail;Assai;
06.057.223/0001-71;SENDAS DISTRIBUIDORA S.A.;Diretoria Estatutária;2021;20857461.14;8209819.65;2651300.39;4.83;4.83;39653428.95;2024;8209819.658385093;;False;2024;2024-12-31;24;147799;Retail;Assai;
06.057.223/0001-71;SENDAS DISTRIBUIDORA S.A.;Diretoria Estatutária;2022;32376846.9;11822958.4;1681732.92;5.0;5.0;59114792.0;2025;11822958.4;;False;2025;2025-12-31;15;157841;Retail;Assai;
06.057.223/0001-71;SENDAS DISTRIBUIDORA S.A.;Diretoria Estatutária;2023;23920043.62;9359395.88;1319895.18;5.0;5.0;47160704.39;2026;9432140.878;;False;2026;2026-12-31;4;160932;Retail;Assai;
06.057.223/0001-71;SENDAS DISTRIBUIDORA S.A.;Diretoria Estatutária;2024;22773050.01;11007614.65;8643379.7;4.3;4.3;47332743.0;2026;11007614.651162792;;False;2026;2026-12-31;4;160932;Retail;Assai;
06.057.223/0001-71;SENDAS DISTRIBUIDORA S.A.;Diretoria Estatutária;2025;31356922.64;16463993.86;10590334.31;3.25;3.25;53507980.05;2026;16463993.86153846;;False;2026;2026-12-31;4;160932;Retail;Assai;
06.057.223/0001-71;SENDAS DISTRIBUIDORA S.A.;Conselho de Administração;2017;0.0;0.0;0.0;0.0;0.0;0.0;2020;;;False;2020;2020-01-01;11;103627;Retail;Assai;
06.057.223/0001-71;SENDAS DISTRIBUIDORA S.A.;Conselho de Administração;2018;0.0;0.0;0.0;0.0;0.0;0.0;2021;;;False;2021;2021-01-01;18;115525;Retail;Assai;
06.057.223/0001-71;SENDAS DISTRIBUIDORA S.A.;Conselho de Administração;2019;0.0;0.0;0.0;0.0;0.0;0.0;2021;;;False;2021;2021-01-01;18;115525;Retail;Assai;
06.057.223/0001-71;SENDAS DISTRIBUIDORA S.A.;Conselho de Administração;2020;0.0;0.0;0.0;0.0;0.0;0.0;2022;;;False;2022;2022-01-01;11;123560;Retail;Assai;
06.057.223/0001-71;SENDAS DISTRIBUIDORA S.A.;Conselho de Administração;2021;136044846.88;42358251.64;216000.0;9.0;8.0;33886601.3;2024;4235825.1625;media != total/n_remunerados;False;2024;2024-12-31;24;147799;Retail;Assai;
06.057.223/0001-71;SENDAS DISTRIBUIDORA S.A.;Conselho de Administração;2022;8417984.42;4577179.56;216000.0;9.0;7.83;35839317.0;2025;4577179.69348659;;False;2025;2025-12-31;15;157841;Retail;Assai;
06.057.223/0001-71;SENDAS DISTRIBUIDORA S.A.;Conselho de Administração;2023;2295118.45;2225866.67;200000.0;9.0;8.0;17806933.68;2026;2225866.71;;False;2026;2026-12-31;4;160932;Retail;Assai;
06.057.223/0001-71;SENDAS DISTRIBUIDORA S.A.;Conselho de Administração;2024;2307249.98;1293552.37;1132650.0;9.0;8.0;10348419.0;2026;1293552.375;;False;2026;2026-12-31;4;160932;Retail;Assai;
06.057.223/0001-71;SENDAS DISTRIBUIDORA S.A.;Conselho de Administração;2025;2597801.25;1631553.38;1282792.5;7.0;6.0;9789320.25;2026;1631553.375;;False;2026;2026-12-31;4;160932;Retail;Assai;
06.057.223/0001-71;SENDAS DISTRIBUIDORA S.A.;Conselho Fiscal;2017;0.0;0.0;0.0;0.0;0.0;0.0;2020;;;False;2020;2020-01-01;11;103627;Retail;Assai;
06.057.223/0001-71;SENDAS DISTRIBUIDORA S.A.;Conselho Fiscal;2018;0.0;0.0;0.0;0.0;0.0;0.0;2021;;;False;2021;2021-01-01;18;115525;Retail;Assai;
06.057.223/0001-71;SENDAS DISTRIBUIDORA S.A.;Conselho Fiscal;2019;0.0;0.0;0.0;0.0;0.0;0.0;2021;;;False;2022;2022-01-01;11;123560;Retail;Assai;
06.057.223/0001-71;SENDAS DISTRIBUIDORA S.A.;Conselho Fiscal;2020;0.0;0.0;0.0;0.0;0.0;0.0;2023;;;False;2023;2023-12-31;23;137036;Retail;Assai;
06.057.223/0001-71;SENDAS DISTRIBUIDORA S.A.;Conselho Fiscal;2021;124800.0;110446.73;96140.21;3.0;3.0;331340.21;2024;110446.73666666668;;False;2024;2024-12-31;24;147799;Retail;Assai;
06.057.223/0001-71;SENDAS DISTRIBUIDORA S.A.;Conselho Fiscal;2022;187200.0;194727.0;165600.0;3.0;3.0;584180.0;2025;194726.66666666666;media fora do intervalo min-max;False;2025;2025-12-31;15;157841;Retail;Assai;
06.057.223/0001-71;SENDAS DISTRIBUIDORA S.A.;Conselho Fiscal;2023;104320.0;152320.0;104320.0;3.0;3.0;456960.0;2026;152320.0;media fora do intervalo min-max;False;2026;2026-12-31;4;160932;Retail;Assai;
06.057.223/0001-71;SENDAS DISTRIBUIDORA S.A.;Conselho Fiscal;2024;165493.14;165493.14;165493.14;3.0;3.0;496479.0;2026;165493.0;;False;2026;2026-12-31;4;160932;Retail;Assai;
06.057.223/0001-71;SENDAS DISTRIBUIDORA S.A.;Conselho Fiscal;2025;195245.95;195245.95;195245.95;3.0;3.0;585737.85;2026;195245.94999999998;;False;2026;2026-12-31;4;160932;Retail;Assai;
07.594.978/0001-78;SMARTFIT ESCOLA DE GINÁSTICA E DANÇA S.A.;Diretoria Estatutária;2014;820715.37;808295.37;795875.37;4.0;2.0;1616590.74;2017;808295.37;;False;2017;2017-01-01;7;74997;Retail;Smartfit;
07.594.978/0001-78;SMARTFIT ESCOLA DE GINÁSTICA E DANÇA S.A.;Diretoria Estatutária;2015;2631614.61;1870249.24;1108883.87;2.0;2.0;3740498.48;2018;1870249.24;;False;2018;2018-01-01;11;83318;Retail;Smartfit;
07.594.978/0001-78;SMARTFIT ESCOLA DE GINÁSTICA E DANÇA S.A.;Diretoria Estatutária;2016;2711794.99;1924643.21;1290205.12;2.33;2.0;3849286.41;2019;1924643.205;;False;2019;2019-01-01;7;93673;Retail;Smartfit;
07.594.978/0001-78;SMARTFIT ESCOLA DE GINÁSTICA E DANÇA S.A.;Diretoria Estatutária;2017;3082057.98;2064000.18;1290205.12;3.25;2.25;4644000.41;2020;2064000.1822222222;;False;2020;2020-01-01;2;99415;Retail;Smartfit;
07.594.978/0001-78;SMARTFIT ESCOLA DE GINÁSTICA E DANÇA S.A.;Diretoria Estatutária;2018;4205840.92;2082185.11;1378976.53;4.0;3.0;6246555.34;2021;2082185.1133333333;;False;2021;2021-01-01;13;114215;Retail;Smartfit;
07.594.978/0001-78;SMARTFIT ESCOLA DE GINÁSTICA E DANÇA S.A.;Diretoria Estatutária;2019;114692300.27;44134950.03;1718967.95;4.0;3.0;132404850.08;2022;44134950.02666666;;False;2022;2022-01-01;6;125835;Retail;Smartfit;
07.594.978/0001-78;SMARTFIT ESCOLA DE GINÁSTICA E DANÇA S.A.;Diretoria Estatutária;2020;3650239.48;2388028.33;1349239.48;4.0;3.0;5974869.27;2023;1991623.0899999999;media != total/n_remunerados;False;2023;2023-12-31;16;138419;Retail;Smartfit;
07.594.978/0001-78;SMARTFIT ESCOLA DE GINÁSTICA E DANÇA S.A.;Diretoria Estatutária;2021;8842361.31;7653286.77;6464212.23;3.5;2.5;16054116.98;2024;6421646.792;media != total/n_remunerados;False;2024;2024-12-31;11;148150;Retail;Smartfit;
07.594.978/0001-78;SMARTFIT ESCOLA DE GINÁSTICA E DANÇA S.A.;Diretoria Estatutária;2022;4996400.34;4660024.64;4486400.51;3.0;3.0;13980073.93;2025;4660024.643333334;;False;2025;2025-12-31;18;157935;Retail;Smartfit;
07.594.978/0001-78;SMARTFIT ESCOLA DE GINÁSTICA E DANÇA S.A.;Diretoria Estatutária;2023;33527129.1;14299253.67;4689139.56;3.0;3.0;42897761.0;2026;14299253.666666666;;False;2026;2026-12-31;7;161061;Retail;Smartfit;
07.594.978/0001-78;SMARTFIT ESCOLA DE GINÁSTICA E DANÇA S.A.;Diretoria Estatutária;2024;24506531.95;5599780.36;1366832.08;7.67;7.67;42950315.37;2026;5599780.361147327;;False;2026;2026-12-31;7;161061;Retail;Smartfit;
07.594.978/0001-78;SMARTFIT ESCOLA DE GINÁSTICA E DANÇA S.A.;Diretoria Estatutária;2025;19660180.51;5090871.88;1652002.68;7.17;7.17;35636103.14;2026;4970167.80195258;media != total/n_remunerados;False;2026;2026-12-31;7;161061;Retail;Smartfit;
07.594.978/0001-78;SMARTFIT ESCOLA DE GINÁSTICA E DANÇA S.A.;Conselho de Administração;2014;0.0;0.0;0.0;0.0;0.0;0.0;2017;;;False;2017;2017-01-01;7;74997;Retail;Smartfit;
07.594.978/0001-78;SMARTFIT ESCOLA DE GINÁSTICA E DANÇA S.A.;Conselho de Administração;2015;0.0;0.0;0.0;6.0;0.0;0.0;2018;;;False;2018;2018-01-01;11;83318;Retail;Smartfit;
07.594.978/0001-78;SMARTFIT ESCOLA DE GINÁSTICA E DANÇA S.A.;Conselho de Administração;2016;0.0;0.0;0.0;6.0;0.0;0.0;2019;;;False;2019;2019-01-01;7;93673;Retail;Smartfit;
07.594.978/0001-78;SMARTFIT ESCOLA DE GINÁSTICA E DANÇA S.A.;Conselho de Administração;2017;0.0;0.0;0.0;6.0;0.0;0.0;2020;;;False;2020;2020-01-01;2;99415;Retail;Smartfit;
07.594.978/0001-78;SMARTFIT ESCOLA DE GINÁSTICA E DANÇA S.A.;Conselho de Administração;2018;0.0;0.0;0.0;6.0;0.0;0.0;2021;;;False;2021;2021-01-01;13;114215;Retail;Smartfit;
07.594.978/0001-78;SMARTFIT ESCOLA DE GINÁSTICA E DANÇA S.A.;Conselho de Administração;2019;0.0;0.0;0.0;6.33;0.0;0.0;2022;;;False;2022;2022-01-01;6;125835;Retail;Smartfit;
07.594.978/0001-78;SMARTFIT ESCOLA DE GINÁSTICA E DANÇA S.A.;Conselho de Administração;2020;0.0;0.0;0.0;8.0;0.0;0.0;2023;;;False;2023;2023-12-31;16;138419;Retail;Smartfit;
07.594.978/0001-78;SMARTFIT ESCOLA DE GINÁSTICA E DANÇA S.A.;Conselho de Administração;2021;0.0;0.0;0.0;8.0;0.0;0.0;2024;;;False;2024;2024-12-31;11;148150;Retail;Smartfit;
07.594.978/0001-78;SMARTFIT ESCOLA DE GINÁSTICA E DANÇA S.A.;Conselho de Administração;2022;0.0;0.0;0.0;8.0;0.0;0.0;2025;;;False;2025;2025-12-31;18;157935;Retail;Smartfit;
07.594.978/0001-78;SMARTFIT ESCOLA DE GINÁSTICA E DANÇA S.A.;Conselho de Administração;2023;0.0;0.0;0.0;8.0;0.0;0.0;2026;;;False;2026;2026-12-31;7;161061;Retail;Smartfit;
07.594.978/0001-78;SMARTFIT ESCOLA DE GINÁSTICA E DANÇA S.A.;Conselho de Administração;2024;410000.0;313333.33;60000.0;8.75;1.5;470000.0;2026;313333.3333333333;;False;2026;2026-12-31;7;161061;Retail;Smartfit;
07.594.978/0001-78;SMARTFIT ESCOLA DE GINÁSTICA E DANÇA S.A.;Conselho de Administração;2025;600000.0;420000.0;240000.0;9.0;2.0;840000.0;2026;420000.0;;False;2026;2026-12-31;7;161061;Retail;Smartfit;
07.594.978/0001-78;SMARTFIT ESCOLA DE GINÁSTICA E DANÇA S.A.;Conselho Fiscal;2020;0.0;0.0;0.0;0.0;0.0;0.0;2023;;;False;2023;2023-12-31;16;138419;Retail;Smartfit;
07.594.978/0001-78;SMARTFIT ESCOLA DE GINÁSTICA E DANÇA S.A.;Conselho Fiscal;2021;0.0;0.0;0.0;0.0;0.0;0.0;2024;;;False;2024;2024-12-31;11;148150;Retail;Smartfit;
07.594.978/0001-78;SMARTFIT ESCOLA DE GINÁSTICA E DANÇA S.A.;Conselho Fiscal;2022;0.0;0.0;0.0;0.0;0.0;0.0;2025;;;False;2025;2025-12-31;18;157935;Retail;Smartfit;
07.594.978/0001-78;SMARTFIT ESCOLA DE GINÁSTICA E DANÇA S.A.;Conselho Fiscal;2023;152810.28;152810.28;152810.28;6.0;3.0;458430.84;2026;152810.28;;False;2026;2026-12-31;7;161061;Retail;Smartfit;
07.594.978/0001-78;SMARTFIT ESCOLA DE GINÁSTICA E DANÇA S.A.;Conselho Fiscal;2024;224530.48;224530.48;224530.48;6.0;3.0;673591.44;2026;224530.47999999998;;False;2026;2026-12-31;7;161061;Retail;Smartfit;
07.594.978/0001-78;SMARTFIT ESCOLA DE GINÁSTICA E DANÇA S.A.;Conselho Fiscal;2025;223624.8;223624.8;223624.8;6.0;3.0;670874.4;2026;223624.80000000002;;False;2026;2026-12-31;7;161061;Retail;Smartfit;
16.404.287/0001-55;SUZANO S.A.;Diretoria Estatutária;2015;15183093.15;4798113.55;2304536.95;6.0;6.0;28788681.29;2018;4798113.548333333;;False;2018;2018-01-01;15;84013;Pulp;Suzano;
16.404.287/0001-55;SUZANO S.A.;Diretoria Estatutária;2016;16002746.1;5005348.19;1788197.41;5.5;5.5;27529415.03;2019;5005348.1872727275;;False;2019;2019-01-01;7;93248;Pulp;Suzano;
16.404.287/0001-55;SUZANO S.A.;Diretoria Estatutária;2017;11259426.87;5287347.64;3516033.49;6.83;6.83;36112584.41;2020;5287347.64421669;;False;2020;2020-01-01;12;104701;Pulp;Suzano;
16.404.287/0001-55;SUZANO S.A.;Diretoria Estatutária;2018;28220874.81;12938667.35;4487541.39;8.0;7.5;100012116.54;2021;13334948.872000001;media != total/n_remunerados;False;2021;2021-01-01;10;114800;Pulp;Suzano;
16.404.287/0001-55;SUZANO S.A.;Diretoria Estatutária;2019;16048947.94;9293967.13;3249365.23;8.0;8.0;74351737.08;2021;9293967.135;;False;2022;2022-01-01;7;125949;Pulp;Suzano;
16.404.287/0001-55;SUZANO S.A.;Diretoria Estatutária;2020;22112160.86;14241022.26;6071057.78;8.0;8.0;113928178.08;2023;14241022.26;;False;2023;2023-12-31;12;137725;Pulp;Suzano;
16.404.287/0001-55;SUZANO S.A.;Diretoria Estatutária;2021;19814736.4;11834543.35;6720798.17;7.08;7.08;83788566.9;2024;11834543.347457629;;False;2024;2024-12-31;11;146712;Pulp;Suzano;
16.404.287/0001-55;SUZANO S.A.;Diretoria Estatutária;2022;20776521.61;10496288.95;6938084.36;7.0;7.0;73474022.67;2025;10496288.952857142;;False;2025;2025-12-31;10;157605;Pulp;Suzano;
16.404.287/0001-55;SUZANO S.A.;Diretoria Estatutária;2023;34348092.09;13160877.25;7537854.31;7.0;7.0;92126140.78;2026;13160877.254285714;;False;2026;2026-12-31;3;161031;Pulp;Suzano;
16.404.287/0001-55;SUZANO S.A.;Diretoria Estatutária;2024;56465893.14;19221313.31;9717538.64;7.17;7.17;137816816.42;2026;19221313.308228727;;False;2026;2026-12-31;3;161031;Pulp;Suzano;
16.404.287/0001-55;SUZANO S.A.;Diretoria Estatutária;2025;28788330.53;16254888.81;6973775.74;6.33;6.33;102893446.2;2026;16254888.815165877;;False;2026;2026-12-31;3;161031;Pulp;Suzano;
16.404.287/0001-55;SUZANO S.A.;Conselho de Administração;2015;5275902.0;1039834.88;154848.0;8.67;8.67;9015368.4;2018;1039834.8788927336;;False;2018;2018-01-01;15;84013;Pulp;Suzano;
16.404.287/0001-55;SUZANO S.A.;Conselho de Administração;2016;6121572.16;1302147.23;178812.05;8.5;8.5;11068251.42;2019;1302147.225882353;;False;2019;2019-01-01;7;93248;Pulp;Suzano;
16.404.287/0001-55;SUZANO S.A.;Conselho de Administração;2017;7029876.49;1444120.01;241456.28;9.0;9.0;12997080.07;2020;1444120.0077777777;;False;2020;2020-01-01;12;104701;Pulp;Suzano;
16.404.287/0001-55;SUZANO S.A.;Conselho de Administração;2018;7232604.12;1964714.32;270548.98;9.0;8.42;18464265.96;2021;2192905.6959619955;media != total/n_remunerados;False;2021;2021-01-01;10;114800;Pulp;Suzano;
16.404.287/0001-55;SUZANO S.A.;Conselho de Administração;2019;8579582.35;2068949.73;641280.0;8.67;8.67;17930897.67;2021;2068154.287197232;;False;2022;2022-01-01;7;125949;Pulp;Suzano;
16.404.287/0001-55;SUZANO S.A.;Conselho de Administração;2020;8247042.26;1965928.69;960004.8;9.58;9.58;18840149.94;2023;1966612.7286012527;;False;2023;2023-12-31;12;137725;Pulp;Suzano;
16.404.287/0001-55;SUZANO S.A.;Conselho de Administração;2021;6875307.36;1680322.06;620000.0;10.0;10.0;16803220.6;2024;1680322.06;;False;2024;2024-12-31;11;146712;Pulp;Suzano;
16.404.287/0001-55;SUZANO S.A.;Conselho de Administração;2022;6875307.36;1705403.12;770000.0;9.33;9.33;15911411.1;2025;1705403.118971061;;False;2025;2025-12-31;10;157605;Pulp;Suzano;
16.404.287/0001-55;SUZANO S.A.;Conselho de Administração;2023;6682882.95;1742984.95;840000.0;9.0;9.0;15686864.57;2026;1742984.9522222222;;False;2026;2026-12-31;3;161031;Pulp;Suzano;
16.404.287/0001-55;SUZANO S.A.;Conselho de Administração;2024;10523805.75;2270896.51;888000.0;8.83;8.83;20052016.16;2026;2270896.5073612686;;False;2026;2026-12-31;3;161031;Pulp;Suzano;
16.404.287/0001-55;SUZANO S.A.;Conselho de Administração;2025;13900801.65;2827954.57;912000.0;9.0;9.0;25451591.14;2026;2827954.571111111;;False;2026;2026-12-31;3;161031;Pulp;Suzano;
16.404.287/0001-55;SUZANO S.A.;Conselho Fiscal;2015;109992.64;109992.64;109992.64;3.0;3.0;329977.92;2018;109992.64;;False;2018;2018-01-01;15;84013;Pulp;Suzano;
16.404.287/0001-55;SUZANO S.A.;Conselho Fiscal;2016;114223.56;114223.56;114223.56;3.0;3.0;342670.68;2019;114223.56;;False;2019;2019-01-01;7;93248;Pulp;Suzano;
16.404.287/0001-55;SUZANO S.A.;Conselho Fiscal;2017;114117.8;114117.8;114117.8;3.0;3.0;342353.39;2020;114117.79666666668;;False;2020;2020-01-01;12;104701;Pulp;Suzano;
16.404.287/0001-55;SUZANO S.A.;Conselho Fiscal;2018;243195.64;243195.64;243195.64;3.0;3.0;778355.11;2021;259451.70333333334;media != total/n_remunerados;False;2021;2021-01-01;10;114800;Pulp;Suzano;
16.404.287/0001-55;SUZANO S.A.;Conselho Fiscal;2019;315447.9;315447.9;315447.9;3.0;3.0;946343.7;2021;315447.89999999997;;False;2022;2022-01-01;7;125949;Pulp;Suzano;
16.404.287/0001-55;SUZANO S.A.;Conselho Fiscal;2020;317280.0;317280.0;317280.0;3.0;3.0;951840.0;2023;317280.0;;False;2023;2023-12-31;12;137725;Pulp;Suzano;
16.404.287/0001-55;SUZANO S.A.;Conselho Fiscal;2021;294000.0;294000.0;294000.0;3.0;3.0;882000.0;2024;294000.0;;False;2024;2024-12-31;11;146712;Pulp;Suzano;
16.404.287/0001-55;SUZANO S.A.;Conselho Fiscal;2022;329200.0;329200.0;329200.0;3.0;3.0;987600.0;2025;329200.0;;False;2025;2025-12-31;10;157605;Pulp;Suzano;
16.404.287/0001-55;SUZANO S.A.;Conselho Fiscal;2023;355600.0;355600.0;355600.0;3.0;3.0;1066800.0;2026;355600.0;;False;2026;2026-12-31;3;161031;Pulp;Suzano;
16.404.287/0001-55;SUZANO S.A.;Conselho Fiscal;2024;363600.0;363600.0;363600.0;3.0;3.0;1090800.0;2026;363600.0;;False;2026;2026-12-31;3;161031;Pulp;Suzano;
16.404.287/0001-55;SUZANO S.A.;Conselho Fiscal;2025;363600.0;363600.0;363600.0;3.0;3.0;1090800.0;2026;363600.0;;False;2026;2026-12-31;3;161031;Pulp;Suzano;
53.113.791/0001-22;TOTVS S.A.;Diretoria Estatutária;2009;2663173.93;877878.97;411799.32;31.0;0.0;27214248.02;2012;;;False;2012;2012-01-01;16;27147;TMT;TOTVS;
53.113.791/0001-22;TOTVS S.A.;Diretoria Estatutária;2010;3160944.55;718510.84;492267.88;31.83;0.0;22869790.53;2013;;;False;2013;2013-01-01;12;36900;TMT;TOTVS;
53.113.791/0001-22;TOTVS S.A.;Diretoria Estatutária;2011;2810190.25;980082.76;408943.23;31.0;0.0;30382565.45;2014;;;False;2014;2014-01-01;10;47070;TMT;TOTVS;
53.113.791/0001-22;TOTVS S.A.;Diretoria Estatutária;2012;3869969.17;1347799.72;63478.21;24.58;0.0;33128917.0;2015;;;False;2015;2015-01-01;17;55435;TMT;TOTVS;
53.113.791/0001-22;TOTVS S.A.;Diretoria Estatutária;2013;1889642.22;1021926.83;386849.48;24.17;24.17;24699971.5;2016;1021926.8307819611;;False;2016;2016-01-01;15;65088;TMT;TOTVS;
53.113.791/0001-22;TOTVS S.A.;Diretoria Estatutária;2014;2109275.09;1088535.15;78316.55;16.92;16.92;18418014.8;2017;1088535.1536643025;;False;2017;2017-01-01;14;74791;TMT;TOTVS;
53.113.791/0001-22;TOTVS S.A.;Diretoria Estatutária;2015;1956846.08;1164924.85;414553.33;15.25;15.25;17765104.03;2018;1164924.8544262296;;False;2018;2018-01-01;11;82535;TMT;TOTVS;
53.113.791/0001-22;TOTVS S.A.;Diretoria Estatutária;2016;2045707.32;1174441.31;320470.68;11.83;11.83;13893640.72;2019;1174441.3119188505;;False;2019;2019-01-01;18;93060;TMT;TOTVS;
53.113.791/0001-22;TOTVS S.A.;Diretoria Estatutária;2017;2144438.31;912836.53;519642.0;10.83;10.83;16974661.16;2020;1567374.0683287166;media != total/n_remunerados;False;2020;2020-01-01;19;103190;TMT;TOTVS;
53.113.791/0001-22;TOTVS S.A.;Diretoria Estatutária;2018;3557103.36;1973927.09;1328892.0;9.5;9.5;18752307.37;2021;1973927.0915789474;;False;2021;2021-01-01;9;114000;TMT;TOTVS;
53.113.791/0001-22;TOTVS S.A.;Diretoria Estatutária;2019;3495449.93;3371705.42;1974447.06;6.5;6.5;21916085.25;2022;3371705.423076923;;False;2022;2022-01-01;8;125611;TMT;TOTVS;
53.113.791/0001-22;TOTVS S.A.;Diretoria Estatutária;2020;4888046.07;3938441.68;1859255.18;7.0;7.0;27569091.73;2023;3938441.6757142856;;False;2023;2023-12-31;9;136153;TMT;TOTVS;
53.113.791/0001-22;TOTVS S.A.;Diretoria Estatutária;2021;9114888.24;4812219.66;2933016.19;7.0;7.0;33685537.61;2024;4812219.658571429;;False;2024;2024-12-31;11;147376;TMT;TOTVS;
53.113.791/0001-22;TOTVS S.A.;Diretoria Estatutária;2022;12482437.41;5785574.09;3828106.94;7.0;7.0;40499018.62;2025;5785574.088571428;;False;2025;2025-12-31;13;157708;TMT;TOTVS;
53.113.791/0001-22;TOTVS S.A.;Diretoria Estatutária;2023;17302315.27;6493473.94;5407414.16;7.0;7.0;45454317.61;2026;6493473.944285714;;False;2026;2026-12-31;5;161026;TMT;TOTVS;
53.113.791/0001-22;TOTVS S.A.;Diretoria Estatutária;2024;19159973.0;6573461.9;4355152.1;8.0;8.0;52587695.2;2026;6573461.9;;False;2026;2026-12-31;5;161026;TMT;TOTVS;
53.113.791/0001-22;TOTVS S.A.;Diretoria Estatutária;2025;21184635.08;8332161.56;4503688.98;7.08;7.08;58991703.84;2026;8332161.559322034;;False;2026;2026-12-31;5;161026;TMT;TOTVS;
53.113.791/0001-22;TOTVS S.A.;Conselho de Administração;2009;172800.0;172800.0;172800.0;4.0;0.0;691200.0;2012;;;False;2012;2012-01-01;16;27147;TMT;TOTVS;
53.113.791/0001-22;TOTVS S.A.;Conselho de Administração;2010;193200.0;193200.0;193200.0;4.0;0.0;772800.0;2013;;;False;2013;2013-01-01;12;36900;TMT;TOTVS;
53.113.791/0001-22;TOTVS S.A.;Conselho de Administração;2011;235872.0;226403.1;197996.4;4.0;0.0;905520.0;2014;;;False;2014;2014-01-01;10;47070;TMT;TOTVS;
53.113.791/0001-22;TOTVS S.A.;Conselho de Administração;2012;236679.97;235464.63;236679.97;6.75;0.0;1118457.0;2015;;media fora do intervalo min-max;False;2015;2015-01-01;17;55435;TMT;TOTVS;
53.113.791/0001-22;TOTVS S.A.;Conselho de Administração;2013;216409.35;153863.3;216409.35;8.92;6.92;1064734.02;2016;153863.29768786128;media fora do intervalo min-max;False;2016;2016-01-01;15;65088;TMT;TOTVS;
53.113.791/0001-22;TOTVS S.A.;Conselho de Administração;2014;237254.4;166587.83;237254.4;9.33;7.33;1221088.8;2017;166587.83083219646;media fora do intervalo min-max;False;2017;2017-01-01;14;74791;TMT;TOTVS;
53.113.791/0001-22;TOTVS S.A.;Conselho de Administração;2015;245558.29;242343.23;245558.29;8.25;6.25;1514645.19;2018;242343.2304;media fora do intervalo min-max;False;2018;2018-01-01;11;82535;TMT;TOTVS;
53.113.791/0001-22;TOTVS S.A.;Conselho de Administração;2016;271608.72;263538.01;251489.64;8.75;6.75;1778881.59;2019;263538.01333333337;;False;2019;2019-01-01;18;93060;TMT;TOTVS;
53.113.791/0001-22;TOTVS S.A.;Conselho de Administração;2017;374536.24;204937.81;75000.0;9.0;7.67;2273749.68;2020;296447.1551499348;media != total/n_remunerados;False;2020;2020-01-01;19;103190;TMT;TOTVS;
53.113.791/0001-22;TOTVS S.A.;Conselho de Administração;2018;443564.95;399875.85;353856.95;9.0;8.17;3266985.71;2021;399875.8518971848;;False;2021;2021-01-01;9;114000;TMT;TOTVS;
53.113.791/0001-22;TOTVS S.A.;Conselho de Administração;2019;2520790.65;644490.76;387581.55;8.75;8.75;5639294.18;2022;644490.7634285714;;False;2022;2022-01-01;8;125611;TMT;TOTVS;
53.113.791/0001-22;TOTVS S.A.;Conselho de Administração;2020;2878838.4;909330.05;407616.0;7.67;7.67;6971530.35;2023;908934.8565840939;;False;2023;2023-12-31;9;136153;TMT;TOTVS;
53.113.791/0001-22;TOTVS S.A.;Conselho de Administração;2021;8349782.24;1410121.85;425881.84;7.0;7.0;9870852.95;2024;1410121.8499999999;;False;2024;2024-12-31;11;147376;TMT;TOTVS;
53.113.791/0001-22;TOTVS S.A.;Conselho de Administração;2022;7525386.24;1524976.22;460918.15;7.0;7.0;10674833.53;2025;1524976.2185714284;;False;2025;2025-12-31;13;157708;TMT;TOTVS;
53.113.791/0001-22;TOTVS S.A.;Conselho de Administração;2023;7203603.25;1762253.18;626441.15;7.0;6.0;10573519.06;2026;1762253.1766666668;;False;2026;2026-12-31;5;161026;TMT;TOTVS;
53.113.791/0001-22;TOTVS S.A.;Conselho de Administração;2024;3471155.49;1690910.67;673203.68;7.0;6.0;10145464.01;2026;1690910.6683333332;;False;2026;2026-12-31;5;161026;TMT;TOTVS;
53.113.791/0001-22;TOTVS S.A.;Conselho de Administração;2025;3544890.84;1828720.73;603579.33;7.0;6.0;10972324.35;2026;1828720.7249999999;;False;2026;2026-12-31;5;161026;TMT;TOTVS;
53.113.791/0001-22;TOTVS S.A.;Conselho Fiscal;2018;0.0;0.0;0.0;0.0;0.0;0.0;2021;;;False;2021;2021-01-01;9;114000;TMT;TOTVS;
53.113.791/0001-22;TOTVS S.A.;Conselho Fiscal;2019;0.0;0.0;0.0;0.0;0.0;0.0;2022;;;False;2022;2022-01-01;8;125611;TMT;TOTVS;
53.113.791/0001-22;TOTVS S.A.;Conselho Fiscal;2020;0.0;0.0;0.0;0.0;0.0;0.0;2023;;;False;2023;2023-12-31;9;136153;TMT;TOTVS;
53.113.791/0001-22;TOTVS S.A.;Conselho Fiscal;2021;77092.39;77092.39;77092.39;2.0;2.0;231277.16;2024;115638.58;media != total/n_remunerados;False;2024;2024-12-31;11;147376;TMT;TOTVS;
53.113.791/0001-22;TOTVS S.A.;Conselho Fiscal;2022;33478.37;33478.37;33478.37;1.0;1.0;100435.11;2025;100435.11;media != total/n_remunerados;False;2025;2025-12-31;13;157708;TMT;TOTVS;
53.113.791/0001-22;TOTVS S.A.;Conselho Fiscal;2023;94429.36;94429.36;94429.36;2.0;2.0;283288.07;2026;141644.035;media != total/n_remunerados;False;2026;2026-12-31;5;161026;TMT;TOTVS;
53.113.791/0001-22;TOTVS S.A.;Conselho Fiscal;2024;42343.32;42343.32;42343.32;1.0;1.0;127029.96;2026;127029.96;media != total/n_remunerados;False;2026;2026-12-31;5;161026;TMT;TOTVS;
33.256.439/0001-39;ULTRAPAR PARTICIPACOES S.A.;Diretoria Estatutária;2009;5182400.0;3819800.0;2662900.0;5.0;0.0;19099152.21;2012;;;False;2012;2012-01-01;6;35316;Oil;Ultrapar;
33.256.439/0001-39;ULTRAPAR PARTICIPACOES S.A.;Diretoria Estatutária;2010;5456900.0;4465100.0;2464600.0;5.67;0.0;51817089.66;2013;;;False;2013;2013-01-01;4;36511;Oil;Ultrapar;
33.256.439/0001-39;ULTRAPAR PARTICIPACOES S.A.;Diretoria Estatutária;2011;5201500.0;3809500.0;2456900.0;6.0;0.0;47801603.74;2014;;;False;2014;2014-01-01;6;47400;Oil;Ultrapar;
33.256.439/0001-39;ULTRAPAR PARTICIPACOES S.A.;Diretoria Estatutária;2012;6560800.0;4640200.0;3009200.0;6.0;0.0;27841100.0;2015;;;False;2015;2015-01-01;6;55247;Oil;Ultrapar;
33.256.439/0001-39;ULTRAPAR PARTICIPACOES S.A.;Diretoria Estatutária;2013;6588900.0;5037800.0;3390300.0;6.0;6.0;30226800.0;2016;5037800.0;;False;2016;2016-01-01;5;65896;Oil;Ultrapar;
33.256.439/0001-39;ULTRAPAR PARTICIPACOES S.A.;Diretoria Estatutária;2014;10756500.0;5286500.0;3551700.0;6.92;6.92;36582700.0;2017;5286517.341040462;;False;2017;2017-01-01;11;74354;Oil;Ultrapar;
33.256.439/0001-39;ULTRAPAR PARTICIPACOES S.A.;Diretoria Estatutária;2015;13069000.0;6261900.0;3710100.0;7.0;7.0;43833200.0;2018;6261885.714285715;;False;2018;2018-01-01;9;82933;Oil;Ultrapar;
33.256.439/0001-39;ULTRAPAR PARTICIPACOES S.A.;Diretoria Estatutária;2016;13254200.0;6545700.0;4062000.0;7.0;7.0;45820200.0;2019;6545742.857142857;;False;2019;2019-01-01;11;92491;Oil;Ultrapar;
33.256.439/0001-39;ULTRAPAR PARTICIPACOES S.A.;Diretoria Estatutária;2017;9354955.0;6250643.0;3851001.0;7.0;7.0;43754500.0;2020;6250642.857142857;;False;2020;2020-01-01;8;103055;Oil;Ultrapar;
33.256.439/0001-39;ULTRAPAR PARTICIPACOES S.A.;Diretoria Estatutária;2018;8647468.88;4099083.73;2725640.5;7.0;7.0;28693586.13;2021;4099083.7328571426;;False;2021;2021-01-01;10;115454;Oil;Ultrapar;
33.256.439/0001-39;ULTRAPAR PARTICIPACOES S.A.;Diretoria Estatutária;2019;10918856.77;5521550.29;3098204.9;7.0;7.0;38650852.06;2022;5521550.294285715;;False;2022;2022-01-01;7;125889;Oil;Ultrapar;
33.256.439/0001-39;ULTRAPAR PARTICIPACOES S.A.;Diretoria Estatutária;2020;14103869.84;5608488.74;4111266.32;6.75;6.75;37857318.19;2023;5608491.583703703;;False;2023;2023-12-31;7;137601;Oil;Ultrapar;
33.256.439/0001-39;ULTRAPAR PARTICIPACOES S.A.;Diretoria Estatutária;2021;16115758.13;7920326.14;4153438.02;6.22;6.22;49282029.3;2024;7923155.836012862;;False;2024;2024-12-31;7;146605;Oil;Ultrapar;
33.256.439/0001-39;ULTRAPAR PARTICIPACOES S.A.;Diretoria Estatutária;2022;17700487.6;8911922.53;6317379.74;6.25;6.25;55699515.84;2025;8911922.534400001;;False;2025;2025-12-31;5;154593;Oil;Ultrapar;
33.256.439/0001-39;ULTRAPAR PARTICIPACOES S.A.;Diretoria Estatutária;2023;21026470.62;11868329.98;8686550.66;5.3;5.3;62935116.5;2026;11874550.283018868;;False;2026;2026-12-31;2;158948;Oil;Ultrapar;
33.256.439/0001-39;ULTRAPAR PARTICIPACOES S.A.;Diretoria Estatutária;2024;36583760.25;15676459.06;9506245.82;5.0;5.0;78382295.3;2026;15676459.059999999;;False;2026;2026-12-31;2;158948;Oil;Ultrapar;
33.256.439/0001-39;ULTRAPAR PARTICIPACOES S.A.;Diretoria Estatutária;2025;52352053.95;19819640.09;1347268.36;4.67;4.67;92491653.75;2026;19805493.308351178;;False;2026;2026-12-31;2;158948;Oil;Ultrapar;
33.256.439/0001-39;ULTRAPAR PARTICIPACOES S.A.;Conselho de Administração;2009;955200.0;328200.0;211200.0;8.0;0.0;2625600.0;2012;;;False;2012;2012-01-01;6;35316;Oil;Ultrapar;
33.256.439/0001-39;ULTRAPAR PARTICIPACOES S.A.;Conselho de Administração;2010;1005600.0;348000.0;225600.0;8.0;0.0;2784000.0;2013;;;False;2013;2013-01-01;4;36511;Oil;Ultrapar;
33.256.439/0001-39;ULTRAPAR PARTICIPACOES S.A.;Conselho de Administração;2011;1080000.0;366000.0;244800.0;8.67;0.0;3172800.0;2014;;;False;2014;2014-01-01;6;47400;Oil;Ultrapar;
33.256.439/0001-39;ULTRAPAR PARTICIPACOES S.A.;Conselho de Administração;2012;1176000.0;392500.0;266400.0;9.0;0.0;3798400.0;2015;;;False;2015;2015-01-01;6;55247;Oil;Ultrapar;
33.256.439/0001-39;ULTRAPAR PARTICIPACOES S.A.;Conselho de Administração;2013;1279300.0;450600.0;289200.0;9.0;9.0;4055600.0;2016;450622.22222222225;;False;2016;2016-01-01;5;65896;Oil;Ultrapar;
33.256.439/0001-39;ULTRAPAR PARTICIPACOES S.A.;Conselho de Administração;2014;1376200.0;490000.0;311500.0;9.0;9.0;4409800.0;2017;489977.77777777775;;False;2017;2017-01-01;11;74354;Oil;Ultrapar;
33.256.439/0001-39;ULTRAPAR PARTICIPACOES S.A.;Conselho de Administração;2015;1493100.0;599000.0;399500.0;8.83;8.83;5289500.0;2018;599037.3725934315;;False;2018;2018-01-01;9;82933;Oil;Ultrapar;
33.256.439/0001-39;ULTRAPAR PARTICIPACOES S.A.;Conselho de Administração;2016;1526400.0;635700.0;432000.0;9.0;9.0;5721600.0;2019;635733.3333333334;;False;2019;2019-01-01;11;92491;Oil;Ultrapar;
33.256.439/0001-39;ULTRAPAR PARTICIPACOES S.A.;Conselho de Administração;2017;1667520.0;728000.0;492480.0;9.0;9.0;6552000.0;2020;728000.0;;False;2020;2020-01-01;8;103055;Oil;Ultrapar;
33.256.439/0001-39;ULTRAPAR PARTICIPACOES S.A.;Conselho de Administração;2018;1344000.0;656902.76;432000.0;8.33;8.33;5472000.0;2021;656902.7611044417;;False;2021;2021-01-01;10;115454;Oil;Ultrapar;
33.256.439/0001-39;ULTRAPAR PARTICIPACOES S.A.;Conselho de Administração;2019;1740600.0;737006.37;504500.0;9.42;9.42;7736266.67;2022;821259.7314225053;media != total/n_remunerados;False;2022;2022-01-01;7;125889;Oil;Ultrapar;
33.256.439/0001-39;ULTRAPAR PARTICIPACOES S.A.;Conselho de Administração;2020;1800000.0;899709.68;720000.0;10.33;10.33;9297000.0;2023;900000.0;;False;2023;2023-12-31;7;137601;Oil;Ultrapar;
33.256.439/0001-39;ULTRAPAR PARTICIPACOES S.A.;Conselho de Administração;2021;2014166.67;970965.91;799166.67;11.0;11.0;10680625.01;2024;970965.91;;False;2024;2024-12-31;7;146605;Oil;Ultrapar;
33.256.439/0001-39;ULTRAPAR PARTICIPACOES S.A.;Conselho de Administração;2022;2100000.0;1026783.38;630000.0;10.0;10.0;10267833.83;2025;1026783.383;;False;2025;2025-12-31;5;154593;Oil;Ultrapar;
33.256.439/0001-39;ULTRAPAR PARTICIPACOES S.A.;Conselho de Administração;2023;2044710.0;1143980.23;979860.0;9.3;8.6;9838230.0;2026;1143980.2325581396;;False;2026;2026-12-31;2;158948;Oil;Ultrapar;
33.256.439/0001-39;ULTRAPAR PARTICIPACOES S.A.;Conselho de Administração;2024;2444280.0;1187155.0;973280.0;9.0;8.0;9497240.0;2026;1187155.0;;False;2026;2026-12-31;2;158948;Oil;Ultrapar;
33.256.439/0001-39;ULTRAPAR PARTICIPACOES S.A.;Conselho de Administração;2025;1886622.38;1335889.8;1075381.47;9.0;8.75;11689035.73;2026;1335889.7977142858;;False;2026;2026-12-31;2;158948;Oil;Ultrapar;
33.256.439/0001-39;ULTRAPAR PARTICIPACOES S.A.;Conselho Fiscal;2009;121000.0;115200.0;112300.0;5.0;0.0;576000.0;2012;;;False;2012;2012-01-01;6;35316;Oil;Ultrapar;
33.256.439/0001-39;ULTRAPAR PARTICIPACOES S.A.;Conselho Fiscal;2010;144000.0;138000.0;133900.0;5.0;0.0;689760.0;2013;;;False;2013;2013-01-01;4;36511;Oil;Ultrapar;
33.256.439/0001-39;ULTRAPAR PARTICIPACOES S.A.;Conselho Fiscal;2011;162300.0;155500.0;151000.0;5.0;0.0;777552.0;2014;;;False;2014;2014-01-01;6;47400;Oil;Ultrapar;
33.256.439/0001-39;ULTRAPAR PARTICIPACOES S.A.;Conselho Fiscal;2012;177400.0;162900.0;168200.0;3.67;0.0;597900.0;2015;;media fora do intervalo min-max;False;2015;2015-01-01;6;55247;Oil;Ultrapar;
33.256.439/0001-39;ULTRAPAR PARTICIPACOES S.A.;Conselho Fiscal;2013;192100.0;183200.0;178700.0;3.0;3.0;549500.0;2016;183166.66666666666;;False;2016;2016-01-01;5;65896;Oil;Ultrapar;
33.256.439/0001-39;ULTRAPAR PARTICIPACOES S.A.;Conselho Fiscal;2014;206500.0;197100.0;192300.0;3.0;3.0;591200.0;2017;197066.66666666666;;False;2017;2017-01-01;11;74354;Oil;Ultrapar;
33.256.439/0001-39;ULTRAPAR PARTICIPACOES S.A.;Conselho Fiscal;2015;224900.0;212900.0;208500.0;3.0;3.0;638800.0;2018;212933.33333333334;;False;2018;2018-01-01;9;82933;Oil;Ultrapar;
33.256.439/0001-39;ULTRAPAR PARTICIPACOES S.A.;Conselho Fiscal;2016;254200.0;232400.0;227500.0;6.0;3.0;697200.0;2019;232400.0;;False;2019;2019-01-01;11;92491;Oil;Ultrapar;
33.256.439/0001-39;ULTRAPAR PARTICIPACOES S.A.;Conselho Fiscal;2017;262080.0;252266.4;242452.8;6.0;3.0;747600.0;2020;249200.0;media != total/n_remunerados;False;2020;2020-01-01;8;103055;Oil;Ultrapar;
33.256.439/0001-39;ULTRAPAR PARTICIPACOES S.A.;Conselho Fiscal;2018;205320.0;215062.36;149427.07;6.0;3.0;645190.0;2021;215063.33333333334;media fora do intervalo min-max;False;2021;2021-01-01;10;115454;Oil;Ultrapar;
33.256.439/0001-39;ULTRAPAR PARTICIPACOES S.A.;Conselho Fiscal;2019;249166.67;273585.56;148857.0;6.0;3.0;627090.0;2022;209030.0;"media fora do intervalo min-max; media != total/n_remunerados";False;2022;2022-01-01;7;125889;Oil;Ultrapar;
33.256.439/0001-39;ULTRAPAR PARTICIPACOES S.A.;Conselho Fiscal;2020;251866.67;223054.22;208648.0;6.0;3.0;669162.67;2023;223054.22333333336;;False;2023;2023-12-31;7;137601;Oil;Ultrapar;
33.256.439/0001-39;ULTRAPAR PARTICIPACOES S.A.;Conselho Fiscal;2021;244800.0;252683.33;218566.66;6.0;3.0;758049.99;2024;252683.33;media fora do intervalo min-max;False;2024;2024-12-31;7;146605;Oil;Ultrapar;
33.256.439/0001-39;ULTRAPAR PARTICIPACOES S.A.;Conselho Fiscal;2022;336518.87;265466.01;229955.0;6.0;3.0;796398.04;2025;265466.01333333337;;False;2025;2025-12-31;5;154593;Oil;Ultrapar;
33.256.439/0001-39;ULTRAPAR PARTICIPACOES S.A.;Conselho Fiscal;2023;352563.67;276141.22;352563.67;6.0;3.0;828423.67;2026;276141.2233333333;media fora do intervalo min-max;False;2026;2026-12-31;2;158948;Oil;Ultrapar;
33.256.439/0001-39;ULTRAPAR PARTICIPACOES S.A.;Conselho Fiscal;2024;360000.0;289661.06;240000.0;6.0;3.0;868983.19;2026;289661.0633333333;;False;2026;2026-12-31;2;158948;Oil;Ultrapar;
33.256.439/0001-39;ULTRAPAR PARTICIPACOES S.A.;Conselho Fiscal;2025;105000.0;87388.4;0.01;6.0;3.0;262165.19;2026;87388.39666666667;;False;2026;2026-12-31;2;158948;Oil;Ultrapar;
33.592.510/0001-54;VALE S.A.;Diretoria Estatutária;2015;22966378.0;11663078.35;7290389.18;8.0;8.0;93304626.83;2018;11663078.35375;;False;2018;2018-01-01;19;83476;Metals;Vale;
33.592.510/0001-54;VALE S.A.;Diretoria Estatutária;2016;10745723.58;7679998.68;3805919.53;7.55;7.55;57983990.0;2019;7679998.675496689;;False;2019;2019-01-01;32;93256;Metals;Vale;
33.592.510/0001-54;VALE S.A.;Diretoria Estatutária;2017;58539091.15;23837328.66;7279805.88;6.77;6.77;161378715.06;2020;23837328.664697196;;False;2020;2020-01-01;26;104585;Metals;Vale;
33.592.510/0001-54;VALE S.A.;Diretoria Estatutária;2018;22625108.16;27683502.09;5255131.28;6.0;6.0;166101012.52;2021;27683502.08666667;media fora do intervalo min-max;False;2021;2021-01-01;22;115792;Metals;Vale;
33.592.510/0001-54;VALE S.A.;Diretoria Estatutária;2019;15102649.02;12359524.81;3281499.41;6.91;6.91;85404316.42;2022;12359524.807525326;;False;2022;2022-01-01;15;127293;Metals;Vale;
33.592.510/0001-54;VALE S.A.;Diretoria Estatutária;2020;31517607.55;23836572.62;6668017.46;6.35;6.35;165421432.65;2023;26050619.314960632;media != total/n_remunerados;False;2023;2023-12-31;22;137025;Metals;Vale;
33.592.510/0001-54;VALE S.A.;Diretoria Estatutária;2021;55144333.69;21394892.66;11309940.55;8.61;8.61;184210025.79;2024;21394892.658536587;;False;2024;2024-12-31;23;147435;Metals;Vale;
33.592.510/0001-54;VALE S.A.;Diretoria Estatutária;2022;59948669.98;21375533.7;7351596.64;9.59;9.59;204991368.16;2025;21375533.69760167;;False;2025;2025-12-31;17;157225;Metals;Vale;
33.592.510/0001-54;VALE S.A.;Diretoria Estatutária;2023;52679121.47;18643521.55;6962648.6;9.06;9.06;168910305.25;2026;18643521.550772626;;False;2026;2026-12-31;9;160307;Metals;Vale;
33.592.510/0001-54;VALE S.A.;Diretoria Estatutária;2024;51806516.93;18525989.89;7578474.91;9.17;9.17;169821574.02;2026;18519255.61832061;;False;2026;2026-12-31;9;160307;Metals;Vale;
33.592.510/0001-54;VALE S.A.;Diretoria Estatutária;2025;33705216.63;23035163.49;7703494.1;6.25;6.25;155487353.58;2026;24877976.572800003;media != total/n_remunerados;False;2026;2026-12-31;9;160307;Metals;Vale;
33.592.510/0001-54;VALE S.A.;Conselho de Administração;2015;360000.0;246239.77;170000.0;21.0;19.0;4678555.71;2018;246239.77421052632;;False;2018;2018-01-01;19;83476;Metals;Vale;
33.592.510/0001-54;VALE S.A.;Conselho de Administração;2016;500000.0;267225.87;114408.72;20.5;19.75;5277711.0;2019;267225.87341772154;;False;2019;2019-01-01;32;93256;Metals;Vale;
33.592.510/0001-54;VALE S.A.;Conselho de Administração;2017;960000.0;451376.37;480000.0;14.92;14.92;6734535.39;2020;451376.3666219839;media fora do intervalo min-max;False;2020;2020-01-01;26;104585;Metals;Vale;
33.592.510/0001-54;VALE S.A.;Conselho de Administração;2018;1087301.28;632150.35;540000.0;12.08;12.08;7636376.27;2021;632150.3534768211;;False;2021;2021-01-01;22;115792;Metals;Vale;
33.592.510/0001-54;VALE S.A.;Conselho de Administração;2019;1224000.0;765925.02;540000.0;12.92;12.92;9895751.2;2022;765925.0154798761;;False;2022;2022-01-01;15;127293;Metals;Vale;
33.592.510/0001-54;VALE S.A.;Conselho de Administração;2020;1515887.77;924518.13;697332.64;13.25;13.25;14560371.74;2023;1098895.9803773586;media != total/n_remunerados;False;2023;2023-12-31;22;137025;Metals;Vale;
33.592.510/0001-54;VALE S.A.;Conselho de Administração;2021;2042308.16;1181522.42;765011.5;13.25;13.25;15655172.08;2024;1181522.4211320754;;False;2024;2024-12-31;23;147435;Metals;Vale;
33.592.510/0001-54;VALE S.A.;Conselho de Administração;2022;2578118.67;1345027.8;759315.96;13.42;13.42;18045789.64;2025;1344693.7138599106;;False;2025;2025-12-31;17;157225;Metals;Vale;
33.592.510/0001-54;VALE S.A.;Conselho de Administração;2023;2752998.17;1593842.05;902521.11;13.25;13.25;20965493.71;2026;1582301.4120754718;;False;2026;2026-12-31;9;160307;Metals;Vale;
33.592.510/0001-54;VALE S.A.;Conselho de Administração;2024;3367516.42;1690663.61;1166025.68;12.25;12.25;20679416.8;2026;1688115.657142857;;False;2026;2026-12-31;9;160307;Metals;Vale;
33.592.510/0001-54;VALE S.A.;Conselho de Administração;2025;3227961.29;1749918.81;1255710.18;13.25;13.25;22120328.71;2026;1669458.7705660379;media != total/n_remunerados;False;2026;2026-12-31;9;160307;Metals;Vale;
33.592.510/0001-54;VALE S.A.;Conselho Fiscal;2015;330070.79;315938.45;330070.79;4.75;4.75;1500707.62;2018;315938.4463157895;media fora do intervalo min-max;False;2018;2018-01-01;19;83476;Metals;Vale;
33.592.510/0001-54;VALE S.A.;Conselho Fiscal;2016;382789.28;352692.0;318991.07;5.0;5.0;1763460.0;2019;352692.0;;False;2019;2019-01-01;32;93256;Metals;Vale;
33.592.510/0001-54;VALE S.A.;Conselho Fiscal;2017;403074.07;405894.89;403074.07;4.82;4.82;1956413.37;2020;405894.89004149375;media fora do intervalo min-max;False;2020;2020-01-01;26;104585;Metals;Vale;
33.592.510/0001-54;VALE S.A.;Conselho Fiscal;2018;409332.42;409332.42;409332.42;5.0;5.0;2046662.1;2021;409332.42000000004;;False;2021;2021-01-01;22;115792;Metals;Vale;
33.592.510/0001-54;VALE S.A.;Conselho Fiscal;2019;440116.55;440140.4;440116.55;5.0;5.0;2200752.0;2022;440150.4;media fora do intervalo min-max;False;2022;2022-01-01;15;127293;Metals;Vale;
33.592.510/0001-54;VALE S.A.;Conselho Fiscal;2020;348453.88;331530.08;263834.86;4.75;4.75;2017089.46;2023;424650.4126315789;media != total/n_remunerados;False;2023;2023-12-31;22;137025;Metals;Vale;
33.592.510/0001-54;VALE S.A.;Conselho Fiscal;2021;314510.58;314510.58;314510.58;5.0;5.0;1572552.9;2024;314510.57999999996;;False;2024;2024-12-31;23;147435;Metals;Vale;
33.592.510/0001-54;VALE S.A.;Conselho Fiscal;2022;326794.51;326794.51;326794.51;5.0;5.0;1633972.55;2025;326794.51;;False;2025;2025-12-31;17;157225;Metals;Vale;
33.592.510/0001-54;VALE S.A.;Conselho Fiscal;2023;335529.77;335529.77;335529.77;5.0;5.0;1677648.85;2026;335529.77;;False;2026;2026-12-31;9;160307;Metals;Vale;
33.592.510/0001-54;VALE S.A.;Conselho Fiscal;2024;352116.96;352116.96;352116.96;5.08;5.08;1789927.88;2026;352348.0078740157;;False;2026;2026-12-31;9;160307;Metals;Vale;
33.592.510/0001-54;VALE S.A.;Conselho Fiscal;2025;353054.75;353054.75;353054.75;5.0;5.0;1765273.73;2026;353054.746;;False;2026;2026-12-31;9;160307;Metals;Vale;
34.274.233/0001-02;VIBRA ENERGIA S/A;Diretoria Estatutária;2014;2098807.56;2006049.14;1660590.68;4.25;4.25;8525708.86;2017;2006049.1435294116;;False;2017;2017-01-01;8;73899;Oil;Vibra;
34.274.233/0001-02;VIBRA ENERGIA S/A;Diretoria Estatutária;2015;1437413.38;1728025.92;792216.68;4.58;4.58;7914358.74;2018;1728025.9257641921;media fora do intervalo min-max;False;2018;2018-01-01;9;82715;Oil;Vibra;
34.274.233/0001-02;VIBRA ENERGIA S/A;Diretoria Estatutária;2016;2144880.19;2014165.05;2076621.56;4.42;4.42;8902609.54;2019;2014165.0542986423;media fora do intervalo min-max;False;2019;2019-01-01;17;94297;Oil;Vibra;
34.274.233/0001-02;VIBRA ENERGIA S/A;Diretoria Estatutária;2017;2175932.47;2098515.45;1973082.79;4.58;4.58;9611200.78;2020;2098515.4541484714;;False;2020;2020-01-01;7;103075;Oil;Vibra;
34.274.233/0001-02;VIBRA ENERGIA S/A;Diretoria Estatutária;2018;2290754.56;2096161.07;1976252.71;4.83;4.83;10124457.96;2021;2096161.0683229815;;False;2021;2021-01-01;16;115774;Oil;Vibra;
34.274.233/0001-02;VIBRA ENERGIA S/A;Diretoria Estatutária;2019;1899838.75;2085716.95;1899838.75;4.75;4.75;9907155.52;2022;2085716.9515789472;media fora do intervalo min-max;False;2022;2022-01-01;19;126115;Oil;Vibra;
34.274.233/0001-02;VIBRA ENERGIA S/A;Diretoria Estatutária;2020;4576024.69;3023848.46;2031314.35;5.0;5.0;15119242.32;2023;3023848.464;;False;2023;2023-12-31;22;138000;Oil;Vibra;
34.274.233/0001-02;VIBRA ENERGIA S/A;Diretoria Estatutária;2021;11241384.86;6291638.38;4116919.3;4.67;4.67;29381951.23;2024;6291638.379014989;;False;2024;2024-12-31;19;148521;Oil;Vibra;
34.274.233/0001-02;VIBRA ENERGIA S/A;Diretoria Estatutária;2022;9578039.66;6947356.93;4422661.01;5.0;4.67;32444156.87;2025;6947356.931477516;;False;2025;2025-12-31;18;156489;Oil;Vibra;
34.274.233/0001-02;VIBRA ENERGIA S/A;Diretoria Estatutária;2023;16462768.52;9253732.45;5723989.6;5.08;5.08;47008960.85;2026;9253732.4507874;;False;2026;2026-12-31;3;159172;Oil;Vibra;
34.274.233/0001-02;VIBRA ENERGIA S/A;Diretoria Estatutária;2024;23655443.75;9681784.06;5394190.29;6.08;6.08;58865247.09;2026;9681784.060855264;;False;2026;2026-12-31;3;159172;Oil;Vibra;
34.274.233/0001-02;VIBRA ENERGIA S/A;Diretoria Estatutária;2025;28365195.15;10280155.79;4977366.14;6.0;6.0;61680934.74;2026;10280155.790000001;;False;2026;2026-12-31;3;159172;Oil;Vibra;
34.274.233/0001-02;VIBRA ENERGIA S/A;Conselho de Administração;2014;133633.04;133633.04;133633.04;10.0;10.0;1336330.44;2017;133633.044;;False;2017;2017-01-01;8;73899;Oil;Vibra;
34.274.233/0001-02;VIBRA ENERGIA S/A;Conselho de Administração;2015;129949.81;141848.41;14361.48;9.83;9.42;1336212.04;2018;141848.4118895966;media fora do intervalo min-max;False;2018;2018-01-01;9;82715;Oil;Vibra;
34.274.233/0001-02;VIBRA ENERGIA S/A;Conselho de Administração;2016;157408.88;153372.21;157408.88;8.5;8.0;1226977.7;2019;153372.2125;media fora do intervalo min-max;False;2019;2019-01-01;17;94297;Oil;Vibra;
34.274.233/0001-02;VIBRA ENERGIA S/A;Conselho de Administração;2017;151577.28;148345.78;127540.57;8.92;8.92;1325696.71;2020;148620.70739910315;;False;2020;2020-01-01;7;103075;Oil;Vibra;
34.274.233/0001-02;VIBRA ENERGIA S/A;Conselho de Administração;2018;141781.44;140236.76;141781.44;9.67;9.67;1356089.46;2021;140236.75904860394;media fora do intervalo min-max;False;2021;2021-01-01;16;115774;Oil;Vibra;
34.274.233/0001-02;VIBRA ENERGIA S/A;Conselho de Administração;2019;149686.84;164985.33;7819.46;8.75;8.75;1443621.62;2021;164985.328;media fora do intervalo min-max;False;2021;2021-01-01;16;115774;Oil;Vibra;
34.274.233/0001-02;VIBRA ENERGIA S/A;Conselho de Administração;2020;1466682.64;1235429.48;1080000.0;9.0;9.0;11118865.28;2023;1235429.4755555554;;False;2023;2023-12-31;22;138000;Oil;Vibra;
34.274.233/0001-02;VIBRA ENERGIA S/A;Conselho de Administração;2021;1680658.3;1514893.77;1370048.2;9.0;9.0;13634043.9;2024;1514893.7666666666;;False;2024;2024-12-31;19;148521;Oil;Vibra;
34.274.233/0001-02;VIBRA ENERGIA S/A;Conselho de Administração;2022;1890370.89;1639835.62;1673870.89;9.0;9.0;14758520.6;2025;1639835.6222222222;media fora do intervalo min-max;False;2025;2025-12-31;18;156489;Oil;Vibra;
34.274.233/0001-02;VIBRA ENERGIA S/A;Conselho de Administração;2023;1781930.07;1424821.6;1449436.23;8.58;8.58;12224969.35;2026;1424821.6025641025;media fora do intervalo min-max;False;2026;2026-12-31;3;159172;Oil;Vibra;
34.274.233/0001-02;VIBRA ENERGIA S/A;Conselho de Administração;2024;2844455.42;1715203.11;1641462.87;7.5;7.5;12864023.38;2026;1715203.1173333335;;False;2026;2026-12-31;3;159172;Oil;Vibra;
34.274.233/0001-02;VIBRA ENERGIA S/A;Conselho de Administração;2025;3757560.04;2164935.6;1878772.73;6.75;6.75;14613315.32;2026;2164935.602962963;;False;2026;2026-12-31;3;159172;Oil;Vibra;
34.274.233/0001-02;VIBRA ENERGIA S/A;Conselho Fiscal;2014;133633.04;138006.71;133633.04;5.0;5.0;690033.55;2017;138006.71000000002;media fora do intervalo min-max;False;2017;2017-01-01;8;73899;Oil;Vibra;
34.274.233/0001-02;VIBRA ENERGIA S/A;Conselho Fiscal;2015;144311.29;148396.38;144311.29;5.0;5.0;741981.88;2018;148396.376;media fora do intervalo min-max;False;2018;2018-01-01;9;82715;Oil;Vibra;
34.274.233/0001-02;VIBRA ENERGIA S/A;Conselho Fiscal;2016;157408.88;152894.85;157408.88;3.67;3.67;561124.09;2019;152894.84741144415;media fora do intervalo min-max;False;2019;2019-01-01;17;94297;Oil;Vibra;
34.274.233/0001-02;VIBRA ENERGIA S/A;Conselho Fiscal;2017;152765.14;151991.1;127502.26;3.0;3.0;458349.01;2020;152783.00333333333;;False;2020;2020-01-01;7;103075;Oil;Vibra;
34.274.233/0001-02;VIBRA ENERGIA S/A;Conselho Fiscal;2018;141781.44;142029.67;141781.44;3.0;3.0;426089.02;2021;142029.67333333334;media fora do intervalo min-max;False;2021;2021-01-01;16;115774;Oil;Vibra;
34.274.233/0001-02;VIBRA ENERGIA S/A;Conselho Fiscal;2019;134047.92;133303.21;134047.92;3.0;3.0;399909.63;2022;133303.21;media fora do intervalo min-max;False;2022;2022-01-01;19;126115;Oil;Vibra;
34.274.233/0001-02;VIBRA ENERGIA S/A;Conselho Fiscal;2020;237528.96;237528.96;237528.96;3.0;3.0;712586.88;2023;237528.96;;False;2023;2023-12-31;22;138000;Oil;Vibra;
34.274.233/0001-02;VIBRA ENERGIA S/A;Conselho Fiscal;2021;270000.0;259500.0;270000.0;3.0;3.0;778500.0;2024;259500.0;media fora do intervalo min-max;False;2024;2024-12-31;19;148521;Oil;Vibra;
34.274.233/0001-02;VIBRA ENERGIA S/A;Conselho Fiscal;2022;270000.0;270000.0;270000.0;3.0;3.0;810000.0;2025;270000.0;;False;2025;2025-12-31;18;156489;Oil;Vibra;
34.274.233/0001-02;VIBRA ENERGIA S/A;Conselho Fiscal;2023;270000.0;269250.0;270000.0;3.0;3.0;807750.0;2026;269250.0;media fora do intervalo min-max;False;2026;2026-12-31;3;159172;Oil;Vibra;
34.274.233/0001-02;VIBRA ENERGIA S/A;Conselho Fiscal;2024;286083.0;286083.0;286083.0;3.0;3.0;858249.0;2026;286083.0;;False;2026;2026-12-31;3;159172;Oil;Vibra;
34.274.233/0001-02;VIBRA ENERGIA S/A;Conselho Fiscal;2025;291444.0;234234.62;291444.0;3.0;3.0;896999.86;2026;298999.9533333333;"media fora do intervalo min-max; media != total/n_remunerados";False;2026;2026-12-31;3;159172;Oil;Vibra;
33.839.910/0001-11;VIVARA PARTICIPAÇÕES S.A.;Diretoria Estatutária;2016;196728.92;116229.46;35730.0;2.0;2.0;197205.65;2019;98602.825;media != total/n_remunerados;False;2019;2019-01-01;9;92309;Retail;Vivara;
33.839.910/0001-11;VIVARA PARTICIPAÇÕES S.A.;Diretoria Estatutária;2017;1025922.78;375462.1;125023.95;4.0;4.0;1501848.38;2020;375462.095;;False;2020;2020-01-01;11;104784;Retail;Vivara;
33.839.910/0001-11;VIVARA PARTICIPAÇÕES S.A.;Diretoria Estatutária;2018;867166.72;401345.58;138878.72;4.0;4.0;1605382.32;2021;401345.58;;False;2021;2021-01-01;11;115503;Retail;Vivara;
33.839.910/0001-11;VIVARA PARTICIPAÇÕES S.A.;Diretoria Estatutária;2019;5669994.96;2658809.23;1872085.88;6.0;6.0;15952855.44;2022;2658809.2399999998;;False;2022;2022-01-01;9;127221;Retail;Vivara;
33.839.910/0001-11;VIVARA PARTICIPAÇÕES S.A.;Diretoria Estatutária;2020;2174900.0;1597861.14;752000.0;5.0;5.0;8388771.0;2023;1677754.2;media != total/n_remunerados;False;2023;2023-12-31;10;136574;Retail;Vivara;
33.839.910/0001-11;VIVARA PARTICIPAÇÕES S.A.;Diretoria Estatutária;2021;2860000.0;2053705.29;1560636.0;3.4;3.4;6982598.0;2024;2053705.2941176472;;False;2024;2024-12-31;14;147740;Retail;Vivara;
33.839.910/0001-11;VIVARA PARTICIPAÇÕES S.A.;Diretoria Estatutária;2022;3993628.24;2854702.85;2429951.46;5.25;5.25;14987189.96;2025;2854702.8495238097;;False;2025;2025-12-31;11;157501;Retail;Vivara;
33.839.910/0001-11;VIVARA PARTICIPAÇÕES S.A.;Diretoria Estatutária;2023;4622160.09;4888959.29;2569462.88;4.25;4.25;20778077.0;2026;4888959.294117647;media fora do intervalo min-max;False;2026;2026-12-31;4;161004;Retail;Vivara;
33.839.910/0001-11;VIVARA PARTICIPAÇÕES S.A.;Diretoria Estatutária;2024;3946927.67;3588723.66;491575.29;3.17;3.17;11376254.0;2026;3588723.659305994;;False;2026;2026-12-31;4;161004;Retail;Vivara;
33.839.910/0001-11;VIVARA PARTICIPAÇÕES S.A.;Diretoria Estatutária;2025;4544587.0;3145767.08;2637629.0;3.25;3.25;10223743.0;2026;3145767.076923077;;False;2026;2026-12-31;4;161004;Retail;Vivara;
33.839.910/0001-11;VIVARA PARTICIPAÇÕES S.A.;Conselho de Administração;2016;0.0;0.0;0.0;0.0;0.0;0.0;2019;;;False;2019;2019-01-01;9;92309;Retail;Vivara;
33.839.910/0001-11;VIVARA PARTICIPAÇÕES S.A.;Conselho de Administração;2017;0.0;0.0;0.0;0.0;0.0;0.0;2020;;;False;2020;2020-01-01;11;104784;Retail;Vivara;
33.839.910/0001-11;VIVARA PARTICIPAÇÕES S.A.;Conselho de Administração;2018;0.0;0.0;0.0;0.0;0.0;0.0;2021;;;False;2021;2021-01-01;11;115503;Retail;Vivara;
33.839.910/0001-11;VIVARA PARTICIPAÇÕES S.A.;Conselho de Administração;2019;260000.0;140000.0;100000.0;5.0;4.0;560000.0;2022;140000.0;;False;2022;2022-01-01;9;127221;Retail;Vivara;
33.839.910/0001-11;VIVARA PARTICIPAÇÕES S.A.;Conselho de Administração;2020;780000.0;420000.0;300000.0;5.0;4.0;1680000.0;2023;420000.0;;False;2023;2023-12-31;10;136574;Retail;Vivara;
33.839.910/0001-11;VIVARA PARTICIPAÇÕES S.A.;Conselho de Administração;2021;780000.0;405422.56;300000.0;5.0;4.92;1994679.0;2024;405422.56097560975;;False;2024;2024-12-31;14;147740;Retail;Vivara;
33.839.910/0001-11;VIVARA PARTICIPAÇÕES S.A.;Conselho de Administração;2022;1156191.13;571559.6;425401.75;5.0;5.0;2857798.0;2025;571559.6;;False;2025;2025-12-31;11;157501;Retail;Vivara;
33.839.910/0001-11;VIVARA PARTICIPAÇÕES S.A.;Conselho de Administração;2023;1542900.42;729274.36;559641.72;5.0;4.33;3157758.0;2026;729274.3648960739;;False;2026;2026-12-31;4;161004;Retail;Vivara;
33.839.910/0001-11;VIVARA PARTICIPAÇÕES S.A.;Conselho de Administração;2024;936000.0;761882.15;360000.0;5.0;3.25;2476117.0;2026;761882.1538461539;;False;2026;2026-12-31;4;161004;Retail;Vivara;
33.839.910/0001-11;VIVARA PARTICIPAÇÕES S.A.;Conselho de Administração;2025;360000.0;387738.42;90000.0;4.75;3.67;1423000.0;2026;387738.4196185286;media fora do intervalo min-max;False;2026;2026-12-31;4;161004;Retail;Vivara;
33.839.910/0001-11;VIVARA PARTICIPAÇÕES S.A.;Conselho Fiscal;2016;0.0;0.0;0.0;0.0;0.0;0.0;2019;;;False;2019;2019-01-01;9;92309;Retail;Vivara;
33.839.910/0001-11;VIVARA PARTICIPAÇÕES S.A.;Conselho Fiscal;2017;0.0;0.0;0.0;0.0;0.0;0.0;2020;;;False;2020;2020-01-01;11;104784;Retail;Vivara;
33.839.910/0001-11;VIVARA PARTICIPAÇÕES S.A.;Conselho Fiscal;2018;0.0;0.0;0.0;0.0;0.0;0.0;2021;;;False;2021;2021-01-01;11;115503;Retail;Vivara;
33.839.910/0001-11;VIVARA PARTICIPAÇÕES S.A.;Conselho Fiscal;2019;0.0;0.0;0.0;0.0;0.0;0.0;2022;;;False;2022;2022-01-01;9;127221;Retail;Vivara;
33.839.910/0001-11;VIVARA PARTICIPAÇÕES S.A.;Conselho Fiscal;2020;0.0;0.0;0.0;0.0;0.0;0.0;2023;;;False;2023;2023-12-31;10;136574;Retail;Vivara;
33.839.910/0001-11;VIVARA PARTICIPAÇÕES S.A.;Conselho Fiscal;2021;0.0;0.0;0.0;0.0;0.0;0.0;2024;;;False;2024;2024-12-31;14;147740;Retail;Vivara;
33.839.910/0001-11;VIVARA PARTICIPAÇÕES S.A.;Conselho Fiscal;2022;0.0;0.0;0.0;0.0;0.0;0.0;2025;;;False;2025;2025-12-31;11;157501;Retail;Vivara;
33.839.910/0001-11;VIVARA PARTICIPAÇÕES S.A.;Conselho Fiscal;2023;0.0;0.0;0.0;0.0;0.0;0.0;2026;;;False;2026;2026-12-31;4;161004;Retail;Vivara;
33.839.910/0001-11;VIVARA PARTICIPAÇÕES S.A.;Conselho Fiscal;2024;0.0;0.0;0.0;0.0;0.0;0.0;2026;;;False;2026;2026-12-31;4;161004;Retail;Vivara;
33.839.910/0001-11;VIVARA PARTICIPAÇÕES S.A.;Conselho Fiscal;2025;124500.0;166000.0;124500.0;2.25;2.25;373500.0;2026;166000.0;media fora do intervalo min-max;False;2026;2026-12-31;4;161004;Retail;Vivara;
84.429.695/0001-11;WEG S.A.;Diretoria Estatutária;2009;125000.0;101586.35;67000.0;7.0;0.0;711104.42;2012;;;False;2012;2012-01-01;10;27101;Industrials;WEG;
84.429.695/0001-11;WEG S.A.;Diretoria Estatutária;2010;155422.72;92320.86;56428.81;11.17;0.0;1031224.0;2013;;;False;2013;2013-01-01;16;37196;Industrials;WEG;
84.429.695/0001-11;WEG S.A.;Diretoria Estatutária;2011;178971.49;109827.18;80364.62;11.0;0.0;1208099.0;2014;;;False;2014;2014-01-01;17;47607;Industrials;WEG;
84.429.695/0001-11;WEG S.A.;Diretoria Estatutária;2012;230945.65;129786.09;86256.18;12.08;0.0;1567816.0;2015;;;False;2015;2015-01-01;12;55832;Industrials;WEG;
84.429.695/0001-11;WEG S.A.;Diretoria Estatutária;2013;381615.0;184786.42;120766.05;12.67;12.67;2341244.0;2016;184786.42462509865;;False;2016;2016-01-01;14;64512;Industrials;WEG;
84.429.695/0001-11;WEG S.A.;Diretoria Estatutária;2014;417420.78;200751.83;134179.13;12.0;12.0;2409022.0;2017;200751.83333333334;;False;2017;2017-01-01;4;73747;Industrials;WEG;
84.429.695/0001-11;WEG S.A.;Diretoria Estatutária;2015;472279.13;213441.43;139027.57;14.0;14.0;2988180.0;2018;213441.42857142858;;False;2018;2018-01-01;5;82424;Industrials;WEG;
84.429.695/0001-11;WEG S.A.;Diretoria Estatutária;2016;330783.35;147895.77;97374.68;13.92;13.92;2058215.0;2019;147860.27298850575;;False;2019;2019-01-01;5;92784;Industrials;WEG;
84.429.695/0001-11;WEG S.A.;Diretoria Estatutária;2017;484402.61;215820.69;142596.47;13.67;13.67;2949549.0;2020;215768.0321872714;;False;2020;2020-01-01;8;103885;Industrials;WEG;
84.429.695/0001-11;WEG S.A.;Diretoria Estatutária;2018;555878.49;244541.39;152773.35;14.0;14.0;3423579.0;2021;244541.35714285713;;False;2021;2021-01-01;4;114378;Industrials;WEG;
84.429.695/0001-11;WEG S.A.;Diretoria Estatutária;2019;584032.46;264631.02;171925.24;13.25;13.25;3506360.0;2022;264630.9433962264;;False;2022;2022-01-01;5;123176;Industrials;WEG;
84.429.695/0001-11;WEG S.A.;Diretoria Estatutária;2020;573689.28;250931.73;168880.42;13.67;13.67;3430237.0;2023;250931.74835406;;False;2023;2023-12-31;6;136075;Industrials;WEG;
84.429.695/0001-11;WEG S.A.;Diretoria Estatutária;2021;781489.29;336061.05;173437.42;13.0;13.0;4368794.0;2024;336061.07692307694;;False;2024;2024-12-31;5;147065;Industrials;WEG;
84.429.695/0001-11;WEG S.A.;Diretoria Estatutária;2022;1063753.53;439617.3;206506.49;12.5;12.5;5495216.0;2025;439617.28;;False;2025;2025-12-31;7;156519;Industrials;WEG;
84.429.695/0001-11;WEG S.A.;Diretoria Estatutária;2023;1427397.84;604467.11;318943.16;13.0;13.0;7858073.0;2026;604467.1538461539;;False;2026;2026-12-31;2;160163;Industrials;WEG;
84.429.695/0001-11;WEG S.A.;Diretoria Estatutária;2024;921089.91;641064.92;380033.32;13.0;13.0;8333844.0;2026;641064.9230769231;;False;2026;2026-12-31;2;160163;Industrials;WEG;
84.429.695/0001-11;WEG S.A.;Diretoria Estatutária;2025;1247839.56;700772.06;417934.34;12.0;12.0;8467662.41;2026;705638.5341666667;;False;2026;2026-12-31;2;160163;Industrials;WEG;
84.429.695/0001-11;WEG S.A.;Conselho de Administração;2009;442593.47;350792.32;135447.09;7.0;0.0;2455546.27;2012;;;False;2012;2012-01-01;10;27101;Industrials;WEG;
84.429.695/0001-11;WEG S.A.;Conselho de Administração;2010;408412.0;312092.0;142375.52;7.0;0.0;2184644.0;2013;;;False;2013;2013-01-01;16;37196;Industrials;WEG;
84.429.695/0001-11;WEG S.A.;Conselho de Administração;2011;528699.72;364299.71;179183.87;7.0;0.0;2550098.0;2014;;;False;2014;2014-01-01;17;47607;Industrials;WEG;
84.429.695/0001-11;WEG S.A.;Conselho de Administração;2012;566100.11;427576.01;198727.7;7.67;0.0;3279508.0;2015;;;False;2015;2015-01-01;12;55832;Industrials;WEG;
84.429.695/0001-11;WEG S.A.;Conselho de Administração;2013;781520.84;348724.13;236511.89;8.0;8.0;2789793.0;2016;348724.125;;False;2016;2016-01-01;14;64512;Industrials;WEG;
84.429.695/0001-11;WEG S.A.;Conselho de Administração;2014;753516.92;343173.1;228085.66;7.25;7.25;2488005.0;2017;343173.1034482759;;False;2017;2017-01-01;4;73747;Industrials;WEG;
84.429.695/0001-11;WEG S.A.;Conselho de Administração;2015;803162.97;363751.61;227983.81;7.75;7.75;2819075.0;2018;363751.6129032258;;False;2018;2018-01-01;5;82424;Industrials;WEG;
84.429.695/0001-11;WEG S.A.;Conselho de Administração;2016;562663.41;272017.79;222365.87;6.92;6.92;1881457.0;2019;271886.84971098264;;False;2019;2019-01-01;5;92784;Industrials;WEG;
84.429.695/0001-11;WEG S.A.;Conselho de Administração;2017;839207.12;407566.59;328437.42;6.67;6.67;2717111.0;2020;407362.9685157421;;False;2020;2020-01-01;8;103885;Industrials;WEG;
84.429.695/0001-11;WEG S.A.;Conselho de Administração;2018;1133152.94;488525.1;371313.36;7.0;7.0;3419676.0;2021;488525.14285714284;;False;2021;2021-01-01;4;114378;Industrials;WEG;
84.429.695/0001-11;WEG S.A.;Conselho de Administração;2019;1359368.8;566342.21;417902.29;7.0;7.0;3964395.0;2022;566342.1428571428;;False;2022;2022-01-01;5;123176;Industrials;WEG;
84.429.695/0001-11;WEG S.A.;Conselho de Administração;2020;1333919.76;560955.34;412688.38;7.0;7.0;3926686.0;2023;560955.1428571428;;False;2023;2023-12-31;6;136075;Industrials;WEG;
84.429.695/0001-11;WEG S.A.;Conselho de Administração;2021;1821148.24;764092.87;562141.05;7.0;7.0;5348651.0;2024;764093.0;;False;2024;2024-12-31;5;147065;Industrials;WEG;
84.429.695/0001-11;WEG S.A.;Conselho de Administração;2022;2320366.91;994101.96;742795.66;7.0;7.0;6958714.0;2025;994102.0;;False;2025;2025-12-31;7;156519;Industrials;WEG;
84.429.695/0001-11;WEG S.A.;Conselho de Administração;2023;3080628.85;1349525.51;1027070.02;7.0;7.0;9446679.0;2026;1349525.5714285714;;False;2026;2026-12-31;2;160163;Industrials;WEG;
84.429.695/0001-11;WEG S.A.;Conselho de Administração;2024;3435115.0;1501452.3;1137928.0;7.0;7.0;10510166.0;2026;1501452.2857142857;;False;2026;2026-12-31;2;160163;Industrials;WEG;
84.429.695/0001-11;WEG S.A.;Conselho de Administração;2025;3799809.07;1655883.29;1251413.69;7.0;7.0;11591183.05;2026;1655883.2928571429;;False;2026;2026-12-31;2;160163;Industrials;WEG;
84.429.695/0001-11;WEG S.A.;Conselho Fiscal;2009;67200.0;66786.67;67200.0;3.0;0.0;200360.0;2012;;media fora do intervalo min-max;False;2012;2012-01-01;10;27101;Industrials;WEG;
84.429.695/0001-11;WEG S.A.;Conselho Fiscal;2010;70560.0;71057.74;48000.0;4.33;0.0;307680.0;2013;;media fora do intervalo min-max;False;2013;2013-01-01;16;37196;Industrials;WEG;
84.429.695/0001-11;WEG S.A.;Conselho Fiscal;2011;75600.0;74877.38;75600.0;3.67;0.0;274800.0;2014;;media fora do intervalo min-max;False;2014;2014-01-01;17;47607;Industrials;WEG;
84.429.695/0001-11;WEG S.A.;Conselho Fiscal;2012;79080.0;79080.0;79080.0;3.0;0.0;237240.0;2015;;;False;2015;2015-01-01;12;55832;Industrials;WEG;
84.429.695/0001-11;WEG S.A.;Conselho Fiscal;2013;86000.0;86000.0;86000.0;3.0;3.0;258000.0;2016;86000.0;;False;2016;2016-01-01;14;64512;Industrials;WEG;
84.429.695/0001-11;WEG S.A.;Conselho Fiscal;2014;90000.0;90000.0;90000.0;3.0;3.0;270000.0;2017;90000.0;;False;2017;2017-01-01;4;73747;Industrials;WEG;
84.429.695/0001-11;WEG S.A.;Conselho Fiscal;2015;97020.0;97020.0;97020.0;3.0;3.0;291060.0;2018;97020.0;;False;2018;2018-01-01;5;82424;Industrials;WEG;
84.429.695/0001-11;WEG S.A.;Conselho Fiscal;2016;103440.0;103440.0;103440.0;3.0;3.0;310320.0;2019;103440.0;;False;2019;2019-01-01;5;92784;Industrials;WEG;
84.429.695/0001-11;WEG S.A.;Conselho Fiscal;2017;109392.0;109392.0;109392.0;3.0;3.0;328176.0;2020;109392.0;;False;2020;2020-01-01;8;103885;Industrials;WEG;
84.429.695/0001-11;WEG S.A.;Conselho Fiscal;2018;111168.0;111168.0;111168.0;3.0;3.0;332578.0;2021;110859.33333333333;;False;2021;2021-01-01;4;114378;Industrials;WEG;
84.429.695/0001-11;WEG S.A.;Conselho Fiscal;2019;114192.0;114192.0;114192.0;3.0;3.0;342576.0;2022;114192.0;;False;2022;2022-01-01;5;123176;Industrials;WEG;
84.429.695/0001-11;WEG S.A.;Conselho Fiscal;2020;98560.0;98560.0;98560.0;3.0;3.0;295680.0;2023;98560.0;;False;2023;2023-12-31;6;136075;Industrials;WEG;
84.429.695/0001-11;WEG S.A.;Conselho Fiscal;2021;129280.0;129280.0;129280.0;3.0;3.0;387840.0;2024;129280.0;;False;2024;2024-12-31;5;147065;Industrials;WEG;
84.429.695/0001-11;WEG S.A.;Conselho Fiscal;2022;153600.0;153600.0;153600.0;3.0;3.0;460800.0;2025;153600.0;;False;2025;2025-12-31;7;156519;Industrials;WEG;
84.429.695/0001-11;WEG S.A.;Conselho Fiscal;2023;164800.0;164800.0;164800.0;3.0;3.0;494400.0;2026;164800.0;;False;2026;2026-12-31;2;160163;Industrials;WEG;
84.429.695/0001-11;WEG S.A.;Conselho Fiscal;2024;174300.0;174300.0;174300.0;3.0;3.0;522900.0;2026;174300.0;;False;2026;2026-12-31;2;160163;Industrials;WEG;
84.429.695/0001-11;WEG S.A.;Conselho Fiscal;2025;182280.0;182280.0;182280.0;3.0;3.0;546840.0;2026;182280.0;;False;2026;2026-12-31;2;160163;Industrials;WEG;
