cnpj;empresa;exercicio;remuneracao_total;remuneracao_diretoria;remuneracao_conselho_adm;remuneracao_conselho_fiscal;receita;acoes_integralizadas;acoes_tesouraria;acoes_ex_tesouraria;origem_acoes;tickers;preco_medio_ponderado;precos_por_classe;market_cap;rem_sobre_receita_pct;rem_sobre_market_cap_pct;previsao;parcela_previsao;receita_origem;alertas_mercado;setor;apelido
05.878.397/0001-32;ALLOS S.A.;2007;2295000.0;2295000.0;0.0;;;;;;;ON:ALOS3;;;;;;False;0.0;;sem DFP;Malls;Allos
05.878.397/0001-32;ALLOS S.A.;2008;3303000.0;3303000.0;0.0;;;;;;;ON:ALOS3;;;;;;False;0.0;;sem DFP;Malls;Allos
05.878.397/0001-32;ALLOS S.A.;2009;6409000.0;6409000.0;0.0;;154141000.0;;;;;ON:ALOS3;;;;4.157881420258075;;False;0.0;DRE_con 2010;sem quantidade de acoes;Malls;Allos
05.878.397/0001-32;ALLOS S.A.;2010;4153000.0;4153000.0;0.0;;185009000.0;76423831.0;0.0;76423831.0;FRE;ON:ALOS3;;;;2.2447556605354335;;False;0.0;DRE_con 2010;sem cotacao no exercicio;Malls;Allos
05.878.397/0001-32;ALLOS S.A.;2011;5220051.0;5076051.0;144000.0;;219185000.0;76423831.0;0.0;76423831.0;FRE;ON:ALOS3;23.889999389648438;ALOS3 23.89;1825765275.9445953;2.38157310034902;0.28591030121872074;False;0.0;DRE_con 2011;;Malls;Allos
05.878.397/0001-32;ALLOS S.A.;2012;6088229.0;5754941.0;144000.0;189288.0;256851000.0;76423831.0;0.0;76423831.0;FRE;ON:ALOS3;30.549999237060547;ALOS3 30.55;2334747978.743244;2.370334941269452;0.26076600367279007;False;0.0;DRE_con 2012;;Malls;Allos
05.878.397/0001-32;ALLOS S.A.;2013;6015920.0;5755676.0;165600.0;94644.0;275754000.0;76423831.0;0.0;76423831.0;FRE;ON:ALOS3;15.600000381469727;ALOS3 15.60;1192211792.753378;2.181625651849112;0.5046016183170282;False;0.0;DRE_con 2013;;Malls;Allos
05.878.397/0001-32;ALLOS S.A.;2014;6090920.0;5612840.0;273600.0;204480.0;318724000.0;76423831.0;0.0;76423831.0;FRE;ON:ALOS3;15.550000190734863;ALOS3 15.55;1188390586.626689;1.9110327430629637;0.5125351941140334;False;0.0;DRE_con 2014;;Malls;Allos
05.878.397/0001-32;ALLOS S.A.;2015;7302164.12;6618176.12;361728.0;322260.0;331180000.0;76423831.0;0.0;76423831.0;FRE;ON:ALOS3;15.100000381469727;ALOS3 15.10;1153999877.253378;2.204892843770759;0.6327699217247578;False;0.0;DRE_con 2015;;Malls;Allos
05.878.397/0001-32;ALLOS S.A.;2016;17843110.979999997;17578003.83;121107.15;144000.0;342294000.0;76423831.0;0.0;76423831.0;FRE;ON:ALOS3;18.489999771118164;ALOS3 18.49;1413076617.6979733;5.2128027309856435;1.2627136247621167;False;0.0;DRE_con 2016;;Malls;Allos
05.878.397/0001-32;ALLOS S.A.;2017;18587720.1;18587720.1;0.0;0.0;354856000.0;76423831.0;0.0;76423831.0;FRE;ON:ALOS3;24.389999389648438;ALOS3 24.39;1863977191.4445953;5.238102244290642;0.9972074865140592;False;0.0;DRE_con 2017;;Malls;Allos
05.878.397/0001-32;ALLOS S.A.;2018;28299040.9;27481583.33;817457.57;0.0;374112000.0;76423831.0;0.0;76423831.0;FRE;ON:ALOS3;29.75;ALOS3 29.75;2273608972.25;7.564323224061244;1.244674930711362;False;0.0;DRE_con 2018;;Malls;Allos
05.878.397/0001-32;ALLOS S.A.;2019;31776041.240000002;28182035.75;3373733.49;220272.0;743186000.0;265772778.0;0.0;265772778.0;FRE;ON:ALOS3;50.13999938964844;ALOS3 50.14;13325846926.70517;4.275651215173591;0.2384541966808909;False;0.0;DRE_con 2019;;Malls;Allos
05.878.397/0001-32;ALLOS S.A.;2020;34510831.47;29066007.35;5312740.12;132084.0;797585000.0;265772778.0;876688.0;264896090.0;DFP;ON:ALOS3;29.170000076293945;ALOS3 29.17;7727018965.509968;4.3269158108540156;0.4466254272707399;False;0.0;DRE_con 2020;;Malls;Allos
05.878.397/0001-32;ALLOS S.A.;2021;31776041.25;28182035.75;3373733.5;220272.0;937677000.0;265772778.0;664669.0;265108109.0;DFP;ON:ALOS3;21.68000030517578;ALOS3 21.68;5747543884.024574;3.388804593692711;0.5528629600953933;False;0.0;DRE_con 2021;;Malls;Allos
05.878.397/0001-32;ALLOS S.A.;2022;36030378.45;31792009.61;4100698.84;137670.0;1111321000.0;265772778.0;43783.0;265728995.0;DFP;ON:ALOS3;17.010000228881836;ALOS3 17.01;4520050265.77054;3.2421216237252786;0.7971234019862796;False;0.0;DRE_con 2022;;Malls;Allos
05.878.397/0001-32;ALLOS S.A.;2023;67096665.1;60915071.35;5900793.75;280800.0;2712274000.0;573936909.0;20885847.0;553051062.0;DFP;ON:ALOS3;26.549999237060547;ALOS3 26.55;14683505274.155525;2.473815886595528;0.45695264071649844;False;0.0;DRE_con 2023;;Malls;Allos
05.878.397/0001-32;ALLOS S.A.;2024;78805887.06;71475212.24;6850974.82;479700.0;2739848000.0;542936909.0;36230548.0;506706361.0;DFP;ON:ALOS3;18.110000610351562;ALOS3 18.11;9176452506.97902;2.876286825400533;0.8587837947187686;False;0.0;DRE_con 2024;;Malls;Allos
05.878.397/0001-32;ALLOS S.A.;2025;66514751.050000004;57606830.45;8486720.6;421200.0;2859106000.0;504190947.0;5010167.0;499180780.0;DFP;ON:ALOS3;28.3700008392334;ALOS3 28.37;14161759147.529182;2.326417805076132;0.4696785925892893;False;0.0;DRE_con 2025;;Malls;Allos
05.878.397/0001-32;ALLOS S.A.;2026;75219897.14;67450629.06;7316478.08;452790.0;;504190947.0;4084014.0;500106933.0;FRE;ON:ALOS3;27.420000076293945;ALOS3 27.42;13712932141.015131;;0.5485325557399839;True;1.0;;;Malls;Allos
61.079.117/0001-05;ALPARGATAS S.A.;2007;7557100.0;5992000.0;1195200.0;369900.0;;;;;;ON:ALPA3/PN:ALPA4;;;;;;False;0.0;;sem DFP;Consumo;Alpargatas
61.079.117/0001-05;ALPARGATAS S.A.;2008;7912100.0;6325600.0;1195900.0;390600.0;;;;;;ON:ALPA3/PN:ALPA4;;;;;;False;0.0;;sem DFP;Consumo;Alpargatas
61.079.117/0001-05;ALPARGATAS S.A.;2009;10345500.0;8703700.0;1173600.0;468200.0;1927021000.0;;;;;ON:ALPA3/PN:ALPA4;;;;0.5368649329716697;;False;0.0;DRE_con 2010;sem quantidade de acoes;Consumo;Alpargatas
61.079.117/0001-05;ALPARGATAS S.A.;2010;10545190.0;8898190.0;1098000.0;549000.0;2239156000.0;353455880.0;5093220.0;348362660.0;FRE;ON:ALPA3/PN:ALPA4;11.785093404850413;ALPA3 12.49 / ALPA4 10.69;4105486486.8621464;0.470944856008246;0.25685603968604864;False;0.0;DRE_con 2010;;Consumo;Alpargatas
61.079.117/0001-05;ALPARGATAS S.A.;2011;13918350.0;11737950.0;1536000.0;644400.0;2574700000.0;388801468.0;5093220.0;383708248.0;FRE;ON:ALPA3/PN:ALPA4;14.075036888926297;ALPA3 13.75 / ALPA4 14.04;5400707745.18528;0.5405814269623646;0.2577134452870215;False;0.0;DRE_con 2011;;Consumo;Alpargatas
61.079.117/0001-05;ALPARGATAS S.A.;2012;16422330.0;14405130.0;1412400.0;604800.0;3006982000.0;427681615.0;5602542.0;422079073.0;FRE;ON:ALPA3/PN:ALPA4;14.481587247433973;ALPA3 14.20 / ALPA4 14.39;6112374920.965553;0.5461399502890273;0.2686734732791197;False;0.0;DRE_con 2012;;Consumo;Alpargatas
61.079.117/0001-05;ALPARGATAS S.A.;2013;16278400.0;14131600.0;1454400.0;692400.0;3425959000.0;470449777.0;6162796.0;464286981.0;FRE;ON:ALPA3/PN:ALPA4;12.4970602023339;ALPA3 12.09 / ALPA4 12.59;5802222352.716856;0.47514871018596544;0.280554570480701;False;0.0;DRE_con 2013;;Consumo;Alpargatas
61.079.117/0001-05;ALPARGATAS S.A.;2014;17460300.0;14184300.0;2520000.0;756000.0;3711162000.0;470449777.0;6779075.0;463670702.0;FRE;ON:ALPA3/PN:ALPA4;8.375293180280266;ALPA3 8.00 / ALPA4 8.52;3883378068.3563633;0.47048067424704176;0.4496162797610396;False;0.0;DRE_con 2014;;Consumo;Alpargatas
61.079.117/0001-05;ALPARGATAS S.A.;2015;21091500.0;17734500.0;2520000.0;837000.0;4126254000.0;470449777.0;7396403.0;463053374.0;FRE;ON:ALPA3/PN:ALPA4;8.530693331953909;ALPA3 9.45 / ALPA4 7.28;3950166329.92056;0.5111537001842349;0.5339395417413768;False;0.0;DRE_con 2015;;Consumo;Alpargatas
61.079.117/0001-05;ALPARGATAS S.A.;2016;24661400.0;21504300.0;2092000.0;1065100.0;4054404000.0;470449777.0;7396403.0;463053374.0;FRE;ON:ALPA3/PN:ALPA4;10.296330952660139;ALPA3 9.90 / ALPA4 10.38;4767750787.449911;0.608262028155063;0.5172543847072688;False;0.0;DRE_con 2016;;Consumo;Alpargatas
61.079.117/0001-05;ALPARGATAS S.A.;2017;21702340.0;18632900.0;2048000.0;1021440.0;3721863000.0;470449777.0;7396403.0;463053374.0;FRE;ON:ALPA3/PN:ALPA4;16.39090756637741;ALPA3 16.29 / ALPA4 15.97;7589865051.533189;0.5831042142067024;0.2859384172530976;False;0.0;DRE_con 2017;;Consumo;Alpargatas
61.079.117/0001-05;ALPARGATAS S.A.;2018;9540600.0;6126100.0;3074000.0;340500.0;3904509000.0;470449777.0;9245503.0;461204274.0;FRE;ON:ALPA3/PN:ALPA4;20.11917985054612;ALPA3 19.42 / ALPA4 20.04;9279051736.446552;0.2443482650443372;0.10281869603686043;False;0.0;DRE_con 2018;;Consumo;Alpargatas
61.079.117/0001-05;ALPARGATAS S.A.;2019;42073200.0;39022500.0;3050700.0;0.0;3712184000.0;588062222.0;9245503.0;578816719.0;FRE;ON:ALPA3/PN:ALPA4;30.78528831613326;ALPA3 27.58 / ALPA4 33.17;17819039576.61329;1.1333813194604578;0.23611373564274046;False;0.0;DRE_con 2019;;Consumo;Alpargatas
61.079.117/0001-05;ALPARGATAS S.A.;2020;27924100.0;22801900.0;5122200.0;0.0;3364278000.0;588062222.0;9150794.0;578911428.0;DFP;ON:ALPA3/PN:ALPA4;39.949922805285766;ALPA3 38.10 / ALPA4 41.97;23127466859.69775;0.8300176144777572;0.12073998492528783;False;0.0;DRE_con 2020;;Consumo;Alpargatas
61.079.117/0001-05;ALPARGATAS S.A.;2021;30731499.2;24932949.77;5798549.43;0.0;3948561000.0;588062222.0;8980194.0;579082028.0;DFP;ON:ALPA3/PN:ALPA4;33.86670527089955;ALPA3 31.00 / ALPA4 36.99;19611600369.9508;0.7782961742265093;0.1567006191248282;False;0.0;DRE_con 2021;;Consumo;Alpargatas
61.079.117/0001-05;ALPARGATAS S.A.;2022;23680741.15;20151006.7;3529734.45;0.0;4181866000.0;683062222.0;8712180.0;674350042.0;DFP;ON:ALPA3/PN:ALPA4;13.478985723916875;ALPA3 11.90 / ALPA4 15.08;9089554589.040745;0.5662721175188301;0.26052696991942614;False;0.0;DRE_con 2022;;Consumo;Alpargatas
61.079.117/0001-05;ALPARGATAS S.A.;2023;23422074.74;15823633.93;7598440.81;;3734146000.0;683062222.0;7925654.0;675136568.0;DFP;ON:ALPA3/PN:ALPA4;10.275891968913603;ALPA3 10.43 / ALPA4 10.12;6937630437.031093;0.6272404651558884;0.3376091441103528;False;0.0;DRE_con 2023;;Consumo;Alpargatas
61.079.117/0001-05;ALPARGATAS S.A.;2024;35790902.53;30476691.14;5314211.39;;4108311000.0;683062222.0;6632564.0;676429658.0;DFP;ON:ALPA3/PN:ALPA4;6.078927377102171;ALPA3 5.80 / ALPA4 6.36;4111966766.7000585;0.8711828907305216;0.8704083607835909;False;0.0;DRE_con 2024;;Consumo;Alpargatas
61.079.117/0001-05;ALPARGATAS S.A.;2025;30501301.98;25952401.98;4548900.0;;4564874000.0;683062222.0;5209498.0;677852724.0;DFP;ON:ALPA3/PN:ALPA4;11.158655160202514;ALPA3 10.38 / ALPA4 11.94;7563924796.51993;0.6681740170703507;0.4032470285007762;False;0.0;DRE_con 2025;;Consumo;Alpargatas
61.079.117/0001-05;ALPARGATAS S.A.;2026;35138208.16;25786074.16;9352134.0;;;683062222.0;3860286.0;679201936.0;FRE;ON:ALPA3/PN:ALPA4;12.582229391911564;ALPA3 10.62 / ALPA4 14.38;8545874562.182438;;0.41117158816600313;True;1.0;;;Consumo;Alpargatas
07.526.557/0001-00;AMBEV S.A.;2010;0.0;0.0;;;;;;;;ON:ABEV3;;;;;;False;0.0;;sem DFP;Consumo;Ambev
07.526.557/0001-00;AMBEV S.A.;2011;57623815.0;42473317.0;13636844.0;1513654.0;0.0;;;;;ON:ABEV3;;;;;;False;0.0;DRE_ind 2012;sem quantidade de acoes;Consumo;Ambev
07.526.557/0001-00;AMBEV S.A.;2012;65288283.0;50715814.0;13181189.0;1391280.0;0.0;;;;;ON:ABEV3;;;;;;False;0.0;DRE_ind 2012;sem quantidade de acoes;Consumo;Ambev
07.526.557/0001-00;AMBEV S.A.;2013;74635393.0;60985036.0;12241642.0;1408715.0;34791391000.0;15670882544.0;936217.0;15669946327.0;FRE;ON:ABEV3;16.088518142700195;ABEV3 16.09;252106215777.0778;0.21452258979814862;0.02960474130713046;False;0.0;DRE_con 2013;;Consumo;Ambev
07.526.557/0001-00;AMBEV S.A.;2014;63013180.0;49680554.0;11794608.0;1538018.0;38079786000.0;15717615419.0;3615366.0;15714000053.0;FRE;ON:ABEV3;17.690000534057617;ABEV3 17.69;277980669329.7514;0.165476717752563;0.02266818773835361;False;0.0;DRE_con 2014;;Consumo;Ambev
07.526.557/0001-00;AMBEV S.A.;2015;72747868.35;57409940.35;13663358.0;1674570.0;46720141000.0;15717615419.0;3948266.0;15713667153.0;FRE;ON:ABEV3;18.65999984741211;ABEV3 18.66;293217026677.26465;0.1557098647240812;0.02481024692678281;False;0.0;DRE_con 2015;;Consumo;Ambev
07.526.557/0001-00;AMBEV S.A.;2016;59642214.85;40129586.85;17735694.0;1776934.0;45602561000.0;15717615419.0;19150638.0;15698464781.0;FRE;ON:ABEV3;17.200000762939453;ABEV3 17.20;270013606210.17813;0.1307869855160108;0.022088596084885663;False;0.0;DRE_con 2016;;Consumo;Ambev
07.526.557/0001-00;AMBEV S.A.;2017;74130312.0;52812478.0;19462209.0;1855625.0;47899276000.0;15722147311.0;5124491.0;15717022820.0;FRE;ON:ABEV3;21.950000762939453;ABEV3 21.95;344988662890.1368;0.15476290706356396;0.021487753069615256;False;0.0;DRE_con 2017;;Consumo;Ambev
07.526.557/0001-00;AMBEV S.A.;2018;56663853.0;40448713.0;14425580.0;1789560.0;50231336000.0;15727281737.0;369550.0;15726912187.0;FRE;ON:ABEV3;17.510000228881836;ABEV3 17.51;275378235993.97455;0.11280578521741887;0.020576736137288585;False;0.0;DRE_con 2018;;Consumo;Ambev
07.526.557/0001-00;AMBEV S.A.;2019;77081252.0;60838118.0;14325234.0;1917900.0;52599709000.0;15735117965.0;2722256.0;15732395709.0;FRE;ON:ABEV3;18.670000076293945;ABEV3 18.67;293723829087.3165;0.1465431149058258;0.026242764245418347;False;0.0;DRE_con 2019;;Consumo;Ambev
07.526.557/0001-00;AMBEV S.A.;2020;66259080.57;52867011.81;11675425.76;1716643.0;58378995000.0;15735118000.0;203000.0;15734915000.0;DFP (corrigido de milhares);ON:ABEV3;15.649999618530272;ABEV3 15.65;246251413747.60626;0.11349815215215678;0.026907086364146442;False;0.0;DRE_con 2020;quantidade de acoes da DFP estava em milhares;Consumo;Ambev
07.526.557/0001-00;AMBEV S.A.;2021;111064174.33000001;83664608.95;25591432.98;1808132.4;72854344000.0;15744452000.0;5783000.0;15738669000.0;DFP (corrigido de milhares);ON:ABEV3;15.460000038146973;ABEV3 15.46;243319823340.38257;0.15244687994170947;0.04564534562177091;False;0.0;DRE_con 2021;quantidade de acoes da DFP estava em milhares;Consumo;Ambev
07.526.557/0001-00;AMBEV S.A.;2022;120175963.0;95335200.0;22844255.0;1996508.0;79708827000.0;15750217000.0;8482000.0;15741735000.0;DFP (corrigido de milhares);ON:ABEV3;14.520000457763672;ABEV3 14.52;228569999405.99442;0.15076870093697403;0.05257731255734006;False;0.0;DRE_con 2022;quantidade de acoes da DFP estava em milhares;Consumo;Ambev
07.526.557/0001-00;AMBEV S.A.;2023;135101720.09;114208574.51;18764226.58;2128919.0;79736856000.0;15753833000.0;4384000.0;15749449000.0;DFP (corrigido de milhares);ON:ABEV3;13.729999542236328;ABEV3 13.73;216239927560.4744;0.16943447091768957;0.06247769392737009;False;0.0;DRE_con 2023;quantidade de acoes da DFP estava em milhares;Consumo;Ambev
07.526.557/0001-00;AMBEV S.A.;2024;158604324.51;136774933.02;19618532.85;2210858.64;89452669000.0;15757657000.0;29807000.0;15727850000.0;DFP (corrigido de milhares);ON:ABEV3;11.739999771118164;ABEV3 11.74;184644955400.18082;0.1773053015444402;0.08589691723029043;False;0.0;DRE_con 2024;quantidade de acoes da DFP estava em milhares;Consumo;Ambev
07.526.557/0001-00;AMBEV S.A.;2025;187771454.95999998;168434249.72;17021692.82;2315512.42;88242467000.0;15761639000.0;145113000.0;15616526000.0;DFP (corrigido de milhares);ON:ABEV3;13.859999656677244;ABEV3 13.86;216445044998.49127;0.21279035065962057;0.08675248489116895;False;0.0;DRE_con 2025;quantidade de acoes da DFP estava em milhares;Consumo;Ambev
07.526.557/0001-00;AMBEV S.A.;2026;164648045.0;144674186.0;17502545.0;2471314.0;;15484664889.0;68178365.0;15416486524.0;FRE;ON:ABEV3;15.22999954223633;ABEV3 15.23;234793082703.41254;;0.07012474264754265;True;1.0;;;Consumo;Ambev
28.594.234/0001-23;AUREN ENERGIA S.A.;2018;0.0;0.0;0.0;0.0;;;;;;ON:AURE3;;;;;;False;0.0;;sem DFP;Utilities;Auren
28.594.234/0001-23;AUREN ENERGIA S.A.;2019;1209876.49;1209876.49;0.0;0.0;;;;;;ON:AURE3;;;;;;False;0.0;;sem DFP;Utilities;Auren
28.594.234/0001-23;AUREN ENERGIA S.A.;2020;2124402.84;2124402.84;0.0;0.0;2307057000.0;;;;;ON:AURE3;;;;0.09208280679671113;;False;0.0;DRE_con 2021;sem quantidade de acoes;Utilities;Auren
28.594.234/0001-23;AUREN ENERGIA S.A.;2021;1661297.33;1661297.33;0.0;0.0;2624114000.0;1985095000.0;0.0;1985095000.0;DFP (corrigido de milhares);ON:AURE3;;;;0.06330888558957423;;False;0.0;DRE_con 2021;"sem cotacao no exercicio; quantidade de acoes da DFP estava em milhares";Utilities;Auren
28.594.234/0001-23;AUREN ENERGIA S.A.;2022;17773516.990000002;15883516.99;1890000.0;;5515706000.0;1000000000.0;0.0;1000000000.0;DFP (corrigido de milhares);ON:AURE3;14.729999542236328;AURE3 14.73;14729999542.236328;0.3222346693242896;0.12066203355293251;False;0.0;DRE_con 2022;quantidade de acoes da DFP estava em milhares;Utilities;Auren
28.594.234/0001-23;AUREN ENERGIA S.A.;2023;30901237.13;28481237.13;2420000.0;;6181890000.0;1000000000.0;0.0;1000000000.0;DFP (corrigido de milhares);ON:AURE3;13.3100004196167;AURE3 13.31;13310000419.6167;0.4998671462934475;0.2321655609000341;False;0.0;DRE_con 2023;quantidade de acoes da DFP estava em milhares;Utilities;Auren
28.594.234/0001-23;AUREN ENERGIA S.A.;2024;27952153.18;24351353.18;3600800.0;;8059951000.0;1050378000.0;5400000.0;1044978000.0;DFP (corrigido de milhares);ON:AURE3;8.770000457763672;AURE3 8.77;9164457538.352966;0.34680301629625293;0.30500608533588724;False;0.0;DRE_con 2024;quantidade de acoes da DFP estava em milhares;Utilities;Auren
28.594.234/0001-23;AUREN ENERGIA S.A.;2025;31941967.19;27800767.19;4141200.0;;13176952000.0;1050378000.0;5850000.0;1044528000.0;DFP (corrigido de milhares);ON:AURE3;11.869999885559082;AURE3 11.87;12398547240.463257;0.24240785873698256;0.25762669263182586;False;0.0;DRE_con 2025;quantidade de acoes da DFP estava em milhares;Utilities;Auren
28.594.234/0001-23;AUREN ENERGIA S.A.;2026;47505976.02;42950656.02;4555320.0;;;1050377974.0;5742920.0;1044635054.0;FRE;ON:AURE3;11.380000114440918;AURE3 11.38;11887947034.068995;;0.3996146339132847;True;1.0;;;Utilities;Auren
00.001.180/0001-26;AXIA ENERGIA S.A.;2019;6663282.3100000005;5707520.05;597351.44;358410.82;27725527000.0;;;;;ON:AXIA3/PN:AXIA7;;;;0.024033023105385878;;False;0.0;DRE_con 2019;sem quantidade de acoes;Utilities;Eletrobras
00.001.180/0001-26;AXIA ENERGIA S.A.;2020;7220898.96;6310871.99;582336.02;327690.95;29080513000.0;1568930910.0;0.0;1568930910.0;DFP;ON:AXIA3/PN:AXIA7;36.66999816894531;AXIA3 36.67;57532693596.9017;0.024830713818562968;0.012550948875421445;False;0.0;DRE_con 2020;empresa tem ON e PN, mas so um preco disponivel: market cap aproximado;Utilities;Eletrobras
00.001.180/0001-26;AXIA ENERGIA S.A.;2021;6861306.15;6044889.44;489995.11;326421.6;37616241000.0;1568931000.0;0.0;1568931000.0;DFP (corrigido de milhares);ON:AXIA3/PN:AXIA7;33.40999984741211;AXIA3 33.41;52417984470.60013;0.018240275922307068;0.013089603156810287;False;0.0;DRE_con 2021;"empresa tem ON e PN, mas so um preco disponivel: market cap aproximado; quantidade de acoes da DFP estava em milhares";Utilities;Eletrobras
00.001.180/0001-26;AXIA ENERGIA S.A.;2022;8921048.92;8084998.44;459824.38;376226.1;34074233000.0;2301228000.0;0.0;2301228000.0;DFP (corrigido de milhares);ON:AXIA3/PN:AXIA7;42.119998931884766;AXIA3 42.12;96927720902.02332;0.026181217109127592;0.009203815829960134;False;0.0;DRE_con 2022;"empresa tem ON e PN, mas so um preco disponivel: market cap aproximado; quantidade de acoes da DFP estava em milhares";Utilities;Eletrobras
00.001.180/0001-26;AXIA ENERGIA S.A.;2023;92349167.54;79598409.85;12035712.26;715045.43;37158908000.0;2307099000.0;56652000.0;2250447000.0;DFP (corrigido de milhares);ON:AXIA3/PN:AXIA7;42.43000030517578;AXIA3 42.43;95486466896.78192;0.24852497694496298;0.09671440418863414;False;0.0;DRE_con 2023;"empresa tem ON e PN, mas so um preco disponivel: market cap aproximado; quantidade de acoes da DFP estava em milhares";Utilities;Eletrobras
00.001.180/0001-26;AXIA ENERGIA S.A.;2024;73052804.5;61057051.59;11341724.13;654028.78;40181552000.0;2307099000.0;59465000.0;2247634000.0;DFP (corrigido de milhares);ON:AXIA3/PN:AXIA7;34.130001068115234;AXIA3 34.13;76711750820.73212;0.18180682642621668;0.09523026618270945;False;0.0;DRE_con 2024;"empresa tem ON e PN, mas so um preco disponivel: market cap aproximado; quantidade de acoes da DFP estava em milhares";Utilities;Eletrobras
00.001.180/0001-26;AXIA ENERGIA S.A.;2025;76007976.53999999;65756888.93;9517833.34;733254.27;41281596000.0;2915428000.0;75980000.0;2839448000.0;DFP (corrigido de milhares);ON:AXIA3/PN:AXIA7;50.61000061035156;AXIA3 50.61;143704465013.06152;0.1841207315240428;0.05289186841417315;False;0.0;DRE_con 2025;"empresa tem ON e PN, mas so um preco disponivel: market cap aproximado; quantidade de acoes da DFP estava em milhares";Utilities;Eletrobras
00.001.180/0001-26;AXIA ENERGIA S.A.;2026;92182107.6;77230887.48;14092496.85;858723.27;;2916305490.0;75858025.0;2840447465.0;FRE;ON:AXIA3/PN:AXIA7;55.875111843163;AXIA3 54.49 / AXIA7 54.14;158710319791.5038;;0.05808198718337833;True;1.0;;;Utilities;Eletrobras
16.590.234/0001-76;AZZAS 2154 S.A.;2009;2599782.0;2580582.0;19200.0;;412063000.0;;;;;ON:AZZA3;;;;0.6309185731308077;;False;0.0;DRE_con 2010;sem quantidade de acoes;Retail;Azzas
16.590.234/0001-76;AZZAS 2154 S.A.;2010;2610934.0;2591734.0;19200.0;;571525000.0;88542410.0;0.0;88542410.0;FRE;ON:AZZA3;;;;0.4568363588644416;;False;0.0;DRE_con 2010;sem cotacao no exercicio;Retail;Azzas
16.590.234/0001-76;AZZAS 2154 S.A.;2011;3108069.0;2778229.0;329840.0;;678907000.0;88542410.0;0.0;88542410.0;FRE;ON:AZZA3;29.239999771118164;AZZA3 29.24;2588980048.1342506;0.45780482451941135;0.1200499402164119;False;0.0;DRE_con 2011;;Retail;Azzas
16.590.234/0001-76;AZZAS 2154 S.A.;2012;3427604.0;2947604.0;480000.0;;860335000.0;88587469.0;0.0;88587469.0;FRE;ON:AZZA3;37.5;AZZA3 37.50;3322030087.5;0.39840341262415224;0.10317799386878672;False;0.0;DRE_con 2012;;Retail;Azzas
16.590.234/0001-76;AZZAS 2154 S.A.;2013;4665798.0;3369798.0;1296000.0;;962950000.0;88637034.0;0.0;88637034.0;FRE;ON:AZZA3;26.0;AZZA3 26.00;2304562884.0;0.4845316994651851;0.20245913150790812;False;0.0;DRE_con 2013;;Retail;Azzas
16.590.234/0001-76;AZZAS 2154 S.A.;2014;6101279.0;4037279.0;2064000.0;;1052909000.0;88682735.0;0.0;88682735.0;FRE;ON:AZZA3;23.440000534057617;AZZA3 23.44;2078723355.7616901;0.5794687860014494;0.2935108696926319;False;0.0;DRE_con 2014;;Retail;Azzas
16.590.234/0001-76;AZZAS 2154 S.A.;2015;8012936.0;5996936.0;2016000.0;;1120557000.0;88735476.0;0.0;88735476.0;FRE;ON:AZZA3;19.0;AZZA3 19.00;1685974044.0;0.7150850871486234;0.4752704247444512;False;0.0;DRE_con 2015;;Retail;Azzas
16.590.234/0001-76;AZZAS 2154 S.A.;2016;10144235.56;8086673.08;2057562.48;0.0;1239110000.0;88836247.0;0.0;88836247.0;FRE;ON:AZZA3;29.100000381469727;AZZA3 29.10;2585134821.588339;0.8186711074884393;0.3924064414469206;False;0.0;DRE_con 2016;;Retail;Azzas
16.590.234/0001-76;AZZAS 2154 S.A.;2017;12372152.870000001;10150011.64;2222141.23;0.0;1360474000.0;88836247.0;55000.0;88781247.0;FRE;ON:AZZA3;59.77000045776367;AZZA3 59.77;5306455173.83083;0.9094001700877782;0.23315287634981208;False;0.0;DRE_con 2017;;Retail;Azzas
16.590.234/0001-76;AZZAS 2154 S.A.;2018;16341218.9;13387354.57;2651088.0;302776.33;1526659000.0;88836247.0;52119.0;88784128.0;FRE;ON:AZZA3;55.0;AZZA3 55.00;4883127040.0;1.070390892792693;0.33464660587654915;False;0.0;DRE_con 2018;;Retail;Azzas
16.590.234/0001-76;AZZAS 2154 S.A.;2019;17445999.74;13917588.7;3052046.24;476364.8;1679235000.0;90954280.0;65207.0;90889073.0;FRE;ON:AZZA3;64.0;AZZA3 64.00;5816900672.0;1.038925447599651;0.29991916183092765;False;0.0;DRE_con 2019;;Retail;Azzas
16.590.234/0001-76;AZZAS 2154 S.A.;2020;17357763.53;14017166.9;2854057.36;486539.27;1590992000.0;99631000.0;4000.0;99627000.0;DFP (corrigido de milhares);ON:AZZA3;68.18000030517578;AZZA3 68.18;6792568890.403748;1.0910025650663233;0.255540485640452;False;0.0;DRE_con 2020;quantidade de acoes da DFP estava em milhares;Retail;Azzas
16.590.234/0001-76;AZZAS 2154 S.A.;2021;17939196.16;14811990.88;2671557.6;455647.68;2923827000.0;99631000.0;0.0;99631000.0;DFP (corrigido de milhares);ON:AZZA3;76.7699966430664;AZZA3 76.77;7648671535.545349;0.6135519016686007;0.23454002537083635;False;0.0;DRE_con 2021;quantidade de acoes da DFP estava em milhares;Retail;Azzas
16.590.234/0001-76;AZZAS 2154 S.A.;2022;24844469.82;21381186.78;2934483.2;528799.84;4233726000.0;110186077.0;0.0;110186077.0;DFP;ON:AZZA3;78.25;AZZA3 78.25;8622060525.25;0.5868228085615366;0.2881500280268518;False;0.0;DRE_con 2022;;Retail;Azzas
16.590.234/0001-76;AZZAS 2154 S.A.;2023;19925445.92;15775644.17;3569781.75;580020.0;4846768000.0;110989206.0;0.0;110989206.0;DFP;ON:AZZA3;64.52999877929688;AZZA3 64.53;7162133327.695129;0.41110789540576326;0.2782054593001032;False;0.0;DRE_con 2023;;Retail;Azzas
16.590.234/0001-76;AZZAS 2154 S.A.;2024;34929336.62;29203323.97;4955812.65;770200.0;8379753000.0;206489813.0;20781.0;206469032.0;DFP;ON:AZZA3;29.579999923706055;AZZA3 29.58;6107353950.807663;0.4168301454708748;0.5719225854820612;False;0.0;DRE_con 2024;;Retail;Azzas
16.590.234/0001-76;AZZAS 2154 S.A.;2025;43826610.11;31326203.58;12084406.53;416000.0;11819492000.0;206489813.0;4564391.0;201925422.0;DFP;ON:AZZA3;25.15999984741211;AZZA3 25.16;5080443586.708626;0.3707994396882709;0.8626532184051501;False;0.0;DRE_con 2025;;Retail;Azzas
16.590.234/0001-76;AZZAS 2154 S.A.;2026;59059609.239999995;47329007.79;11730601.45;;;206489813.0;4313919.0;202175894.0;FRE;ON:AZZA3;15.239999771118164;AZZA3 15.24;3081160578.28561;;1.9167975098805585;True;1.0;;;Retail;Azzas
60.746.948/0001-12;BCO BRADESCO S.A.;2009;236530941.0;193948441.12;42053299.88;529200.0;61906265000.0;;;;;ON:BBDC3/PN:BBDC4;;;;0.3820791659777892;;False;0.0;DRE_con 2010;sem quantidade de acoes;Financials;Bradesco
60.746.948/0001-12;BCO BRADESCO S.A.;2010;378778625.63;307049425.63;71200000.0;529200.0;66739332000.0;3824794581.0;60783422.0;3764011159.0;FRE;ON:BBDC3/PN:BBDC4;27.982744813452012;BBDC3 24.28 / BBDC4 30.80;105327363737.28275;0.5675493210360572;0.3596203419415155;False;0.0;DRE_con 2010;;Financials;Bradesco
60.746.948/0001-12;BCO BRADESCO S.A.;2011;556779200.0;451807534.54;104442465.46;529200.0;82124304000.0;3824794581.0;82406764.0;3742387817.0;FRE;ON:BBDC3/PN:BBDC4;29.233993747992077;BBDC3 25.81 / BBDC4 31.40;109404942044.73972;0.6779712860641108;0.5089159498592966;False;0.0;DRE_con 2011;;Financials;Bradesco
60.746.948/0001-12;BCO BRADESCO S.A.;2012;556779200.0;454346736.0;101903264.0;529200.0;87139803000.0;4207274039.0;94112584.0;4113161455.0;FRE;ON:BBDC3/PN:BBDC4;36.72668021192176;BBDC3 35.21 / BBDC4 36.60;151062765417.7878;0.6389493444230072;0.36857474339235063;False;0.0;DRE_con 2012;;Financials;Bradesco
60.746.948/0001-12;BCO BRADESCO S.A.;2013;556779200.0;453527264.66;102722735.34;529200.0;77698157000.0;4207274039.0;93817861.0;4113456178.0;FRE;ON:BBDC3/PN:BBDC4;27.981077155555557;BBDC3 28.55 / BBDC4 26.16;115098934692.61467;0.7165925441449017;0.4837396640437592;False;0.0;DRE_con 2013;;Financials;Bradesco
60.746.948/0001-12;BCO BRADESCO S.A.;2014;501046561.54999995;441919283.77;58304077.78;823200.0;99723519000.0;4207274039.0;81199016.0;4126075023.0;FRE;ON:BBDC3/PN:BBDC4;34.189793251061296;BBDC3 33.33 / BBDC4 33.73;141069651974.73798;0.5024357007999286;0.35517671911441645;False;0.0;DRE_con 2014;;Financials;Bradesco
60.746.948/0001-12;BCO BRADESCO S.A.;2015;484788722.66999996;428078553.26;55828169.41;882000.0;114601292000.0;5048728847.0;88901635.0;4959827212.0;FRE;ON:BBDC3/PN:BBDC4;19.208231836535308;BBDC3 19.59 / BBDC4 18.15;95269510957.25256;0.423022039463569;0.5088603035734325;False;0.0;DRE_con 2015;;Financials;Bradesco
60.746.948/0001-12;BCO BRADESCO S.A.;2016;570688500.0;508516815.0;60848685.0;1323000.0;162912502000.0;6108961905.0;81818761.0;6027143144.0;FRE;ON:BBDC3/PN:BBDC4;32.86010359767784;BBDC3 32.14 / BBDC4 32.70;198052548109.87372;0.35030368633096065;0.2881500417169078;False;0.0;DRE_con 2016;;Financials;Bradesco
60.746.948/0001-12;BCO BRADESCO S.A.;2017;756698000.0;675835456.25;79539543.75;1323000.0;137794231000.0;6719858095.0;93312998.0;6626545097.0;FRE;ON:BBDC3/PN:BBDC4;40.603830049683125;BBDC3 39.33 / BBDC4 40.75;269063110935.149;0.5491507115417625;0.2812343904632781;False;0.0;DRE_con 2017;;Financials;Bradesco
60.746.948/0001-12;BCO BRADESCO S.A.;2018;679488276.46;588890526.46;89517750.0;1080000.0;112546955000.0;8063829714.0;79451790.0;7984377924.0;FRE;ON:BBDC3/PN:BBDC4;43.18550033941653;BBDC3 40.26 / BBDC4 45.26;344809355546.9318;0.60373759242087;0.19706201862829537;False;0.0;DRE_con 2018;;Financials;Bradesco
60.746.948/0001-12;BCO BRADESCO S.A.;2019;879998367.35;692140347.35;186778020.0;1080000.0;124306394000.0;8870212686.0;81168723.0;8789043963.0;FRE;ON:BBDC3/PN:BBDC4;35.44434114995028;BBDC3 34.07 / BBDC4 36.17;311521872606.48303;0.7079268724905655;0.2824836535512295;False;0.0;DRE_con 2019;;Financials;Bradesco
60.746.948/0001-12;BCO BRADESCO S.A.;2020;673070816.67;615596830.0;56393986.67;1080000.0;98429117000.0;8870213000.0;34686000.0;8835527000.0;DFP (corrigido de milhares);ON:BBDC3/PN:BBDC4;25.666660550442888;BBDC3 24.20 / BBDC4 27.14;226778472293.273;0.6838127143515875;0.296796609424009;False;0.0;DRE_con 2020;quantidade de acoes da DFP estava em milhares;Financials;Bradesco
60.746.948/0001-12;BCO BRADESCO S.A.;2021;879998367.35;818264207.35;60654160.0;1080000.0;125443431000.0;9719079000.0;29545000.0;9689534000.0;DFP (corrigido de milhares);ON:BBDC3/PN:BBDC4;17.69740685389247;BBDC3 16.19 / BBDC4 19.21;171479625422.6241;0.7015101231964869;0.5131795484047621;False;0.0;DRE_con 2021;quantidade de acoes da DFP estava em milhares;Financials;Bradesco
60.746.948/0001-12;BCO BRADESCO S.A.;2022;880299867.35;818202959.35;60715408.0;1381500.0;205913274000.0;10658488000.0;-16318000.0;10674806000.0;DFP (corrigido de milhares);ON:BBDC3/PN:BBDC4;14.308570933754773;BBDC3 13.47 / BBDC4 15.15;152741218855.07104;0.42751001441024145;0.576334190566644;False;0.0;DRE_con 2022;quantidade de acoes da DFP estava em milhares;Financials;Bradesco
60.746.948/0001-12;BCO BRADESCO S.A.;2023;794571808.0;732298224.0;60803584.0;1470000.0;224457793000.0;10642170000.0;0.0;10642170000.0;DFP (corrigido de milhares);ON:BBDC3/PN:BBDC4;16.18343182238033;BBDC3 15.28 / BBDC4 17.09;172226832637.18127;0.35399608869895643;0.4613519251520297;False;0.0;DRE_con 2023;quantidade de acoes da DFP estava em milhares;Financials;Bradesco
60.746.948/0001-12;BCO BRADESCO S.A.;2024;740335710.62;684268231.96;54580812.0;1486666.66;213219736000.0;10642170228.0;45187300.0;10596982928.0;DFP;ON:BBDC3/PN:BBDC4;11.09930843846124;BBDC3 10.64 / BBDC4 11.56;117619182034.9801;0.34721725320023844;0.6294345002329834;False;0.0;DRE_con 2024;;Financials;Bradesco
60.746.948/0001-12;BCO BRADESCO S.A.;2025;775357417.24;719456000.04;53103217.2;2798200.0;270183106000.0;10592012028.0;15000000.0;10577012028.0;DFP;ON:BBDC3/PN:BBDC4;16.89307460690181;BBDC3 15.60 / BBDC4 18.19;178678253307.1018;0.28697479598890985;0.4339405623735087;False;0.0;DRE_con 2025;;Financials;Bradesco
60.746.948/0001-12;BCO BRADESCO S.A.;2026;913117500.0;845448000.0;64552000.0;3117500.0;;10592012028.0;60127449.0;10531884579.0;FRE;ON:BBDC3/PN:BBDC4;16.381462673855896;BBDC3 15.26 / BBDC4 17.32;172527674116.24704;;0.5292585694888303;True;1.0;;;Financials;Bradesco
00.000.000/0001-91;BCO BRASIL S.A.;2007;16825705.439999998;16539677.28;149696.95;136331.21;;;;;;ON:BBAS3;;;;;;False;0.0;;sem DFP;Financials;Banco do Brasil
00.000.000/0001-91;BCO BRASIL S.A.;2008;21184693.66;20809941.54;203357.18;171394.94;;;;;;ON:BBAS3;;;;;;False;0.0;;sem DFP;Financials;Banco do Brasil
00.000.000/0001-91;BCO BRASIL S.A.;2009;25812048.930000003;25378134.37;236680.67;197233.89;67608506000.0;;;;;ON:BBAS3;;;;0.0381787003694476;;False;0.0;DRE_con 2010;sem quantidade de acoes;Financials;Banco do Brasil
00.000.000/0001-91;BCO BRASIL S.A.;2010;26658059.63;26189745.08;255444.3;212870.25;85143206000.0;2860729247.0;0.0;2860729247.0;FRE;ON:BBAS3;29.76000022888184;BBAS3 29.76;85135303045.48897;0.03130967329325137;0.03131257971297316;False;0.0;DRE_con 2010;;Financials;Banco do Brasil
00.000.000/0001-91;BCO BRASIL S.A.;2011;30000636.96;29458369.75;287223.25;255043.96;106919760000.0;2855869551.0;32.0;2855869519.0;FRE;ON:BBAS3;27.190000534057617;BBAS3 27.19;77651093746.80887;0.028059020110033916;0.038635176289751744;False;0.0;DRE_con 2011;;Financials;Banco do Brasil
00.000.000/0001-91;BCO BRASIL S.A.;2012;52225463.54;51521914.4;347553.07;355996.07;107931378000.0;2865417020.0;5000047.0;2860416973.0;FRE;ON:BBAS3;24.399999618530273;BBAS3 24.40;69794173050.03752;0.04838765566395344;0.07482782767919323;False;0.0;DRE_con 2012;;Financials;Banco do Brasil
00.000.000/0001-91;BCO BRASIL S.A.;2013;47101484.14000001;46488404.56;258859.63;354219.95;104582211000.0;2865417020.0;20200047.0;2845216973.0;FRE;ON:BBAS3;20.889999389648438;BBAS3 20.89;59436580829.387375;0.04503775899325747;0.07924662469263627;False;0.0;DRE_con 2013;;Financials;Banco do Brasil
00.000.000/0001-91;BCO BRASIL S.A.;2014;52808697.85;52115015.36;348407.22;345275.27;137778601000.0;2865417020.0;69240496.0;2796176524.0;FRE;ON:BBAS3;20.65999984741211;BBAS3 20.66;57769006559.17732;0.038328664587035544;0.0914135468054205;False;0.0;DRE_con 2014;;Financials;Banco do Brasil
00.000.000/0001-91;BCO BRASIL S.A.;2015;60148110.75000001;59253917.09;490745.02;403448.64;182368871000.0;2865417020.0;80616366.0;2784800654.0;FRE;ON:BBAS3;13.850000381469728;BBAS3 13.85;38569490120.21715;0.03298156665673497;0.15594738370282965;False;0.0;DRE_con 2015;;Financials;Banco do Brasil
00.000.000/0001-91;BCO BRASIL S.A.;2016;55956687.230000004;55030231.59;507239.28;419216.36;168039236000.0;2865417020.0;80616366.0;2784800654.0;FRE;ON:BBAS3;31.110000610351562;BBAS3 31.11;86635150045.64743;0.03329977483949046;0.06458889630885019;False;0.0;DRE_con 2016;;Financials;Banco do Brasil
00.000.000/0001-91;BCO BRASIL S.A.;2017;58204249.300000004;57421342.17;398043.7;384863.43;139763614000.0;2865417020.0;80463476.0;2784953544.0;FRE;ON:BBAS3;39.68000030517578;BBAS3 39.68;110506957475.82037;0.04164477980656682;0.05267021247303407;False;0.0;DRE_con 2017;;Financials;Banco do Brasil
00.000.000/0001-91;BCO BRASIL S.A.;2018;58924949.61;58224897.96;323402.3;376649.35;120250344000.0;2865417020.0;80463476.0;2784953544.0;FRE;ON:BBAS3;51.86000061035156;BBAS3 51.86;144427692491.64075;0.049001896917650396;0.04079892754182892;False;0.0;DRE_con 2018;;Financials;Banco do Brasil
00.000.000/0001-91;BCO BRASIL S.A.;2019;54598338.68;53939042.17;306548.08;352748.43;123105325000.0;2865417020.0;14145020.0;2851272000.0;FRE;ON:BBAS3;52.81999969482422;BBAS3 52.82;150604186169.86084;0.04435091551076284;0.036252869238588475;False;0.0;DRE_con 2019;;Financials;Banco do Brasil
00.000.000/0001-91;BCO BRASIL S.A.;2020;49595534.0;48951217.74;312355.78;331960.48;98659704000.0;2865417020.0;12175335.0;2853241685.0;DFP;ON:BBAS3;38.79999923706055;BBAS3 38.80;110705775201.14935;0.050269291300529345;0.04479940988614756;False;0.0;DRE_con 2020;;Financials;Banco do Brasil
00.000.000/0001-91;BCO BRASIL S.A.;2021;43569329.46;42918700.6;283645.38;366983.48;125947217000.0;2865417020.0;11974636.0;2853442384.0;DFP;ON:BBAS3;28.850000381469727;BBAS3 28.85;82321813866.90189;0.0345933244876701;0.05292561887720672;False;0.0;DRE_con 2021;;Financials;Banco do Brasil
00.000.000/0001-91;BCO BRASIL S.A.;2022;44434242.050000004;43997780.67;65230.18;371231.2;236549051000.0;2865417020.0;11780761.0;2853636259.0;DFP;ON:BBAS3;34.72999954223633;BBAS3 34.73;99106785968.77899;0.018784367074040808;0.044834711988337356;False;0.0;DRE_con 2022;acoes DFP e FRE divergem (2,865,417,020 x 286,541,720);Financials;Banco do Brasil
00.000.000/0001-91;BCO BRASIL S.A.;2023;49177706.38;48518607.45;337887.1;321211.83;265438605000.0;2865417020.0;11640980.0;2853776040.0;DFP;ON:BBAS3;55.38999938964844;BBAS3 55.39;158070653113.79333;0.0185269608314887;0.031111218566673163;False;0.0;DRE_con 2023;;Financials;Banco do Brasil
00.000.000/0001-91;BCO BRASIL S.A.;2024;58992958.199999996;58327210.06;247156.98;418591.16;273505274000.0;5730834040.0;22786568.0;5708047472.0;DFP;ON:BBAS3;24.170000076293945;BBAS3 24.17;137963507833.72946;0.021569221440314895;0.04275982767203701;False;0.0;DRE_con 2024;;Financials;Banco do Brasil
00.000.000/0001-91;BCO BRASIL S.A.;2025;64743245.85;64040204.76;247575.24;455465.85;319462104000.0;5730834040.0;22370399.0;5708463641.0;DFP;ON:BBAS3;21.920000076293945;BBAS3 21.92;125129523446.24121;0.02026633050973708;0.05174098331623178;False;0.0;DRE_con 2025;;Financials;Banco do Brasil
00.000.000/0001-91;BCO BRASIL S.A.;2026;97909562.76;96243372.36;1176134.4;490056.0;;5730834040.0;22058959.0;5708775081.0;FRE;ON:BBAS3;21.299999237060547;BBAS3 21.30;121596904869.85027;;0.08051978203293603;True;1.0;;;Financials;Banco do Brasil
30.306.294/0001-45;BCO BTG PACTUAL S.A.;2008;43887437.0;43887437.0;0.0;;;;;;;ON:BPAC3/PN:BPAC5/UNIT:BPAC11;;;;;;False;0.0;;sem DFP;Financials;BTG Pactual
30.306.294/0001-45;BCO BTG PACTUAL S.A.;2009;1400000.0;1400000.0;0.0;;1990539000.0;;;;;ON:BPAC3/PN:BPAC5/UNIT:BPAC11;;;;0.07033270887935378;;False;0.0;DRE_ind 2010;sem quantidade de acoes;Financials;BTG Pactual
30.306.294/0001-45;BCO BTG PACTUAL S.A.;2010;4410000.0;4410000.0;0.0;;3096264000.0;;;;;ON:BPAC3/PN:BPAC5/UNIT:BPAC11;;;;0.14242971529559495;;False;0.0;DRE_ind 2010;sem quantidade de acoes;Financials;BTG Pactual
30.306.294/0001-45;BCO BTG PACTUAL S.A.;2011;3778288.08;3778288.08;0.0;0.0;5267859000.0;2400000000.0;0.0;2400000000.0;FRE;ON:BPAC3/PN:BPAC5/UNIT:BPAC11;;;;0.07172340945344209;;False;0.0;DRE_con 2011;sem cotacao no exercicio;Financials;BTG Pactual
30.306.294/0001-45;BCO BTG PACTUAL S.A.;2012;87068097.21;86806765.21;261332.0;;8067816000.0;2714902212.0;0.0;2714902212.0;FRE;ON:BPAC3/PN:BPAC5/UNIT:BPAC11;;;;1.0792028128802145;;False;0.0;DRE_con 2012;sem cotacao no exercicio;Financials;BTG Pactual
30.306.294/0001-45;BCO BTG PACTUAL S.A.;2013;173838243.75;173207650.0;630593.75;;8826415000.0;2714902212.0;0.0;2714902212.0;FRE;ON:BPAC3/PN:BPAC5/UNIT:BPAC11;;;;1.9695226629384637;;False;0.0;DRE_con 2013;sem cotacao no exercicio;Financials;BTG Pactual
30.306.294/0001-45;BCO BTG PACTUAL S.A.;2014;49820075.0;49088200.0;731875.0;;11626540000.0;2714902212.0;0.0;2714902212.0;FRE;ON:BPAC3/PN:BPAC5/UNIT:BPAC11;;;;0.42850301981500943;;False;0.0;DRE_con 2014;sem cotacao no exercicio;Financials;BTG Pactual
30.306.294/0001-45;BCO BTG PACTUAL S.A.;2015;75413875.0;74584000.0;829875.0;;11669345000.0;2696327316.0;0.0;2696327316.0;FRE;ON:BPAC3/PN:BPAC5/UNIT:BPAC11;;;;0.6462562808795181;;False;0.0;DRE_con 2015;sem cotacao no exercicio;Financials;BTG Pactual
30.306.294/0001-45;BCO BTG PACTUAL S.A.;2016;68522000.0;61188000.0;7334000.0;;13000416000.0;2730250371.0;0.0;2730250371.0;FRE;ON:BPAC3/PN:BPAC5/UNIT:BPAC11;4.523674948257615;BPAC3 4.48 / BPAC5 4.60;12350765205.76376;0.5270754412781868;0.5547996327225352;False;0.0;DRE_con 2016;;Financials;BTG Pactual
30.306.294/0001-45;BCO BTG PACTUAL S.A.;2017;55254700.0;46969200.0;8285500.0;;8871675000.0;2730250371.0;18248097.0;2712002274.0;FRE;ON:BPAC3/PN:BPAC5/UNIT:BPAC11;7.834960318080407;BPAC3 8.05 / BPAC5 7.30;21248430199.333828;0.6228215077761527;0.26004132767291355;False;0.0;DRE_con 2017;;Financials;BTG Pactual
30.306.294/0001-45;BCO BTG PACTUAL S.A.;2018;73776000.0;62882000.0;10894000.0;;8673466000.0;2730250371.0;19076400.0;2711173971.0;FRE;ON:BPAC3/PN:BPAC5/UNIT:BPAC11;9.530261209485722;BPAC3 9.55 / BPAC5 9.31;25838196127.988667;0.8505942145850344;0.2855307686130757;False;0.0;DRE_con 2018;;Financials;BTG Pactual
30.306.294/0001-45;BCO BTG PACTUAL S.A.;2019;25518000.0;15435000.0;10083000.0;;11678102000.0;2637236572.0;0.0;2637236572.0;FRE;ON:BPAC3/PN:BPAC5/UNIT:BPAC11;33.48504310624624;BPAC3 38.97 / BPAC5 23.00;88307980294.78906;0.21851153552178257;0.028896595658530515;False;0.0;DRE_con 2019;;Financials;BTG Pactual
30.306.294/0001-45;BCO BTG PACTUAL S.A.;2020;23040000.0;13517000.0;9523000.0;;18643965000.0;2712706972.0;0.0;2712706972.0;DFP;ON:BPAC3/PN:BPAC5/UNIT:BPAC11;37.50545334549333;BPAC3 45.40 / BPAC5 23.01;101741304778.34048;0.12357886318709567;0.022645669868492726;False;0.0;DRE_con 2020;;Financials;BTG Pactual
30.306.294/0001-45;BCO BTG PACTUAL S.A.;2021;23899000.0;13800000.0;10099000.0;;9894600000.0;11506119928.0;0.0;11506119928.0;DFP;ON:BPAC3/PN:BPAC5/UNIT:BPAC11;10.022310283254509;BPAC3 12.83 / BPAC5 5.25;115317904074.75403;0.24153578719705698;0.020724448811094972;False;0.0;DRE_con 2021;acoes DFP e FRE divergem (11,506,119,928 x 2,796,040,306);Financials;BTG Pactual
30.306.294/0001-45;BCO BTG PACTUAL S.A.;2022;23094000.0;14400000.0;8694000.0;;22534556000.0;11506119928.0;10000000.0;11496119928.0;DFP;ON:BPAC3/PN:BPAC5/UNIT:BPAC11;10.206257801317484;BPAC3 12.92 / BPAC5 5.60;117332363700.03139;0.10248260493794509;0.01968254901865053;False;0.0;DRE_con 2022;acoes DFP e FRE divergem (11,506,119,928 x 2,796,040,306);Financials;BTG Pactual
30.306.294/0001-45;BCO BTG PACTUAL S.A.;2023;25283231.25;13800000.0;11483231.25;;24617325000.0;11506119928.0;0.0;11506119928.0;DFP;ON:BPAC3/PN:BPAC5/UNIT:BPAC11;14.903402366462572;BPAC3 17.90 / BPAC5 9.81;171480334963.75735;0.10270503090811045;0.014744099523332312;False;0.0;DRE_con 2023;;Financials;BTG Pactual
30.306.294/0001-45;BCO BTG PACTUAL S.A.;2024;26043168.75;13800000.0;12243168.75;;34660017000.0;11506119929.0;82408800.0;11423711129.0;DFP;ON:BPAC3/PN:BPAC5/UNIT:BPAC11;11.440010654221378;BPAC3 14.04 / BPAC5 6.98;130687377026.50734;0.07513893818921093;0.019927837976821326;False;0.0;DRE_con 2024;;Financials;BTG Pactual
30.306.294/0001-45;BCO BTG PACTUAL S.A.;2025;24585173.34;14910443.68;9674729.66;;28145817000.0;11670063466.0;82408800.0;11587654666.0;DFP;ON:BPAC3/PN:BPAC5/UNIT:BPAC11;27.369901137866155;BPAC3 37.01 / BPAC5 11.13;317152962628.15344;0.08734929719751962;0.007751834678216433;False;0.0;DRE_con 2025;;Financials;BTG Pactual
30.306.294/0001-45;BCO BTG PACTUAL S.A.;2026;190000000.0;151700000.0;38300000.0;;;11670063466.0;1671752984.0;9998310482.0;FRE;ON:BPAC3/PN:BPAC5/UNIT:BPAC11;25.02665382018116;BPAC3 22.79 / BPAC5 19.19;250224255219.70264;;0.07593188751153467;True;1.0;;;Financials;BTG Pactual
90.400.888/0001-42;BCO SANTANDER (BRASIL) S.A.;2009;192930551.0;192930551.0;0.0;;39342956000.0;;;;;ON:SANB3/PN:SANB4/UNIT:SANB11;;;;0.4903814319391761;;False;0.0;DRE_con 2010;sem quantidade de acoes;Financials;Santander
90.400.888/0001-42;BCO SANTANDER (BRASIL) S.A.;2010;229768289.0;227848590.0;1919699.0;;40909204000.0;399044116905.0;0.0;399044116905.0;FRE;ON:SANB3/PN:SANB4/UNIT:SANB11;0.17637584414009175;SANB3 0.19 / SANB4 0.16;70381742968.25684;0.5616542648935433;0.32646007232817287;False;0.0;DRE_con 2010;;Financials;Santander
90.400.888/0001-42;BCO SANTANDER (BRASIL) S.A.;2011;255631777.0;246566442.0;9065335.0;;51736080000.0;399044116905.0;952738500.0;398091378405.0;FRE;ON:SANB3/PN:SANB4/UNIT:SANB11;0.14708453120804746;SANB3 0.14 / SANB4 0.15;58553083770.664856;0.4941073560269738;0.4365812362696971;False;0.0;DRE_con 2011;;Financials;Santander
90.400.888/0001-42;BCO SANTANDER (BRASIL) S.A.;2012;268207382.06;262164886.86;6042495.2;;52660682000.0;399044116905.0;952738500.0;398091378405.0;FRE;ON:SANB3/PN:SANB4/UNIT:SANB11;0.133118797311302;SANB3 0.13 / SANB4 0.13;52993445513.27202;0.5093123975492759;0.5061142551918585;False;0.0;DRE_con 2012;;Financials;Santander
90.400.888/0001-42;BCO SANTANDER (BRASIL) S.A.;2013;222882602.28;215949844.12;6932758.16;;51217046000.0;399044116905.0;980995680.0;398063121225.0;FRE;ON:SANB3/PN:SANB4/UNIT:SANB11;0.10460076056793928;SANB3 0.10 / SANB4 0.10;41637705234.182816;0.43517270066688346;0.5352903120535631;False;0.0;DRE_con 2013;;Financials;Santander
90.400.888/0001-42;BCO SANTANDER (BRASIL) S.A.;2014;218357973.05;214733615.05;3624358.0;;58923916000.0;7600840325.0;50138090.0;7550702235.0;FRE;ON:SANB3/PN:SANB4/UNIT:SANB11;5.982039943409506;SANB3 6.14 / SANB4 5.74;45168602370.56143;0.37057613932176536;0.48342866856627487;False;0.0;DRE_con 2014;;Financials;Santander
90.400.888/0001-42;BCO SANTANDER (BRASIL) S.A.;2015;244997977.45999998;231032880.7;13965096.76;;69870200000.0;399044116905.0;59223484.0;398984893421.0;FRE;ON:SANB3/PN:SANB4/UNIT:SANB11;6.09556981620486;SANB3 6.42 / SANB4 5.72;2432040273458.7607;0.35064731095660234;0.01007376317463578;False;0.0;DRE_con 2015;;Financials;Santander
90.400.888/0001-42;BCO SANTANDER (BRASIL) S.A.;2016;275354938.16;251046455.99;24308482.17;;77146077000.0;7600840325.0;42959372.0;7557880953.0;FRE;ON:SANB3/PN:SANB4/UNIT:SANB11;15.041231460075437;SANB3 19.13 / SANB4 10.63;113679836761.76852;0.35692668878029926;0.24221968117093937;False;0.0;DRE_con 2016;;Financials;Santander
90.400.888/0001-42;BCO SANTANDER (BRASIL) S.A.;2017;254800178.49;250973477.69;3826700.8;;71418349000.0;7563082417.0;3675000.0;7559407417.0;FRE;ON:SANB3/PN:SANB4/UNIT:SANB11;17.033020715547117;SANB3 19.52 / SANB4 14.44;128759543131.02151;0.3567713088550955;0.19788838348915516;False;0.0;DRE_con 2017;;Financials;Santander
90.400.888/0001-42;BCO SANTANDER (BRASIL) S.A.;2018;310161191.61;305256937.51;4904254.1;;70478393000.0;7563082417.0;11689106.0;7551393311.0;FRE;ON:SANB3/PN:SANB4/UNIT:SANB11;22.88237120768019;SANB3 23.43 / SANB4 22.24;172793784877.49518;0.44007982930314543;0.17949788635620983;False;0.0;DRE_con 2018;;Financials;Santander
90.400.888/0001-42;BCO SANTANDER (BRASIL) S.A.;2019;298796551.19;292060818.3;6532248.14;203484.75;72841060000.0;7563082417.0;26633004.0;7536449413.0;FRE;ON:SANB3/PN:SANB4/UNIT:SANB11;23.33072074306247;SANB3 24.04 / SANB4 22.42;175830796648.92007;0.41020346380187217;0.1699341394594285;False;0.0;DRE_con 2019;;Financials;Santander
90.400.888/0001-42;BCO SANTANDER (BRASIL) S.A.;2020;281797219.41999996;274751941.28;6532248.14;513030.0;62774940000.0;7498531000.0;37658000.0;7460873000.0;DFP (corrigido de milhares);ON:SANB3/PN:SANB4/UNIT:SANB11;21.406393920970764;SANB3 20.46 / SANB4 22.38;159710386432.3349;0.4489008184157563;0.17644263827474369;False;0.0;DRE_con 2020;quantidade de acoes da DFP estava em milhares;Financials;Santander
90.400.888/0001-42;BCO SANTANDER (BRASIL) S.A.;2021;380585947.28;369488844.32;7185035.43;3912067.53;77987308000.0;7498531000.0;31510000.0;7467021000.0;DFP (corrigido de milhares);ON:SANB3/PN:SANB4/UNIT:SANB11;15.091961721560532;SANB3 14.14 / SANB4 16.08;112691995106.08864;0.4880101096450207;0.33772225518033916;False;0.0;DRE_con 2021;quantidade de acoes da DFP estava em milhares;Financials;Santander
90.400.888/0001-42;BCO SANTANDER (BRASIL) S.A.;2022;351214037.06;331373870.72;19311627.84;528538.5;115225118000.0;7498531000.0;62324000.0;7436207000.0;DFP (corrigido de milhares);ON:SANB3/PN:SANB4/UNIT:SANB11;14.104687732787704;SANB3 13.30 / SANB4 14.94;104885377651.37006;0.3048068365267372;0.3348551008009955;False;0.0;DRE_con 2022;quantidade de acoes da DFP estava em milhares;Financials;Santander
90.400.888/0001-42;BCO SANTANDER (BRASIL) S.A.;2023;401630245.56;387205745.62;14247341.66;177158.28;128282707000.0;7498531000.0;54386000.0;7444145000.0;DFP (corrigido de milhares);ON:SANB3/PN:SANB4/UNIT:SANB11;16.083211796227555;SANB3 15.20 / SANB4 17.00;119725760676.82838;0.31308214096230447;0.3354585039088678;False;0.0;DRE_con 2023;quantidade de acoes da DFP estava em milhares;Financials;Santander
90.400.888/0001-42;BCO SANTANDER (BRASIL) S.A.;2024;485190180.19;471963367.18;13226813.01;;137183478000.0;7498531000.0;38904000.0;7459627000.0;DFP (corrigido de milhares);ON:SANB3/PN:SANB4/UNIT:SANB11;11.918273018289836;SANB3 11.30 / SANB4 12.56;88905871200.60635;0.35367974865748775;0.5457346895518537;False;0.0;DRE_con 2024;quantidade de acoes da DFP estava em milhares;Financials;Santander
90.400.888/0001-42;BCO SANTANDER (BRASIL) S.A.;2025;466376461.70000005;454080643.66;12295818.04;;162494639000.0;7498531000.0;27331000.0;7471200000.0;DFP (corrigido de milhares);ON:SANB3/PN:SANB4/UNIT:SANB11;16.83802964984662;SANB3 16.47 / SANB4 17.22;125800287119.93408;0.2870103682005165;0.3707276607845666;False;0.0;DRE_con 2025;quantidade de acoes da DFP estava em milhares;Financials;Santander
90.400.888/0001-42;BCO SANTANDER (BRASIL) S.A.;2026;566877921.1999999;547628551.41;19249369.79;;;7498531051.0;27607720.0;7470923331.0;FRE;ON:SANB3/PN:SANB4/UNIT:SANB11;14.67365473429565;SANB3 14.60 / SANB4 14.64;109625749505.48798;;0.5171028921189921;True;1.0;;;Financials;Santander
45.242.914/0001-05;C&A MODAS S.A.;2016;13332027.22;13332027.22;;;;;;;;ON:CEAB3;;;;;;False;0.0;;sem DFP;Retail;C&A
45.242.914/0001-05;C&A MODAS S.A.;2017;15769614.8;15769614.8;;;5035610000.0;;;;;ON:CEAB3;;;;0.31316195654548307;;False;0.0;DRE_con 2018;sem quantidade de acoes;Retail;C&A
45.242.914/0001-05;C&A MODAS S.A.;2018;16102819.64;16102819.64;;;5166360000.0;;;;;ON:CEAB3;;;;0.31168597697411715;;False;0.0;DRE_con 2018;sem quantidade de acoes;Retail;C&A
45.242.914/0001-05;C&A MODAS S.A.;2019;34647333.63;33894583.67;752749.96;0.0;5285176000.0;308245068.0;0.0;308245068.0;FRE;ON:CEAB3;17.940000534057617;CEAB3 17.94;5529916684.540627;0.6555568561955175;0.6265435015840239;False;0.0;DRE_con 2019;;Retail;C&A
45.242.914/0001-05;C&A MODAS S.A.;2020;25901702.24;22751667.49;3150034.75;0.0;4085486000.0;308245068.0;0.0;308245068.0;DFP;ON:CEAB3;12.890000343322754;CEAB3 12.89;3973279032.3475456;0.633993170947104;0.6518973882560776;False;0.0;DRE_con 2020;;Retail;C&A
45.242.914/0001-05;C&A MODAS S.A.;2021;27562647.43;23452647.39;4110000.04;0.0;5153205000.0;308245068.0;214500.0;308030568.0;DFP;ON:CEAB3;6.199999809265137;CEAB3 6.20;1909789462.8478317;0.534864175401522;1.443229631652656;False;0.0;DRE_con 2021;;Retail;C&A
45.242.914/0001-05;C&A MODAS S.A.;2022;20592880.85;16138714.15;4154166.7;300000.0;6183550000.0;308245068.0;1969900.0;306275168.0;DFP;ON:CEAB3;2.2899999618530273;CEAB3 2.29;701370123.0365295;0.33302683490874985;2.936093251426888;False;0.0;DRE_con 2022;;Retail;C&A
45.242.914/0001-05;C&A MODAS S.A.;2023;29272319.03;21235887.03;7563500.0;472932.0;6719317000.0;308245068.0;2650500.0;305594568.0;DFP;ON:CEAB3;7.829999923706055;CEAB3 7.83;2392805444.1249847;0.43564426309995496;1.2233472262390508;False;0.0;DRE_con 2023;;Retail;C&A
45.242.914/0001-05;C&A MODAS S.A.;2024;29265873.88;24310657.88;4800000.0;155216.0;7636539000.0;308245068.0;3624126.0;304620942.0;DFP;ON:CEAB3;8.050000190734863;CEAB3 8.05;2452198641.2018337;0.38323478581069254;1.1934544530069824;False;0.0;DRE_con 2024;;Retail;C&A
45.242.914/0001-05;C&A MODAS S.A.;2025;32146152.35;26818152.35;5016000.0;312000.0;7982958000.0;308245068.0;5330734.0;302914334.0;DFP;ON:CEAB3;12.760000228881836;CEAB3 12.76;3865186971.171589;0.4026847235072513;0.8316842778825801;False;0.0;DRE_con 2025;;Retail;C&A
45.242.914/0001-05;C&A MODAS S.A.;2026;42018164.02;36268164.02;5228000.0;522000.0;;308245068.0;6890734.0;301354334.0;FRE;ON:CEAB3;8.65999984741211;CEAB3 8.66;2609728486.456978;;1.610058833248387;True;1.0;;;Retail;C&A
00.001.180/0001-26;CENTRAIS ELET BRAS S.A. - ELETROBRAS;2007;1997945.96;1664522.44;196034.24;137389.28;;;;;;ON:AXIA3/PN:AXIA7;;;;;;False;0.0;;sem DFP;Utilities;Eletrobras
00.001.180/0001-26;CENTRAIS ELET BRAS S.A. - ELETROBRAS;2008;3076384.22;2624829.7;284010.29;167544.23;;;;;;ON:AXIA3/PN:AXIA7;;;;;;False;0.0;;sem DFP;Utilities;Eletrobras
00.001.180/0001-26;CENTRAIS ELET BRAS S.A. - ELETROBRAS;2009;3588147.66;3083601.44;323764.26;180781.96;25831183000.0;;;;;ON:AXIA3/PN:AXIA7;;;;0.013890760094107963;;False;0.0;DRE_con 2010;sem quantidade de acoes;Utilities;Eletrobras
00.001.180/0001-26;CENTRAIS ELET BRAS S.A. - ELETROBRAS;2010;4820642.85;4310745.35;322297.5;187600.0;29814652000.0;1352634100.0;0.0;1352634100.0;FRE;ON:AXIA3/PN:AXIA7;22.391490936279297;AXIA3 22.39;30287494190.252304;0.016168704065370274;0.01591628155079092;False;0.0;DRE_con 2010;empresa tem ON e PN, mas so um preco disponivel: market cap aproximado;Utilities;Eletrobras
00.001.180/0001-26;CENTRAIS ELET BRAS S.A. - ELETROBRAS;2011;6310918.07;5810641.16;303960.11;196316.8;33061356000.0;1352634100.0;0.0;1352634100.0;FRE;ON:AXIA3/PN:AXIA7;17.943180084228516;AXIA3 17.94;24270557244.368362;0.019088503417706158;0.02600236165349833;False;0.0;DRE_con 2011;empresa tem ON e PN, mas so um preco disponivel: market cap aproximado;Utilities;Eletrobras
00.001.180/0001-26;CENTRAIS ELET BRAS S.A. - ELETROBRAS;2012;6450680.55;5657570.87;498655.87;294453.81;39538861000.0;1352634100.0;0.0;1352634100.0;FRE;ON:AXIA3/PN:AXIA7;7.117294788360596;AXIA3 7.12;9627095630.488825;0.0163147859772693;0.06700546870616741;False;0.0;DRE_con 2012;empresa tem ON e PN, mas so um preco disponivel: market cap aproximado;Utilities;Eletrobras
00.001.180/0001-26;CENTRAIS ELET BRAS S.A. - ELETROBRAS;2013;7099517.91;6240558.65;519968.38;338990.88;28186399000.0;1352634100.0;0.0;1352634100.0;FRE;ON:AXIA3/PN:AXIA7;5.218017101287842;AXIA3 5.22;7058067865.585089;0.0251877435993154;0.10058727183138916;False;0.0;DRE_con 2013;empresa tem ON e PN, mas so um preco disponivel: market cap aproximado;Utilities;Eletrobras
00.001.180/0001-26;CENTRAIS ELET BRAS S.A. - ELETROBRAS;2014;7359387.55;6478832.31;514241.12;366314.12;30244854000.0;1352634100.0;0.0;1352634100.0;FRE;ON:AXIA3/PN:AXIA7;5.128050804138184;AXIA3 5.13;6936376384.209728;0.024332693257504236;0.10609844596601235;False;0.0;DRE_con 2014;empresa tem ON e PN, mas so um preco disponivel: market cap aproximado;Utilities;Eletrobras
00.001.180/0001-26;CENTRAIS ELET BRAS S.A. - ELETROBRAS;2015;7890034.29;6960579.57;578115.34;351339.38;32588838000.0;1352634100.0;0.0;1352634100.0;FRE;ON:AXIA3/PN:AXIA7;5.817789077758789;AXIA3 5.82;7869339893.18409;0.024210848788164832;0.10026297500294573;False;0.0;DRE_con 2015;empresa tem ON e PN, mas so um preco disponivel: market cap aproximado;Utilities;Eletrobras
00.001.180/0001-26;CENTRAIS ELET BRAS S.A. - ELETROBRAS;2016;8893008.93;7814294.6;673081.19;405633.14;60748853000.0;1352634100.0;0.0;1352634100.0;FRE;ON:AXIA3/PN:AXIA7;20.822086334228516;AXIA3 20.82;28164664008.821487;0.01463897422063261;0.03157505776463234;False;0.0;DRE_con 2016;empresa tem ON e PN, mas so um preco disponivel: market cap aproximado;Utilities;Eletrobras
00.001.180/0001-26;CENTRAIS ELET BRAS S.A. - ELETROBRAS;2017;9378409.459999999;8323204.64;661975.71;393229.11;37876024000.0;1352634100.0;0.0;1352634100.0;FRE;ON:AXIA3/PN:AXIA7;20.322277069091797;AXIA3 20.32;27488604953.30162;0.0247608076813976;0.034117444213456055;False;0.0;DRE_con 2017;empresa tem ON e PN, mas so um preco disponivel: market cap aproximado;Utilities;Eletrobras
00.001.180/0001-26;CENTRAIS ELET BRAS S.A. - ELETROBRAS;2018;7919490.75;6948244.6;588596.49;382649.66;24975747000.0;1352634100.0;0.0;1352634100.0;FRE;ON:AXIA3/PN:AXIA7;37.38579177856445;AXIA3 37.39;50569296815.18593;0.031708724267586474;0.0156606701076804;False;0.0;DRE_con 2018;empresa tem ON e PN, mas so um preco disponivel: market cap aproximado;Utilities;Eletrobras
17.155.730/0001-64;CIA ENERGETICA DE MINAS GERAIS - CEMIG;2007;5195311.18;3759521.22;1254269.49;181520.47;;;;;;ON:CMIG3/PN:CMIG4;;;;;;False;0.0;;sem DFP;Utilities;Cemig
17.155.730/0001-64;CIA ENERGETICA DE MINAS GERAIS - CEMIG;2008;5118023.04;3770032.07;1166513.17;181477.8;;;;;;ON:CMIG3/PN:CMIG4;;;;;;False;0.0;;sem DFP;Utilities;Cemig
17.155.730/0001-64;CIA ENERGETICA DE MINAS GERAIS - CEMIG;2009;6091215.250000001;4681384.61;1197333.66;212496.98;12158312000.0;;;;;ON:CMIG3/PN:CMIG4;;;;0.05009918523229213;;False;0.0;DRE_con 2010;sem quantidade de acoes;Utilities;Cemig
17.155.730/0001-64;CIA ENERGETICA DE MINAS GERAIS - CEMIG;2010;6741388.239999999;5248286.97;1282351.15;210750.12;12863330000.0;682414582.0;290920.0;682123662.0;FRE;ON:CMIG3/PN:CMIG4;24.080254533281444;CMIG3 20.88 / CMIG4 26.55;16425711404.134039;0.0524077998465405;0.04104168199560185;False;0.0;DRE_con 2010;;Utilities;Cemig
17.155.730/0001-64;CIA ENERGETICA DE MINAS GERAIS - CEMIG;2011;10397718.41;8801104.67;1221999.94;374613.8;15814227000.0;853018228.0;290920.0;852727308.0;FRE;ON:CMIG3/PN:CMIG4;31.89097631469919;CMIG3 28.80 / CMIG4 34.27;27194306382.325203;0.06574914101081261;0.0382349094101475;False;0.0;DRE_con 2011;;Utilities;Cemig
17.155.730/0001-64;CIA ENERGETICA DE MINAS GERAIS - CEMIG;2012;11630872.91;9984531.46;1186527.25;459814.2;18460375000.0;962672385.0;410396.0;962261989.0;FRE;ON:CMIG3/PN:CMIG4;20.983676647791242;CMIG3 21.03 / CMIG4 20.93;20191794427.63645;0.06300453219395598;0.057601977633453205;False;0.0;DRE_con 2012;;Utilities;Cemig
17.155.730/0001-64;CIA ENERGETICA DE MINAS GERAIS - CEMIG;2013;11879420.5;10137660.71;1278111.18;463648.61;14627280000.0;962672385.0;536655.0;962135730.0;FRE;ON:CMIG3/PN:CMIG4;13.535503567111796;CMIG3 13.56 / CMIG4 13.50;13022991605.460712;0.08121414576052417;0.09121882943561756;False;0.0;DRE_con 2013;;Utilities;Cemig
17.155.730/0001-64;CIA ENERGETICA DE MINAS GERAIS - CEMIG;2014;12470794.59;10647079.4;1312135.09;511580.1;19539578000.0;1258841654.0;560718.0;1258280936.0;FRE;ON:CMIG3/PN:CMIG4;11.773169055601254;CMIG3 12.21 / CMIG4 11.55;14813954178.968184;0.0638232544735613;0.08418275390445829;False;0.0;DRE_con 2014;;Utilities;Cemig
17.155.730/0001-64;CIA ENERGETICA DE MINAS GERAIS - CEMIG;2015;15469873.88;11370533.89;3210645.67;888694.32;21292211000.0;1258841654.0;560718.0;1258280936.0;FRE;ON:CMIG3/PN:CMIG4;5.710524522868358;CMIG3 5.67 / CMIG4 5.73;7185444141.685751;0.07265508443439717;0.21529460914256957;False;0.0;DRE_con 2015;;Utilities;Cemig
17.155.730/0001-64;CIA ENERGETICA DE MINAS GERAIS - CEMIG;2016;16272832.870000001;10515171.34;4567013.03;1190648.5;18772656000.0;1258841654.0;560718.0;1258280936.0;FRE;ON:CMIG3/PN:CMIG4;9.073285201252133;CMIG3 9.49 / CMIG4 8.86;11416741795.626482;0.08668370032455716;0.14253482439476547;False;0.0;DRE_con 2016;;Utilities;Cemig
17.155.730/0001-64;CIA ENERGETICA DE MINAS GERAIS - CEMIG;2017;19598819.75;12243599.06;5829486.42;1525734.27;21711690000.0;1458752601.0;560718.0;1458191883.0;FRE;ON:CMIG3/PN:CMIG4;7.308933128655425;CMIG3 6.92 / CMIG4 7.50;10657826961.595135;0.09026851318345094;0.1838913300114856;False;0.0;DRE_con 2017;;Utilities;Cemig
17.155.730/0001-64;CIA ENERGETICA DE MINAS GERAIS - CEMIG;2018;25368300.240000002;19076008.59;4732450.65;1559841.0;22266217000.0;1458752601.0;560718.0;1458191883.0;FRE;ON:CMIG3/PN:CMIG4;14.647844363633595;CMIG3 16.22 / CMIG4 13.85;21359367754.49781;0.11393179290402138;0.11876896606482183;False;0.0;DRE_con 2018;;Utilities;Cemig
17.155.730/0001-64;CIA ENERGETICA DE MINAS GERAIS - CEMIG;2019;21177148.34;16843035.58;2544755.99;1789356.77;25390306000.0;1458752601.0;560718.0;1458191883.0;FRE;ON:CMIG3/PN:CMIG4;14.39721501557559;CMIG3 15.59 / CMIG4 13.79;20993902073.518044;0.0834064321241343;0.10087285472629266;False;0.0;DRE_con 2019;;Utilities;Cemig
17.155.730/0001-64;CIA ENERGETICA DE MINAS GERAIS - CEMIG;2020;15474946.29;12057673.19;2006043.97;1411229.13;25227625000.0;1518752000.0;584000.0;1518168000.0;DFP (corrigido de milhares);ON:CMIG3/PN:CMIG4;15.175289176022655;CMIG3 16.40 / CMIG4 14.56;23038638417.783962;0.06134127287051397;0.06716953497588032;False;0.0;DRE_con 2020;quantidade de acoes da DFP estava em milhares;Utilities;Cemig
17.155.730/0001-64;CIA ENERGETICA DE MINAS GERAIS - CEMIG;2021;16173409.41;12597631.42;2052987.28;1522790.71;33646118000.0;1693362000.0;651000.0;1692711000.0;DFP (corrigido de milhares);ON:CMIG3/PN:CMIG4;14.919085515545126;CMIG3 18.52 / CMIG4 13.11;25253700162.103905;0.04806916925750543;0.06404372153855722;False;0.0;DRE_con 2021;quantidade de acoes da DFP estava em milhares;Utilities;Cemig
17.155.730/0001-64;CIA ENERGETICA DE MINAS GERAIS - CEMIG;2022;18058672.2;13671218.66;2800476.13;1586977.41;34462808000.0;2201371000.0;846000.0;2200525000.0;DFP (corrigido de milhares);ON:CMIG3/PN:CMIG4;12.815325649103638;CMIG3 16.15 / CMIG4 11.14;28200444473.993782;0.05240046661316745;0.06403683536496582;False;0.0;DRE_con 2022;quantidade de acoes da DFP estava em milhares;Utilities;Cemig
17.155.730/0001-64;CIA ENERGETICA DE MINAS GERAIS - CEMIG;2023;18983767.78;14209508.83;3317848.28;1456410.67;36849769000.0;2201371000.0;846000.0;2200525000.0;DFP (corrigido de milhares);ON:CMIG3/PN:CMIG4;12.70054671670339;CMIG3 15.13 / CMIG4 11.48;27947870563.773727;0.051516653415113675;0.06792563224694094;False;0.0;DRE_con 2023;quantidade de acoes da DFP estava em milhares;Utilities;Cemig
17.155.730/0001-64;CIA ENERGETICA DE MINAS GERAIS - CEMIG;2024;22419142.980000004;16829554.35;3651050.03;1938538.6;39819620000.0;2861782000.0;1100000.0;2860682000.0;DFP (corrigido de milhares);ON:CMIG3/PN:CMIG4;12.285721906614185;CMIG3 14.63 / CMIG4 11.11;35145543515.25688;0.05630175019249306;0.06378943313330103;False;0.0;DRE_con 2024;quantidade de acoes da DFP estava em milhares;Utilities;Cemig
17.155.730/0001-64;CIA ENERGETICA DE MINAS GERAIS - CEMIG;2025;25887454.980000004;20609718.85;3319185.78;1958550.35;42751283000.0;2861782000.0;1100000.0;2860682000.0;DFP (corrigido de milhares);ON:CMIG3/PN:CMIG4;12.370387500032583;CMIG3 14.70 / CMIG4 11.20;35387744854.36821;0.06055363292839657;0.0731537290283263;False;0.0;DRE_con 2025;quantidade de acoes da DFP estava em milhares;Utilities;Cemig
17.155.730/0001-64;CIA ENERGETICA DE MINAS GERAIS - CEMIG;2026;26115832.64;20954514.27;3396260.45;1765057.92;;2861781895.0;1100012.0;2860681883.0;FRE;ON:CMIG3/PN:CMIG4;12.75680379429765;CMIG3 16.48 / CMIG4 10.88;36493157499.33295;;0.07156364214435916;True;1.0;;;Utilities;Cemig
76.483.817/0001-20;CIA PARANAENSE DE ENERGIA - COPEL;2008;5915287.79;4639177.96;708307.33;567802.5;;;;;;ON:CPLE3;;;;;;False;0.0;;sem DFP;Utilities;Copel
76.483.817/0001-20;CIA PARANAENSE DE ENERGIA - COPEL;2009;7304918.84;5924061.52;829064.45;551792.87;6250140000.0;;;;;ON:CPLE3;;;;0.11687608341573148;;False;0.0;DRE_con 2010;sem quantidade de acoes;Utilities;Copel
76.483.817/0001-20;CIA PARANAENSE DE ENERGIA - COPEL;2010;7708177.66;6274137.93;860453.17;573586.56;6901113000.0;273655375.0;0.0;273655375.0;FRE;ON:CPLE3;39.000000953674316;CPLE3 39.00;10672559885.978104;0.11169470286894302;0.07222426242955274;False;0.0;DRE_con 2010;empresa tem ON e PN, mas so um preco disponivel: market cap aproximado;Utilities;Copel
76.483.817/0001-20;CIA PARANAENSE DE ENERGIA - COPEL;2011;8534766.86;7047000.0;887080.49;600686.37;7776165000.0;273655375.0;0.0;273655375.0;FRE;ON:CPLE3;32.99000024795532;CPLE3 32.99;9027890889.104307;0.10975547535321074;0.09453777149988095;False;0.0;DRE_con 2011;empresa tem ON e PN, mas so um preco disponivel: market cap aproximado;Utilities;Copel
76.483.817/0001-20;CIA PARANAENSE DE ENERGIA - COPEL;2012;10898291.5;9489453.27;898423.3;510414.93;8532217000.0;273655375.0;0.0;273655375.0;FRE;ON:CPLE3;25.980000495910645;CPLE3 25.98;7109566778.208613;0.12773106333324621;0.15329051459793766;False;0.0;DRE_con 2012;empresa tem ON e PN, mas so um preco disponivel: market cap aproximado;Utilities;Copel
76.483.817/0001-20;CIA PARANAENSE DE ENERGIA - COPEL;2013;11123982.0;9675279.18;919038.67;529664.15;9180214000.0;273655375.0;0.0;273655375.0;FRE;ON:CPLE3;20.0;CPLE3 20.00;5473107500.0;0.12117344976925375;0.2032480085582094;False;0.0;DRE_con 2013;empresa tem ON e PN, mas so um preco disponivel: market cap aproximado;Utilities;Copel
76.483.817/0001-20;CIA PARANAENSE DE ENERGIA - COPEL;2014;8510775.270000001;6931866.58;1067890.48;511018.21;13918517000.0;273655375.0;0.0;273655375.0;FRE;ON:CPLE3;21.80000066757202;CPLE3 21.80;5965687357.684671;0.061147141394445985;0.14266210680713745;False;0.0;DRE_con 2014;empresa tem ON e PN, mas so um preco disponivel: market cap aproximado;Utilities;Copel
76.483.817/0001-20;CIA PARANAENSE DE ENERGIA - COPEL;2015;8697657.91;6999563.07;1138229.45;559865.39;14728131000.0;273655375.0;0.0;273655375.0;FRE;ON:CPLE3;14.40000057220459;CPLE3 14.40;3940637556.5868616;0.05905472941542956;0.2207170232000067;False;0.0;DRE_con 2015;empresa tem ON e PN, mas so um preco disponivel: market cap aproximado;Utilities;Copel
76.483.817/0001-20;CIA PARANAENSE DE ENERGIA - COPEL;2016;8780834.86;6900914.63;1363674.97;516245.26;13101753000.0;273655375.0;0.0;273655375.0;FRE;ON:CPLE3;22.730000019073486;CPLE3 22.73;6220186678.969563;0.06702030529807729;0.1411667416620788;False;0.0;DRE_con 2016;empresa tem ON e PN, mas so um preco disponivel: market cap aproximado;Utilities;Copel
76.483.817/0001-20;CIA PARANAENSE DE ENERGIA - COPEL;2017;11431972.07;9424607.56;1297241.97;710122.54;14024573000.0;273655375.0;0.0;273655375.0;FRE;ON:CPLE3;21.710000038146973;CPLE3 21.71;5941058201.689124;0.08151386904970298;0.19242316237113674;False;0.0;DRE_con 2017;empresa tem ON e PN, mas so um preco disponivel: market cap aproximado;Utilities;Copel
76.483.817/0001-20;CIA PARANAENSE DE ENERGIA - COPEL;2018;11749961.0;9281651.0;1685219.0;783091.0;14934780000.0;273655375.0;0.0;273655375.0;FRE;ON:CPLE3;33.05999994277954;CPLE3 33.06;9047046681.841314;0.07867515289813443;0.12987620616110904;False;0.0;DRE_con 2018;empresa tem ON e PN, mas so um preco disponivel: market cap aproximado;Utilities;Copel
76.483.817/0001-20;CIA PARANAENSE DE ENERGIA - COPEL;2019;10559969.6;8312114.5;1567895.0;679960.1;16244274000.0;;;;;ON:CPLE3;;;;0.06500733489228266;;False;0.0;DRE_con 2019;sem quantidade de acoes;Utilities;Copel
76.483.817/0001-20;CIA PARANAENSE DE ENERGIA - COPEL;2020;10859391.88;8246909.32;1928780.09;683702.47;18633249000.0;2736553750.0;0.0;2736553750.0;DFP;ON:CPLE3;70.0;CPLE3 70.00;191558762500.0;0.0582796477415184;0.005668961178426907;False;0.0;DRE_con 2020;empresa tem ON e PN, mas so um preco disponivel: market cap aproximado;Utilities;Copel
76.483.817/0001-20;CIA PARANAENSE DE ENERGIA - COPEL;2021;11073665.8;8460953.07;1941151.97;671560.76;23984287000.0;2736553750.0;0.0;2736553750.0;DFP;ON:CPLE3;6.119999885559082;CPLE3 6.12;16747708636.826277;0.0461705023793286;0.06612048274860889;False;0.0;DRE_con 2021;empresa tem ON e PN, mas so um preco disponivel: market cap aproximado;Utilities;Copel
76.483.817/0001-20;CIA PARANAENSE DE ENERGIA - COPEL;2022;8559077.41;5829078.87;2057977.42;672021.12;21927721000.0;2736553750.0;0.0;2736553750.0;DFP;ON:CPLE3;6.869999885559083;CPLE3 6.87;18800123949.32628;0.03903313714179417;0.0455267073401754;False;0.0;DRE_con 2022;empresa tem ON e PN, mas so um preco disponivel: market cap aproximado;Utilities;Copel
76.483.817/0001-20;CIA PARANAENSE DE ENERGIA - COPEL;2023;13652219.78;10035032.86;2990335.42;626851.5;21479468000.0;2982810591.0;0.0;2982810591.0;DFP;ON:CPLE3;9.489999771118164;CPLE3 9.49;28306871825.878838;0.06355939439468426;0.048229348209076234;False;0.0;DRE_con 2023;empresa tem ON e PN, mas so um preco disponivel: market cap aproximado;Utilities;Copel
76.483.817/0001-20;CIA PARANAENSE DE ENERGIA - COPEL;2024;49088565.65;40255164.47;8366748.62;466652.56;22651036000.0;2982810591.0;5698400.0;2977112191.0;DFP;ON:CPLE3;8.239999771118164;CPLE3 8.24;24531403772.433098;0.21671664664697898;0.20010500053471358;False;0.0;DRE_con 2024;empresa tem ON e PN, mas so um preco disponivel: market cap aproximado;Utilities;Copel
76.483.817/0001-20;CIA PARANAENSE DE ENERGIA - COPEL;2025;53436931.357999995;41862246.1;11441384.48;133300.778;26116856000.0;2982810591.0;12740266.0;2970070325.0;DFP;ON:CPLE3;13.079999923706055;CPLE3 13.08;38848519624.40162;0.20460706050529204;0.13755204026985643;False;0.0;DRE_con 2025;empresa tem ON e PN, mas so um preco disponivel: market cap aproximado;Utilities;Copel
76.483.817/0001-20;CIA PARANAENSE DE ENERGIA - COPEL;2026;65458216.46;52283373.82;12671724.21;503118.43;;2982810591.0;12723294.0;2970087297.0;FRE;ON:CPLE3;15.25;CPLE3 15.25;45293831279.25;;0.1445190539445218;True;1.0;;empresa tem ON e PN, mas so um preco disponivel: market cap aproximado;Utilities;Copel
43.776.517/0001-80;CIA SANEAMENTO BASICO EST SAO PAULO;2008;3605000.0;2105000.0;1272000.0;228000.0;;;;;;ON:SBSP3;;;;;;False;0.0;;sem DFP;Utilities;Sabesp
43.776.517/0001-80;CIA SANEAMENTO BASICO EST SAO PAULO;2009;3656000.0;2200000.0;1225000.0;231000.0;8579519000.0;;;;;ON:SBSP3;;;;0.042613111527580974;;False;0.0;DRE_con 2010;sem quantidade de acoes;Utilities;Sabesp
43.776.517/0001-80;CIA SANEAMENTO BASICO EST SAO PAULO;2010;3675042.6799999997;2230893.88;1214748.8;229400.0;9231027000.0;;;;;ON:SBSP3;;;;0.03981185062073808;;False;0.0;DRE_con 2010;sem quantidade de acoes;Utilities;Sabesp
43.776.517/0001-80;CIA SANEAMENTO BASICO EST SAO PAULO;2011;3898765.62;2441905.06;1240276.6;216583.96;9941637000.0;;;;;ON:SBSP3;;;;0.03921653566711398;;False;0.0;DRE_con 2011;sem quantidade de acoes;Utilities;Sabesp
43.776.517/0001-80;CIA SANEAMENTO BASICO EST SAO PAULO;2012;4108342.6;2878053.3;1004627.7;225661.6;10754435000.0;683509869.0;0.0;683509869.0;FRE;ON:SBSP3;89.70001318436462;SBSP3 89.70;61310844260.94334;0.03820138017478371;0.006700841669239784;False;0.0;DRE_con 2012;;Utilities;Sabesp
43.776.517/0001-80;CIA SANEAMENTO BASICO EST SAO PAULO;2013;4212502.72;2928574.78;1026347.45;257580.49;11315567000.0;683509869.0;0.0;683509869.0;FRE;ON:SBSP3;22.26000158109041;SBSP3 22.26;15214930764.6309;0.03722750013322355;0.027686637456100126;False;0.0;DRE_ind 2013;;Utilities;Sabesp
43.776.517/0001-80;CIA SANEAMENTO BASICO EST SAO PAULO;2014;4253261.21;2898726.05;1051450.37;303084.79;11213216000.0;683509869.0;0.0;683509869.0;FRE;ON:SBSP3;13.29999980031921;SBSP3 13.30;9090681121.21621;0.03793078818779554;0.04678704657315019;False;0.0;DRE_ind 2014;;Utilities;Sabesp
43.776.517/0001-80;CIA SANEAMENTO BASICO EST SAO PAULO;2015;4598716.86;3135137.18;1139410.76;324168.92;11711569000.0;683509869.0;0.0;683509869.0;FRE;ON:SBSP3;21.32000373234479;SBSP3 21.32;14572432958.1745;0.039266445512125665;0.03155764636693917;False;0.0;DRE_ind 2015;;Utilities;Sabesp
43.776.517/0001-80;CIA SANEAMENTO BASICO EST SAO PAULO;2016;4406307.4;3183589.45;923339.36;299378.59;14098208000.0;683509869.0;0.0;683509869.0;FRE;ON:SBSP3;31.35000374444743;SBSP3 31.35;21428036952.516773;0.03125437927997658;0.020563280760454678;False;0.0;DRE_ind 2016;;Utilities;Sabesp
43.776.517/0001-80;CIA SANEAMENTO BASICO EST SAO PAULO;2017;4368835.600000001;3208258.74;847512.95;313063.91;14608233000.0;683509869.0;0.0;683509869.0;FRE;ON:SBSP3;36.38000625346535;SBSP3 36.38;24866093308.525284;0.02990666701441578;0.0175694490718498;False;0.0;DRE_ind 2017;;Utilities;Sabesp
43.776.517/0001-80;CIA SANEAMENTO BASICO EST SAO PAULO;2018;4614243.1;3227829.46;1106255.67;280157.97;16085094000.0;683509869.0;0.0;683509869.0;FRE;ON:SBSP3;43.37000223658986;SBSP3 43.37;29643824547.261242;0.028686454054915683;0.015565613312288694;False;0.0;DRE_ind 2018;;Utilities;Sabesp
43.776.517/0001-80;CIA SANEAMENTO BASICO EST SAO PAULO;2019;5902084.11;4482883.46;1189200.58;230000.07;17983654000.0;683509869.0;0.0;683509869.0;FRE;ON:SBSP3;60.56000610858781;SBSP3 60.56;41393361841.92005;0.03281915961016599;0.014258528052251165;False;0.0;DRE_ind 2019;;Utilities;Sabesp
43.776.517/0001-80;CIA SANEAMENTO BASICO EST SAO PAULO;2020;6881668.08;5157573.68;1438883.33;285211.07;17797541000.0;683509869.0;0.0;683509869.0;DFP;ON:SBSP3;44.440007844387566;SBSP3 44.44;30375183940.076317;0.03866639824007148;0.022655560188791106;False;0.0;DRE_ind 2020;;Utilities;Sabesp
43.776.517/0001-80;CIA SANEAMENTO BASICO EST SAO PAULO;2021;6857935.71;5135802.88;1474950.0;247182.83;19491061000.0;683509869.0;0.0;683509869.0;DFP;ON:SBSP3;40.180007601454896;SBSP3 40.18;27463431732.08944;0.03518503025566438;0.024971153557575607;False;0.0;DRE_ind 2021;;Utilities;Sabesp
43.776.517/0001-80;CIA SANEAMENTO BASICO EST SAO PAULO;2022;6590987.59;4754983.72;1560300.0;275703.87;22055720000.0;683509869.0;0.0;683509869.0;DFP;ON:SBSP3;57.160005937785414;SBSP3 57.16;39069428170.57493;0.02988334812919279;0.016869936158840408;False;0.0;DRE_ind 2022;;Utilities;Sabesp
43.776.517/0001-80;CIA SANEAMENTO BASICO EST SAO PAULO;2023;9473728.07;7358092.24;1820929.54;294706.29;25572056000.0;683509869.0;0.0;683509869.0;DFP;ON:SBSP3;75.37001281161058;SBSP3 75.37;51516147583.392265;0.03704718959633124;0.018389822442884167;False;0.0;DRE_con 2023;;Utilities;Sabesp
43.776.517/0001-80;CIA SANEAMENTO BASICO EST SAO PAULO;2024;9351835.540000001;7023357.44;1929170.1;399308.0;36145477000.0;683509869.0;0.0;683509869.0;DFP;ON:SBSP3;88.50001948809151;SBSP3 88.50;60490636726.80287;0.025872768368778203;0.015459972065158119;False;0.0;DRE_con 2024;empresa tem ON e PN, mas so um preco disponivel: market cap aproximado;Utilities;Sabesp
43.776.517/0001-80;CIA SANEAMENTO BASICO EST SAO PAULO;2025;63057948.0;49340766.0;13105946.0;611236.0;38092050000.0;703773869.0;3554431.0;700219438.0;DFP;ON:SBSP3;137.34463827884122;SBSP3 137.34;96171385427.92348;0.16554096720969336;0.06556830570696037;False;0.0;DRE_con 2025;"empresa tem ON e PN, mas so um preco disponivel: market cap aproximado; acoes DFP e FRE divergem (703,773,869 x 3,524,534,028)";Utilities;Sabesp
43.776.517/0001-80;CIA SANEAMENTO BASICO EST SAO PAULO;2026;71157973.17;56453743.17;13954230.0;750000.0;;3524534028.0;17703549.0;3506830479.0;FRE;ON:SBSP3;25.59000015258789;SBSP3 25.59;89739792492.70987;;0.0792936680523087;True;1.0;;empresa tem ON e PN, mas so um preco disponivel: market cap aproximado;Utilities;Sabesp
17.281.106/0001-03;CIA SANEAMENTO DE MINAS GERAIS-COPASA MG;2007;3421102.0;2821197.0;476597.0;123308.0;;;;;;ON:CSMG3;;;;;;False;0.0;;sem DFP;Utilities;Copasa
17.281.106/0001-03;CIA SANEAMENTO DE MINAS GERAIS-COPASA MG;2008;3392650.0;2819014.0;462782.0;110854.0;;;;;;ON:CSMG3;;;;;;False;0.0;;sem DFP;Utilities;Copasa
17.281.106/0001-03;CIA SANEAMENTO DE MINAS GERAIS-COPASA MG;2009;4528956.0;3827051.0;563461.0;138444.0;3270633000.0;;;;;ON:CSMG3;;;;0.13847337808919558;;False;0.0;DRE_con 2010;sem quantidade de acoes;Utilities;Copasa
17.281.106/0001-03;CIA SANEAMENTO DE MINAS GERAIS-COPASA MG;2010;4284688.0;3609498.0;529110.0;146080.0;3238071000.0;115299504.0;370176.0;114929328.0;FRE;ON:CSMG3;26.905360221862793;CSMG3 26.91;3092214969.8966217;0.13232223752968975;0.13856371700261333;False;0.0;DRE_con 2010;;Utilities;Copasa
17.281.106/0001-03;CIA SANEAMENTO DE MINAS GERAIS-COPASA MG;2011;6143753.0;5394254.0;602291.0;147208.0;3224932000.0;115300760.0;370176.0;114930584.0;FRE;ON:CSMG3;38.06100368499756;CSMG3 38.06;4374373381.142921;0.19050798590481907;0.14044875607748833;False;0.0;DRE_con 2011;;Utilities;Copasa
17.281.106/0001-03;CIA SANEAMENTO DE MINAS GERAIS-COPASA MG;2012;6378247.0;5574674.0;629137.0;174436.0;3519027000.0;119684430.0;357213.0;119327217.0;FRE;ON:CSMG3;47.67216968536377;CSMG3 47.67;5688587336.906224;0.18125030015399143;0.11212356640144075;False;0.0;DRE_con 2012;;Utilities;Copasa
17.281.106/0001-03;CIA SANEAMENTO DE MINAS GERAIS-COPASA MG;2013;6561906.0;5794813.0;602736.0;164357.0;3733397000.0;119684430.0;357213.0;119327217.0;FRE;ON:CSMG3;30.9583797454834;CSMG3 30.96;3694177297.8577023;0.17576234191006207;0.17762834512045017;False;0.0;DRE_con 2013;;Utilities;Copasa
17.281.106/0001-03;CIA SANEAMENTO DE MINAS GERAIS-COPASA MG;2014;7662338.0;6841258.0;638925.0;182155.0;4131432000.0;119684430.0;357213.0;119327217.0;FRE;ON:CSMG3;16.54655170440674;CSMG3 16.55;1974453965.8334627;0.185464458812344;0.388073772931219;False;0.0;DRE_con 2014;;Utilities;Copasa
17.281.106/0001-03;CIA SANEAMENTO DE MINAS GERAIS-COPASA MG;2015;6387885.0;5544757.0;671932.0;171196.0;3834469000.0;119684430.0;357213.0;119327217.0;FRE;ON:CSMG3;12.660767555236816;CSMG3 12.66;1510774157.450303;0.16659112382966193;0.42282196637389396;False;0.0;DRE_con 2015;;Utilities;Copasa
17.281.106/0001-03;CIA SANEAMENTO DE MINAS GERAIS-COPASA MG;2016;5964176.0;4823424.0;896922.0;243830.0;4032875000.0;126751023.0;357213.0;126393810.0;FRE;ON:CSMG3;43.15999889373779;CSMG3 43.16;5455156699.775305;0.14788893779251774;0.10933097485990936;False;0.0;DRE_con 2016;;Utilities;Copasa
17.281.106/0001-03;CIA SANEAMENTO DE MINAS GERAIS-COPASA MG;2017;6609128.0;5446655.0;908262.0;254211.0;4326401000.0;126751023.0;357213.0;126393810.0;FRE;ON:CSMG3;45.099998474121094;CSMG3 45.10;5700360638.138351;0.15276272356630835;0.1159422783846609;False;0.0;DRE_con 2017;;Utilities;Copasa
17.281.106/0001-03;CIA SANEAMENTO DE MINAS GERAIS-COPASA MG;2018;4870484.0;3961520.0;638886.0;270078.0;4737285000.0;126751023.0;357213.0;126393810.0;FRE;ON:CSMG3;59.610002517700195;CSMG3 59.61;7534335332.32172;0.1028117159934435;0.06464384428319772;False;0.0;DRE_con 2018;;Utilities;Copasa
17.281.106/0001-03;CIA SANEAMENTO DE MINAS GERAIS-COPASA MG;2019;4936619.0;4019483.0;675784.0;241352.0;5157224000.0;126751023.0;357213.0;126393810.0;FRE;ON:CSMG3;67.9900016784668;CSMG3 67.99;8593515354.047813;0.09572240802416183;0.05744586233472776;False;0.0;DRE_con 2019;;Utilities;Copasa
17.281.106/0001-03;CIA SANEAMENTO DE MINAS GERAIS-COPASA MG;2020;4540646.0;3505098.0;763036.0;272512.0;5343338000.0;380253000.0;1072000.0;379181000.0;DFP (corrigido de milhares);ON:CSMG3;16.399999618530273;CSMG3 16.40;6218568255.353928;0.08497770494773117;0.07301754702283268;False;0.0;DRE_con 2020;quantidade de acoes da DFP estava em milhares;Utilities;Copasa
17.281.106/0001-03;CIA SANEAMENTO DE MINAS GERAIS-COPASA MG;2021;6226231.0;5139267.0;811876.0;275088.0;5894710000.0;380253000.0;1072000.0;379181000.0;DFP (corrigido de milhares);ON:CSMG3;12.720000267028809;CSMG3 12.72;4823182421.252251;0.10562404257376529;0.12908968511258326;False;0.0;DRE_con 2021;quantidade de acoes da DFP estava em milhares;Utilities;Copasa
17.281.106/0001-03;CIA SANEAMENTO DE MINAS GERAIS-COPASA MG;2022;6124381.0;5033133.0;808880.0;282368.0;6176855000.0;380253000.0;1072000.0;379181000.0;DFP (corrigido de milhares);ON:CSMG3;15.6899995803833;CSMG3 15.69;5949349730.88932;0.09915047382527192;0.10294202353245277;False;0.0;DRE_con 2022;quantidade de acoes da DFP estava em milhares;Utilities;Copasa
17.281.106/0001-03;CIA SANEAMENTO DE MINAS GERAIS-COPASA MG;2023;7623367.5600000005;5999282.74;1364392.82;259692.0;7404379000.0;380253000.0;1072000.0;379181000.0;DFP (corrigido de milhares);ON:CSMG3;20.479999542236328;CSMG3 20.48;7765626706.424713;0.10295755471188063;0.0981680918771563;False;0.0;DRE_con 2023;quantidade de acoes da DFP estava em milhares;Utilities;Copasa
17.281.106/0001-03;CIA SANEAMENTO DE MINAS GERAIS-COPASA MG;2024;10274020.89;7853651.89;2151259.0;269110.0;7878006000.0;380253000.0;1072000.0;379181000.0;DFP (corrigido de milhares);ON:CSMG3;20.81999969482422;CSMG3 20.82;7894548304.283142;0.1304139764554635;0.13014070588973264;False;0.0;DRE_con 2024;quantidade de acoes da DFP estava em milhares;Utilities;Copasa
17.281.106/0001-03;CIA SANEAMENTO DE MINAS GERAIS-COPASA MG;2025;10779301.32;8379609.62;2136115.0;263576.7;8330190000.0;380253000.0;1072000.0;379181000.0;DFP (corrigido de milhares);ON:CSMG3;43.91999816894531;CSMG3 43.92;16653628825.698853;0.1294004256805667;0.06472644150304376;False;0.0;DRE_con 2025;quantidade de acoes da DFP estava em milhares;Utilities;Copasa
17.281.106/0001-03;CIA SANEAMENTO DE MINAS GERAIS-COPASA MG;2026;12411511.78;9070604.7;2886757.14;454149.94;;380253069.0;1071639.0;379181430.0;FRE;ON:CSMG3;55.790000915527344;CSMG3 55.79;21154532326.850967;;0.05867069802458526;True;1.0;;empresa tem ON e PN, mas so um preco disponivel: market cap aproximado;Utilities;Copasa
01.027.058/0001-91;CIELO S.A. -  INSTITUIÇÃO DE PAGAMENTO;2007;7147313.04;6576854.38;257308.7;313149.96;;;;;;;;;;;;False;0.0;;sem DFP;Financials;Cielo
01.027.058/0001-91;CIELO S.A. -  INSTITUIÇÃO DE PAGAMENTO;2008;9348038.36;8977886.14;153057.2;217095.02;;;;;;;;;;;;False;0.0;;sem DFP;Financials;Cielo
01.027.058/0001-91;CIELO S.A. -  INSTITUIÇÃO DE PAGAMENTO;2009;16471797.2;15563566.42;627500.0;280730.78;3444921000.0;;;;;;;;;0.47814731310239045;;False;0.0;DRE_con 2010;sem cotacao;Financials;Cielo
01.027.058/0001-91;CIELO S.A. -  INSTITUIÇÃO DE PAGAMENTO;2010;26042101.59;24721688.74;1020000.0;300412.85;3992494000.0;545913520.0;5438760.0;540474760.0;FRE;;;;;0.6522765366710632;;False;0.0;DRE_con 2010;sem cotacao;Financials;Cielo
01.027.058/0001-91;CIELO S.A. -  INSTITUIÇÃO DE PAGAMENTO;2011;29571765.18;28221011.9;1042000.0;308753.28;4208726000.0;545913520.0;1392032.0;544521488.0;FRE;;;;;0.7026298499831065;;False;0.0;DRE_con 2011;sem cotacao;Financials;Cielo
01.027.058/0001-91;CIELO S.A. -  INSTITUIÇÃO DE PAGAMENTO;2012;33082304.700000003;31498551.42;1275000.0;308753.28;5427406000.0;545913520.0;1561925.0;544351595.0;FRE;;;;;0.6095417350388013;;False;0.0;DRE_con 2012;sem cotacao;Financials;Cielo
01.027.058/0001-91;CIELO S.A. -  INSTITUIÇÃO DE PAGAMENTO;2013;36158677.160000004;34391923.88;1458000.0;308753.28;6734240000.0;545913520.0;6329234.0;539584286.0;FRE;;;;;0.5369377563021218;;False;0.0;DRE_con 2013;sem cotacao;Financials;Cielo
01.027.058/0001-91;CIELO S.A. -  INSTITUIÇÃO DE PAGAMENTO;2014;47594594.83;45572464.91;1559000.0;463129.92;7725578000.0;1572230938.0;5564856.0;1566666082.0;FRE;;;;;0.6160651647035341;;False;0.0;DRE_con 2014;sem cotacao;Financials;Cielo
01.027.058/0001-91;CIELO S.A. -  INSTITUIÇÃO DE PAGAMENTO;2015;40228766.04000001;37790235.34;1883000.0;555530.7;11122314000.0;2264012551.0;6199003.0;2257813548.0;FRE;;;;;0.3616942125532511;;False;0.0;DRE_con 2015;sem cotacao;Financials;Cielo
01.027.058/0001-91;CIELO S.A. -  INSTITUIÇÃO DE PAGAMENTO;2016;45940057.309999995;43600143.07;1845908.8;494005.44;12300784000.0;2716815061.0;4308082.0;2712506979.0;FRE;;;;;0.37347259581177905;;False;0.0;DRE_con 2016;sem cotacao;Financials;Cielo
01.027.058/0001-91;CIELO S.A. -  INSTITUIÇÃO DE PAGAMENTO;2017;52590564.17;49379720.97;2613920.0;596923.2;11600341000.0;2716815061.0;2818943.0;2713996118.0;FRE;;;;;0.45335360546728753;;False;0.0;DRE_con 2017;sem cotacao;Financials;Cielo
01.027.058/0001-91;CIELO S.A. -  INSTITUIÇÃO DE PAGAMENTO;2018;37120617.169999994;33704061.12;2815573.33;600982.72;11685839000.0;2716815061.0;3260036.0;2713555025.0;FRE;;;;;0.3176547030127661;;False;0.0;DRE_con 2018;sem cotacao;Financials;Cielo
01.027.058/0001-91;CIELO S.A. -  INSTITUIÇÃO DE PAGAMENTO;2019;46601697.27;42705880.95;3294433.35;601382.97;11347305000.0;2716815061.0;79451790.0;2637363271.0;FRE;;;;;0.41068515625516366;;False;0.0;DRE_con 2019;sem cotacao;Financials;Cielo
01.027.058/0001-91;CIELO S.A. -  INSTITUIÇÃO DE PAGAMENTO;2020;36417961.82;32394259.89;3336772.0;686929.93;11186013000.0;2716815061.0;9661292.0;2707153769.0;DFP;;;;;0.32556695419538667;;False;0.0;DRE_con 2020;sem cotacao;Financials;Cielo
01.027.058/0001-91;CIELO S.A. -  INSTITUIÇÃO DE PAGAMENTO;2021;44822548.04;41274843.25;2790041.03;757663.76;11685440000.0;2716815061.0;14957298.0;2701857763.0;DFP;;;;;0.38357604026891584;;False;0.0;DRE_con 2021;sem cotacao;Financials;Cielo
01.027.058/0001-91;CIELO S.A. -  INSTITUIÇÃO DE PAGAMENTO;2022;60690230.550000004;56084897.2;3830333.35;775000.0;10693106000.0;2716815061.0;22450441.0;2694364620.0;DFP;;;;;0.5675640973726437;;False;0.0;DRE_con 2022;sem cotacao;Financials;Cielo
01.027.058/0001-91;CIELO S.A. -  INSTITUIÇÃO DE PAGAMENTO;2023;78111543.17;72032243.17;5294300.0;785000.0;10601105000.0;2716815061.0;19135458.0;2697679603.0;DFP;;;;;0.7368245401776513;;False;0.0;DRE_con 2023;sem cotacao;Financials;Cielo
01.027.058/0001-91;CIELO S.A. -  INSTITUIÇÃO DE PAGAMENTO;2024;93291800.5;85450269.3;6970031.2;871500.0;10295249000.0;2668174120.0;5842.0;2668168278.0;DFP;;;;;0.906163614886828;;False;0.0;DRE_con 2024;sem cotacao;Financials;Cielo
01.027.058/0001-91;CIELO S.A. -  INSTITUIÇÃO DE PAGAMENTO;2025;76531552.81;70879772.81;4999552.0;652228.0;10948799000.0;2668174120.0;5842.0;2668168278.0;DFP;;;;;0.6989949565244553;;False;0.0;DRE_con 2025;sem cotacao;Financials;Cielo
01.027.058/0001-91;CIELO S.A. -  INSTITUIÇÃO DE PAGAMENTO;2026;78875685.92;72749733.92;5322336.0;803616.0;;2668174120.0;58179755.0;2609994365.0;FRE;;;;;;;True;1.0;;sem cotacao;Financials;Cielo
71.476.527/0001-35;CONSTRUTORA TENDA S.A.;2009;2818000.0;1660000.0;1050000.0;108000.0;988444000.0;;;;;ON:TEND3;;;;0.2850945526504283;;False;0.0;DRE_con 2010;sem quantidade de acoes;RealEstate;Tenda
71.476.527/0001-35;CONSTRUTORA TENDA S.A.;2010;441335.0;309075.0;62500.0;69760.0;1287219000.0;;;;;ON:TEND3;;;;0.034285929589292885;;False;0.0;DRE_con 2010;sem quantidade de acoes;RealEstate;Tenda
71.476.527/0001-35;CONSTRUTORA TENDA S.A.;2011;61773.0;0.0;0.0;61773.0;445982000.0;633058000.0;0.0;633058000.0;FRE;ON:TEND3;9.9399995803833;TEND3 9.94;6292596254.358292;0.013851007439762144;0.0009816774746546886;False;0.0;DRE_con 2011;;RealEstate;Tenda
71.476.527/0001-35;CONSTRUTORA TENDA S.A.;2012;9090803.0;9026809.0;0.0;63994.0;1125670000.0;633136932.0;0.0;633136932.0;FRE;ON:TEND3;9.9399995803833;TEND3 9.94;6293380838.40517;0.8075904128208089;0.14445022847693634;False;0.0;DRE_con 2012;;RealEstate;Tenda
71.476.527/0001-35;CONSTRUTORA TENDA S.A.;2013;9874751.31;9809144.91;0.0;65606.4;817461000.0;633136932.0;0.0;633136932.0;FRE;ON:TEND3;9.9399995803833;TEND3 9.94;6293380838.40517;1.2079782778627972;0.15690694022105928;False;0.0;DRE_con 2013;;RealEstate;Tenda
71.476.527/0001-35;CONSTRUTORA TENDA S.A.;2014;13916210.49;13701281.51;151588.8;63340.18;570138000.0;633037801.0;0.0;633037801.0;FRE;ON:TEND3;9.9399995803833;TEND3 9.94;6292395476.306767;2.440849494332951;0.22115918400869367;False;0.0;DRE_con 2014;;RealEstate;Tenda
71.476.527/0001-35;CONSTRUTORA TENDA S.A.;2015;10561781.8;10089502.6;403504.8;68774.4;850962000.0;633037801.0;0.0;633037801.0;FRE;ON:TEND3;9.9399995803833;TEND3 9.94;6292395476.306767;1.2411578660386717;0.1678499363202627;False;0.0;DRE_con 2015;;RealEstate;Tenda
71.476.527/0001-35;CONSTRUTORA TENDA S.A.;2016;14084507.77;13600263.59;412820.18;71424.0;1052710000.0;54000000.0;0.0;54000000.0;FRE;ON:TEND3;9.9399995803833;TEND3 9.94;536759977.34069824;1.3379285624720958;2.623986206978343;False;0.0;DRE_con 2016;;RealEstate;Tenda
71.476.527/0001-35;CONSTRUTORA TENDA S.A.;2017;15155594.0;13735049.0;1402279.0;18266.0;1357904000.0;54035100.0;0.0;54035100.0;FRE;ON:TEND3;21.88239288330078;TEND3 21.88;1182417287.688446;1.1161020219396953;1.2817466522016323;False;0.0;DRE_con 2017;;RealEstate;Tenda
71.476.527/0001-35;CONSTRUTORA TENDA S.A.;2018;30382843.0;25310074.0;4936082.0;136687.0;1681254000.0;52172123.0;6395300.0;45776823.0;FRE;ON:TEND3;36.21609115600586;TEND3 36.22;1657857594.6003456;1.8071536484076767;1.8326569844694227;False;0.0;DRE_con 2018;;RealEstate;Tenda
71.476.527/0001-35;CONSTRUTORA TENDA S.A.;2019;27279699.0;21393320.0;5710538.0;175841.0;1950098000.0;52172123.0;6901978.0;45270145.0;FRE;ON:TEND3;29.55836296081543;TEND3 29.56;1338111377.1987438;1.3988886199565356;2.0386717776145376;False;0.0;DRE_con 2019;;RealEstate;Tenda
71.476.527/0001-35;CONSTRUTORA TENDA S.A.;2020;29865540.0;25207894.0;4470808.0;186838.0;2282369000.0;104344000.0;5992000.0;98352000.0;DFP (corrigido de milhares);ON:TEND3;29.55836296081543;TEND3 29.56;2907124113.922119;1.3085324940883791;1.0273224956917022;False;0.0;DRE_con 2020;quantidade de acoes da DFP estava em milhares;RealEstate;Tenda
71.476.527/0001-35;CONSTRUTORA TENDA S.A.;2021;21546690.0;16814205.0;4372485.0;360000.0;2539954000.0;104344000.0;8086000.0;96258000.0;DFP (corrigido de milhares);ON:TEND3;16.36039161682129;TEND3 16.36;1574818576.2519836;0.8483102449886888;1.368201412208409;False;0.0;DRE_con 2021;quantidade de acoes da DFP estava em milhares;RealEstate;Tenda
71.476.527/0001-35;CONSTRUTORA TENDA S.A.;2022;31522489.0;25973303.0;5189186.0;360000.0;2412586000.0;104344000.0;3184000.0;101160000.0;DFP (corrigido de milhares);ON:TEND3;4.131708145141602;TEND3 4.13;417963595.9625244;1.306585091681706;7.541922144536812;False;0.0;DRE_con 2022;quantidade de acoes da DFP estava em milhares;RealEstate;Tenda
71.476.527/0001-35;CONSTRUTORA TENDA S.A.;2023;21051377.0;17678415.0;3012962.0;360000.0;651443000.0;123094000.0;0.0;123094000.0;DFP (corrigido de milhares);ON:TEND3;14.829999923706055;TEND3 14.83;1825484010.608673;3.2314994558234567;1.1531942694464257;False;0.0;DRE_con 2023;quantidade de acoes da DFP estava em milhares;RealEstate;Tenda
71.476.527/0001-35;CONSTRUTORA TENDA S.A.;2024;31986706.82;28163805.42;3462901.4;360000.0;3284401000.0;123094000.0;0.0;123094000.0;DFP (corrigido de milhares);ON:TEND3;12.4399995803833;TEND3 12.44;1531289308.347702;0.9738977311235747;2.088874169343899;False;0.0;DRE_con 2024;quantidade de acoes da DFP estava em milhares;RealEstate;Tenda
71.476.527/0001-35;CONSTRUTORA TENDA S.A.;2025;31859127.22;26899812.06;4599315.16;360000.0;4173389000.0;122578000.0;1396000.0;121182000.0;DFP (corrigido de milhares);ON:TEND3;24.559999465942383;TEND3 24.56;2976229855.28183;0.7633874345286289;1.0704525110337335;False;0.0;DRE_con 2025;quantidade de acoes da DFP estava em milhares;RealEstate;Tenda
71.476.527/0001-35;CONSTRUTORA TENDA S.A.;2026;47000300.05;41321756.89;5318543.16;360000.0;;122578152.0;0.0;122578152.0;FRE;ON:TEND3;33.650001525878906;TEND3 33.65;4124755001.8394165;;1.1394688903714383;True;1.0;;;RealEstate;Tenda
02.429.144/0001-93;CPFL ENERGIA S.A.;2009;2473000.0;1122000.0;861000.0;490000.0;11358006000.0;;;;;ON:CPFE3;;;;0.021773188005007216;;False;0.0;DRE_con 2010;sem quantidade de acoes;Utilities;CPFL
02.429.144/0001-93;CPFL ENERGIA S.A.;2010;3674000.0;2097000.0;940000.0;637000.0;12023729000.0;481137130.0;0.0;481137130.0;FRE;ON:CPFE3;41.04000029776899;CPFE3 41.04;19745867958.467716;0.030556244240035682;0.018606424431317343;False;0.0;DRE_con 2010;;Utilities;CPFL
02.429.144/0001-93;CPFL ENERGIA S.A.;2011;7514000.0;5644000.0;1180000.0;690000.0;12764028000.0;962274260.0;0.0;962274260.0;FRE;ON:CPFE3;25.799998771309433;CPFE3 25.80;24826674725.662693;0.058868564061438915;0.030265833354770514;False;0.0;DRE_con 2011;;Utilities;CPFL
02.429.144/0001-93;CPFL ENERGIA S.A.;2012;16636000.0;14356000.0;1550000.0;730000.0;15055147000.0;962274260.0;0.0;962274260.0;FRE;ON:CPFE3;20.299999197465734;CPFE3 20.30;19534166705.741932;0.1105004155721628;0.08516360206504209;False;0.0;DRE_con 2012;;Utilities;CPFL
02.429.144/0001-93;CPFL ENERGIA S.A.;2013;10867000.0;8669000.0;1534000.0;664000.0;14633856000.0;962274260.0;0.0;962274260.0;FRE;ON:CPFE3;18.10999917272674;CPFE3 18.11;17426786052.536236;0.07425930663797703;0.06235802727616808;False;0.0;DRE_con 2013;;Utilities;CPFL
02.429.144/0001-93;CPFL ENERGIA S.A.;2014;15242000.0;12582000.0;1844000.0;816000.0;17305942000.0;993014215.0;0.0;993014215.0;FRE;ON:CPFE3;17.38826877962925;CPFE3 17.39;17266798072.412548;0.08807379569398766;0.08827345948032136;False;0.0;DRE_con 2014;;Utilities;CPFL
02.429.144/0001-93;CPFL ENERGIA S.A.;2015;16419000.0;13584000.0;1971000.0;864000.0;20205869000.0;1017914746.0;0.0;1017914746.0;FRE;ON:CPFE3;16.209999659362794;CPFE3 16.21;16500397685.920364;0.0812585689831009;0.09950669258117445;False;0.0;DRE_con 2015;;Utilities;CPFL
02.429.144/0001-93;CPFL ENERGIA S.A.;2016;29948000.0;26875000.0;2125000.0;948000.0;19112089000.0;1017914746.0;0.0;1017914746.0;FRE;ON:CPFE3;25.329999923706055;CPFE3 25.33;25783780438.519268;0.15669663321471555;0.11615053917872983;False;0.0;DRE_con 2016;;Utilities;CPFL
02.429.144/0001-93;CPFL ENERGIA S.A.;2017;28359000.0;27321000.0;772000.0;266000.0;26744905000.0;1017914746.0;0.0;1017914746.0;FRE;ON:CPFE3;21.450000762939453;CPFE3 21.45;21834272078.30732;0.10603514949856804;0.12988296517645348;False;0.0;DRE_con 2017;;Utilities;CPFL
02.429.144/0001-93;CPFL ENERGIA S.A.;2018;29610000.0;28708000.0;619000.0;283000.0;28136627000.0;1017914746.0;0.0;1017914746.0;FRE;ON:CPFE3;32.599998474121094;CPFE3 32.60;33184019166.38536;0.10523649476534624;0.08922969773955002;False;0.0;DRE_con 2018;;Utilities;CPFL
02.429.144/0001-93;CPFL ENERGIA S.A.;2019;33206000.0;32104000.0;767000.0;335000.0;29932474000.0;1152254440.0;0.0;1152254440.0;FRE;ON:CPFE3;35.54999923706055;CPFE3 35.55;40962644462.89963;0.1109363696432176;0.08106410227024059;False;0.0;DRE_con 2019;;Utilities;CPFL
02.429.144/0001-93;CPFL ENERGIA S.A.;2020;23883000.0;22931000.0;712000.0;240000.0;30898458000.0;1152254440.0;0.0;1152254440.0;DFP;ON:CPFE3;32.54999923706055;CPFE3 32.55;37505881142.89963;0.07729511938751119;0.06367801334677183;False;0.0;DRE_con 2020;;Utilities;CPFL
02.429.144/0001-93;CPFL ENERGIA S.A.;2021;19167705.0;18035100.0;803991.0;328614.0;39210148000.0;1152254440.0;0.0;1152254440.0;FRE;ON:CPFE3;26.649999618530273;CPFE3 26.65;30707580386.449814;0.048884551519672914;0.06242010851645622;False;0.0;DRE_con 2021;;Utilities;CPFL
02.429.144/0001-93;CPFL ENERGIA S.A.;2022;27663746.28;26553016.32;766242.8;344487.16;39354237000.0;1152254440.0;0.0;1152254440.0;DFP;ON:CPFE3;33.20000076293945;CPFE3 33.20;38254848287.10037;0.07029420054567441;0.0723143536536473;False;0.0;DRE_con 2022;;Utilities;CPFL
02.429.144/0001-93;CPFL ENERGIA S.A.;2023;27918099.459999997;26727795.58;831275.2;359028.68;39743190000.0;1152254440.0;0.0;1152254440.0;DFP;ON:CPFE3;38.5099983215332;CPFE3 38.51;44373316550.37918;0.07024624711805971;0.06291641380536256;False;0.0;DRE_con 2023;;Utilities;CPFL
02.429.144/0001-93;CPFL ENERGIA S.A.;2024;24288807.83;23132260.59;792646.4;363900.84;42628210000.0;1152254440.0;0.0;1152254440.0;DFP;ON:CPFE3;31.59000015258789;CPFE3 31.59;36399717935.420074;0.05697824945030533;0.06672801111561606;False;0.0;DRE_con 2024;;Utilities;CPFL
02.429.144/0001-93;CPFL ENERGIA S.A.;2025;26136523.990000002;24863955.39;895252.0;377316.6;44367780000.0;1152254440.0;0.0;1152254440.0;DFP;ON:CPFE3;53.290000915527344;CPFE3 53.29;61403640162.52045;0.058908793701194874;0.04256510513191564;False;0.0;DRE_con 2025;;Utilities;CPFL
02.429.144/0001-93;CPFL ENERGIA S.A.;2026;31038888.61;29616797.77;1005600.0;416490.84;;1152254440.0;0.0;1152254440.0;FRE;ON:CPFE3;45.4900016784668;CPFE3 45.49;52416056409.62082;;0.05921637516458201;True;1.0;;;Utilities;CPFL
73.178.600/0001-18;CYRELA BRAZIL REALTY S.A.EMPREEND E PART;2009;9260206.0;8729000.0;531206.0;;4087825000.0;;;;;ON:CYRE3/PN:CYRE4;;;;0.226531370594387;;False;0.0;DRE_con 2010;sem quantidade de acoes;RealEstate;Cyrela
73.178.600/0001-18;CYRELA BRAZIL REALTY S.A.EMPREEND E PART;2010;7902791.0;6658634.0;1244157.0;;4890105000.0;423003887.0;5996.0;422997891.0;FRE;ON:CYRE3/PN:CYRE4;18.40999984741211;CYRE3 18.41;7787391108.765644;0.16160779778757306;0.10148188128248059;False;0.0;DRE_con 2010;;RealEstate;Cyrela
73.178.600/0001-18;CYRELA BRAZIL REALTY S.A.EMPREEND E PART;2011;9564967.0;8937711.0;627256.0;;6126781000.0;423003887.0;12336296.0;410667591.0;FRE;ON:CYRE3/PN:CYRE4;16.18000030517578;CYRE3 16.18;6644601747.705803;0.15611733143391285;0.14395094489000065;False;0.0;DRE_con 2011;;RealEstate;Cyrela
73.178.600/0001-18;CYRELA BRAZIL REALTY S.A.EMPREEND E PART;2012;16435172.0;14341109.0;2094063.0;;5837953000.0;423003887.0;4552448.0;418451439.0;FRE;ON:CYRE3/PN:CYRE4;17.549999237060547;CYRE3 17.55;7343822435.196888;0.28152285569959196;0.223795879394235;False;0.0;DRE_con 2012;;RealEstate;Cyrela
73.178.600/0001-18;CYRELA BRAZIL REALTY S.A.EMPREEND E PART;2013;33696170.0;29187112.0;4509058.0;;5371882000.0;423003887.0;13127056.0;409876831.0;FRE;ON:CYRE3/PN:CYRE4;14.279999732971191;CYRE3 14.28;5853041037.231078;0.6272693629532443;0.575703634839724;False;0.0;DRE_con 2013;;RealEstate;Cyrela
73.178.600/0001-18;CYRELA BRAZIL REALTY S.A.EMPREEND E PART;2014;22449140.99;21023265.33;1425875.66;;5817927000.0;399742799.0;15402394.0;384340405.0;FRE;ON:CYRE3/PN:CYRE4;10.8100004196167;CYRE3 10.81;4154719939.325652;0.38586151029395865;0.5403286218527571;False;0.0;DRE_con 2014;;RealEstate;Cyrela
73.178.600/0001-18;CYRELA BRAZIL REALTY S.A.EMPREEND E PART;2015;9233988.3;5718566.48;3515421.82;;4341184000.0;399742799.0;18789560.0;380953239.0;FRE;ON:CYRE3/PN:CYRE4;7.150000095367432;CYRE3 7.15;2723815695.180532;0.21270667863882298;0.33900929186723044;False;0.0;DRE_con 2015;;RealEstate;Cyrela
73.178.600/0001-18;CYRELA BRAZIL REALTY S.A.EMPREEND E PART;2016;14159765.81;10322599.99;3837165.82;;3195310000.0;399742799.0;18127065.0;381615734.0;FRE;ON:CYRE3/PN:CYRE4;12.949999809265137;CYRE3 12.95;4941923682.512575;0.4431421617933784;0.28652336053074956;False;0.0;DRE_con 2016;;RealEstate;Cyrela
73.178.600/0001-18;CYRELA BRAZIL REALTY S.A.EMPREEND E PART;2017;12562529.59;8042582.61;4519946.98;;2673770000.0;399742799.0;16891720.0;382851079.0;FRE;ON:CYRE3/PN:CYRE4;14.979999542236328;CYRE3 14.98;5735108988.164684;0.46984331449601124;0.21904604805113193;False;0.0;DRE_con 2017;;RealEstate;Cyrela
73.178.600/0001-18;CYRELA BRAZIL REALTY S.A.EMPREEND E PART;2018;11813430.549999999;6619562.86;5077586.25;116281.44;3146157000.0;399742799.0;15585694.0;384157105.0;FRE;ON:CYRE3/PN:CYRE4;17.010000228881836;CYRE3 17.01;6534512443.9765835;0.3754876361859882;0.1807851871318945;False;0.0;DRE_con 2018;;RealEstate;Cyrela
73.178.600/0001-18;CYRELA BRAZIL REALTY S.A.EMPREEND E PART;2019;11327107.360000001;6420746.11;4761009.45;145351.8;3930822000.0;399742799.0;15316495.0;384426304.0;FRE;ON:CYRE3/PN:CYRE4;29.690000534057617;CYRE3 29.69;11413617171.065796;0.288161289419872;0.09924204737403405;False;0.0;DRE_con 2019;;RealEstate;Cyrela
73.178.600/0001-18;CYRELA BRAZIL REALTY S.A.EMPREEND E PART;2020;14405381.840000002;8766453.96;5493576.08;145351.8;3823695000.0;399743000.0;15239000.0;384504000.0;DFP (corrigido de milhares);ON:CYRE3/PN:CYRE4;29.479999542236328;CYRE3 29.48;11335177743.988037;0.3767398246983612;0.12708562816882465;False;0.0;DRE_con 2020;quantidade de acoes da DFP estava em milhares;RealEstate;Cyrela
73.178.600/0001-18;CYRELA BRAZIL REALTY S.A.EMPREEND E PART;2021;24054692.98;20082280.3;3827060.88;145351.8;4790833000.0;399743000.0;15239000.0;384504000.0;DFP (corrigido de milhares);ON:CYRE3/PN:CYRE4;15.760000228881836;CYRE3 15.76;6059783128.005981;0.5020983403095036;0.3969563344408892;False;0.0;DRE_con 2021;quantidade de acoes da DFP estava em milhares;RealEstate;Cyrela
73.178.600/0001-18;CYRELA BRAZIL REALTY S.A.EMPREEND E PART;2022;31249720.06;27131308.69;4045735.47;72675.9;5412295000.0;399743000.0;24012000.0;375731000.0;DFP (corrigido de milhares);ON:CYRE3/PN:CYRE4;13.069999694824219;CYRE3 13.07;4910804055.335999;0.577383902023079;0.6363463031281928;False;0.0;DRE_con 2022;quantidade de acoes da DFP estava em milhares;RealEstate;Cyrela
73.178.600/0001-18;CYRELA BRAZIL REALTY S.A.EMPREEND E PART;2023;31026967.610000003;26048118.17;4833497.64;145351.8;6252699000.0;399743000.0;24822000.0;374921000.0;DFP (corrigido de milhares);ON:CYRE3/PN:CYRE4;24.079999923706055;CYRE3 24.08;9028097651.395798;0.4962171953263703;0.3436711565166007;False;0.0;DRE_con 2023;quantidade de acoes da DFP estava em milhares;RealEstate;Cyrela
73.178.600/0001-18;CYRELA BRAZIL REALTY S.A.EMPREEND E PART;2024;34342220.99;28893979.21;5302889.78;145352.0;7965688000.0;384000000.0;17468000.0;366532000.0;DFP (corrigido de milhares);ON:CYRE3/PN:CYRE4;16.950000762939453;CYRE3 16.95;6212717679.641724;0.4311268655011344;0.5527729209800574;False;0.0;DRE_con 2024;quantidade de acoes da DFP estava em milhares;RealEstate;Cyrela
73.178.600/0001-18;CYRELA BRAZIL REALTY S.A.EMPREEND E PART;2025;34107114.410000004;27881045.03;6165506.13;60563.25;9423494000.0;384000000.0;17689000.0;366311000.0;DFP (corrigido de milhares);ON:CYRE3/PN:CYRE4;29.6200008392334;CYRE3 29.62;10850132127.420425;0.3619370311054478;0.31434745687386234;False;0.0;DRE_con 2025;quantidade de acoes da DFP estava em milhares;RealEstate;Cyrela
73.178.600/0001-18;CYRELA BRAZIL REALTY S.A.EMPREEND E PART;2026;42867372.34;34520292.35;8183411.39;163668.6;;453446450.0;17689061.0;435757389.0;FRE;ON:CYRE3/PN:CYRE4;25.704543916008973;CYRE3 24.93 / CYRE4 23.44;11200944942.275906;;0.3827121065313427;True;1.0;;;RealEstate;Cyrela
92.665.611/0001-77;DIMED S.A. DISTRIBUIDORA DE MEDICAMENTOS;2007;2157584.54;2036184.62;66769.92;54630.0;;;;;;ON:PNVL3;;;;;;False;0.0;;sem DFP;Retail;Panvel
92.665.611/0001-77;DIMED S.A. DISTRIBUIDORA DE MEDICAMENTOS;2008;2034198.54;1908748.62;66769.92;58680.0;;;;;;ON:PNVL3;;;;;;False;0.0;;sem DFP;Retail;Panvel
92.665.611/0001-77;DIMED S.A. DISTRIBUIDORA DE MEDICAMENTOS;2009;2916403.08;2784985.08;67068.0;64350.0;1074630000.0;;;;;ON:PNVL3;;;;0.27138671728874125;;False;0.0;DRE_con 2010;sem quantidade de acoes;Retail;Panvel
92.665.611/0001-77;DIMED S.A. DISTRIBUIDORA DE MEDICAMENTOS;2010;6529776.96;6219087.96;153600.0;157089.0;1190659000.0;4592197.0;0.0;4592197.0;FRE;ON:PNVL3;91.49999856948853;PNVL3 91.50;420186018.9308095;0.5484170497178453;1.5540205208672673;False;0.0;DRE_con 2010;empresa tem ON e PN, mas so um preco disponivel: market cap aproximado;Retail;Panvel
92.665.611/0001-77;DIMED S.A. DISTRIBUIDORA DE MEDICAMENTOS;2011;4165632.0;3871906.0;198389.0;95337.0;1345632000.0;4570582.0;7480.0;4563102.0;FRE;ON:PNVL3;130.02000331878662;PNVL3 130.02;593294537.1839619;0.3095669544124991;0.7021187182629274;False;0.0;DRE_con 2011;empresa tem ON e PN, mas so um preco disponivel: market cap aproximado;Retail;Panvel
92.665.611/0001-77;DIMED S.A. DISTRIBUIDORA DE MEDICAMENTOS;2012;6751183.0;6346948.68;207046.0;197188.32;1524000000.0;4568575.0;1500.0;4567075.0;FRE;ON:PNVL3;285.0;PNVL3 285.00;1301616375.0;0.44299101049868767;0.5186768643718085;False;0.0;DRE_con 2012;empresa tem ON e PN, mas so um preco disponivel: market cap aproximado;Retail;Panvel
92.665.611/0001-77;DIMED S.A. DISTRIBUIDORA DE MEDICAMENTOS;2013;8204198.05;7759945.05;214434.0;229819.0;1740420000.0;4568575.0;0.0;4568575.0;FRE;ON:PNVL3;195.0;PNVL3 195.00;890872125.0;0.47139185081761875;0.9209175839910807;False;0.0;DRE_con 2013;empresa tem ON e PN, mas so um preco disponivel: market cap aproximado;Retail;Panvel
92.665.611/0001-77;DIMED S.A. DISTRIBUIDORA DE MEDICAMENTOS;2014;6155998.72;5747508.72;192490.0;216000.0;1887076000.0;4565575.0;5812.0;4559763.0;FRE;ON:PNVL3;204.97997760772705;PNVL3 204.98;934660117.6365423;0.3262189079825084;0.6586350057993873;False;0.0;DRE_con 2014;empresa tem ON e PN, mas so um preco disponivel: market cap aproximado;Retail;Panvel
92.665.611/0001-77;DIMED S.A. DISTRIBUIDORA DE MEDICAMENTOS;2015;6587055.12;6145885.92;207889.2;233280.0;1986026000.0;4559313.0;6962.0;4552351.0;FRE;ON:PNVL3;281.9999885559082;PNVL3 282.00;1283762929.9024773;0.33167013523488614;0.5131052600576645;False;0.0;DRE_con 2015;empresa tem ON e PN, mas so um preco disponivel: market cap aproximado;Retail;Panvel
92.665.611/0001-77;DIMED S.A. DISTRIBUIDORA DE MEDICAMENTOS;2016;9011269.18;7401006.06;1538263.12;72000.0;2128732000.0;;;;;ON:PNVL3;;;;0.4233162831206559;;False;0.0;DRE_con 2016;sem quantidade de acoes;Retail;Panvel
92.665.611/0001-77;DIMED S.A. DISTRIBUIDORA DE MEDICAMENTOS;2017;11418253.27;7115577.77;4302675.5;0.0;2258246000.0;4555313.0;11000.0;4544313.0;FRE;ON:PNVL3;416.09999656677246;PNVL3 416.10;1890888623.6983395;0.5056248641644887;0.6038564686939275;False;0.0;DRE_con 2017;empresa tem ON e PN, mas so um preco disponivel: market cap aproximado;Retail;Panvel
92.665.611/0001-77;DIMED S.A. DISTRIBUIDORA DE MEDICAMENTOS;2018;8743580.52;5595604.3;3147976.22;0.0;2432246000.0;4516013.0;25800.0;4490213.0;FRE;ON:PNVL3;360.0;PNVL3 360.00;1616476680.0;0.3594858628609113;0.5409035978174458;False;0.0;DRE_con 2018;empresa tem ON e PN, mas so um preco disponivel: market cap aproximado;Retail;Panvel
92.665.611/0001-77;DIMED S.A. DISTRIBUIDORA DE MEDICAMENTOS;2019;9736761.5;5706123.89;4030637.61;0.0;2724680000.0;135480390.0;0.0;135480390.0;FRE;ON:PNVL3;588.9999961853027;PNVL3 589.00;79797949193.18332;0.3573543131670508;0.01220176909111814;False;0.0;DRE_con 2019;empresa tem ON e PN, mas so um preco disponivel: market cap aproximado;Retail;Panvel
92.665.611/0001-77;DIMED S.A. DISTRIBUIDORA DE MEDICAMENTOS;2020;9816142.18;7284163.6;2531978.58;;2819110000.0;151480390.0;766234.0;150714156.0;DFP;ON:PNVL3;21.799999237060547;PNVL3 21.80;3285568485.8142242;0.3482000411477381;0.29876541068561474;False;0.0;DRE_con 2020;empresa tem ON e PN, mas so um preco disponivel: market cap aproximado;Retail;Panvel
92.665.611/0001-77;DIMED S.A. DISTRIBUIDORA DE MEDICAMENTOS;2021;10876643.0;7997111.0;2879532.0;0.0;3225408000.0;151028925.0;1849157.0;149179768.0;DFP;ON:PNVL3;13.390000343322754;PNVL3 13.39;1997517144.7368088;0.3372175861162371;0.5445081174225965;False;0.0;DRE_con 2021;;Retail;Panvel
92.665.611/0001-77;DIMED S.A. DISTRIBUIDORA DE MEDICAMENTOS;2022;10205609.690000001;7267602.69;2938007.0;;3990475000.0;150377481.0;1843422.0;148534059.0;DFP;ON:PNVL3;10.140000343322754;PNVL3 10.14;1506135409.2551222;0.25574924513998964;0.6776024006398808;False;0.0;DRE_con 2022;;Retail;Panvel
92.665.611/0001-77;DIMED S.A. DISTRIBUIDORA DE MEDICAMENTOS;2023;10146272.620000001;6974806.62;3171466.0;;4461017000.0;150377481.0;1525357.0;148852124.0;DFP;ON:PNVL3;13.359999656677246;PNVL3 13.36;1988664325.5356789;0.22744303866136356;0.5102053921174927;False;0.0;DRE_con 2023;;Retail;Panvel
92.665.611/0001-77;DIMED S.A. DISTRIBUIDORA DE MEDICAMENTOS;2024;11879569.57;8592879.57;3286690.0;;4942462000.0;150377841.0;1584230.0;148793611.0;DFP;ON:PNVL3;8.800000190734863;PNVL3 8.80;1309383805.180129;0.2403573273805646;0.9072641285925904;False;0.0;DRE_con 2024;;Retail;Panvel
92.665.611/0001-77;DIMED S.A. DISTRIBUIDORA DE MEDICAMENTOS;2025;12232572.66;8959870.66;3272702.0;;5512118000.0;150377481.0;1692866.0;148684615.0;DFP;ON:PNVL3;11.989999771118164;PNVL3 11.99;1782728499.8187923;0.221921458502884;0.6861713750155111;False;0.0;DRE_con 2025;;Retail;Panvel
16.614.075/0001-00;DIRECIONAL ENGENHARIA S.A.;2009;5912872.0;5696505.0;216367.0;0.0;377613000.0;;;;;ON:DIRR3;;;;1.5658549891025997;;False;0.0;DRE_con 2010;sem quantidade de acoes;RealEstate;Direcional
16.614.075/0001-00;DIRECIONAL ENGENHARIA S.A.;2010;6937916.0;6769602.0;168314.0;0.0;781907000.0;133407162.0;0.0;133407162.0;FRE;ON:DIRR3;12.996212482452393;DIRR3 13.00;1733787824.0329485;0.8873070582562887;0.4001594603347586;False;0.0;DRE_con 2010;;RealEstate;Direcional
16.614.075/0001-00;DIRECIONAL ENGENHARIA S.A.;2011;8403762.0;8236242.0;167520.0;0.0;1072312000.0;133407162.0;1633800.0;131773362.0;FRE;ON:DIRR3;9.460844993591309;DIRR3 9.46;1246687352.1663952;0.783704929162408;0.6740873712560413;False;0.0;DRE_con 2011;;RealEstate;Direcional
16.614.075/0001-00;DIRECIONAL ENGENHARIA S.A.;2012;9782833.7;9048196.7;734637.0;0.0;1367773000.0;133407162.0;905335.0;132501827.0;FRE;ON:DIRR3;14.987969398498535;DIRR3 14.99;1985933328.321147;0.7152381060307521;0.49260635090253185;False;0.0;DRE_con 2012;;RealEstate;Direcional
16.614.075/0001-00;DIRECIONAL ENGENHARIA S.A.;2013;5640064.649999999;4934917.05;705147.6;0.0;1743929000.0;133407162.0;683525.0;132723637.0;FRE;ON:DIRR3;10.556309938430786;DIRR3 10.56;1401071848.32778;0.32341136881145965;0.4025535633116589;False;0.0;DRE_con 2013;;RealEstate;Direcional
16.614.075/0001-00;DIRECIONAL ENGENHARIA S.A.;2014;5297264.06;4403930.27;806935.29;86398.5;1835613000.0;155298749.0;2122290.0;153176459.0;FRE;ON:DIRR3;6.47320818901062;DIRR3 6.47;991543108.7624495;0.28858283636038745;0.5342444532352753;False;0.0;DRE_con 2014;;RealEstate;Direcional
16.614.075/0001-00;DIRECIONAL ENGENHARIA S.A.;2015;3282743.3;2350125.0;802478.3;130140.0;1569577000.0;153398749.0;5578066.0;147820683.0;FRE;ON:DIRR3;3.2863980531692505;DIRR3 3.29;485797604.8293489;0.2091482800780083;0.675742998188137;False;0.0;DRE_con 2015;;RealEstate;Direcional
16.614.075/0001-00;DIRECIONAL ENGENHARIA S.A.;2016;2986581.62;2064902.69;791528.73;130150.2;1358078000.0;153398749.0;6995195.0;146403554.0;FRE;ON:DIRR3;5.885639905929565;DIRR3 5.89;861678599.792314;0.21991237763957594;0.3466004169907249;False;0.0;DRE_con 2016;;RealEstate;Direcional
16.614.075/0001-00;DIRECIONAL ENGENHARIA S.A.;2017;6041851.22;5072099.5;839622.04;130129.68;751857000.0;153398749.0;6961195.0;146437554.0;FRE;ON:DIRR3;6.5230021476745605;DIRR3 6.52;955212479.2422094;0.8035904726563695;0.6325138491483204;False;0.0;DRE_con 2017;;RealEstate;Direcional
16.614.075/0001-00;DIRECIONAL ENGENHARIA S.A.;2018;5186009.83;4185834.14;869760.37;130415.32;1166048000.0;153398749.0;6404709.0;146994040.0;FRE;ON:DIRR3;9.162081241607666;DIRR3 9.16;1346771336.512127;0.4447509733733088;0.38506981024935877;False;0.0;DRE_con 2018;;RealEstate;Direcional
16.614.075/0001-00;DIRECIONAL ENGENHARIA S.A.;2019;6907595.910000001;5661028.61;1108731.77;137835.53;1458228000.0;153398749.0;4999028.0;148399721.0;FRE;ON:DIRR3;14.938176155090332;DIRR3 14.94;2216821173.664258;0.4736979340679236;0.3115991489102481;False;0.0;DRE_con 2019;;RealEstate;Direcional
16.614.075/0001-00;DIRECIONAL ENGENHARIA S.A.;2020;5532914.529999999;3999615.73;1391953.99;141344.81;1500723000.0;153398749.0;6693030.0;146705719.0;DFP;ON:DIRR3;13.036049365997314;DIRR3 13.04;1912462995.1581302;0.36868326333373974;0.2893083183312791;False;0.0;DRE_con 2020;;RealEstate;Direcional
16.614.075/0001-00;DIRECIONAL ENGENHARIA S.A.;2021;8519776.569999998;6373887.35;1988806.1;157083.12;1776380000.0;150000000.0;803592.0;149196408.0;DFP;ON:DIRR3;12.657614707946777;DIRR3 12.66;1888470648.2736282;0.4796145289859151;0.4511468885041169;False;0.0;DRE_con 2021;;RealEstate;Direcional
16.614.075/0001-00;DIRECIONAL ENGENHARIA S.A.;2022;8630330.76;6537985.43;1935270.85;157074.48;2162616000.0;150000000.0;1014808.0;148985192.0;DFP;ON:DIRR3;15.57553768157959;DIRR3 15.58;2320524471.99337;0.3990690330599607;0.37191293882741944;False;0.0;DRE_con 2022;;RealEstate;Direcional
16.614.075/0001-00;DIRECIONAL ENGENHARIA S.A.;2023;12303072.55;9908242.37;2237755.7;157074.48;2355183000.0;173500000.0;806494.0;172693506.0;DFP;ON:DIRR3;22.389999389648438;DIRR3 22.39;3866607493.936249;0.5223828700360015;0.3181877800964829;False;0.0;DRE_con 2023;;RealEstate;Direcional
16.614.075/0001-00;DIRECIONAL ENGENHARIA S.A.;2024;15560803.96;12661229.81;2742499.67;157074.48;3348470000.0;173500000.0;508138.0;172991862.0;DFP;ON:DIRR3;26.599997520446777;DIRR3 26.60;4601583100.257471;0.4647138531926522;0.3381619677612544;False;0.0;DRE_con 2024;;RealEstate;Direcional
16.614.075/0001-00;DIRECIONAL ENGENHARIA S.A.;2025;23020761.529999997;18735826.41;4094012.63;190922.49;4343008000.0;520500000.0;1538328.0;518961672.0;DFP;ON:DIRR3;14.119999885559082;DIRR3 14.12;7327738749.24955;0.5300649119227963;0.31415914674029016;False;0.0;DRE_con 2025;;RealEstate;Direcional
16.614.075/0001-00;DIRECIONAL ENGENHARIA S.A.;2026;31000000.0;25500000.0;5300000.0;200000.0;;520500000.0;496216.0;520003784.0;FRE;ON:DIRR3;11.279999732971191;DIRR3 11.28;5865642544.664009;;0.5285013494080164;True;1.0;;;RealEstate;Direcional
06.626.253/0001-51;EMPREENDIMENTOS PAGUE MENOS S.A.;2009;650048.0;650048.0;;;1806096000.0;;;;;ON:PGMN3;;;;0.035991885259698264;;False;0.0;DRE_ind 2010;sem quantidade de acoes;Retail;Pague Menos
06.626.253/0001-51;EMPREENDIMENTOS PAGUE MENOS S.A.;2010;343200.0;343200.0;;;2167578000.0;;;;;ON:PGMN3;;;;0.015833340253499528;;False;0.0;DRE_ind 2010;sem quantidade de acoes;Retail;Pague Menos
06.626.253/0001-51;EMPREENDIMENTOS PAGUE MENOS S.A.;2011;688320.0;630720.0;57600.0;;2783129000.0;150000000.0;0.0;150000000.0;FRE;ON:PGMN3;;;;0.02473187552571225;;False;0.0;DRE_ind 2011;sem cotacao no exercicio;Retail;Pague Menos
06.626.253/0001-51;EMPREENDIMENTOS PAGUE MENOS S.A.;2012;1863000.0;1551000.0;312000.0;;3137903000.0;300000000.0;0.0;300000000.0;FRE;ON:PGMN3;;;;0.05937086009350831;;False;0.0;DRE_ind 2012;sem cotacao no exercicio;Retail;Pague Menos
06.626.253/0001-51;EMPREENDIMENTOS PAGUE MENOS S.A.;2013;1952536.8;1760536.8;192000.0;;3581629000.0;300000000.0;0.0;300000000.0;FRE;ON:PGMN3;;;;0.05451532808116084;;False;0.0;DRE_ind 2013;sem cotacao no exercicio;Retail;Pague Menos
06.626.253/0001-51;EMPREENDIMENTOS PAGUE MENOS S.A.;2014;1950005.56;1758005.56;192000.0;;4215631000.0;300000000.0;0.0;300000000.0;FRE;ON:PGMN3;;;;0.046256552340563015;;False;0.0;DRE_ind 2014;sem cotacao no exercicio;Retail;Pague Menos
06.626.253/0001-51;EMPREENDIMENTOS PAGUE MENOS S.A.;2015;2612489.3;2420489.3;192000.0;;4630548000.0;342726580.0;0.0;342726580.0;FRE;ON:PGMN3;;;;0.056418577239670115;;False;0.0;DRE_ind 2015;sem cotacao no exercicio;Retail;Pague Menos
06.626.253/0001-51;EMPREENDIMENTOS PAGUE MENOS S.A.;2016;5468713.29;5292713.29;176000.0;;5542343000.0;300000000.0;0.0;300000000.0;FRE;ON:PGMN3;;;;0.09867150571518218;;False;0.0;DRE_ind 2016;sem cotacao no exercicio;Retail;Pague Menos
06.626.253/0001-51;EMPREENDIMENTOS PAGUE MENOS S.A.;2017;6340000.0;6130000.0;210000.0;0.0;5962804000.0;300000000.0;0.0;300000000.0;FRE;ON:PGMN3;;;;0.10632581584100366;;False;0.0;DRE_ind 2017;sem cotacao no exercicio;Retail;Pague Menos
06.626.253/0001-51;EMPREENDIMENTOS PAGUE MENOS S.A.;2018;10242019.0;9918019.0;324000.0;0.0;6245050000.0;300000000.0;0.0;300000000.0;FRE;ON:PGMN3;;;;0.16400219373744004;;False;0.0;DRE_ind 2018;sem cotacao no exercicio;Retail;Pague Menos
06.626.253/0001-51;EMPREENDIMENTOS PAGUE MENOS S.A.;2019;12985288.0;12625288.0;360000.0;0.0;6422248000.0;300000000.0;0.0;300000000.0;FRE;ON:PGMN3;;;;0.20219225417641923;;False;0.0;DRE_ind 2019;sem cotacao no exercicio;Retail;Pague Menos
06.626.253/0001-51;EMPREENDIMENTOS PAGUE MENOS S.A.;2020;20430613.77;20070613.77;360000.0;0.0;6858492000.0;443781062.0;80000.0;443701062.0;DFP;ON:PGMN3;8.622275352478027;PGMN3 8.62;3825712730.750925;0.29788784137970853;0.5340341841607591;False;0.0;DRE_ind 2020;;Retail;Pague Menos
06.626.253/0001-51;EMPREENDIMENTOS PAGUE MENOS S.A.;2021;21303639.2;20673639.2;630000.0;0.0;7528710000.0;443781062.0;2386170.0;441394892.0;DFP;ON:PGMN3;8.937724113464355;PGMN3 8.94;3945065769.788395;0.2829653313781511;0.5400071999596266;False;0.0;DRE_ind 2021;;Retail;Pague Menos
06.626.253/0001-51;EMPREENDIMENTOS PAGUE MENOS S.A.;2022;30640960.17;29884960.17;756000.0;0.0;9189075000.0;443781062.0;3735620.0;440045442.0;DFP;ON:PGMN3;4.186870098114014;PGMN3 4.19;1842413102.9211645;0.33344988663167946;1.663088485498635;False;0.0;DRE_con 2022;;Retail;Pague Menos
06.626.253/0001-51;EMPREENDIMENTOS PAGUE MENOS S.A.;2023;24877563.97;23913813.97;963750.0;;11202122000.0;541780460.0;2802806.0;538977654.0;DFP;ON:PGMN3;3.891545057296753;PGMN3 3.89;2097455825.4170995;0.22207903083005168;1.1860828565985582;False;0.0;DRE_con 2023;;Retail;Pague Menos
06.626.253/0001-51;EMPREENDIMENTOS PAGUE MENOS S.A.;2024;26923333.2;25246327.2;1677006.0;;12641825000.0;569249470.0;7353440.0;561896030.0;DFP;ON:PGMN3;3.1440420150756836;PGMN3 3.14;1766624726.4242268;0.21297030452486093;1.523998435960688;False;0.0;DRE_con 2024;;Retail;Pague Menos
06.626.253/0001-51;EMPREENDIMENTOS PAGUE MENOS S.A.;2025;39581738.0;37883738.0;1698000.0;;14906429000.0;662673160.0;3065072.0;659608088.0;DFP;ON:PGMN3;6.090000152587891;PGMN3 6.09;4017013356.568207;0.26553467634669575;0.985352412017252;False;0.0;DRE_con 2025;;Retail;Pague Menos
06.626.253/0001-51;EMPREENDIMENTOS PAGUE MENOS S.A.;2026;63749864.0;61949864.0;1800000.0;;;723898206.0;5033303.0;718864903.0;FRE;ON:PGMN3;3.5399999618530273;PGMN3 3.54;2544781729.19748;;2.505121098150296;True;1.0;;;Retail;Pague Menos
00.864.214/0001-06;ENERGISA S.A.;2007;3147815.05;2034217.59;1113597.46;;;;;;;ON:ENGI3/PN:ENGI4/UNIT:ENGI11;;;;;;False;0.0;;sem DFP;Utilities;Energisa
00.864.214/0001-06;ENERGISA S.A.;2008;475619.31;204702.7;270916.61;;;;;;;ON:ENGI3/PN:ENGI4/UNIT:ENGI11;;;;;;False;0.0;;sem DFP;Utilities;Energisa
00.864.214/0001-06;ENERGISA S.A.;2009;285812.2;119987.66;165824.54;;1996572000.0;;;;;ON:ENGI3/PN:ENGI4/UNIT:ENGI11;;;;0.01431514616051913;;False;0.0;DRE_con 2010;sem quantidade de acoes;Utilities;Energisa
00.864.214/0001-06;ENERGISA S.A.;2010;349562.12;125192.6;224369.52;;2154319000.0;;;;;ON:ENGI3/PN:ENGI4/UNIT:ENGI11;;;;0.016226107647010494;;False;0.0;DRE_con 2010;sem quantidade de acoes;Utilities;Energisa
00.864.214/0001-06;ENERGISA S.A.;2011;415477.41;133554.43;281922.98;;2426613000.0;1099857555.0;21897675.0;1077959880.0;FRE;ON:ENGI3/PN:ENGI4/UNIT:ENGI11;2.1817689087382557;ENGI3 2.16 / ENGI4 2.11;2351859351.051221;0.017121700493651026;0.017665912284010193;False;0.0;DRE_con 2011;;Utilities;Energisa
00.864.214/0001-06;ENERGISA S.A.;2012;423353.57;136793.31;286560.26;;2919079000.0;1245690889.0;21897675.0;1223793214.0;FRE;ON:ENGI3/PN:ENGI4/UNIT:ENGI11;2.463184699304183;ENGI3 2.37 / ENGI4 2.46;3014428719.8370895;0.014502984331701883;0.01404423887066998;False;0.0;DRE_con 2012;;Utilities;Energisa
00.864.214/0001-06;ENERGISA S.A.;2013;673510.5;260359.22;413151.28;;2857772000.0;1245690889.0;21897675.0;1223793214.0;FRE;ON:ENGI3/PN:ENGI4/UNIT:ENGI11;2.6481057930766956;ENGI3 3.21 / ENGI4 2.05;3240733899.521348;0.02356767789732701;0.02078265358656805;False;0.0;DRE_con 2013;;Utilities;Energisa
00.864.214/0001-06;ENERGISA S.A.;2014;832545.7;264402.72;568142.98;;8279559000.0;1245690889.0;21897675.0;1223793214.0;FRE;ON:ENGI3/PN:ENGI4/UNIT:ENGI11;2.2894696869270788;ENGI3 2.09 / ENGI4 2.39;2801837466.5200634;0.010055435319683089;0.02971427536209079;False;0.0;DRE_con 2014;;Utilities;Energisa
00.864.214/0001-06;ENERGISA S.A.;2015;1034781.26;252020.07;782761.19;;11935130000.0;1336599980.0;21897675.0;1314702305.0;FRE;ON:ENGI3/PN:ENGI4/UNIT:ENGI11;2.6005795071427436;ENGI3 2.46 / ENGI4 2.65;3418987872.376329;0.008670045990282468;0.030265718938651483;False;0.0;DRE_con 2015;;Utilities;Energisa
00.864.214/0001-06;ENERGISA S.A.;2016;1286267.43;315654.47;970612.96;;11810695000.0;1729827305.0;0.0;1729827305.0;FRE;ON:ENGI3/PN:ENGI4/UNIT:ENGI11;4.058808423578735;ENGI3 4.14 / ENGI4 4.00;7021037636.870501;0.010890700589592737;0.018320189928127634;False;0.0;DRE_con 2016;;Utilities;Energisa
00.864.214/0001-06;ENERGISA S.A.;2017;4403405.37;3104770.77;1298634.6;;13637154000.0;1729827305.0;0.0;1729827305.0;FRE;ON:ENGI3/PN:ENGI4/UNIT:ENGI11;6.95662016978602;ENGI3 10.40 / ENGI4 4.50;12033751520.209593;0.03228976786505454;0.03659212476346117;False;0.0;DRE_con 2017;;Utilities;Energisa
00.864.214/0001-06;ENERGISA S.A.;2018;6284053.14;5282222.05;1001831.09;0.0;15787581000.0;1814561910.0;0.0;1814561910.0;FRE;ON:ENGI3/PN:ENGI4/UNIT:ENGI11;9.777215931907957;ENGI3 13.79 / ENGI4 6.91;17741363615.885334;0.03980377449844913;0.03542035029581018;False;0.0;DRE_con 2018;;Utilities;Energisa
00.864.214/0001-06;ENERGISA S.A.;2019;6469961.26;5671183.26;745858.0;52920.0;19903135000.0;1814561910.0;0.0;1814561910.0;FRE;ON:ENGI3/PN:ENGI4/UNIT:ENGI11;11.378840001298869;ENGI3 13.10 / ENGI4 10.15;20647609646.341278;0.03250724702414971;0.03133515874631263;False;0.0;DRE_con 2019;;Utilities;Energisa
00.864.214/0001-06;ENERGISA S.A.;2020;6611746.1;5798657.72;705942.13;107146.25;20330208000.0;1814561910.0;0.0;1814561910.0;DFP;ON:ENGI3/PN:ENGI4/UNIT:ENGI11;11.774661899492816;ENGI3 16.36 / ENGI4 8.50;21365852985.947914;0.03252178285632887;0.03094538797186554;False;0.0;DRE_con 2020;;Utilities;Energisa
00.864.214/0001-06;ENERGISA S.A.;2021;7959057.260000001;6565294.71;1110329.35;283433.2;26475504000.0;1814561910.0;4619185.0;1809942725.0;DFP;ON:ENGI3/PN:ENGI4/UNIT:ENGI11;9.955136504956206;ENGI3 13.15 / ENGI4 7.67;18018226893.527412;0.030061966941214796;0.04417225572211597;False;0.0;DRE_con 2021;;Utilities;Energisa
00.864.214/0001-06;ENERGISA S.A.;2022;9271774.610000001;7425537.76;1567739.8;278497.05;26503137000.0;2039086540.0;3772375.0;2035314165.0;DFP;ON:ENGI3/PN:ENGI4/UNIT:ENGI11;9.833578805684668;ENGI3 13.51 / ENGI4 7.45;20014422235.853786;0.03498368744047167;0.04632546720929354;False;0.0;DRE_con 2022;;Utilities;Energisa
00.864.214/0001-06;ENERGISA S.A.;2023;8690718.99;6499917.51;1938295.56;252505.92;28531858000.0;2039086540.0;3772375.0;2035314165.0;DFP;ON:ENGI3/PN:ENGI4/UNIT:ENGI11;12.430938648741465;ENGI3 17.85 / ENGI4 8.92;25300865516.029465;0.030459702238809686;0.03434949284440076;False;0.0;DRE_con 2023;;Utilities;Energisa
00.864.214/0001-06;ENERGISA S.A.;2024;9236924.65;5987968.65;2866580.12;382375.88;33715476000.0;2289424663.0;3772375.0;2285652288.0;DFP;ON:ENGI3/PN:ENGI4/UNIT:ENGI11;8.348756626628012;ENGI3 11.03 / ENGI4 6.65;19082354685.607475;0.02739669061768548;0.04840558097878133;False;0.0;DRE_con 2024;;Utilities;Energisa
00.864.214/0001-06;ENERGISA S.A.;2025;7020340.649999999;3438096.65;3433733.4;148510.6;35441353000.0;2518367130.0;4149610.0;2514217520.0;DFP;ON:ENGI3/PN:ENGI4/UNIT:ENGI11;10.103388209137286;ENGI3 12.35 / ENGI4 8.68;25402115646.774387;0.019808331386219933;0.02763683445749314;False;0.0;DRE_con 2025;;Utilities;Energisa
00.864.214/0001-06;ENERGISA S.A.;2026;7397840.42;3203977.16;3878634.55;315228.71;;2518367130.0;3035745.0;2515331385.0;FRE;ON:ENGI3/PN:ENGI4/UNIT:ENGI11;10.382354420944953;ENGI3 11.95 / ENGI4 9.37;26115061925.196342;;0.02832786857327883;True;1.0;;;Utilities;Energisa
04.423.567/0001-21;ENEVA S.A;2009;53819305.88;36158562.38;17660743.5;;63911000.0;;;;;ON:ENEV3;;;;84.20976964841734;;False;0.0;DRE_con 2010;sem quantidade de acoes;Utilities;Eneva
04.423.567/0001-21;ENEVA S.A;2010;48770691.1;31172947.6;17597743.5;;98455000.0;136692680.0;0.0;136692680.0;FRE;ON:ENEV3;12.20203125;ENEV3 12.20;1667928353.00625;49.5360226499416;2.924027942333159;False;0.0;DRE_con 2010;;Utilities;Eneva
04.423.567/0001-21;ENEVA S.A;2011;42206952.85;32243363.8;9893841.05;69748.0;168279000.0;136692680.0;0.0;136692680.0;FRE;ON:ENEV3;20.719597778320313;ENEV3 20.72;2832217348.8406496;25.081532960143573;1.490244132120621;False;0.0;DRE_con 2011;;Utilities;Eneva
04.423.567/0001-21;ENEVA S.A;2012;30885057.49;23864493.95;6931161.54;89402.0;490940000.0;170122934.0;0.0;170122934.0;FRE;ON:ENEV3;5.498629760742188;ENEV3 5.50;935443027.877179;6.291004499531511;3.301650295057319;False;0.0;DRE_con 2012;;Utilities;Eneva
04.423.567/0001-21;ENEVA S.A;2013;45000732.0;44389796.0;610936.0;0.0;1438831000.0;1458659593.0;0.0;1458659593.0;FRE;ON:ENEV3;1.8195372009277346;ENEV3 1.82;2654085392.9536085;3.1275898281313093;1.6955269080442348;False;0.0;DRE_con 2013;;Utilities;Eneva
04.423.567/0001-21;ENEVA S.A;2014;7992959.03;7212959.03;780000.0;0.0;1798092000.0;840106107.0;0.0;840106107.0;FRE;ON:ENEV3;0.23956287384033204;ENEV3 0.24;201258233.32373348;0.4445244753883561;3.9714941833673674;False;0.0;DRE_con 2014;;Utilities;Eneva
04.423.567/0001-21;ENEVA S.A;2015;36840202.56;14741888.56;21983114.0;115200.0;1518633000.0;161769820.0;0.0;161769820.0;FRE;ON:ENEV3;0.12;ENEV3 0.12;19412378.4;2.4258792321778864;189.77686196349853;False;0.0;DRE_con 2015;;Utilities;Eneva
04.423.567/0001-21;ENEVA S.A;2016;12820288.24;7363326.0;5274562.24;182400.0;2160983000.0;239128430.0;0.0;239128430.0;FRE;ON:ENEV3;11.729999542236328;ENEV3 11.73;2804976374.435692;0.5932618738786931;0.45705512377369667;False;0.0;DRE_con 2016;;Utilities;Eneva
04.423.567/0001-21;ENEVA S.A;2017;33792545.0;29823739.0;3968806.0;0.0;2721773000.0;239128430.0;0.0;239128430.0;FRE;ON:ENEV3;13.84000015258789;ENEV3 13.84;3309537507.6881027;1.24156367926348;1.021065478831995;False;0.0;DRE_con 2017;;Utilities;Eneva
04.423.567/0001-21;ENEVA S.A;2018;16236712.0;11943854.0;4292858.0;0.0;3129107000.0;314990499.0;0.0;314990499.0;FRE;ON:ENEV3;18.510000228881836;ENEV3 18.51;5830474208.585604;0.5188928342814739;0.2784801273297942;False;0.0;DRE_con 2018;;Utilities;Eneva
04.423.567/0001-21;ENEVA S.A;2019;45751154.05;34621055.78;11130098.27;0.0;3137369000.0;315767683.0;0.0;315767683.0;FRE;ON:ENEV3;43.689998626708984;ENEV3 43.69;13795889636.629078;1.4582650000685287;0.33162887827492765;False;0.0;DRE_con 2019;;Utilities;Eneva
04.423.567/0001-21;ENEVA S.A;2020;67300614.50999999;29743372.85;37557241.66;0.0;3243309000.0;315836.0;0.0;315836.0;DFP;ON:ENEV3;62.099998474121094;ENEV3 62.10;19613415.11807251;2.0750602088792647;343.1356247999196;False;0.0;DRE_con 2020;acoes DFP e FRE divergem (315,836 x 1,266,038,219);Utilities;Eneva
04.423.567/0001-21;ENEVA S.A;2021;90918823.14;87759823.14;3159000.0;0.0;5124441000.0;1266339000.0;6121000.0;1260218000.0;DFP (corrigido de milhares);ON:ENEV3;14.149999618530273;ENEV3 14.15;17832084219.264984;1.774219337094524;0.5098608890696881;False;0.0;DRE_con 2021;quantidade de acoes da DFP estava em milhares;Utilities;Eneva
04.423.567/0001-21;ENEVA S.A;2022;107646364.49;103786364.49;3860000.0;0.0;6128603000.0;1584446000.0;2671000.0;1581775000.0;DFP (corrigido de milhares);ON:ENEV3;11.930000305175781;ENEV3 11.93;18870576232.71942;1.7564584374285623;0.5704455611872281;False;0.0;DRE_con 2022;quantidade de acoes da DFP estava em milhares;Utilities;Eneva
04.423.567/0001-21;ENEVA S.A;2023;27713223.240000002;22985549.91;4727673.33;0.0;10090895000.0;1584572000.0;1900000.0;1582672000.0;DFP (corrigido de milhares);ON:ENEV3;13.609999656677246;ENEV3 13.61;21540165376.63269;0.2746359291222434;0.12865835872394923;False;0.0;DRE_con 2023;quantidade de acoes da DFP estava em milhares;Utilities;Eneva
04.423.567/0001-21;ENEVA S.A;2024;27240125.37;22058422.59;5181702.78;0.0;11387505000.0;1932592000.0;1202000.0;1931390000.0;DFP (corrigido de milhares);ON:ENEV3;10.529999732971191;ENEV3 10.53;20337536184.26323;0.23921065562649588;0.13394014458387468;False;0.0;DRE_con 2024;quantidade de acoes da DFP estava em milhares;Utilities;Eneva
04.423.567/0001-21;ENEVA S.A;2025;29512003.610000003;23876840.42;5635163.19;0.0;18416056000.0;1936974000.0;21169000.0;1915805000.0;DFP (corrigido de milhares);ON:ENEV3;20.18000030517578;ENEV3 20.18;38660945484.65729;0.1602514871262338;0.07633544198165544;False;0.0;DRE_con 2025;quantidade de acoes da DFP estava em milhares;Utilities;Eneva
04.423.567/0001-21;ENEVA S.A;2026;87918776.19;81746904.19;6171872.0;0.0;;1944371272.0;24024459.0;1920346813.0;FRE;ON:ENEV3;26.840000152587887;ENEV3 26.84;51542108753.941666;;0.17057659904781533;True;1.0;;;Utilities;Eneva
03.220.438/0001-73;EQUATORIAL S.A.;2009;10423000.0;9196000.0;1076000.0;151000.0;1619490000.0;;;;;ON:EQTL3;;;;0.6435976758115209;;False;0.0;DRE_con 2010;sem quantidade de acoes;Utilities;Equatorial
03.220.438/0001-73;EQUATORIAL S.A.;2010;10139000.0;8587000.0;1401000.0;151000.0;1798884000.0;109226672.0;0.0;109226672.0;FRE;ON:EQTL3;11.514954566955566;EQTL3 11.51;1257740165.5797577;0.5636272266583059;0.8061283464956698;False;0.0;DRE_con 2010;;Utilities;Equatorial
03.220.438/0001-73;EQUATORIAL S.A.;2011;5841000.0;4662000.0;1028000.0;151000.0;1980528000.0;109611778.0;0.0;109611778.0;FRE;ON:EQTL3;12.230914831161499;EQTL3 12.23;1340652321.2101817;0.2949213543055185;0.43568342870039856;False;0.0;DRE_con 2011;;Utilities;Equatorial
03.220.438/0001-73;EQUATORIAL S.A.;2012;7888000.0;6295000.0;1385000.0;208000.0;2987183000.0;109611778.0;0.0;109611778.0;FRE;ON:EQTL3;18.727840185165405;EQTL3 18.73;2052791860.7958293;0.2640614920478591;0.38425717437041906;False;0.0;DRE_con 2012;;Utilities;Equatorial
03.220.438/0001-73;EQUATORIAL S.A.;2013;9779000.0;8040000.0;1512000.0;227000.0;4715036000.0;109611778.0;0.0;109611778.0;FRE;ON:EQTL3;22.223703861236572;EQTL3 22.22;2435979693.975606;0.2074003252573257;0.4014401279363837;False;0.0;DRE_con 2013;;Utilities;Equatorial
03.220.438/0001-73;EQUATORIAL S.A.;2014;13749810.0;12119010.0;1404000.0;226800.0;6773453000.0;198447352.0;0.0;198447352.0;FRE;ON:EQTL3;24.970455169677734;EQTL3 24.97;4955320706.657257;0.20299557699743395;0.2774756834916402;False;0.0;DRE_con 2014;;Utilities;Equatorial
03.220.438/0001-73;EQUATORIAL S.A.;2015;19948260.0;19740100.0;-10970.0;219130.0;7252942000.0;198588467.0;0.0;198588467.0;FRE;ON:EQTL3;36.12725496292114;EQTL3 36.13;7174456180.004652;0.275036805754134;0.27804560372946713;False;0.0;DRE_con 2015;;Utilities;Equatorial
03.220.438/0001-73;EQUATORIAL S.A.;2016;22774553.02;20291013.0;2264340.02;219200.0;7952181000.0;198693733.0;0.0;198693733.0;FRE;ON:EQTL3;58.03133964538574;EQTL3 58.03;11530463505.13259;0.2863937958655619;0.1975163705245873;False;0.0;DRE_con 2016;;Utilities;Equatorial
03.220.438/0001-73;EQUATORIAL S.A.;2017;12922597.48;7959312.54;4747284.94;216000.0;9071420000.0;198743467.0;0.0;198743467.0;FRE;ON:EQTL3;69.91727828979492;EQTL3 69.92;13895602290.517673;0.1424539650903607;0.09299775000626169;False;0.0;DRE_con 2017;;Utilities;Equatorial
03.220.438/0001-73;EQUATORIAL S.A.;2018;10366091.25;6571692.99;3614398.26;180000.0;11252627000.0;201747217.0;0.0;201747217.0;FRE;ON:EQTL3;88.04582595825195;EQTL3 88.05;17763000355.54369;0.09212152193438919;0.058357772012118586;False;0.0;DRE_con 2018;;Utilities;Equatorial
03.220.438/0001-73;EQUATORIAL S.A.;2019;11747373.9;9681940.38;1885433.52;180000.0;18796346000.0;1010186085.0;0.0;1010186085.0;FRE;ON:EQTL3;22.76306915283203;EQTL3 22.76;22994935710.083656;0.06249817863535817;0.05108678731747262;False;0.0;DRE_con 2019;;Utilities;Equatorial
03.220.438/0001-73;EQUATORIAL S.A.;2020;11474178.219999999;6532364.06;4551814.16;390000.0;17890069000.0;1010511085.0;1370000.0;1009141085.0;DFP;ON:EQTL3;23.13263130187988;EQTL3 23.13;23344088650.884026;0.06413713787241401;0.049152393103020026;False;0.0;DRE_con 2020;;Utilities;Equatorial
03.220.438/0001-73;EQUATORIAL S.A.;2021;10737870.07;6119862.16;4186007.91;432000.0;24240886000.0;1010539585.0;28870100.0;981669485.0;DFP;ON:EQTL3;22.583280563354496;EQTL3 22.58;22169317400.238716;0.044296524763987585;0.048435727073330534;False;0.0;DRE_con 2021;;Utilities;Equatorial
03.220.438/0001-73;EQUATORIAL S.A.;2022;16595324.120000001;11739284.21;4424039.91;432000.0;27132507000.0;1128934585.0;28870100.0;1100064485.0;DFP;ON:EQTL3;26.988069534301758;EQTL3 26.99;29688616813.39585;0.0611639909279301;0.05589793631784151;False;0.0;DRE_con 2022;;Utilities;Equatorial
03.220.438/0001-73;EQUATORIAL S.A.;2023;25990864.75;17886363.21;7672501.54;432000.0;40985077000.0;1147108197.0;0.0;1147108197.0;DFP;ON:EQTL3;35.720001220703125;EQTL3 35.72;40974706197.11856;0.06341543472030076;0.06343148532893626;False;0.0;DRE_con 2023;;Utilities;Equatorial
03.220.438/0001-73;EQUATORIAL S.A.;2024;48410099.14;26728523.23;21248799.66;432776.25;45366675000.0;1249258717.0;0.0;1249258717.0;DFP;ON:EQTL3;27.399999618530273;EQTL3 27.40;34229688369.24562;0.10670850164796075;0.14142722720051132;False;0.0;DRE_con 2024;;Utilities;Equatorial
03.220.438/0001-73;EQUATORIAL S.A.;2025;44042131.42;33328416.47;10236714.95;477000.0;52073804000.0;1259019797.0;895716.0;1258124081.0;DFP;ON:EQTL3;38.5;EQTL3 38.50;48437777118.5;0.08457636668909381;0.09092517047645203;False;0.0;DRE_con 2025;;Utilities;Equatorial
03.220.438/0001-73;EQUATORIAL S.A.;2026;53751898.54;35104094.33;17927804.21;720000.0;;1259387047.0;3088336.0;1256298711.0;FRE;ON:EQTL3;37.630001068115234;EQTL3 37.63;47274521836.80179;;0.1137016228859152;True;1.0;;;Utilities;Equatorial
33.611.500/0001-19;GERDAU S.A.;2009;8839820.0;1535952.0;6967868.0;336000.0;26540050000.0;;;;;ON:GGBR3/PN:GGBR4;;;;0.03330747304545394;;False;0.0;DRE_con 2010;sem quantidade de acoes;Metals;Gerdau
33.611.500/0001-19;GERDAU S.A.;2010;14112449.0;2076984.0;11677065.0;358400.0;31393209000.0;412681538.0;11985852.0;400695686.0;FRE;ON:GGBR3/PN:GGBR4;20.254210739569942;GGBR3 16.30 / GGBR4 21.35;8115774866.680545;0.04495382743446202;0.1738891138779478;False;0.0;DRE_con 2010;;Metals;Gerdau
33.611.500/0001-19;GERDAU S.A.;2011;2956280.44;570666.0;2006414.44;379200.0;35406780000.0;1719658728.0;14760372.0;1704898356.0;FRE;ON:GGBR3/PN:GGBR4;15.835241826158061;GGBR3 13.80 / GGBR4 16.65;26997477756.279316;0.008349475552422445;0.010950209744361774;False;0.0;DRE_con 2011;;Metals;Gerdau
33.611.500/0001-19;GERDAU S.A.;2012;12006419.790000001;1513400.8;10109018.99;384000.0;37981668000.0;1719658728.0;17603619.0;1702055109.0;FRE;ON:GGBR3/PN:GGBR4;16.93957109072701;GGBR3 15.36 / GGBR4 17.47;28832083519.240612;0.03161109140862376;0.04164256732257215;False;0.0;DRE_con 2012;;Metals;Gerdau
33.611.500/0001-19;GERDAU S.A.;2013;13810797.94;2063512.0;11347285.94;400000.0;39863037000.0;1719658728.0;19194438.0;1700464290.0;FRE;ON:GGBR3/PN:GGBR4;16.345070381549895;GGBR3 14.19 / GGBR4 17.15;27794208501.36227;0.03464562406522112;0.04968948095544111;False;0.0;DRE_con 2013;;Metals;Gerdau
33.611.500/0001-19;GERDAU S.A.;2014;14954099.280000001;5328047.03;9202052.25;424000.0;42546339000.0;1719658728.0;15443381.0;1704215347.0;FRE;ON:GGBR3/PN:GGBR4;8.714475353561431;GGBR3 7.37 / GGBR4 9.27;14851342638.592642;0.03514779328016918;0.10069190135806533;False;0.0;DRE_con 2014;;Metals;Gerdau
33.611.500/0001-19;GERDAU S.A.;2015;7778181.47;2094372.55;4969280.92;714528.0;43581241000.0;1719658728.0;15115221.0;1704543507.0;FRE;ON:GGBR3/PN:GGBR4;3.295394123562416;GGBR3 2.60 / GGBR4 3.60;5617142656.324271;0.017847544703924332;0.1384722081295664;False;0.0;DRE_con 2015;;Metals;Gerdau
33.611.500/0001-19;GERDAU S.A.;2016;5392730.98;1484096.55;3096042.43;812592.0;37651667000.0;1719658728.0;32984245.0;1686674483.0;FRE;ON:GGBR3/PN:GGBR4;11.22444507169187;GGBR3 8.63 / GGBR4 12.20;18931985088.257782;0.014322688501414825;0.028484762452854154;False;0.0;DRE_con 2016;;Metals;Gerdau
33.611.500/0001-19;GERDAU S.A.;2017;4401266.58;1089117.71;2480884.87;831264.0;36917619000.0;1719658728.0;10480129.0;1709178599.0;FRE;ON:GGBR3/PN:GGBR4;13.803638656974295;GGBR3 12.36 / GGBR4 14.40;23592883780.829567;0.01192185926183376;0.01865505980907792;False;0.0;DRE_con 2017;;Metals;Gerdau
33.611.500/0001-19;GERDAU S.A.;2018;33473178.630000003;8468395.81;24321262.82;683520.0;46159478000.0;1719658728.0;10480129.0;1709178599.0;FRE;ON:GGBR3/PN:GGBR4;14.755893195922;GGBR3 12.70 / GGBR4 15.65;25220456859.599598;0.07251637167560691;0.13272233257447594;False;0.0;DRE_con 2018;;Metals;Gerdau
33.611.500/0001-19;GERDAU S.A.;2019;35519280.4;9765770.67;25140453.73;613056.0;39644010000.0;1719658728.0;22504152.0;1697154576.0;FRE;ON:GGBR3/PN:GGBR4;19.28839641397834;GGBR3 17.11 / GGBR4 20.00;32735390237.685333;0.08959557925648792;0.10850422170654261;False;0.0;DRE_con 2019;;Metals;Gerdau
33.611.500/0001-19;GERDAU S.A.;2020;44327488.089999996;13051582.44;30691889.65;584016.0;43814661000.0;1719658728.0;18497296.0;1701161432.0;DFP;ON:GGBR3/PN:GGBR4;23.048045850022746;GGBR3 20.28 / GGBR4 24.45;39208446683.02635;0.1011704463261738;0.11305596584419071;False;0.0;DRE_con 2020;;Metals;Gerdau
33.611.500/0001-19;GERDAU S.A.;2021;34598192.49;16133327.82;17962336.67;502528.0;78345081000.0;1719658728.0;13911882.0;1705746846.0;DFP;ON:GGBR3/PN:GGBR4;25.653931611491178;GGBR3 22.47 / GGBR4 27.26;43759112933.80077;0.04416128242946101;0.07906511391659263;False;0.0;DRE_con 2021;;Metals;Gerdau
33.611.500/0001-19;GERDAU S.A.;2022;31620948.91;13807399.43;17253669.48;559880.0;82412210000.0;1673397190.0;9836850.0;1663560340.0;DFP;ON:GGBR3/PN:GGBR4;27.699136410919145;GGBR3 24.51 / GGBR4 29.37;46079184785.45503;0.03836925245664447;0.0686230649635564;False;0.0;DRE_con 2022;;Metals;Gerdau
33.611.500/0001-19;GERDAU S.A.;2023;31947320.729999997;10966169.69;20386871.04;594280.0;68916447000.0;1757067050.0;7544641.0;1749522409.0;DFP;ON:GGBR3/PN:GGBR4;22.93619514038725;GGBR3 21.36 / GGBR4 23.76;40127387375.3044;0.0463565986360266;0.07961475396143368;False;0.0;DRE_con 2023;;Metals;Gerdau
33.611.500/0001-19;GERDAU S.A.;2024;33610555.6;14410536.87;18583058.73;616960.0;67026656000.0;2078805560.0;37512079.0;2041293481.0;DFP;ON:GGBR3/PN:GGBR4;17.727971069907305;GGBR3 16.97 / GGBR4 18.14;36187991776.358376;0.05014505810941844;0.09287764794386237;False;0.0;DRE_con 2024;;Metals;Gerdau
33.611.500/0001-19;GERDAU S.A.;2025;34065779.72;14072637.13;19359062.59;634080.0;69858532000.0;2000879949.0;25736058.0;1975143891.0;DFP;ON:GGBR3/PN:GGBR4;19.329467842678465;GGBR3 17.47 / GGBR4 20.39;38178480325.74732;0.048763950149997425;0.08922769955572657;False;0.0;DRE_con 2025;;Metals;Gerdau
33.611.500/0001-19;GERDAU S.A.;2026;35099257.85;14833986.31;19613671.54;651600.0;;1978018049.0;23029732.0;1954988317.0;FRE;ON:GGBR3/PN:GGBR4;23.296961790934866;GGBR3 20.89 / GGBR4 24.24;45545288122.87306;;0.0770645203853107;True;1.0;;;Metals;Gerdau
09.229.201/0001-30;GPS PARTICIPAÇÕES E EMPREENDIMENTOS S.A.;2018;529206.0;425046.0;104160.0;0.0;;;;;;ON:GGPS3;;;;;;False;0.0;;sem DFP;Industrials;GPS
09.229.201/0001-30;GPS PARTICIPAÇÕES E EMPREENDIMENTOS S.A.;2019;28248450.0;28144290.0;104160.0;0.0;4310974000.0;;;;;ON:GGPS3;;;;0.6552683917833881;;False;0.0;DRE_con 2020;sem quantidade de acoes;Industrials;GPS
09.229.201/0001-30;GPS PARTICIPAÇÕES E EMPREENDIMENTOS S.A.;2020;43016871.0;42912711.0;104160.0;0.0;4942186000.0;5715416.0;0.0;5715416.0;DFP;ON:GGPS3;;;;0.8704017007858466;;False;0.0;DRE_con 2020;sem cotacao no exercicio;Industrials;GPS
09.229.201/0001-30;GPS PARTICIPAÇÕES E EMPREENDIMENTOS S.A.;2021;52735803.0;52286253.0;449550.0;0.0;6615255000.0;667490790.0;0.0;667490790.0;DFP;ON:GGPS3;15.869995449234008;GGPS3 15.87;10593075799.705612;0.7971847343753189;0.4978327730031495;False;0.0;DRE_con 2021;;Industrials;GPS
09.229.201/0001-30;GPS PARTICIPAÇÕES E EMPREENDIMENTOS S.A.;2022;69610283.0;68765296.0;844987.0;0.0;9218683000.0;669708835.0;0.0;669708835.0;DFP;ON:GGPS3;11.909996365173338;GGPS3 11.91;7976229790.5744705;0.7551000831680621;0.8727216345027902;False;0.0;DRE_con 2022;;Industrials;GPS
09.229.201/0001-30;GPS PARTICIPAÇÕES E EMPREENDIMENTOS S.A.;2023;90091588.0;87797889.0;1921639.0;372060.0;10631154000.0;672170267.0;0.0;672170267.0;DFP;ON:GGPS3;18.849995346679687;GGPS3 18.85;12670406405.126444;0.8474299967811585;0.7110394498754906;False;0.0;DRE_con 2023;;Industrials;GPS
09.229.201/0001-30;GPS PARTICIPAÇÕES E EMPREENDIMENTOS S.A.;2024;79615701.0;77242581.0;2373120.0;0.0;14774369000.0;674854731.0;0.0;674854731.0;DFP;ON:GGPS3;13.97999641442871;GGPS3 13.98;9434466719.640251;0.5388771662600278;0.8438813063409254;False;0.0;DRE_con 2024;;Industrials;GPS
09.229.201/0001-30;GPS PARTICIPAÇÕES E EMPREENDIMENTOS S.A.;2025;109679244.0;106554747.0;2512159.0;612338.0;17283159000.0;750009979.0;0.0;750009979.0;DFP;ON:GGPS3;17.89532527102661;GGPS3 17.90;13421672530.720837;0.6346018340744305;0.8171801520932315;False;0.0;DRE_con 2025;;Industrials;GPS
09.229.201/0001-30;GPS PARTICIPAÇÕES E EMPREENDIMENTOS S.A.;2026;96608500.0;94009201.0;1941035.0;658264.0;;752350487.0;326477.0;752024010.0;FRE;ON:GGPS3;12.670000076293945;GGPS3 12.67;9528144264.074879;;1.0139277630824166;True;1.0;;;Industrials;GPS
24.990.777/0001-09;GRUPO MATEUS S.A.;2017;0.0;0.0;0.0;0.0;;;;;;ON:GMAT3;;;;;;False;0.0;;sem DFP;Retail;Grupo Mateus
24.990.777/0001-09;GRUPO MATEUS S.A.;2018;0.0;0.0;0.0;0.0;6882185000.0;;;;;ON:GMAT3;;;;0.0;;False;0.0;DRE_con 2019;sem quantidade de acoes;Retail;Grupo Mateus
24.990.777/0001-09;GRUPO MATEUS S.A.;2019;0.0;0.0;0.0;0.0;8035545000.0;;;;;ON:GMAT3;;;;0.0;;False;0.0;DRE_con 2019;sem quantidade de acoes;Retail;Grupo Mateus
24.990.777/0001-09;GRUPO MATEUS S.A.;2020;1886867.92;1086080.57;800787.35;0.0;12397038000.0;2209346079.0;0.0;2209346079.0;DFP;ON:GMAT3;8.359999656677246;GMAT3 8.36;18470132461.92122;0.015220312464961389;0.01021577903618203;False;0.0;DRE_con 2020;;Retail;Grupo Mateus
24.990.777/0001-09;GRUPO MATEUS S.A.;2021;6913912.42;2244368.4;4603690.87;65853.15;15876857000.0;2209346079.0;0.0;2209346079.0;DFP;ON:GMAT3;6.070000171661377;GMAT3 6.07;13410731078.78939;0.04354711023724658;0.051555074659092565;False;0.0;DRE_con 2021;;Retail;Grupo Mateus
24.990.777/0001-09;GRUPO MATEUS S.A.;2022;10104159.72;5227727.23;4765548.91;110883.58;21768477000.0;2209346079.0;0.0;2209346079.0;DFP;ON:GMAT3;6.320000171661377;GMAT3 6.32;13963067598.53939;0.04641647516268594;0.07236346632782147;False;0.0;DRE_con 2022;;Retail;Grupo Mateus
24.990.777/0001-09;GRUPO MATEUS S.A.;2023;33403926.67;30275493.14;2678726.53;449707.0;26773586000.0;2209346079.0;171437.0;2209174642.0;DFP;ON:GMAT3;7.179999828338623;GMAT3 7.18;15861873550.33004;0.12476448492928814;0.2105925669121537;False;0.0;DRE_con 2023;;Retail;Grupo Mateus
24.990.777/0001-09;GRUPO MATEUS S.A.;2024;34319658.21;30588779.31;3136475.7;594403.2;32085428000.0;2248469834.0;254947.0;2248214887.0;DFP;ON:GMAT3;6.389999866485596;GMAT3 6.39;14366092827.76093;0.10696337979346886;0.2388934738308314;False;0.0;DRE_con 2024;;Retail;Grupo Mateus
24.990.777/0001-09;GRUPO MATEUS S.A.;2025;43029866.080000006;39132899.68;3302563.2;594403.2;38424403000.0;2248469834.0;3644947.0;2244824887.0;DFP;ON:GMAT3;4.510000228881836;GMAT3 4.51;10124160754.169641;0.11198577653893545;0.425021561044239;False;0.0;DRE_con 2025;;Retail;Grupo Mateus
24.990.777/0001-09;GRUPO MATEUS S.A.;2026;52782662.55;48779591.62;3374763.2;628307.73;;2303692568.0;3644947.0;2300047621.0;FRE;ON:GMAT3;4.690000057220459;GMAT3 4.69;10787223474.099781;;0.4893072130815834;True;1.0;;;Retail;Grupo Mateus
08.402.943/0001-52;GUARARAPES CONFECCOES S.A.;2009;5511000.0;3600000.0;1664000.0;247000.0;2184124000.0;;;;;ON:RIAA3;;;;0.25232083892672763;;False;0.0;DRE_con 2010;sem quantidade de acoes;Retail;Guararapes
08.402.943/0001-52;GUARARAPES CONFECCOES S.A.;2010;5545672.0;4213792.0;1060800.0;271080.0;2607984000.0;62400000.0;0.0;62400000.0;FRE;ON:RIAA3;80.4000015258789;RIAA3 80.40;5016960095.214844;0.2126421020987859;0.1105384913324194;False;0.0;DRE_con 2010;empresa tem ON e PN, mas so um preco disponivel: market cap aproximado;Retail;Guararapes
08.402.943/0001-52;GUARARAPES CONFECCOES S.A.;2011;4394516.46;3061178.26;1061898.2;271440.0;3046024000.0;;;;;ON:RIAA3;;;;0.14427057895801215;;False;0.0;DRE_con 2011;sem quantidade de acoes;Retail;Guararapes
08.402.943/0001-52;GUARARAPES CONFECCOES S.A.;2012;4533019.46;3175942.44;1061157.02;295920.0;3545995000.0;;;;;ON:RIAA3;;;;0.12783490839665596;;False;0.0;DRE_con 2012;sem quantidade de acoes;Retail;Guararapes
08.402.943/0001-52;GUARARAPES CONFECCOES S.A.;2013;5288794.65;3705213.33;1237981.32;345600.0;4069090000.0;62400000.0;0.0;62400000.0;FRE;ON:RIAA3;93.5;RIAA3 93.50;5834400000.0;0.12997487521780055;0.09064847542163719;False;0.0;DRE_con 2013;empresa tem ON e PN, mas so um preco disponivel: market cap aproximado;Retail;Guararapes
08.402.943/0001-52;GUARARAPES CONFECCOES S.A.;2014;5292377.16;3707362.96;1239414.2;345600.0;4728129000.0;62400000.0;0.0;62400000.0;FRE;ON:RIAA3;78.80000305175781;RIAA3 78.80;4917120190.4296875;0.11193385713460864;0.10763164118503112;False;0.0;DRE_con 2014;empresa tem ON e PN, mas so um preco disponivel: market cap aproximado;Retail;Guararapes
08.402.943/0001-52;GUARARAPES CONFECCOES S.A.;2015;3594166.1;2411624.35;910000.0;272541.75;5507306000.0;62400000.0;0.0;62400000.0;FRE;ON:RIAA3;40.310001373291016;RIAA3 40.31;2515344085.6933594;0.06526178316585278;0.14288963964980805;False;0.0;DRE_con 2015;empresa tem ON e PN, mas so um preco disponivel: market cap aproximado;Retail;Guararapes
08.402.943/0001-52;GUARARAPES CONFECCOES S.A.;2016;2911137.81;1729000.0;910000.0;272137.81;5921650000.0;62400000.0;0.0;62400000.0;FRE;ON:RIAA3;68.20999908447266;RIAA3 68.21;4256303942.8710938;0.049160923222412674;0.06839590990384699;False;0.0;DRE_con 2016;empresa tem ON e PN, mas so um preco disponivel: market cap aproximado;Retail;Guararapes
08.402.943/0001-52;GUARARAPES CONFECCOES S.A.;2017;2910270.08;1729000.0;910000.0;271270.08;6444659000.0;62400000.0;0.0;62400000.0;FRE;ON:RIAA3;157.88999938964844;RIAA3 157.89;9852335961.914062;0.045157859865044836;0.02953888388753856;False;0.0;DRE_con 2017;empresa tem ON e PN, mas so um preco disponivel: market cap aproximado;Retail;Guararapes
08.402.943/0001-52;GUARARAPES CONFECCOES S.A.;2018;2896600.19;1182916.95;1365187.66;348495.58;7192596000.0;499200000.0;2560.0;499197440.0;FRE;ON:RIAA3;157.02999877929688;RIAA3 157.03;78388973393.82812;0.04027197120483342;0.003695162807461975;False;0.0;DRE_con 2018;;Retail;Guararapes
08.402.943/0001-52;GUARARAPES CONFECCOES S.A.;2019;3427231.6799999997;910000.0;2191706.76;325524.92;7808044000.0;499200000.0;2560.0;499197440.0;FRE;ON:RIAA3;24.200000762939453;RIAA3 24.20;12080578428.857422;0.04389360100942054;0.028369764744155108;False;0.0;DRE_con 2019;;Retail;Guararapes
08.402.943/0001-52;GUARARAPES CONFECCOES S.A.;2020;3026191.62;546038.33;2190042.96;290110.33;6245372000.0;499200000.0;0.0;499200000.0;DFP;ON:RIAA3;14.90999984741211;RIAA3 14.91;7443071923.828125;0.04845494583829434;0.04065783121498532;False;0.0;DRE_con 2020;;Retail;Guararapes
08.402.943/0001-52;GUARARAPES CONFECCOES S.A.;2021;3593077.7199999997;0.0;3258280.55;334797.17;7221181000.0;499200000.0;2560.0;499197440.0;DFP;ON:RIAA3;9.9399995803833;RIAA3 9.94;4962022344.128418;0.049757480389980534;0.07241155865111538;False;0.0;DRE_con 2021;;Retail;Guararapes
08.402.943/0001-52;GUARARAPES CONFECCOES S.A.;2022;13236576.26;8536915.1;4304929.44;394731.72;8458663000.0;499200000.0;2560.0;499197440.0;DFP;ON:RIAA3;6.519999980926514;RIAA3 6.52;3254767299.2785645;0.15648544291219546;0.40668272238491376;False;0.0;DRE_con 2022;;Retail;Guararapes
08.402.943/0001-52;GUARARAPES CONFECCOES S.A.;2023;29494307.84;22506907.84;6397000.0;590400.0;8795386000.0;499200000.0;2560.0;499197440.0;DFP;ON:RIAA3;6.539999961853027;RIAA3 6.54;3264751238.557129;0.3353384131179689;0.9034166980831023;False;0.0;DRE_con 2023;;Retail;Guararapes
08.402.943/0001-52;GUARARAPES CONFECCOES S.A.;2024;25559985.830000002;18759680.23;6191800.0;608505.6;9634207000.0;499200000.0;2560.0;499197440.0;DFP;ON:RIAA3;6.190000057220459;RIAA3 6.19;3090032182.1643066;0.26530451162197366;0.8271753924613623;False;0.0;DRE_con 2024;;Retail;Guararapes
08.402.943/0001-52;GUARARAPES CONFECCOES S.A.;2025;29012513.75;21844013.75;6550941.6;617558.4;10497046000.0;500058238.0;2560.0;500055678.0;DFP;ON:RIAA3;8.869999885559082;RIAA3 8.87;4435493806.633169;0.2763874117537448;0.6540988447918137;False;0.0;DRE_con 2025;;Retail;Guararapes
08.402.943/0001-52;GUARARAPES CONFECCOES S.A.;2026;33508805.35;26145881.1;6745365.85;617558.4;;502065599.0;2560.0;502063039.0;FRE;ON:RIAA3;7.230000019073486;RIAA3 7.23;3629915781.5460925;;0.9231290026163519;True;1.0;;;Retail;Guararapes
05.197.443/0001-38;HAPVIDA PARTICIPAÇÕES E INVESTIMENTOS S.A.;2015;0.0;0.0;0.0;0.0;;;;;;ON:HAPV3;;;;;;False;0.0;;sem DFP;Saude;Hapvida
05.197.443/0001-38;HAPVIDA PARTICIPAÇÕES E INVESTIMENTOS S.A.;2016;2274143.4;2148143.4;126000.0;0.0;3036454000.0;;;;;ON:HAPV3;;;;0.07489470942092322;;False;0.0;DRE_con 2017;sem quantidade de acoes;Saude;Hapvida
05.197.443/0001-38;HAPVIDA PARTICIPAÇÕES E INVESTIMENTOS S.A.;2017;10799220.59;10360290.59;438930.0;0.0;3847981000.0;;;;;ON:HAPV3;;;;0.28064641145577385;;False;0.0;DRE_con 2017;sem quantidade de acoes;Saude;Hapvida
05.197.443/0001-38;HAPVIDA PARTICIPAÇÕES E INVESTIMENTOS S.A.;2018;25032745.62;15506976.06;9525769.56;0.0;4575898000.0;280000000.0;0.0;280000000.0;FRE;ON:HAPV3;34.24000040690104;HAPV3 34.24;9587200113.932291;0.5470564601745931;0.26110590498285274;False;0.0;DRE_con 2018;;Saude;Hapvida
05.197.443/0001-38;HAPVIDA PARTICIPAÇÕES E INVESTIMENTOS S.A.;2019;26518072.22;19418335.11;7099737.11;0.0;5634383000.0;742985906.0;0.0;742985906.0;FRE;ON:HAPV3;63.89999898274739;HAPV3 63.90;47476798637.59565;0.4706473134680408;0.055854802726738664;False;0.0;DRE_con 2019;;Saude;Hapvida
05.197.443/0001-38;HAPVIDA PARTICIPAÇÕES E INVESTIMENTOS S.A.;2020;26385159.45;20120634.57;6264524.88;0.0;8554961000.0;3714929530.0;2280.0;3714927250.0;DFP;ON:HAPV3;15.259999593098959;HAPV3 15.26;56689788323.392235;0.30841940074303087;0.046543055160981325;False;0.0;DRE_con 2020;;Saude;Hapvida
05.197.443/0001-38;HAPVIDA PARTICIPAÇÕES E INVESTIMENTOS S.A.;2021;57943604.93;47598633.67;10344971.26;0.0;9883385000.0;3891569750.0;23180980.0;3868388770.0;DFP;ON:HAPV3;10.379999796549479;HAPV3 10.38;40153874645.57429;0.586272870377912;0.14430389455924267;False;0.0;DRE_con 2021;;Saude;Hapvida
05.197.443/0001-38;HAPVIDA PARTICIPAÇÕES E INVESTIMENTOS S.A.;2022;238793522.04;199054296.85;39162050.15;577175.04;23748803000.0;7144255743.0;46238880.0;7098016863.0;DFP;ON:HAPV3;5.079999796549479;HAPV3 5.08;36057924219.94477;1.00549708564259;0.662249775065853;False;0.0;DRE_con 2022;;Saude;Hapvida
05.197.443/0001-38;HAPVIDA PARTICIPAÇÕES E INVESTIMENTOS S.A.;2023;175797411.04000002;108462327.39;67137704.65;197379.0;27769790000.0;7539463263.0;44356272.0;7495106991.0;DFP;ON:HAPV3;4.45;HAPV3 4.45;33353226109.95;0.6330527203842738;0.5270776819623928;False;0.0;DRE_con 2023;;Saude;Hapvida
05.197.443/0001-38;HAPVIDA PARTICIPAÇÕES E INVESTIMENTOS S.A.;2024;149968934.67;89073236.65;60441848.42;453849.6;28914698000.0;7539463263.0;119673213.0;7419790050.0;DFP;ON:HAPV3;2.23000005086263;HAPV3 2.23;16546132188.890038;0.518659868659185;0.9063685274477451;False;0.0;DRE_con 2024;;Saude;Hapvida
05.197.443/0001-38;HAPVIDA PARTICIPAÇÕES E INVESTIMENTOS S.A.;2025;66053155.129999995;42511855.78;23210988.91;330310.44;31577240000.0;502630884.0;27905027.0;474725857.0;DFP;ON:HAPV3;14.729999542236328;HAPV3 14.73;6992711656.297749;0.20917963422389038;0.944600011792442;False;0.0;DRE_con 2025;;Saude;Hapvida
05.197.443/0001-38;HAPVIDA PARTICIPAÇÕES E INVESTIMENTOS S.A.;2026;108103468.27;50998728.65;57104739.62;;;502630884.0;27564704.0;475066180.0;FRE;ON:HAPV3;6.610000133514404;HAPV3 6.61;3140187513.228178;;3.4425800311162753;True;1.0;;;Saude;Hapvida
12.648.327/0001-53;HIDROVIAS DO BRASIL S.A.;2010;70000.0;70000.0;;;0.0;;;;;ON:HBSA3;;;;;;False;0.0;DRE_ind 2010;sem quantidade de acoes;Logistics;Hidrovias
12.648.327/0001-53;HIDROVIAS DO BRASIL S.A.;2011;1354000.0;1354000.0;0.0;;0.0;108000000.0;0.0;108000000.0;FRE;ON:HBSA3;;;;;;False;0.0;DRE_con 2011;sem cotacao no exercicio;Logistics;Hidrovias
12.648.327/0001-53;HIDROVIAS DO BRASIL S.A.;2012;2851000.0;2851000.0;0.0;;4175000.0;108000000.0;0.0;108000000.0;FRE;ON:HBSA3;;;;68.2874251497006;;False;0.0;DRE_con 2012;sem cotacao no exercicio;Logistics;Hidrovias
12.648.327/0001-53;HIDROVIAS DO BRASIL S.A.;2013;3570520.0;3444520.0;126000.0;;3088000.0;108000000.0;0.0;108000000.0;FRE;ON:HBSA3;;;;115.62564766839378;;False;0.0;DRE_con 2013;sem cotacao no exercicio;Logistics;Hidrovias
12.648.327/0001-53;HIDROVIAS DO BRASIL S.A.;2014;4993550.0;4885550.0;108000.0;0.0;75429000.0;108000000.0;0.0;108000000.0;FRE;ON:HBSA3;;;;6.620199127656472;;False;0.0;DRE_con 2014;sem cotacao no exercicio;Logistics;Hidrovias
12.648.327/0001-53;HIDROVIAS DO BRASIL S.A.;2015;6111475.96;6003475.96;108000.0;0.0;196223000.0;108000000.0;0.0;108000000.0;FRE;ON:HBSA3;;;;3.114556377183103;;False;0.0;DRE_con 2015;sem cotacao no exercicio;Logistics;Hidrovias
12.648.327/0001-53;HIDROVIAS DO BRASIL S.A.;2016;6230967.05;6122967.05;108000.0;;392599000.0;630834792.0;0.0;630834792.0;FRE;ON:HBSA3;;;;1.5871072137218893;;False;0.0;DRE_con 2016;sem cotacao no exercicio;Logistics;Hidrovias
12.648.327/0001-53;HIDROVIAS DO BRASIL S.A.;2017;8987514.42;8718914.42;268600.0;;790572000.0;630834792.0;0.0;630834792.0;FRE;ON:HBSA3;;;;1.1368369256690092;;False;0.0;DRE_con 2017;sem cotacao no exercicio;Logistics;Hidrovias
12.648.327/0001-53;HIDROVIAS DO BRASIL S.A.;2018;11281187.74;10993187.74;288000.0;;1258130000.0;630834792.0;0.0;630834792.0;FRE;ON:HBSA3;;;;0.8966631222528674;;False;0.0;DRE_con 2018;sem cotacao no exercicio;Logistics;Hidrovias
12.648.327/0001-53;HIDROVIAS DO BRASIL S.A.;2019;13168913.29;12880913.29;288000.0;;937945000.0;630834792.0;0.0;630834792.0;FRE;ON:HBSA3;;;;1.4040176438916994;;False;0.0;DRE_con 2019;sem cotacao no exercicio;Logistics;Hidrovias
12.648.327/0001-53;HIDROVIAS DO BRASIL S.A.;2020;30672960.42;16765573.42;13907387.0;0.0;1462103000.0;760383000.0;0.0;760383000.0;DFP (corrigido de milhares);ON:HBSA3;6.900000095367432;HBSA3 6.90;5246642772.515774;2.097865910951554;0.5846207136624296;False;0.0;DRE_con 2020;quantidade de acoes da DFP estava em milhares;Logistics;Hidrovias
12.648.327/0001-53;HIDROVIAS DO BRASIL S.A.;2021;9741798.98;5093538.48;4648260.5;0.0;1115417000.0;760383000.0;0.0;760383000.0;DFP (corrigido de milhares);ON:HBSA3;3.430000066757202;HBSA3 3.43;2608113740.7610416;0.8733773091139906;0.37351894695962784;False;0.0;DRE_con 2021;quantidade de acoes da DFP estava em milhares;Logistics;Hidrovias
12.648.327/0001-53;HIDROVIAS DO BRASIL S.A.;2022;16138146.16;13273884.34;2864261.82;0.0;1767900000.0;760383000.0;0.0;760383000.0;DFP (corrigido de milhares);ON:HBSA3;2.259999990463257;HBSA3 2.26;1718465572.7484226;0.9128427037728378;0.9391020929322142;False;0.0;DRE_con 2022;quantidade de acoes da DFP estava em milhares;Logistics;Hidrovias
12.648.327/0001-53;HIDROVIAS DO BRASIL S.A.;2023;13589934.85;11070818.88;2304015.55;215100.42;1924350000.0;760383000.0;0.0;760383000.0;DFP (corrigido de milhares);ON:HBSA3;3.940000057220459;HBSA3 3.94;2995909063.5094643;0.7062091017746251;0.4536164002948906;False;0.0;DRE_con 2023;quantidade de acoes da DFP estava em milhares;Logistics;Hidrovias
12.648.327/0001-53;HIDROVIAS DO BRASIL S.A.;2024;19992567.39;17197909.39;2475820.0;318838.0;1352406000.0;760383000.0;0.0;760383000.0;DFP (corrigido de milhares);ON:HBSA3;2.75;HBSA3 2.75;2091053250.0;1.4782962653226916;0.9561003475162576;False;0.0;DRE_con 2024;quantidade de acoes da DFP estava em milhares;Logistics;Hidrovias
12.648.327/0001-53;HIDROVIAS DO BRASIL S.A.;2025;20533913.97;17744346.88;2309067.09;480500.0;2241099000.0;1360382000.0;0.0;1360382000.0;DFP (corrigido de milhares);ON:HBSA3;3.6700000762939453;HBSA3 3.67;4992602043.78891;0.9162430561969819;0.411286815770654;False;0.0;DRE_con 2025;quantidade de acoes da DFP estava em milhares;Logistics;Hidrovias
12.648.327/0001-53;HIDROVIAS DO BRASIL S.A.;2026;33541089.36;29747489.36;3253600.0;540000.0;;1360382643.0;33366910.0;1327015733.0;FRE;ON:HBSA3;3.5;HBSA3 3.50;4644555065.5;;0.7221593648258147;True;1.0;;;Logistics;Hidrovias
16.676.520/0001-59;HOSPITAL MATER DEI S.A.;2018;14494967.5;13820631.5;674336.0;0.0;;;;;;ON:MATD3;;;;;;False;0.0;;sem DFP;Saude;Mater Dei
16.676.520/0001-59;HOSPITAL MATER DEI S.A.;2019;16342214.4;15647366.4;694848.0;0.0;732639000.0;;;;;ON:MATD3;;;;2.230595750430976;;False;0.0;DRE_ind 2020;sem quantidade de acoes;Saude;Mater Dei
16.676.520/0001-59;HOSPITAL MATER DEI S.A.;2020;16033530.92;13476728.74;2556802.18;0.0;717861000.0;114620829.0;0.0;114620829.0;DFP;ON:MATD3;;;;2.233514694348906;;False;0.0;DRE_ind 2020;sem cotacao no exercicio;Saude;Mater Dei
16.676.520/0001-59;HOSPITAL MATER DEI S.A.;2021;19707110.7;17075919.72;2631190.98;0.0;1024313000.0;382329821.0;0.0;382329821.0;DFP;ON:MATD3;13.640000343322754;MATD3 13.64;5214978889.702527;1.9239344516763919;0.3778943523417433;False;0.0;DRE_con 2021;;Saude;Mater Dei
16.676.520/0001-59;HOSPITAL MATER DEI S.A.;2022;30851268.82;25970237.1;4881031.72;0.0;1763132000.0;382329821.0;286400.0;382043421.0;DFP;ON:MATD3;7.210000038146973;MATD3 7.21;2754533079.9838;1.7497991540054858;1.1200180910581565;False;0.0;DRE_con 2022;;Saude;Mater Dei
16.676.520/0001-59;HOSPITAL MATER DEI S.A.;2023;32974128.689999998;26054090.5;6555454.88;364583.31;2187665000.0;382329821.0;286400.0;382043421.0;DFP;ON:MATD3;8.350000381469727;MATD3 8.35;3190062711.0879993;1.5072750485106265;1.03365142557821;False;0.0;DRE_con 2023;;Saude;Mater Dei
16.676.520/0001-59;HOSPITAL MATER DEI S.A.;2024;36588731.25;15561657.72;20448674.25;578399.28;2226001000.0;345157525.0;3686100.0;341471425.0;DFP;ON:MATD3;3.640000104904175;MATD3 3.64;1242956022.821778;1.6436978801896316;2.9436867096018164;False;0.0;DRE_con 2024;;Saude;Mater Dei
16.676.520/0001-59;HOSPITAL MATER DEI S.A.;2025;31852308.7;14153104.06;17106635.88;592568.76;2175285000.0;333548825.0;1422400.0;332126425.0;DFP;ON:MATD3;5.260000228881836;MATD3 5.26;1746985071.517706;1.4642820917718828;1.8232730902690586;False;0.0;DRE_con 2025;;Saude;Mater Dei
16.676.520/0001-59;HOSPITAL MATER DEI S.A.;2026;38456077.37;19459029.45;18345129.26;651918.66;;333548825.0;2616000.0;330932825.0;FRE;ON:MATD3;4.880000114440918;MATD3 4.88;1614952223.8722563;;2.3812517052542783;True;1.0;;;Saude;Mater Dei
60.543.816/0001-93;IGUATEMI S.A.;2009;1604651.0;1250251.0;292000.0;62400.0;7194176000.0;;;;;ON:IGTI3/PN:IGTI4/UNIT:IGTI11;;;;0.02230486159916021;;False;0.0;DRE_con 2010;sem quantidade de acoes;Malls;Iguatemi
60.543.816/0001-93;IGUATEMI S.A.;2010;2101175.0;1666775.0;372000.0;62400.0;7169637000.0;963938751.0;6148.0;963932603.0;FRE;ON:IGTI3/PN:IGTI4/UNIT:IGTI11;1.8600000143051145;IGTI3 1.86;1792914655.3691664;0.029306574377475456;0.1171932525459424;False;0.0;DRE_con 2010;empresa tem ON e PN, mas so um preco disponivel: market cap aproximado;Malls;Iguatemi
60.543.816/0001-93;IGUATEMI S.A.;2011;3633931.36;2832887.36;733444.0;67600.0;5123363000.0;963938751.0;6148376.0;957790375.0;FRE;ON:IGTI3/PN:IGTI4/UNIT:IGTI11;1.5099999904632568;IGTI3 1.51;1446263457.1157992;0.07092863339958538;0.25126344319360333;False;0.0;DRE_con 2011;empresa tem ON e PN, mas so um preco disponivel: market cap aproximado;Malls;Iguatemi
60.543.816/0001-93;IGUATEMI S.A.;2012;3943176.82;2845471.53;900745.29;196960.0;5142754000.0;963938751.0;6148376.0;957790375.0;FRE;ON:IGTI3/PN:IGTI4/UNIT:IGTI11;1.7000000476837158;IGTI3 1.70;1628243683.171004;0.07667442035920831;0.24217362921504873;False;0.0;DRE_con 2012;empresa tem ON e PN, mas so um preco disponivel: market cap aproximado;Malls;Iguatemi
60.543.816/0001-93;IGUATEMI S.A.;2013;4674581.6899999995;3648281.69;792000.0;234300.0;419288000.0;963938751.0;6148376.0;957790375.0;FRE;ON:IGTI3/PN:IGTI4/UNIT:IGTI11;1.9800000190734863;IGTI3 1.98;1896424960.7684016;1.1148856370800022;0.2464944190623779;False;0.0;DRE_con 2013;empresa tem ON e PN, mas so um preco disponivel: market cap aproximado;Malls;Iguatemi
60.543.816/0001-93;IGUATEMI S.A.;2014;4657801.529999999;3564757.93;840000.0;253043.6;577568000.0;963938751.0;6290376.0;957648375.0;FRE;ON:IGTI3/PN:IGTI4/UNIT:IGTI11;1.7100000381469727;IGTI3 1.71;1637578757.7813864;0.8064507607762201;0.2844322148090423;False;0.0;DRE_con 2014;empresa tem ON e PN, mas so um preco disponivel: market cap aproximado;Malls;Iguatemi
60.543.816/0001-93;IGUATEMI S.A.;2015;4189769.0;3059160.0;884000.0;246609.0;636659000.0;96393875.0;629038.0;95764837.0;FRE;ON:IGTI3/PN:IGTI4/UNIT:IGTI11;1.0;IGTI3 1.00;95764837.0;0.6580868251293078;4.375059918913661;False;0.0;DRE_con 2015;empresa tem ON e PN, mas so um preco disponivel: market cap aproximado;Malls;Iguatemi
60.543.816/0001-93;IGUATEMI S.A.;2016;4967530.0;4019530.0;672000.0;276000.0;668710000.0;93371337.0;4412581.0;88958756.0;FRE;ON:IGTI3/PN:IGTI4/UNIT:IGTI11;5.099999904632568;IGTI3 5.10;453689647.1162319;0.742852656607498;1.094918085871013;False;0.0;DRE_con 2016;empresa tem ON e PN, mas so um preco disponivel: market cap aproximado;Malls;Iguatemi
60.543.816/0001-93;IGUATEMI S.A.;2017;5314028.0;4414028.0;600000.0;300000.0;693235000.0;87889174.0;4412581.0;83476593.0;FRE;ON:IGTI3/PN:IGTI4/UNIT:IGTI11;25.0;IGTI3 25.00;2086914825.0;0.7665550642999849;0.25463559587296525;False;0.0;DRE_con 2017;;Malls;Iguatemi
60.543.816/0001-93;IGUATEMI S.A.;2018;6306296.46;5380000.0;720000.0;206296.46;722606000.0;87889174.0;4412581.0;83476593.0;FRE;ON:IGTI3/PN:IGTI4/UNIT:IGTI11;26.400001049041748;IGTI3 26.40;2203782142.770431;0.8727157621165614;0.2861578890947992;False;0.0;DRE_con 2018;;Malls;Iguatemi
60.543.816/0001-93;IGUATEMI S.A.;2019;8166754.63;7311554.63;643200.0;212000.0;755353000.0;87889174.0;4412581.0;83476593.0;FRE;ON:IGTI3/PN:IGTI4/UNIT:IGTI11;37.799999713897705;IGTI3 37.80;3155415191.517155;1.0811838478168485;0.2588171170613317;False;0.0;DRE_con 2019;;Malls;Iguatemi
60.543.816/0001-93;IGUATEMI S.A.;2020;6711551.0;5881585.89;604800.0;225165.11;676664000.0;87889000.0;0.0;87889000.0;DFP (corrigido de milhares);ON:IGTI3/PN:IGTI4/UNIT:IGTI11;26.28999948501587;IGTI3 26.29;2310601764.7385597;0.9918587363891089;0.29046766528196605;False;0.0;DRE_con 2020;quantidade de acoes da DFP estava em milhares;Malls;Iguatemi
60.543.816/0001-93;IGUATEMI S.A.;2021;7691183.45;6849460.15;604800.0;236923.3;858064000.0;1126045830.0;16700.0;1126029130.0;DFP;ON:IGTI3/PN:IGTI4/UNIT:IGTI11;;;;0.8963414675362211;;False;0.0;DRE_con 2021;"capital em units; market cap nao calculado";Malls;Iguatemi
60.543.816/0001-93;IGUATEMI S.A.;2022;10995787.0;6948065.0;3725700.0;322022.0;1016341000.0;1233106910.0;327845.0;1232779065.0;DFP;ON:IGTI3/PN:IGTI4/UNIT:IGTI11;;;;1.0818993821955427;;False;0.0;DRE_con 2022;"capital em units; market cap nao calculado";Malls;Iguatemi
60.543.816/0001-93;IGUATEMI S.A.;2023;19075620.0;7168310.0;11523310.0;384000.0;1157163000.0;1233106910.0;6008477.0;1227098433.0;DFP;ON:IGTI3/PN:IGTI4/UNIT:IGTI11;5.707645208033587;IGTI3 3.00 / IGTI4 10.70;7003842490.897974;1.6484816745782573;0.27235935166717723;False;0.0;DRE_con 2023;;Malls;Iguatemi
60.543.816/0001-93;IGUATEMI S.A.;2024;21219600.0;9592434.0;11243166.0;384000.0;1236345000.0;1217931130.0;11569945.0;1206361185.0;DFP;ON:IGTI3/PN:IGTI4/UNIT:IGTI11;4.147096877182093;IGTI3 2.09 / IGTI4 7.79;5002896703.067189;1.7163170474260825;0.4241462748369486;False;0.0;DRE_con 2024;;Malls;Iguatemi
60.543.816/0001-93;IGUATEMI S.A.;2025;25257471.0;10026749.0;14846722.0;384000.0;1486833000.0;1206361185.0;84159.0;1206277026.0;DFP;ON:IGTI3/PN:IGTI4/UNIT:IGTI11;6.056897014609516;IGTI3 3.04 / IGTI4 11.40;7306295717.571445;1.6987429657533832;0.34569461703084997;False;0.0;DRE_con 2025;;Malls;Iguatemi
60.543.816/0001-93;IGUATEMI S.A.;2026;28636508.0;11957725.0;15965465.0;713318.0;;1206361185.0;4412581.0;1201948604.0;FRE;ON:IGTI3/PN:IGTI4/UNIT:IGTI11;5.899110774928618;IGTI3 3.16 / IGTI4 10.69;7090427960.76681;;0.40387559338383067;True;1.0;;;Malls;Iguatemi
82.901.000/0001-27;INTELBRAS S.A. IND. DE TELECOMUNICAÇÃO ELETRÔNICA BRASILEIRA;2017;9380075.0;4619911.0;4760164.0;0.0;;;;;;ON:INTB3;;;;;;False;0.0;;sem DFP;TMT;Intelbras
82.901.000/0001-27;INTELBRAS S.A. IND. DE TELECOMUNICAÇÃO ELETRÔNICA BRASILEIRA;2018;10028537.0;5061516.0;4967021.0;0.0;1440192000.0;;;;;ON:INTB3;;;;0.6963333361107408;;False;0.0;DRE_con 2019;sem quantidade de acoes;TMT;Intelbras
82.901.000/0001-27;INTELBRAS S.A. IND. DE TELECOMUNICAÇÃO ELETRÔNICA BRASILEIRA;2019;11226759.0;5952295.0;5274464.0;0.0;1697956000.0;;;;;ON:INTB3;;;;0.6611925750726168;;False;0.0;DRE_con 2019;sem quantidade de acoes;TMT;Intelbras
82.901.000/0001-27;INTELBRAS S.A. IND. DE TELECOMUNICAÇÃO ELETRÔNICA BRASILEIRA;2020;9846726.0;4834567.0;5012159.0;0.0;2134376000.0;28161111.0;0.0;28161111.0;DFP;ON:INTB3;;;;0.461339801422055;;False;0.0;DRE_con 2020;"sem cotacao no exercicio; acoes DFP e FRE divergem (28,161,111 x 327,611,110)";TMT;Intelbras
82.901.000/0001-27;INTELBRAS S.A. IND. DE TELECOMUNICAÇÃO ELETRÔNICA BRASILEIRA;2021;20387869.0;11373120.0;9014749.0;0.0;3087172000.0;327611110.0;0.0;327611110.0;DFP;ON:INTB3;28.06999969482422;INTB3 28.07;9196043757.721024;0.6604059961673662;0.2217026096997667;False;0.0;DRE_con 2021;;TMT;Intelbras
82.901.000/0001-27;INTELBRAS S.A. IND. DE TELECOMUNICAÇÃO ELETRÔNICA BRASILEIRA;2022;19432392.34;10004298.9;9428093.44;0.0;4232623000.0;327611110.0;0.0;327611110.0;FRE;ON:INTB3;30.450000762939453;INTB3 30.45;9975758549.447441;0.4591099263978861;0.1947961374934878;False;0.0;DRE_con 2022;;TMT;Intelbras
82.901.000/0001-27;INTELBRAS S.A. IND. DE TELECOMUNICAÇÃO ELETRÔNICA BRASILEIRA;2023;22485804.78;12189337.2;10296467.58;0.0;4103676000.0;327611110.0;0.0;327611110.0;DFP;ON:INTB3;22.0;INTB3 22.00;7207444420.0;0.5479429852649186;0.3119802730299792;False;0.0;DRE_con 2023;;TMT;Intelbras
82.901.000/0001-27;INTELBRAS S.A. IND. DE TELECOMUNICAÇÃO ELETRÔNICA BRASILEIRA;2024;25542720.61;15542252.68;10000467.93;0.0;4756146000.0;327611110.0;46730.0;327564380.0;DFP;ON:INTB3;12.779999732971191;INTB3 12.78;4186272688.930874;0.5370466047509895;0.6101542471788506;False;0.0;DRE_con 2024;;TMT;Intelbras
82.901.000/0001-27;INTELBRAS S.A. IND. DE TELECOMUNICAÇÃO ELETRÔNICA BRASILEIRA;2025;18672419.28;10339686.36;8332732.92;0.0;4460379000.0;327611110.0;329500.0;327281610.0;DFP;ON:INTB3;11.609999656677246;INTB3 11.61;3799739379.7367764;0.4186285353778233;0.4914131579543625;False;0.0;DRE_con 2025;;TMT;Intelbras
82.901.000/0001-27;INTELBRAS S.A. IND. DE TELECOMUNICAÇÃO ELETRÔNICA BRASILEIRA;2026;19771207.0;11077589.0;8693618.0;0.0;;327611110.0;400000.0;327211110.0;FRE;ON:INTB3;14.960000038146973;INTB3 14.96;4895078218.082113;;0.40389971557484816;True;1.0;;;TMT;Intelbras
60.872.504/0001-23;ITAU UNIBANCO HOLDING S.A.;2009;142379905.0;133526136.0;8134694.0;719075.0;0.0;;;;;ON:ITUB3/PN:ITUB4;;;;;;False;0.0;DRE_con 2010;sem quantidade de acoes;Financials;Itau
60.872.504/0001-23;ITAU UNIBANCO HOLDING S.A.;2010;139601585.0;127720062.0;11174698.0;706825.0;82620000000.0;4570936219.0;26706139.0;4544230080.0;FRE;ON:ITUB3/PN:ITUB4;32.47925658866975;ITUB3 29.00 / ITUB4 35.59;147593214766.27127;0.1689682703945776;0.09458536777661031;False;0.0;DRE_con 2010;;Financials;Itau
60.872.504/0001-23;ITAU UNIBANCO HOLDING S.A.;2011;116540929.0;111237787.0;4614692.0;688450.0;103601000000.0;4570936219.0;57296071.0;4513640148.0;FRE;ON:ITUB3/PN:ITUB4;33.217507270997075;ITUB3 30.49 / ITUB4 35.12;149931874434.8543;0.11249015839615448;0.07772925499616645;False;0.0;DRE_con 2011;;Financials;Itau
60.872.504/0001-23;ITAU UNIBANCO HOLDING S.A.;2012;173539199.0;150100851.0;22688648.0;749700.0;101582000000.0;5028029710.0;52556339.0;4975473371.0;FRE;ON:ITUB3/PN:ITUB4;34.267483137383586;ITUB3 33.49 / ITUB4 34.33;170496949841.24356;0.1708365645488374;0.10178434227802269;False;0.0;DRE_con 2012;;Financials;Itau
60.872.504/0001-23;ITAU UNIBANCO HOLDING S.A.;2013;182674479.0;156894920.0;24926959.0;852600.0;94797000000.0;5530832681.0;68869320.0;5461963361.0;FRE;ON:ITUB3/PN:ITUB4;29.272237884251947;ITUB3 27.56 / ITUB4 30.26;159883890818.26028;0.19270069622456407;0.11425446182545415;False;0.0;DRE_con 2013;;Financials;Itau
60.872.504/0001-23;ITAU UNIBANCO HOLDING S.A.;2014;256560121.0;227704447.0;27929574.0;926100.0;129035000000.0;6083915949.0;63333144.0;6020582805.0;FRE;ON:ITUB3/PN:ITUB4;31.83405811001809;ITUB3 30.11 / ITUB4 32.90;191659582870.54572;0.1988298686402914;0.13386240184676318;False;0.0;DRE_con 2014;;Financials;Itau
60.872.504/0001-23;ITAU UNIBANCO HOLDING S.A.;2015;324946823.0;288329653.0;35691070.0;926100.0;129574000000.0;5983915949.0;55025374.0;5928890575.0;FRE;ON:ITUB3/PN:ITUB4;23.9840990875568;ITUB3 22.62 / ITUB4 24.95;142199099030.0816;0.2507808842823406;0.22851538808361851;False;0.0;DRE_con 2015;;Financials;Itau
60.872.504/0001-23;ITAU UNIBANCO HOLDING S.A.;2016;314489000.0;284584000.0;29214000.0;691000.0;174319000000.0;6582307543.0;50904424.0;6531403119.0;FRE;ON:ITUB3/PN:ITUB4;34.918185963606646;ITUB3 32.15 / ITUB4 37.24;228064748712.5225;0.18041005283417183;0.13789461184832907;False;0.0;DRE_con 2016;;Financials;Itau
60.872.504/0001-23;ITAU UNIBANCO HOLDING S.A.;2017;342631943.0;292667072.0;49095871.0;869000.0;147615000000.0;6536090232.0;48328179.0;6487762053.0;FRE;ON:ITUB3/PN:ITUB4;48.61403590160616;ITUB3 44.34 / ITUB4 52.26;315396297365.62006;0.23211187413203266;0.10863537266032242;False;0.0;DRE_con 2017;;Financials;Itau
60.872.504/0001-23;ITAU UNIBANCO HOLDING S.A.;2018;337018302.0;277387160.0;58704142.0;927000.0;131317000000.0;9804135348.0;61301245.0;9742834103.0;FRE;ON:ITUB3/PN:ITUB4;36.016303341866596;ITUB3 32.87 / ITUB4 38.78;350900868463.13074;0.25664483806361704;0.09604373550742883;False;0.0;DRE_con 2018;;Financials;Itau
60.872.504/0001-23;ITAU UNIBANCO HOLDING S.A.;2019;417986399.0;355532690.0;61526709.0;927000.0;193037000000.0;9804135348.0;41876292.0;9762259056.0;FRE;ON:ITUB3/PN:ITUB4;34.68406955205997;ITUB3 32.03 / ITUB4 37.10;338594872083.53125;0.21653175246196324;0.12344735064294857;False;0.0;DRE_con 2019;;Financials;Itau
60.872.504/0001-23;ITAU UNIBANCO HOLDING S.A.;2020;283514275.0;231034969.0;51554676.0;924630.0;173757000000.0;9804135000.0;41678000.0;9762457000.0;DFP (corrigido de milhares);ON:ITUB3/PN:ITUB4;29.750792816140255;ITUB3 27.93 / ITUB4 31.63;290440835583.47815;0.16316710981428087;0.09761515608865293;False;0.0;DRE_con 2020;quantidade de acoes da DFP estava em milhares;Financials;Itau
60.872.504/0001-23;ITAU UNIBANCO HOLDING S.A.;2021;478173444.0;419267519.0;58149925.0;756000.0;195679000000.0;9804135000.0;24245000.0;9779890000.0;DFP (corrigido de milhares);ON:ITUB3/PN:ITUB4;20.00700160326863;ITUB3 19.09 / ITUB4 20.95;195666274909.79083;0.24436625493793407;0.2443821472149225;False;0.0;DRE_con 2021;quantidade de acoes da DFP estava em milhares;Financials;Itau
60.872.504/0001-23;ITAU UNIBANCO HOLDING S.A.;2022;508916346.0;445535892.0;62412454.0;968000.0;283372000000.0;9804135000.0;3269000.0;9800866000.0;DFP (corrigido de milhares);ON:ITUB3/PN:ITUB4;23.4266411418494;ITUB3 21.89 / ITUB4 25.00;229601370661.35297;0.17959302471662691;0.22165213758702618;False;0.0;DRE_con 2022;quantidade de acoes da DFP estava em milhares;Financials;Itau
60.872.504/0001-23;ITAU UNIBANCO HOLDING S.A.;2023;624532340.0;553929458.0;69486149.0;1116733.0;313221000000.0;9804135000.0;436000.0;9803699000.0;DFP (corrigido de milhares);ON:ITUB3/PN:ITUB4;31.37546533250209;ITUB3 28.84 / ITUB4 33.97;307595618104.7854;0.19939031546416108;0.20303681302353502;False;0.0;DRE_con 2023;quantidade de acoes da DFP estava em milhares;Financials;Itau
60.872.504/0001-23;ITAU UNIBANCO HOLDING S.A.;2024;698911891.0;650205552.0;47590339.0;1116000.0;335328000000.0;9776104000.0;28031000.0;9748073000.0;DFP (corrigido de milhares);ON:ITUB3/PN:ITUB4;28.781896639606632;ITUB3 26.90 / ITUB4 30.73;280568029521.34015;0.20842634405716196;0.2491060339955235;False;0.0;DRE_con 2024;quantidade de acoes da DFP estava em milhares;Financials;Itau
60.872.504/0001-23;ITAU UNIBANCO HOLDING S.A.;2025;864234182.0;812935024.0;50183158.0;1116000.0;387118000000.0;11026869000.0;345000.0;11026524000.0;DFP (corrigido de milhares);ON:ITUB3/PN:ITUB4;38.895591067595085;ITUB3 37.44 / ITUB4 40.41;428883168401.0228;0.22324825557065286;0.2015080669222968;False;0.0;DRE_con 2025;quantidade de acoes da DFP estava em milhares;Financials;Itau
60.872.504/0001-23;ITAU UNIBANCO HOLDING S.A.;2026;939200000.0;881000000.0;57000000.0;1200000.0;;11026869192.0;5075807.0;11021793385.0;FRE;ON:ITUB3/PN:ITUB4;41.75270660669082;ITUB3 43.47 / ITUB4 39.93;460189705483.4707;;0.20408974577414457;True;1.0;;;Financials;Itau
89.637.490/0001-45;KLABIN S.A.;2009;21148850.160000004;5859671.48;13531128.15;1758050.53;2960179000.0;;;;;ON:KLBN3/PN:KLBN4/UNIT:KLBN11;;;;0.7144449764693286;;False;0.0;DRE_con 2010;sem quantidade de acoes;Pulp;Klabin
89.637.490/0001-45;KLABIN S.A.;2010;30986909.72;15577024.44;13533050.22;1876835.06;3663317000.0;917683296.0;16907900.0;900775396.0;FRE;ON:KLBN3/PN:KLBN4/UNIT:KLBN11;5.899167551434015;KLBN3 6.00 / KLBN4 5.68;5313824987.2133255;0.845870278766484;0.5831375665281394;False;0.0;DRE_con 2010;;Pulp;Klabin
89.637.490/0001-45;KLABIN S.A.;2011;27133747.94;11454386.88;13665222.68;2014138.38;3889151000.0;;;;;ON:KLBN3/PN:KLBN4/UNIT:KLBN11;;;;0.697677923536525;;False;0.0;DRE_con 2011;sem quantidade de acoes;Pulp;Klabin
89.637.490/0001-45;KLABIN S.A.;2012;36639612.58;20827072.34;13740856.2;2071684.04;4163670000.0;917683296.0;30050000.0;887633296.0;FRE;ON:KLBN3/PN:KLBN4/UNIT:KLBN11;13.847973046077694;KLBN3 12.91 / KLBN4 13.65;12291921957.809103;0.879983586115134;0.29807879276944743;False;0.0;DRE_con 2012;;Pulp;Klabin
89.637.490/0001-45;KLABIN S.A.;2013;36063976.809999995;21161919.4;12935567.43;1966489.98;4599337000.0;4729789535.0;148477750.0;4581311785.0;FRE;ON:KLBN3/PN:KLBN4/UNIT:KLBN11;12.798776104946409;KLBN3 12.50 / KLBN4 12.34;58635183803.16738;0.7841125103465999;0.0615056941427237;False;0.0;DRE_con 2013;;Pulp;Klabin
89.637.490/0001-45;KLABIN S.A.;2014;42264541.97;25601825.29;14835197.03;1827519.65;4893882000.0;4729789565.0;150417500.0;4579372065.0;FRE;ON:KLBN3/PN:KLBN4/UNIT:KLBN11;2.659964853856867;KLBN3 2.35 / KLBN4 2.71;12180968745.633944;0.8636199640694239;0.34697192688511735;False;0.0;DRE_con 2014;;Pulp;Klabin
89.637.490/0001-45;KLABIN S.A.;2015;46094385.55;29027218.08;14990128.96;2077038.51;5687589000.0;4733181140.0;151616500.0;4581564640.0;FRE;ON:KLBN3/PN:KLBN4/UNIT:KLBN11;3.264948999794963;KLBN3 2.35 / KLBN4 3.68;14958574888.863968;0.8104380529254136;0.30814690498568376;False;0.0;DRE_con 2015;;Pulp;Klabin
89.637.490/0001-45;KLABIN S.A.;2016;44819139.79;27773281.64;14959814.17;2086043.98;7090798000.0;4733181140.0;153648460.0;4579532680.0;FRE;ON:KLBN3/PN:KLBN4/UNIT:KLBN11;3.786367321860893;KLBN3 5.01 / KLBN4 2.80;17339792888.946037;0.6320746944138023;0.25847563507273374;False;0.0;DRE_con 2016;;Pulp;Klabin
89.637.490/0001-45;KLABIN S.A.;2017;58068025.55;38378422.21;17599621.51;2089981.83;8373378000.0;5409801840.0;153683440.0;5256118400.0;FRE;ON:KLBN3/PN:KLBN4/UNIT:KLBN11;3.9587720341786734;KLBN3 4.91 / KLBN4 3.23;20807774530.251953;0.6934838669650408;0.2790688906474655;False;0.0;DRE_con 2017;;Pulp;Klabin
89.637.490/0001-45;KLABIN S.A.;2018;37151812.28;21859748.81;13534438.66;1757624.81;10016461000.0;5409801840.0;139585670.0;5270216170.0;FRE;ON:KLBN3/PN:KLBN4/UNIT:KLBN11;4.306648452630249;KLBN3 6.00 / KLBN4 3.15;22696968313.55742;0.37090757184598433;0.16368623230534438;False;0.0;DRE_con 2018;;Pulp;Klabin
89.637.490/0001-45;KLABIN S.A.;2019;35288656.51;19562010.9;13965800.31;1760845.3;10271839000.0;5409801840.0;139585670.0;5270216170.0;FRE;ON:KLBN3/PN:KLBN4/UNIT:KLBN11;3.9113870981153167;KLBN3 4.26 / KLBN4 3.55;20613855531.61672;0.3435476014567596;0.17118901631902703;False;0.0;DRE_con 2019;;Pulp;Klabin
89.637.490/0001-45;KLABIN S.A.;2020;45173790.79000001;29728746.45;13709975.25;1735069.09;11948794000.0;5617892756.0;132644590.0;5485248166.0;DFP;ON:KLBN3/PN:KLBN4/UNIT:KLBN11;5.277441092189712;KLBN3 5.39 / KLBN4 5.21;28948074072.10666;0.3780615080484274;0.15605110957460164;False;0.0;DRE_con 2020;;Pulp;Klabin
89.637.490/0001-45;KLABIN S.A.;2021;50319509.11000001;34724165.09;13810950.23;1784393.79;16481388000.0;5617892756.0;125701990.0;5492190766.0;DFP;ON:KLBN3/PN:KLBN4/UNIT:KLBN11;5.235907467759568;KLBN3 5.63 / KLBN4 5.00;28756602646.059544;0.30531111281404216;0.17498419312371444;False;0.0;DRE_con 2021;;Pulp;Klabin
89.637.490/0001-45;KLABIN S.A.;2022;48092794.550000004;32369549.37;13939191.62;1784053.56;20032699000.0;5617892756.0;115862760.0;5502029996.0;DFP;ON:KLBN3/PN:KLBN4/UNIT:KLBN11;4.0237405635042345;KLBN3 4.03 / KLBN4 4.02;22138741276.52224;0.24007146790355108;0.21723364462911718;False;0.0;DRE_con 2022;;Pulp;Klabin
89.637.490/0001-45;KLABIN S.A.;2023;58188708.43;42443946.14;13987301.13;1757461.16;18023749000.0;5617892756.0;101312385.0;5516580371.0;DFP;ON:KLBN3/PN:KLBN4/UNIT:KLBN11;4.413735887480093;KLBN3 4.42 / KLBN4 4.41;24348728759.650944;0.3228446447517661;0.23898047821874943;False;0.0;DRE_con 2023;;Pulp;Klabin
89.637.490/0001-45;KLABIN S.A.;2024;80877541.66;64750833.22;14327751.19;1798957.25;19645264000.0;6179682031.0;100400464.0;6079281567.0;DFP;ON:KLBN3/PN:KLBN4/UNIT:KLBN11;4.731880471299027;KLBN3 4.97 / KLBN4 4.59;28766433726.415443;0.411689767365814;0.2811524794112116;False;0.0;DRE_con 2024;;Pulp;Klabin
89.637.490/0001-45;KLABIN S.A.;2025;75162577.89;59192268.92;14178387.77;1791921.2;20697507000.0;6241478850.0;106051185.0;6135427665.0;DFP;ON:KLBN3/PN:KLBN4/UNIT:KLBN11;3.8164618042946215;KLBN3 3.85 / KLBN4 3.80;23415625336.485035;0.36314797666211684;0.3209932547600405;False;0.0;DRE_con 2025;;Pulp;Klabin
89.637.490/0001-45;KLABIN S.A.;2026;94568802.98;78438391.12;14327384.55;1803027.31;;6241478850.0;100714517.0;6140764333.0;FRE;ON:KLBN3/PN:KLBN4/UNIT:KLBN11;3.8909576893673092;KLBN3 3.91 / KLBN4 3.78;23893454200.078865;;0.3957937692394759;True;1.0;;;Pulp;Klabin
16.670.085/0001-55;LOCALIZA RENT A CAR S.A.;2009;9694763.98;8643563.98;1051200.0;;1820913000.0;;;;;ON:RENT3/PN:RENT4;;;;0.5324122558299051;;False;0.0;DRE_con 2010;sem quantidade de acoes;Locadoras;Localiza
16.670.085/0001-55;LOCALIZA RENT A CAR S.A.;2010;19414403.99;17125336.79;2289067.2;;2497194000.0;201708000.0;4226300.0;197481700.0;FRE;ON:RENT3/PN:RENT4;24.932582374513153;RENT3 24.93;4923728752.708894;0.7774487680973123;0.39430287420522003;False;0.0;DRE_con 2010;;Locadoras;Localiza
16.670.085/0001-55;LOCALIZA RENT A CAR S.A.;2011;24917563.53;22089535.53;2828028.0;;2918130000.0;201708000.0;4183180.0;197524820.0;FRE;ON:RENT3/PN:RENT4;28.55551875007153;RENT3 28.56;5640423701.114504;0.8538880560495934;0.4417675843230799;False;0.0;DRE_con 2011;;Locadoras;Localiza
16.670.085/0001-55;LOCALIZA RENT A CAR S.A.;2012;25783016.21;22759016.21;3024000.0;;3166800000.0;201708000.0;3962559.0;197745441.0;FRE;ON:RENT3/PN:RENT4;36.42844426417351;RENT3 36.43;7203558775.962911;0.8141662312113174;0.3579205363886761;False;0.0;DRE_con 2012;;Locadoras;Localiza
16.670.085/0001-55;LOCALIZA RENT A CAR S.A.;2013;32814844.95;23583378.18;9231466.77;;3506235000.0;211793400.0;3502008.0;208291392.0;FRE;ON:RENT3/PN:RENT4;30.357037675380713;RENT3 30.36;6323109634.401493;0.9358997599989732;0.5189668825520223;False;0.0;DRE_con 2013;;Locadoras;Localiza
16.670.085/0001-55;LOCALIZA RENT A CAR S.A.;2014;39774430.65;26755566.15;13018864.5;;3892216000.0;211793400.0;3133110.0;208660290.0;FRE;ON:RENT3/PN:RENT4;34.855851624012;RENT3 34.86;7273032108.063314;1.0218967973514317;0.5468754992282202;False;0.0;DRE_con 2014;;Locadoras;Localiza
16.670.085/0001-55;LOCALIZA RENT A CAR S.A.;2015;42474001.78;28645410.98;13828590.8;;3928095000.0;211793400.0;2846973.0;208946427.0;FRE;ON:RENT3/PN:RENT4;21.827208101749424;RENT3 21.83;4560717144.245995;1.081287539634352;0.9313009431770419;False;0.0;DRE_con 2015;;Locadoras;Localiza
16.670.085/0001-55;LOCALIZA RENT A CAR S.A.;2016;39541813.29;25171132.23;14370681.06;;4439273000.0;222383070.0;2889701.0;219493369.0;FRE;ON:RENT3/PN:RENT4;36.677273569107065;RENT3 36.68;8050418341.417964;0.8907272269581078;0.4911771241323502;False;0.0;DRE_con 2016;;Locadoras;Localiza
16.670.085/0001-55;LOCALIZA RENT A CAR S.A.;2017;42714726.76;28909950.65;13804776.11;;6058279000.0;667149210.0;6635815.0;660513395.0;FRE;ON:RENT3/PN:RENT4;25.65916271209717;RENT3 25.66;16948220675.824709;0.70506371132792;0.25203074456617836;False;0.0;DRE_con 2017;;Locadoras;Localiza
16.670.085/0001-55;LOCALIZA RENT A CAR S.A.;2018;45428481.76;29002967.57;16137514.19;288000.0;7895804000.0;722349210.0;4949560.0;717399650.0;FRE;ON:RENT3/PN:RENT4;33.1439154624939;RENT3 33.14;23777433352.422714;0.5753496636947928;0.19105713003868532;False;0.0;DRE_con 2018;;Locadoras;Localiza
16.670.085/0001-55;LOCALIZA RENT A CAR S.A.;2019;54470336.51;43276518.01;11056905.25;136913.25;10195637000.0;758466670.0;7802901.0;750663769.0;FRE;ON:RENT3/PN:RENT4;49.54716739654541;RENT3 49.55;37193263421.164696;0.5342514303912547;0.14645215692206198;False;0.0;DRE_con 2019;;Locadoras;Localiza
16.670.085/0001-55;LOCALIZA RENT A CAR S.A.;2020;64230277.18;52130902.18;12099375.0;0.0;10307615000.0;758467000.0;6796000.0;751671000.0;DFP (corrigido de milhares);ON:RENT3/PN:RENT4;68.62681579589844;RENT3 68.63;51584787256.118774;0.6231342282380551;0.12451399064824344;False;0.0;DRE_con 2020;quantidade de acoes da DFP estava em milhares;Locadoras;Localiza
16.670.085/0001-55;LOCALIZA RENT A CAR S.A.;2021;77070333.0;61238346.0;15509595.0;322392.0;10901336000.0;758467000.0;6275000.0;752192000.0;DFP (corrigido de milhares);ON:RENT3/PN:RENT4;52.7515754699707;RENT3 52.75;39679313055.9082;0.7069806214577736;0.19423303244037465;False;0.0;DRE_con 2021;quantidade de acoes da DFP estava em milhares;Locadoras;Localiza
16.670.085/0001-55;LOCALIZA RENT A CAR S.A.;2022;87055998.0;65820207.0;20632494.0;603297.0;17783568000.0;984159000.0;5597000.0;978562000.0;DFP (corrigido de milhares);ON:RENT3/PN:RENT4;53.02507781982422;RENT3 53.03;51888326201.52283;0.4895305486503046;0.16777569132196263;False;0.0;DRE_con 2022;quantidade de acoes da DFP estava em milhares;Locadoras;Localiza
16.670.085/0001-55;LOCALIZA RENT A CAR S.A.;2023;99140194.0;74187460.0;24335068.0;617666.0;28902284000.0;1068095319.0;10530456.0;1057564863.0;DFP;ON:RENT3/PN:RENT4;63.599998474121094;RENT3 63.60;67261123673.08408;0.3430185448319586;0.1473959823833169;False;0.0;DRE_con 2023;;Locadoras;Localiza
16.670.085/0001-55;LOCALIZA RENT A CAR S.A.;2024;126374120.0;102628904.0;23127550.0;617666.0;37271558000.0;1082620720.0;28869532.0;1053751188.0;DFP;ON:RENT3/PN:RENT4;32.20000076293945;RENT3 32.20;33930789057.548355;0.3390631537323983;0.37244674677521655;False;0.0;DRE_con 2024;;Locadoras;Localiza
16.670.085/0001-55;LOCALIZA RENT A CAR S.A.;2025;134261662.0;110993812.0;22742154.0;525696.0;41781588000.0;1124259345.0;29218474.0;1095040871.0;DFP;ON:RENT3/PN:RENT4;43.56999969482422;RENT3 43.57;47710930415.29005;0.3213416924220305;0.2814065054513647;False;0.0;DRE_con 2025;empresa tem ON e PN, mas so um preco disponivel: market cap aproximado;Locadoras;Localiza
16.670.085/0001-55;LOCALIZA RENT A CAR S.A.;2026;146000000.0;122425959.0;23027384.0;546657.0;;1124259345.0;19623431.0;1104635914.0;FRE;ON:RENT3/PN:RENT4;35.5294079223744;RENT3 34.94 / RENT4 34.11;39247059994.21089;;0.372002386985256;True;1.0;;;Locadoras;Localiza
92.754.738/0001-62;LOJAS RENNER S.A.;2007;15134731.91;13994047.75;923833.33;216850.83;;;;;;ON:LREN3;;;;;;False;0.0;;sem DFP;Retail;Renner
92.754.738/0001-62;LOJAS RENNER S.A.;2008;15557876.18;14324302.42;1027750.0;205823.76;;;;;;ON:LREN3;;;;;;False;0.0;;sem DFP;Retail;Renner
92.754.738/0001-62;LOJAS RENNER S.A.;2009;24394353.53;23145916.09;1045000.0;203437.44;2363628000.0;;;;;ON:LREN3;;;;1.0320724551409952;;False;0.0;DRE_con 2010;sem quantidade de acoes;Retail;Renner
92.754.738/0001-62;LOJAS RENNER S.A.;2010;28922133.990000002;27714463.78;998700.0;208970.21;2751338000.0;122349065.0;0.0;122349065.0;FRE;ON:LREN3;48.01710741472245;LREN3 48.02;5874848196.195859;1.0512025054718832;0.49230436300852765;False;0.0;DRE_con 2010;;Retail;Renner
92.754.738/0001-62;LOJAS RENNER S.A.;2011;20981697.16;19382741.03;1301966.66;296989.47;3238543000.0;122821065.0;0.0;122821065.0;FRE;ON:LREN3;58.53325403404237;LREN3 58.53;7189116598.376631;0.6478745892828967;0.29185362169168133;False;0.0;DRE_con 2011;;Retail;Renner
92.754.738/0001-62;LOJAS RENNER S.A.;2012;22325479.14;20190292.47;1795226.67;339960.0;3862508000.0;124203315.0;0.0;124203315.0;FRE;ON:LREN3;79.07941333818438;LREN3 79.08;9821925284.857716;0.5780047352652732;0.22730247372598922;False;0.0;DRE_con 2012;;Retail;Renner
92.754.738/0001-62;LOJAS RENNER S.A.;2013;19137211.02;16731001.02;2045010.0;361200.0;4370328000.0;126024315.0;0.0;126024315.0;FRE;ON:LREN3;54.99149189376833;LREN3 54.99;6930265096.740206;0.43788958220069524;0.27613966786063615;False;0.0;DRE_con 2013;;Retail;Renner
92.754.738/0001-62;LOJAS RENNER S.A.;2014;41163284.66;38216323.66;2537188.0;409773.0;5216820000.0;127394565.0;0.0;127394565.0;FRE;ON:LREN3;69.94227635049822;LREN3 69.94;8910265870.781507;0.7890493568879124;0.4619759416493104;False;0.0;DRE_con 2014;;Retail;Renner
92.754.738/0001-62;LOJAS RENNER S.A.;2015;37359224.64;33882790.64;3003634.0;472800.0;6145198000.0;640041325.0;600000.0;639441325.0;FRE;ON:LREN3;17.599659729671487;LREN3 17.60;11253949737.090277;0.6079417561484594;0.3319654478007228;False;0.0;DRE_con 2015;;Retail;Renner
92.754.738/0001-62;LOJAS RENNER S.A.;2016;31003158.57;27007618.57;3469220.0;526320.0;6451578000.0;711145682.0;1499850.0;709645832.0;FRE;ON:LREN3;23.691087646102915;LREN3 23.69;16812281603.603624;0.4805515576189267;0.1844077996133174;False;0.0;DRE_con 2016;;Retail;Renner
92.754.738/0001-62;LOJAS RENNER S.A.;2017;41151385.510000005;36685372.17;3902013.34;564000.0;7444305000.0;713235181.0;1499850.0;711735331.0;FRE;ON:LREN3;37.56049159622194;LREN3 37.56;26733128918.75974;0.5527901598604571;0.1539340405496731;False;0.0;DRE_con 2017;;Retail;Renner
92.754.738/0001-62;LOJAS RENNER S.A.;2018;33534072.2;28864902.2;4093170.0;576000.0;8426541000.0;792026948.0;1831115.0;790195833.0;FRE;ON:LREN3;45.14005384063722;LREN3 45.14;35669482446.26718;0.3979577409046013;0.09401334109771853;False;0.0;DRE_con 2018;;Retail;Renner
92.754.738/0001-62;LOJAS RENNER S.A.;2019;38051952.91;21087826.3;16306996.61;657130.0;9588437000.0;795589562.0;3158685.0;792430877.0;FRE;ON:LREN3;55.74548431396485;LREN3 55.75;44174443023.70491;0.396852510059773;0.08614019850704295;False;0.0;DRE_con 2019;;Retail;Renner
92.754.738/0001-62;LOJAS RENNER S.A.;2020;35737544.919999994;15781174.34;19325115.6;631254.98;7537180000.0;796170000.0;3159000.0;793011000.0;DFP (corrigido de milhares);ON:LREN3;43.19555618286133;LREN3 43.20;34254551204.12705;0.4741500789419915;0.104329333369559;False;0.0;DRE_con 2020;quantidade de acoes da DFP estava em milhares;Retail;Renner
92.754.738/0001-62;LOJAS RENNER S.A.;2021;39919624.61;23893505.86;15342128.75;683990.0;10571556000.0;988779000.0;3159000.0;985620000.0;DFP (corrigido de milhares);ON:LREN3;24.439999771118167;LREN3 24.44;24088552574.40949;0.37761351886136724;0.16572031252890088;False;0.0;DRE_con 2021;quantidade de acoes da DFP estava em milhares;Retail;Renner
92.754.738/0001-62;LOJAS RENNER S.A.;2022;37292154.42;20747132.82;15756941.6;788080.0;13271137000.0;991227000.0;20842000.0;970385000.0;DFP (corrigido de milhares);ON:LREN3;20.479999351501466;LREN3 20.48;19873484170.70675;0.28100195499451175;0.18764779290673217;False;0.0;DRE_con 2022;quantidade de acoes da DFP estava em milhares;Retail;Renner
92.754.738/0001-62;LOJAS RENNER S.A.;2023;39976661.08;23217664.25;15900386.83;858610.0;13647849000.0;963227000.0;7626000.0;955601000.0;DFP (corrigido de milhares);ON:LREN3;17.41999912261963;LREN3 17.42;16646568581.57444;0.2929154702693443;0.240149559256608;False;0.0;DRE_con 2023;quantidade de acoes da DFP estava em milhares;Retail;Renner
92.754.738/0001-62;LOJAS RENNER S.A.;2024;49887713.370000005;38800301.7;10203474.67;883937.0;14436366000.0;1059550000.0;7818000.0;1051732000.0;DFP (corrigido de milhares);ON:LREN3;13.331999874114992;LREN3 13.33;14021690891.602709;0.34556974636137655;0.35578956743281714;False;0.0;DRE_con 2024;quantidade de acoes da DFP estava em milhares;Retail;Renner
92.754.738/0001-62;LOJAS RENNER S.A.;2025;48514965.099999994;39139637.76;8492127.34;883200.0;15829460000.0;1006845000.0;24646000.0;982199000.0;DFP (corrigido de milhares);ON:LREN3;13.449999809265137;LREN3 13.45;13210576362.660408;0.30648528187316554;0.36724336446914735;False;0.0;DRE_con 2025;quantidade de acoes da DFP estava em milhares;Retail;Renner
92.754.738/0001-62;LOJAS RENNER S.A.;2026;56800000.0;45600000.0;10300000.0;900000.0;;1006845095.0;30519836.0;976325259.0;FRE;ON:LREN3;11.140000343322756;LREN3 11.14;10876263720.454678;;0.522238164317199;True;1.0;;;Retail;Renner
02.351.877/0001-52;LWSA S/A;2016;12536069.98;12155480.13;380589.85;0.0;;;;;;ON:LWSA3;;;;;;False;0.0;;sem DFP;TMT;Locaweb
02.351.877/0001-52;LWSA S/A;2017;9100266.89;8282917.49;817349.4;0.0;293168000.0;;;;;ON:LWSA3;;;;3.104113303634776;;False;0.0;DRE_con 2018;sem quantidade de acoes;TMT;Locaweb
02.351.877/0001-52;LWSA S/A;2018;8120507.37;7493236.24;627271.13;0.0;314983000.0;;;;;ON:LWSA3;;;;2.5780779819863295;;False;0.0;DRE_con 2018;sem quantidade de acoes;TMT;Locaweb
02.351.877/0001-52;LWSA S/A;2019;7607571.2;6665381.69;942189.51;0.0;385717000.0;125890296.0;16618.0;125873678.0;FRE;ON:LWSA3;;;;1.9723193947894442;;False;0.0;DRE_con 2019;sem cotacao no exercicio;TMT;Locaweb
02.351.877/0001-52;LWSA S/A;2020;20527119.0;17964977.81;2562141.19;;488210000.0;125890296.0;14118.0;125876178.0;DFP;ON:LWSA3;80.47000122070312;LWSA3 80.47;10129256197.317444;4.204567501689847;0.20265179002419;False;0.0;DRE_con 2020;acoes DFP e FRE divergem (125,890,296 x 585,461,772);TMT;Locaweb
02.351.877/0001-52;LWSA S/A;2021;20921791.249999996;18347852.34;2419258.67;154680.24;800208000.0;589581572.0;2748472.0;586833100.0;DFP;ON:LWSA3;13.260000228881836;LWSA3 13.26;7781407040.315437;2.614544124777557;0.26886899941879766;False;0.0;DRE_con 2021;;TMT;Locaweb
02.351.877/0001-52;LWSA S/A;2022;17260640.44;15007745.18;2017320.26;235575.0;1138433000.0;592510448.0;3048472.0;589461976.0;DFP;ON:LWSA3;7.019999980926514;LWSA3 7.02;4138023060.276905;1.5161753427737954;0.4171228673347453;False;0.0;DRE_con 2022;;TMT;Locaweb
02.351.877/0001-52;LWSA S/A;2023;18154642.18;16171224.18;1895077.0;88341.0;1292756000.0;595764158.0;6228472.0;589535686.0;DFP;ON:LWSA3;6.010000228881836;LWSA3 6.01;3543109607.79401;1.4043363310632477;0.5123929031171953;False;0.0;DRE_con 2023;;TMT;Locaweb
02.351.877/0001-52;LWSA S/A;2024;23485221.5;21476489.32;2008732.18;;1370032000.0;562886478.0;4550829.0;558335649.0;DFP;ON:LWSA3;3.319999933242798;LWSA3 3.32;1853674317.4070742;1.7142097045908418;1.266955110693404;False;0.0;DRE_con 2024;;TMT;Locaweb
02.351.877/0001-52;LWSA S/A;2025;25591417.95;23010097.4;2581320.55;;1488531000.0;568561350.0;18129533.0;550431817.0;DFP;ON:LWSA3;4.260000228881836;LWSA3 4.26;2344839666.403845;1.7192398377998175;1.091393083999137;False;0.0;DRE_con 2025;;TMT;Locaweb
02.351.877/0001-52;LWSA S/A;2026;31316982.0;28893130.57;2423851.43;;;549982372.0;0.0;549982372.0;FRE;ON:LWSA3;4.199999809265137;LWSA3 4.20;2309925857.4991875;;1.355757021305651;True;1.0;;;TMT;Locaweb
47.960.950/0001-21;MAGAZINE LUIZA S.A.;2009;5953000.0;5803000.0;150000.0;;3350999000.0;;;;;ON:MGLU3;;;;0.1776485161589126;;False;0.0;DRE_con 2010;sem quantidade de acoes;Retail;Magalu
47.960.950/0001-21;MAGAZINE LUIZA S.A.;2010;11014805.0;10840805.0;174000.0;;4808024000.0;;;;;ON:MGLU3;;;;0.2290921384751823;;False;0.0;DRE_con 2010;sem quantidade de acoes;Retail;Magalu
47.960.950/0001-21;MAGAZINE LUIZA S.A.;2011;7814582.0;7620582.0;194000.0;;6419371000.0;186494467.0;0.0;186494467.0;FRE;ON:MGLU3;9.37193733215332;MGLU3 9.37;1747814457.5173354;0.12173438799533474;0.4471059251392245;False;0.0;DRE_con 2011;;Retail;Magalu
47.960.950/0001-21;MAGAZINE LUIZA S.A.;2012;10936793.0;10320778.0;440515.0;175500.0;7665112000.0;186494467.0;0.0;186494467.0;FRE;ON:MGLU3;11.22387851715088;MGLU3 11.22;2093191241.7288036;0.1426827553204702;0.5224937302416338;False;0.0;DRE_con 2012;;Retail;Magalu
47.960.950/0001-21;MAGAZINE LUIZA S.A.;2013;16627108.0;15753531.0;572515.0;301062.0;8088439000.0;181464467.0;0.0;181464467.0;FRE;ON:MGLU3;7.435817985534669;MGLU3 7.44;1349336747.4540625;0.20556633980920175;1.2322430283894763;False;0.0;DRE_con 2013;;Retail;Magalu
47.960.950/0001-21;MAGAZINE LUIZA S.A.;2014;18425869.0;17301291.0;805402.0;319176.0;9779385000.0;181494467.0;0.0;181494467.0;FRE;ON:MGLU3;6.360197639465333;MGLU3 6.36;1154340680.5894186;0.18841541671587733;1.5962245210479418;False;0.0;DRE_con 2014;;Retail;Magalu
47.960.950/0001-21;MAGAZINE LUIZA S.A.;2015;12857741.0;11717677.0;805402.0;334662.0;8978259000.0;22248933.0;333876.0;21915057.0;FRE;ON:MGLU3;13.234824943542481;MGLU3 13.23;290041943.02275527;0.1432097358741823;4.433062634320873;False;0.0;DRE_con 2015;;Retail;Magalu
47.960.950/0001-21;MAGAZINE LUIZA S.A.;2016;17194346.0;11461999.0;5366418.0;365929.0;9508745000.0;21623933.0;103300.0;21520633.0;FRE;ON:MGLU3;119.71200988769534;MGLU3 119.71;2576278230.4854627;0.18082666009026427;0.6674102896394064;False;0.0;DRE_con 2016;;Retail;Magalu
47.960.950/0001-21;MAGAZINE LUIZA S.A.;2017;19692055.0;16173524.0;3155808.0;362723.0;11984250000.0;190591464.0;1602152.0;188989312.0;FRE;ON:MGLU3;79.09094238281251;MGLU3 79.09;14947342786.359377;0.1643161232450925;0.1317428474174724;False;0.0;DRE_con 2017;;Retail;Magalu
47.960.950/0001-21;MAGAZINE LUIZA S.A.;2018;32055205.0;27765928.0;3926635.0;362642.0;15590444000.0;190591464.0;1530620.0;189060844.0;FRE;ON:MGLU3;167.48834289550783;MGLU3 167.49;31665487467.986115;0.2056080314325878;0.10123073277304792;False;0.0;DRE_con 2018;;Retail;Magalu
47.960.950/0001-21;MAGAZINE LUIZA S.A.;2019;79311861.0;74267562.0;4680235.0;364064.0;19886310000.0;1624731712.0;3129156.0;1621602556.0;FRE;ON:MGLU3;44.614922332763676;MGLU3 44.61;72347672090.55106;0.3988264338632959;0.10962600275615295;False;0.0;DRE_con 2019;;Retail;Magalu
47.960.950/0001-21;MAGAZINE LUIZA S.A.;2020;69403689.0;64783297.0;4258800.0;361592.0;29177113000.0;6498926848.0;35539688.0;6463387160.0;DFP;ON:MGLU3;23.33631729125977;MGLU3 23.34;150831653542.01437;0.23787030951280203;0.04601400791556495;False;0.0;DRE_con 2020;;Retail;Magalu
47.960.950/0001-21;MAGAZINE LUIZA S.A.;2021;64782934.0;40710405.0;23724189.0;348340.0;35278150000.0;6748926848.0;83408504.0;6665518344.0;DFP;ON:MGLU3;6.753034400939942;MGLU3 6.75;45012474677.128235;0.1836347257438386;0.14392217816212968;False;0.0;DRE_con 2021;;Retail;Magalu
47.960.950/0001-21;MAGAZINE LUIZA S.A.;2022;54108715.0;36609047.0;17150594.0;349074.0;37299002000.0;6748926848.0;71704378.0;6677222470.0;DFP;ON:MGLU3;2.5627858257293705;MGLU3 2.56;17112291101.357656;0.14506746051811253;0.31619795782755894;False;0.0;DRE_con 2022;;Retail;Magalu
47.960.950/0001-21;MAGAZINE LUIZA S.A.;2023;15771223.0;10634544.0;4780675.0;356004.0;36768149000.0;6748926848.0;57015634.0;6691911214.0;DFP;ON:MGLU3;2.020298309326172;MGLU3 2.02;13519656911.805052;0.04289370944400818;0.11665401794500371;False;0.0;DRE_con 2023;;Retail;Magalu
47.960.950/0001-21;MAGAZINE LUIZA S.A.;2024;31405644.0;24772802.0;6273454.0;359388.0;38038068000.0;738995248.0;2935027.0;736060221.0;DFP;ON:MGLU3;6.499999737739564;MGLU3 6.50;4784391243.4605255;0.08256372011322972;0.6564188086190974;False;0.0;DRE_con 2024;;Retail;Magalu
47.960.950/0001-21;MAGAZINE LUIZA S.A.;2025;43233946.0;34490941.0;8312521.0;430484.0;38703387000.0;775945010.0;1343449.0;774601561.0;DFP;ON:MGLU3;9.386999559402467;MGLU3 9.39;7271184511.819463;0.11170584631262374;0.5945928882663108;False;0.0;DRE_con 2025;;Retail;Magalu
47.960.950/0001-21;MAGAZINE LUIZA S.A.;2026;39818940.0;31553585.0;7800000.0;465355.0;;775945010.0;807973.0;775137037.0;FRE;ON:MGLU3;4.829999923706055;MGLU3 4.83;3743911829.5717373;;1.0635651108416955;True;1.0;;;Retail;Magalu
02.846.056/0001-97;MOTIVA INFRAESTRUTURA DE MOBILIDADE S.A.;2009;22236000.0;21102000.0;1002000.0;132000.0;3817653000.0;;;;;ON:MOTV3;;;;0.5824520981870275;;False;0.0;DRE_con 2010;sem quantidade de acoes;Logistics;Motiva
02.846.056/0001-97;MOTIVA INFRAESTRUTURA DE MOBILIDADE S.A.;2010;21283000.0;20162000.0;991000.0;130000.0;4657256000.0;441396800.0;0.0;441396800.0;FRE;ON:MOTV3;46.029998779296875;MOTV3 46.03;20317494165.185547;0.4569858302828962;0.10475209111401576;False;0.0;DRE_con 2010;;Logistics;Motiva
02.846.056/0001-97;MOTIVA INFRAESTRUTURA DE MOBILIDADE S.A.;2011;35590000.0;34316000.0;1132000.0;142000.0;5134296000.0;441396800.0;0.0;441396800.0;FRE;ON:MOTV3;12.15999984741211;MOTV3 12.16;5367385020.648193;0.6931816942381195;0.6630789455775238;False;0.0;DRE_con 2011;;Logistics;Motiva
02.846.056/0001-97;MOTIVA INFRAESTRUTURA DE MOBILIDADE S.A.;2012;32869000.0;31255000.0;1247000.0;367000.0;5767698000.0;441396800.0;0.0;441396800.0;FRE;ON:MOTV3;20.549999237060547;MOTV3 20.55;9070703903.240967;0.5698807392481368;0.36236438043420083;False;0.0;DRE_con 2012;;Logistics;Motiva
02.846.056/0001-97;MOTIVA INFRAESTRUTURA DE MOBILIDADE S.A.;2013;32344000.0;30495000.0;1555000.0;294000.0;6016558000.0;1765587200.0;0.0;1765587200.0;FRE;ON:MOTV3;15.539999961853027;MOTV3 15.54;27437225020.648193;0.5375831164596103;0.11788364156965275;False;0.0;DRE_con 2013;;Logistics;Motiva
02.846.056/0001-97;MOTIVA INFRAESTRUTURA DE MOBILIDADE S.A.;2014;41151000.0;39139000.0;1703000.0;309000.0;7397194000.0;1765587200.0;0.0;1765587200.0;FRE;ON:MOTV3;15.279999732971191;MOTV3 15.28;26978171944.537354;0.5563055396411125;0.15253442703456568;False;0.0;DRE_con 2014;;Logistics;Motiva
02.846.056/0001-97;MOTIVA INFRAESTRUTURA DE MOBILIDADE S.A.;2015;45012000.0;42764000.0;1906000.0;342000.0;8478865000.0;1765587200.0;0.0;1765587200.0;FRE;ON:MOTV3;12.779999732971191;MOTV3 12.78;22564203944.537354;0.530872941130682;0.19948410371861186;False;0.0;DRE_con 2015;;Logistics;Motiva
02.846.056/0001-97;MOTIVA INFRAESTRUTURA DE MOBILIDADE S.A.;2016;37473000.0;35135000.0;1985000.0;353000.0;9996067000.0;2020000000.0;0.0;2020000000.0;FRE;ON:MOTV3;15.510000228881836;MOTV3 15.51;31330200462.34131;0.37487743929687545;0.11960663975017426;False;0.0;DRE_con 2016;;Logistics;Motiva
02.846.056/0001-97;MOTIVA INFRAESTRUTURA DE MOBILIDADE S.A.;2017;52792000.0;50024000.0;2388000.0;380000.0;10560997000.0;2020000000.0;0.0;2020000000.0;FRE;ON:MOTV3;15.670000076293945;MOTV3 15.67;31653400154.11377;0.49987704759313917;0.16678145078559276;False;0.0;DRE_con 2017;;Logistics;Motiva
02.846.056/0001-97;MOTIVA INFRAESTRUTURA DE MOBILIDADE S.A.;2018;55388000.0;52077000.0;2919000.0;392000.0;9715859000.0;2020000000.0;0.0;2020000000.0;FRE;ON:MOTV3;14.880000114440918;MOTV3 14.88;30057600231.170654;0.570078260707571;0.1842728613529198;False;0.0;DRE_con 2018;;Logistics;Motiva
02.846.056/0001-97;MOTIVA INFRAESTRUTURA DE MOBILIDADE S.A.;2019;49375000.0;41554000.0;7417000.0;404000.0;10590811000.0;2020000000.0;0.0;2020000000.0;FRE;ON:MOTV3;18.979999542236328;MOTV3 18.98;38339599075.31738;0.46620603464644966;0.12878329766308663;False;0.0;DRE_con 2019;;Logistics;Motiva
02.846.056/0001-97;MOTIVA INFRAESTRUTURA DE MOBILIDADE S.A.;2020;65736000.0;57768000.0;7559000.0;409000.0;9889480000.0;2020000000.0;0.0;2020000000.0;DFP;ON:MOTV3;13.470000267028809;MOTV3 13.47;27209400539.398193;0.6647063344078759;0.24159297410766817;False;0.0;DRE_con 2020;;Logistics;Motiva
02.846.056/0001-97;MOTIVA INFRAESTRUTURA DE MOBILIDADE S.A.;2021;32771000.0;25565000.0;6839000.0;367000.0;12244247000.0;2020000000.0;0.0;2020000000.0;DFP;ON:MOTV3;11.649999618530273;MOTV3 11.65;23532999229.431152;0.26764406173772876;0.13925551809399414;False;0.0;DRE_con 2021;;Logistics;Motiva
02.846.056/0001-97;MOTIVA INFRAESTRUTURA DE MOBILIDADE S.A.;2022;44034765.0;35711143.0;7907236.0;416386.0;19181691000.0;2020000000.0;2000.0;2019998000.0;DFP;ON:MOTV3;10.819999694824219;MOTV3 10.82;21856377743.545532;0.22956664769545082;0.20147329771056885;False;0.0;DRE_con 2022;;Logistics;Motiva
02.846.056/0001-97;MOTIVA INFRAESTRUTURA DE MOBILIDADE S.A.;2023;51195743.0;43087901.0;7636445.0;471397.0;18932725000.0;2020000000.0;3081575.0;2016918425.0;DFP;ON:MOTV3;14.180000305175781;MOTV3 14.18;28599903882.014656;0.2704087393653053;0.1790066960056987;False;0.0;DRE_con 2023;;Logistics;Motiva
02.846.056/0001-97;MOTIVA INFRAESTRUTURA DE MOBILIDADE S.A.;2024;53750555.51;44493963.41;8720888.7;535703.4;21783791000.0;2020000000.0;9884118.0;2010115882.0;DFP;ON:MOTV3;10.170000076293945;MOTV3 10.17;20442878673.29967;0.24674564454827905;0.2629304628227496;False;0.0;DRE_con 2024;;Logistics;Motiva
02.846.056/0001-97;MOTIVA INFRAESTRUTURA DE MOBILIDADE S.A.;2025;57882219.0;48148676.0;9177510.0;556033.0;18850645000.0;2020000000.0;9512335.0;2010487665.0;DFP;ON:MOTV3;15.0600004196167;MOTV3 15.06;30277945078.5342;0.30705696807721966;0.19116957524649214;False;0.0;DRE_con 2025;;Logistics;Motiva
02.846.056/0001-97;MOTIVA INFRAESTRUTURA DE MOBILIDADE S.A.;2026;74133121.0;62961740.0;10553163.0;618218.0;;2020000000.0;9512335.0;2010487665.0;FRE;ON:MOTV3;15.829999923706056;MOTV3 15.83;31826019583.561966;;0.23293243066528344;True;1.0;;;Logistics;Motiva
21.314.559/0001-66;MOVIDA PARTICIPACOES SA;2014;0.0;0.0;0.0;0.0;60263000.0;;;;;ON:MOVI3;;;;0.0;;False;0.0;DRE_con 2014;sem quantidade de acoes;Locadoras;Movida
21.314.559/0001-66;MOVIDA PARTICIPACOES SA;2015;2108778.08;2108778.08;0.0;0.0;1213502000.0;624250238.0;4676011.0;619574227.0;FRE;ON:MOVI3;;;;0.1737762344025803;;False;0.0;DRE_con 2015;sem cotacao no exercicio;Locadoras;Movida
21.314.559/0001-66;MOVIDA PARTICIPACOES SA;2016;2630673.96;2630673.96;0.0;0.0;1893180000.0;213491586.0;422968.0;213068618.0;FRE;ON:MOVI3;;;;0.1389553006053307;;False;0.0;DRE_con 2016;sem cotacao no exercicio;Locadoras;Movida
21.314.559/0001-66;MOVIDA PARTICIPACOES SA;2017;9919858.36;7333474.36;1783512.0;802872.0;2467983000.0;213491586.0;140030113.0;73461473.0;FRE;ON:MOVI3;8.191951751708984;MOVI3 8.19;601792842.4254723;0.4019419242352966;1.6483842380077;False;0.0;DRE_con 2017;;Locadoras;Movida
21.314.559/0001-66;MOVIDA PARTICIPACOES SA;2018;14784701.61;11706916.13;2767575.46;310210.02;2538599000.0;213491586.0;184733245.0;28758341.0;FRE;ON:MOVI3;9.814513206481934;MOVI3 9.81;282249117.54101086;0.5823961015505009;5.2381746092976815;False;0.0;DRE_con 2018;;Locadoras;Movida
21.314.559/0001-66;MOVIDA PARTICIPACOES SA;2019;15593208.15;12318674.29;2957175.46;317358.4;3836044000.0;298921014.0;965178.0;297955836.0;FRE;ON:MOVI3;19.1200008392334;MOVI3 19.12;5696915834.374489;0.40649190024931936;0.2737131564400601;False;0.0;DRE_con 2019;;Locadoras;Movida
21.314.559/0001-66;MOVIDA PARTICIPACOES SA;2020;16745962.3;13626036.84;2969175.46;150750.0;4085259000.0;298921014.0;1246291.0;297674723.0;DFP;ON:MOVI3;20.649999618530273;MOVI3 20.65;6146982916.396105;0.4099118880834728;0.27242571726257436;False;0.0;DRE_con 2020;;Locadoras;Movida
21.314.559/0001-66;MOVIDA PARTICIPACOES SA;2021;14517382.549999999;11845231.61;2474312.88;197838.06;5332623000.0;362302086.0;986406.0;361315680.0;DFP;ON:MOVI3;15.859999656677246;MOVI3 15.86;5730466560.752106;0.272237181402098;0.2533368338527507;False;0.0;DRE_con 2021;;Locadoras;Movida
21.314.559/0001-66;MOVIDA PARTICIPACOES SA;2022;21861068.03;19077930.19;2474312.88;308824.96;9600029000.0;362302086.0;653095.0;361648991.0;DFP;ON:MOVI3;7.639999866485596;MOVI3 7.64;2762998242.9546504;0.22771877074538005;0.7912081770498184;False;0.0;DRE_con 2022;;Locadoras;Movida
21.314.559/0001-66;MOVIDA PARTICIPACOES SA;2023;13244583.04;10593118.69;2336175.07;315289.28;10342015000.0;362302086.0;4521816.0;357780270.0;DFP;ON:MOVI3;11.890000343322754;MOVI3 11.89;4254007533.1341076;0.12806578834008653;0.3113436668092159;False;0.0;DRE_con 2023;;Locadoras;Movida
21.314.559/0001-66;MOVIDA PARTICIPACOES SA;2024;10759253.209999999;8338719.89;2308795.8;111737.52;13481270000.0;362302086.0;5189833.0;357112253.0;DFP;ON:MOVI3;3.5399999618530273;MOVI3 3.54;1264177361.9972486;0.07980889938410847;0.8510873183966584;False;0.0;DRE_con 2024;;Locadoras;Movida
21.314.559/0001-66;MOVIDA PARTICIPACOES SA;2025;17599366.21;15290570.41;2308795.8;0.0;14672054000.0;347931466.0;8775700.0;339155766.0;DFP;ON:MOVI3;9.760000228881836;MOVI3 9.76;3310160353.7865944;0.11995161829420747;0.5316771494126423;False;0.0;DRE_con 2025;;Locadoras;Movida
21.314.559/0001-66;MOVIDA PARTICIPACOES SA;2026;35000000.0;32691204.2;2308795.8;0.0;;402158941.0;1122663.0;401036278.0;FRE;ON:MOVI3;7.28000020980835;MOVI3 7.28;2919544187.9807596;;1.1988172723704176;True;1.0;;;Locadoras;Movida
08.343.492/0001-20;MRV ENGENHARIA E PARTICIPACOES S.A.;2008;6312000.0;5834000.0;478000.0;;;;;;;ON:MRVE3;;;;;;False;0.0;;sem DFP;RealEstate;MRV
08.343.492/0001-20;MRV ENGENHARIA E PARTICIPACOES S.A.;2009;6544000.0;5989000.0;555000.0;;1647580000.0;;;;;ON:MRVE3;;;;0.3971886038917685;;False;0.0;DRE_con 2010;sem quantidade de acoes;RealEstate;MRV
08.343.492/0001-20;MRV ENGENHARIA E PARTICIPACOES S.A.;2010;10393000.0;9587000.0;806000.0;;3020951000.0;482435340.0;0.0;482435340.0;FRE;ON:MRVE3;12.81833267211914;MRVE3 12.82;6184016680.906906;0.34403073734065864;0.1680622892251939;False;0.0;DRE_con 2010;;RealEstate;MRV
08.343.492/0001-20;MRV ENGENHARIA E PARTICIPACOES S.A.;2011;12891200.0;11883200.0;1008000.0;;4015063000.0;482743727.0;2992204.0;479751523.0;FRE;ON:MRVE3;12.2274169921875;MRVE3 12.23;5866121924.358032;0.32107092715606206;0.21975676888800377;False;0.0;DRE_con 2011;;RealEstate;MRV
08.343.492/0001-20;MRV ENGENHARIA E PARTICIPACOES S.A.;2012;9356600.0;8271800.0;1084800.0;;4265885000.0;483102222.0;5313011.0;477789211.0;FRE;ON:MRVE3;10.363758087158203;MRVE3 10.36;4951691799.458187;0.21933549544818953;0.18895764072036544;False;0.0;DRE_con 2012;;RealEstate;MRV
08.343.492/0001-20;MRV ENGENHARIA E PARTICIPACOES S.A.;2013;14787630.0;13635598.0;1152032.0;0.0;3870608000.0;477221343.0;12891659.0;464329684.0;FRE;ON:MRVE3;7.500088214874268;MRVE3 7.50;3482513590.784693;0.3820492801130985;0.42462519138849925;False;0.0;DRE_con 2013;;RealEstate;MRV
08.343.492/0001-20;MRV ENGENHARIA E PARTICIPACOES S.A.;2014;17263318.0;13345272.0;3918046.0;0.0;4186185000.0;449139684.0;7979952.0;441159732.0;FRE;ON:MRVE3;6.263710021972656;MRVE3 6.26;2763296634.619171;0.4123878423911031;0.6247363306465712;False;0.0;DRE_con 2014;;RealEstate;MRV
08.343.492/0001-20;MRV ENGENHARIA E PARTICIPACOES S.A.;2015;18977422.0;13102318.0;5875104.0;;4763038000.0;444139684.0;2979952.0;441159732.0;FRE;ON:MRVE3;8.318280220031738;MRVE3 8.32;3669690272.5701027;0.39843104338029633;0.5171396109870869;False;0.0;DRE_con 2015;;RealEstate;MRV
08.343.492/0001-20;MRV ENGENHARIA E PARTICIPACOES S.A.;2016;21300894.0;14123268.0;7177626.0;;4249049000.0;444139684.0;2742500.0;441397184.0;FRE;ON:MRVE3;11.600136756896973;MRVE3 11.60;5120267698.509216;0.501309681295744;0.41601133484098557;False;0.0;DRE_con 2016;;RealEstate;MRV
08.343.492/0001-20;MRV ENGENHARIA E PARTICIPACOES S.A.;2017;25772659.0;17390792.0;8381867.0;;4759888000.0;444139684.0;2663886.0;441475798.0;FRE;ON:MRVE3;13.772890090942383;MRVE3 13.77;6080397643.665081;0.5414551560877062;0.4238646961988002;False;0.0;DRE_con 2017;;RealEstate;MRV
08.343.492/0001-20;MRV ENGENHARIA E PARTICIPACOES S.A.;2018;28284965.0;18888299.0;9168485.0;228181.0;5418995000.0;444139684.0;2456092.0;441683592.0;FRE;ON:MRVE3;15.0;MRVE3 15.00;6625253880.0;0.5219596069012796;0.4269265074563452;False;0.0;DRE_con 2018;;RealEstate;MRV
08.343.492/0001-20;MRV ENGENHARIA E PARTICIPACOES S.A.;2019;36901458.0;23225713.0;13301147.0;374598.0;6055722000.0;481953895.0;1348.0;481952547.0;FRE;ON:MRVE3;21.549999237060547;MRVE3 21.55;10386077020.149387;0.6093651260741494;0.3552973651977523;False;0.0;DRE_con 2019;;RealEstate;MRV
08.343.492/0001-20;MRV ENGENHARIA E PARTICIPACOES S.A.;2020;34685314.28;19320171.37;15113142.91;252000.0;6646359000.0;481954000.0;1000.0;481953000.0;DFP (corrigido de milhares);ON:MRVE3;18.950000762939453;MRVE3 18.95;9133009717.700958;0.5218694066931985;0.3797796712377888;False;0.0;DRE_con 2020;quantidade de acoes da DFP estava em milhares;RealEstate;MRV
08.343.492/0001-20;MRV ENGENHARIA E PARTICIPACOES S.A.;2021;34070148.0;21269063.0;12549085.0;252000.0;7106201000.0;482875000.0;1000.0;482874000.0;DFP (corrigido de milhares);ON:MRVE3;12.0;MRVE3 12.00;5794488000.0;0.47944250380759;0.5879751239453771;False;0.0;DRE_con 2021;quantidade de acoes da DFP estava em milhares;RealEstate;MRV
08.343.492/0001-20;MRV ENGENHARIA E PARTICIPACOES S.A.;2022;32944903.0;18758675.0;13939995.0;246233.0;6645285000.0;483233000.0;1000.0;483232000.0;DFP (corrigido de milhares);ON:MRVE3;7.599999904632568;MRVE3 7.60;3672563153.9154053;0.4957635827507774;0.8970547712672189;False;0.0;DRE_con 2022;quantidade de acoes da DFP estava em milhares;RealEstate;MRV
08.343.492/0001-20;MRV ENGENHARIA E PARTICIPACOES S.A.;2023;47505021.0;32242324.0;15010697.0;252000.0;7429915000.0;561971000.0;1000.0;561970000.0;DFP (corrigido de milhares);ON:MRVE3;11.229999542236328;MRVE3 11.23;6310922842.750549;0.6393750264976114;0.7527428584326573;False;0.0;DRE_con 2023;quantidade de acoes da DFP estava em milhares;RealEstate;MRV
08.343.492/0001-20;MRV ENGENHARIA E PARTICIPACOES S.A.;2024;53687732.0;38307294.0;15128438.0;252000.0;9009035000.0;562827000.0;1000.0;562826000.0;DFP (corrigido de milhares);ON:MRVE3;5.309999942779541;MRVE3 5.31;2988606027.794838;0.5959321059358744;1.7964138297483738;False;0.0;DRE_con 2024;quantidade de acoes da DFP estava em milhares;RealEstate;MRV
08.343.492/0001-20;MRV ENGENHARIA E PARTICIPACOES S.A.;2025;53468899.0;37933801.0;15238365.0;296733.0;10906236000.0;562827000.0;1000.0;562826000.0;DFP (corrigido de milhares);ON:MRVE3;7.789999961853027;MRVE3 7.79;4384414518.529892;0.4902598751760002;1.2195219857525763;False;0.0;DRE_con 2025;quantidade de acoes da DFP estava em milhares;RealEstate;MRV
08.343.492/0001-20;MRV ENGENHARIA E PARTICIPACOES S.A.;2026;67538350.0;51018810.0;16004740.0;514800.0;;562835771.0;1348.0;562834423.0;FRE;ON:MRVE3;5.53000020980835;MRVE3 5.53;3112474477.2773614;;2.1699246208463436;True;1.0;;;RealEstate;MRV
07.816.890/0001-53;MULTIPLAN - EMPREEND IMOBILIARIOS S.A.;2009;12497000.0;10641000.0;1856000.0;;482734000.0;;;;;ON:MULT3;;;;2.5887963143263164;;False;0.0;DRE_con 2010;sem quantidade de acoes;Malls;Multiplan
07.816.890/0001-53;MULTIPLAN - EMPREEND IMOBILIARIOS S.A.;2010;17855387.4;15376462.34;2478925.06;;604375000.0;177699441.0;340000.0;177359441.0;FRE;ON:MULT3;31.988176345825195;MULT3 31.99;5673405075.304979;2.9543557228541877;0.31472082749247665;False;0.0;DRE_con 2010;empresa tem ON e PN, mas so um preco disponivel: market cap aproximado;Malls;Multiplan
07.816.890/0001-53;MULTIPLAN - EMPREEND IMOBILIARIOS S.A.;2011;21040226.759999998;18296586.84;2743639.92;;676252000.0;177699441.0;996215.0;176703226.0;FRE;ON:MULT3;39.997718811035156;MULT3 40.00;7067725946.5507965;3.1112997462484397;0.2976944340954262;False;0.0;DRE_con 2011;empresa tem ON e PN, mas so um preco disponivel: market cap aproximado;Malls;Multiplan
07.816.890/0001-53;MULTIPLAN - EMPREEND IMOBILIARIOS S.A.;2012;23026458.28;19852735.55;3173722.73;;961873000.0;177699441.0;741745.0;176957696.0;FRE;ON:MULT3;57.54671859741211;MULT3 57.55;10183334735.358398;2.3939187689019237;0.2261190354476705;False;0.0;DRE_con 2012;empresa tem ON e PN, mas so um preco disponivel: market cap aproximado;Malls;Multiplan
07.816.890/0001-53;MULTIPLAN - EMPREEND IMOBILIARIOS S.A.;2013;27124004.59;23510712.28;3613292.31;;973054000.0;189997214.0;2429694.0;187567520.0;FRE;ON:MULT3;43.60999774932861;MULT3 43.61;8179819125.04715;2.7875127783247384;0.33159663038201537;False;0.0;DRE_con 2013;empresa tem ON e PN, mas so um preco disponivel: market cap aproximado;Malls;Multiplan
07.816.890/0001-53;MULTIPLAN - EMPREEND IMOBILIARIOS S.A.;2014;27906745.759999998;25870922.95;2035822.81;;1113454000.0;189997214.0;2559694.0;187437520.0;FRE;ON:MULT3;48.099998474121094;MULT3 48.10;9015744425.993042;2.506322287225157;0.30953346103670415;False;0.0;DRE_con 2014;empresa tem ON e PN, mas so um preco disponivel: market cap aproximado;Malls;Multiplan
07.816.890/0001-53;MULTIPLAN - EMPREEND IMOBILIARIOS S.A.;2015;30105428.049999997;28755364.9;1350063.15;;1065030000.0;189997214.0;1503694.0;188493520.0;FRE;ON:MULT3;41.40000057220459;MULT3 41.40;7803631835.856857;2.8267211299212223;0.3857873959618233;False;0.0;DRE_con 2015;empresa tem ON e PN, mas so um preco disponivel: market cap aproximado;Malls;Multiplan
07.816.890/0001-53;MULTIPLAN - EMPREEND IMOBILIARIOS S.A.;2016;32226958.68;30786958.68;1440000.0;;1109950000.0;200253625.0;1313864.0;198939761.0;FRE;ON:MULT3;62.44999694824219;MULT3 62.45;12423787467.33403;2.9034603973151945;0.25939721493734996;False;0.0;DRE_con 2016;empresa tem ON e PN, mas so um preco disponivel: market cap aproximado;Malls;Multiplan
07.816.890/0001-53;MULTIPLAN - EMPREEND IMOBILIARIOS S.A.;2017;50570193.16;49130193.16;1440000.0;;1156379000.0;200253625.0;1121261.0;199132364.0;FRE;ON:MULT3;72.54000091552734;MULT3 72.54;14445061866.871124;4.37315042559576;0.35008637294921996;False;0.0;DRE_con 2017;empresa tem ON e PN, mas so um preco disponivel: market cap aproximado;Malls;Multiplan
07.816.890/0001-53;MULTIPLAN - EMPREEND IMOBILIARIOS S.A.;2018;25991380.55;24441047.21;1075000.0;475333.34;1229142000.0;600760875.0;6220616.0;594540259.0;FRE;ON:MULT3;26.030000686645508;MULT3 26.03;15475883350.008398;2.1145954291692903;0.16794763802601223;False;0.0;DRE_con 2018;empresa tem ON e PN, mas so um preco disponivel: market cap aproximado;Malls;Multiplan
07.816.890/0001-53;MULTIPLAN - EMPREEND IMOBILIARIOS S.A.;2019;51983184.0;50363184.0;900000.0;720000.0;1305587000.0;600760875.0;2790903.0;597969972.0;FRE;ON:MULT3;33.099998474121094;MULT3 33.10;19792805160.770233;3.9815947922275576;0.26263676915807666;False;0.0;DRE_con 2019;empresa tem ON e PN, mas so um preco disponivel: market cap aproximado;Malls;Multiplan
07.816.890/0001-53;MULTIPLAN - EMPREEND IMOBILIARIOS S.A.;2020;33803687.28;32403687.28;800000.0;600000.0;1081576000.0;600760875.0;7322845.0;593438030.0;DFP;ON:MULT3;23.530000686645508;MULT3 23.53;13963597253.381557;3.125410260582705;0.2420843760143095;False;0.0;DRE_con 2020;empresa tem ON e PN, mas so um preco disponivel: market cap aproximado;Malls;Multiplan
07.816.890/0001-53;MULTIPLAN - EMPREEND IMOBILIARIOS S.A.;2021;40977442.01;39357442.01;900000.0;720000.0;1288393000.0;600760875.0;9460101.0;591300774.0;DFP;ON:MULT3;18.649999618530273;MULT3 18.65;11027759209.536655;3.1805079669014034;0.37158448268042765;False;0.0;DRE_con 2021;empresa tem ON e PN, mas so um preco disponivel: market cap aproximado;Malls;Multiplan
07.816.890/0001-53;MULTIPLAN - EMPREEND IMOBILIARIOS S.A.;2022;44352864.34;43152864.34;960000.0;240000.0;1797605000.0;600760875.0;15478895.0;585281980.0;DFP;ON:MULT3;21.899999618530273;MULT3 21.90;12817675138.732643;2.467330939778205;0.3460289316115826;False;0.0;DRE_con 2022;empresa tem ON e PN, mas so um preco disponivel: market cap aproximado;Malls;Multiplan
07.816.890/0001-53;MULTIPLAN - EMPREEND IMOBILIARIOS S.A.;2023;57745369.45;50009312.14;7407160.86;328896.45;2029569000.0;600760875.0;18713710.0;582047165.0;DFP;ON:MULT3;28.420000076293945;MULT3 28.42;16541780473.706675;2.845203560460374;0.34908799292667947;False;0.0;DRE_con 2023;;Malls;Multiplan
07.816.890/0001-53;MULTIPLAN - EMPREEND IMOBILIARIOS S.A.;2024;71771678.4;65771267.1;5285846.9;714564.4;2544789000.0;519163701.0;30485455.0;488678246.0;DFP;ON:MULT3;21.079999923706055;MULT3 21.08;10301337388.396809;2.8203390693688166;0.6967219468109257;False;0.0;DRE_con 2024;;Malls;Multiplan
07.816.890/0001-53;MULTIPLAN - EMPREEND IMOBILIARIOS S.A.;2025;77620026.47;72711248.07;4110102.0;798676.4;2739082000.0;513163701.0;23835034.0;489328667.0;DFP;ON:MULT3;27.25;MULT3 27.25;13334206175.75;2.833797106840905;0.5821120916156387;False;0.0;DRE_con 2025;;Malls;Multiplan
07.816.890/0001-53;MULTIPLAN - EMPREEND IMOBILIARIOS S.A.;2026;77117324.94000001;73198887.18;3225867.48;692570.28;;513163701.0;22755873.0;490407828.0;FRE;ON:MULT3;28.479999542236328;MULT3 28.48;13966814716.949112;;0.5521468316352477;True;1.0;;;Malls;Multiplan
71.673.990/0001-77;NATURA COSMÉTICOS S.A.;2009;15131392.0;9633492.0;5497900.0;;4242057000.0;;;;;ON:NATU3;;;;0.35669940314333354;;False;0.0;DRE_con 2010;sem quantidade de acoes;Consumo;Natura
71.673.990/0001-77;NATURA COSMÉTICOS S.A.;2010;17455700.0;12122800.0;5332900.0;;5136712000.0;430557212.0;655.0;430556557.0;FRE;ON:NATU3;85.4000015258789;NATU3 85.40;36769530624.77717;0.33982243894537983;0.04747327394012875;False;0.0;DRE_con 2010;;Consumo;Natura
71.673.990/0001-77;NATURA COSMÉTICOS S.A.;2011;13171900.0;9385300.0;3786600.0;;5591374000.0;430557212.0;3039771.0;427517441.0;FRE;ON:NATU3;74.83999633789062;NATU3 74.84;31995403718.82437;0.2355753702041752;0.04116810063018634;False;0.0;DRE_con 2011;;Consumo;Natura
71.673.990/0001-77;NATURA COSMÉTICOS S.A.;2012;23204400.0;15206700.0;7997700.0;;6345669000.0;430557212.0;1594717.0;428962495.0;FRE;ON:NATU3;107.4000015258789;NATU3 107.40;46070572617.54482;0.3656730283284552;0.050367075296917814;False;0.0;DRE_con 2012;;Consumo;Natura
71.673.990/0001-77;NATURA COSMÉTICOS S.A.;2013;20453500.0;13912500.0;6541000.0;;7010311000.0;430557212.0;2206956.0;428350256.0;FRE;ON:NATU3;78.54000091552734;NATU3 78.54;33642629498.406372;0.29176309011112345;0.060796377408516386;False;0.0;DRE_con 2013;;Consumo;Natura
71.673.990/0001-77;NATURA COSMÉTICOS S.A.;2014;21313300.0;14926300.0;6387000.0;;7408422000.0;431239264.0;1794584.0;429444680.0;FRE;ON:NATU3;62.70000076293945;NATU3 62.70;26926181763.64029;0.2876901450808283;0.0791545574010065;False;0.0;DRE_con 2014;;Consumo;Natura
71.673.990/0001-77;NATURA COSMÉTICOS S.A.;2015;33651900.0;27907200.0;5744700.0;;7899002000.0;431239264.0;1794584.0;429444680.0;FRE;ON:NATU3;44.81999969482422;NATU3 44.82;19247710426.543884;0.4260272373649228;0.17483585971654983;False;0.0;DRE_con 2015;;Consumo;Natura
71.673.990/0001-77;NATURA COSMÉTICOS S.A.;2016;40204400.0;32291100.0;7913300.0;;7912664000.0;431239264.0;859676.0;430379588.0;FRE;ON:NATU3;50.540000915527344;NATU3 50.54;21751384771.54428;0.5081019489769817;0.18483604801380935;False;0.0;DRE_con 2016;;Consumo;Natura
71.673.990/0001-77;NATURA COSMÉTICOS S.A.;2017;63252700.0;47252000.0;16000700.0;;9852708000.0;431239264.0;629242.0;430610022.0;FRE;ON:NATU3;69.83999633789062;NATU3 69.84;30073802359.539;0.641982894448917;0.21032491749396998;False;0.0;DRE_con 2017;;Consumo;Natura
71.673.990/0001-77;NATURA COSMÉTICOS S.A.;2018;74155200.0;35294700.0;38860500.0;;13397419000.0;433534756.0;153930.0;433380826.0;FRE;ON:NATU3;94.86000061035156;NATU3 94.86;41110505418.874664;0.5535036263328034;0.1803801710643865;False;0.0;DRE_con 2018;;Consumo;Natura
71.673.990/0001-77;NATURA COSMÉTICOS S.A.;2019;96987300.0;39893100.0;57094200.0;;14444690000.0;920205397.0;0.0;920205397.0;FRE;ON:NATU3;36.86000061035156;NATU3 36.86;33918771495.0688;0.6714391239964306;0.28593989618433047;False;0.0;DRE_con 2019;;Consumo;Natura
71.673.990/0001-77;NATURA COSMÉTICOS S.A.;2020;40837600.0;38638000.0;2199600.0;;18345397000.0;920205000.0;0.0;920205000.0;DFP (corrigido de milhares);ON:NATU3;;;;0.2226040679305005;;False;0.0;DRE_con 2020;"sem cotacao no exercicio; quantidade de acoes da DFP estava em milhares";Consumo;Natura
71.673.990/0001-77;NATURA COSMÉTICOS S.A.;2021;26831500.0;26831500.0;0.0;;20735341000.0;920205000.0;0.0;920205000.0;DFP (corrigido de milhares);ON:NATU3;;;;0.12939984927183015;;False;0.0;DRE_con 2021;"sem cotacao no exercicio; quantidade de acoes da DFP estava em milhares";Consumo;Natura
71.673.990/0001-77;NATURA COSMÉTICOS S.A.;2022;29591217.1;29591217.1;0.0;0.0;20207176000.0;920205000.0;0.0;920205000.0;DFP (corrigido de milhares);ON:NATU3;;;;0.14643915161623772;;False;0.0;DRE_con 2022;"sem cotacao no exercicio; quantidade de acoes da DFP estava em milhares";Consumo;Natura
71.673.990/0001-77;NATURA COSMÉTICOS S.A.;2023;30486378.27;30486378.27;0.0;0.0;14928231000.0;920205000.0;0.0;920205000.0;DFP (corrigido de milhares);ON:NATU3;;;;0.20421963104670607;;False;0.0;DRE_con 2023;"sem cotacao no exercicio; quantidade de acoes da DFP estava em milhares";Consumo;Natura
71.673.990/0001-77;NATURA COSMÉTICOS S.A.;2024;41235889.96;41235889.96;0.0;0.0;21271580000.0;920205000.0;0.0;920205000.0;DFP (corrigido de milhares);ON:NATU3;;;;0.19385438204402305;;False;0.0;DRE_con 2024;"sem cotacao no exercicio; quantidade de acoes da DFP estava em milhares";Consumo;Natura
71.673.990/0001-77;NATURA COSMÉTICOS S.A.;2025;48420247.13;39683777.95;8736469.18;0.0;21823488000.0;1773371000.0;385000.0;1772986000.0;DFP (corrigido de milhares);ON:NATU3;7.449999809265137;NATU3 7.45;13208745361.829758;0.22187217336660392;0.366577186580668;False;0.0;DRE_con 2025;quantidade de acoes da DFP estava em milhares;Consumo;Natura
71.673.990/0001-77;NATURA COSMÉTICOS S.A.;2026;61813010.42;40058723.1;21754287.32;0.0;;1374557657.0;1224858.0;1373332799.0;FRE;ON:NATU3;8.930000305175781;NATU3 8.93;12263862314.17791;;0.50402563920291;True;1.0;;;Consumo;Natura
33.000.167/0001-01;PETROLEO BRASILEIRO S.A. PETROBRAS;2009;7577884.5;6615569.25;590197.4;372117.85;182833794000.0;;;;;ON:PETR3/PN:PETR4;;;;0.004144684816856123;;False;0.0;DRE_con 2010;sem quantidade de acoes;Oil;Petrobras
33.000.167/0001-01;PETROLEO BRASILEIRO S.A. PETROBRAS;2010;9283197.319999998;8175925.97;687894.5;419376.85;213273669000.0;13044496930.0;0.0;13044496930.0;FRE;ON:PETR3/PN:PETR4;28.778808664312514;PETR3 30.05 / PETR4 27.09;375405081270.682;0.004352716096425386;0.002472848073493828;False;0.0;DRE_con 2010;;Oil;Petrobras
33.000.167/0001-01;PETROLEO BRASILEIRO S.A. PETROBRAS;2011;13386920.92;12222358.48;710000.4;454562.04;244176142000.0;13044496930.0;0.0;13044496930.0;FRE;ON:PETR3/PN:PETR4;25.905071788547986;PETR3 26.91 / PETR4 24.57;337918629417.1438;0.005482485229863284;0.003961581207609158;False;0.0;DRE_con 2011;;Oil;Petrobras
33.000.167/0001-01;PETROLEO BRASILEIRO S.A. PETROBRAS;2012;14731837.819999998;12932748.18;1147152.13;651937.51;281379482000.0;13044496930.0;0.0;13044496930.0;FRE;ON:PETR3/PN:PETR4;18.165581244949777;PETR3 18.23 / PETR4 18.08;236960868781.41293;0.0052355764234436955;0.0062169918163110455;False;0.0;DRE_con 2012;;Oil;Petrobras
33.000.167/0001-01;PETROLEO BRASILEIRO S.A. PETROBRAS;2013;15092242.61;13113362.01;1268657.94;710222.66;304889934000.0;13044496930.0;0.0;13044496930.0;FRE;ON:PETR3/PN:PETR4;14.169394638151083;PETR3 13.77 / PETR4 14.70;184832624857.32025;0.004950062605215428;0.00816535642538773;False;0.0;DRE_con 2013;;Oil;Petrobras
33.000.167/0001-01;PETROLEO BRASILEIRO S.A. PETROBRAS;2014;17559499.34;15428288.86;1406136.64;725073.84;337260000000.0;13044496930.0;0.0;13044496930.0;FRE;ON:PETR3/PN:PETR4;8.151658726073828;PETR3 8.04 / PETR4 8.30;106334287226.67776;0.005206517031370456;0.01651348760401957;False;0.0;DRE_con 2014;;Oil;Petrobras
33.000.167/0001-01;PETROLEO BRASILEIRO S.A. PETROBRAS;2015;19518946.25;16999302.76;1736631.13;783012.36;321638000000.0;13044496930.0;0.0;13044496930.0;FRE;ON:PETR3/PN:PETR4;6.032436076107227;PETR3 6.93 / PETR4 4.84;78690093875.20197;0.006068607020936581;0.0248048328433258;False;0.0;DRE_con 2015;;Oil;Petrobras
33.000.167/0001-01;PETROLEO BRASILEIRO S.A. PETROBRAS;2016;19359674.160000004;16971808.92;1571158.82;816706.42;282589000000.0;13044496930.0;0.0;13044496930.0;FRE;ON:PETR3/PN:PETR4;15.687536504625557;PETR3 16.19 / PETR4 15.02;204636021773.851;0.006850823690943386;0.00946054071623564;False;0.0;DRE_con 2016;;Oil;Petrobras
33.000.167/0001-01;PETROLEO BRASILEIRO S.A. PETROBRAS;2017;18509851.7;16734662.12;974846.46;800343.12;283695000000.0;13044496930.0;0.0;13044496930.0;FRE;ON:PETR3/PN:PETR4;20.612869640506524;PETR3 21.30 / PETR4 19.70;268884514744.07758;0.006524560425809408;0.006883941129007577;False;0.0;DRE_con 2017;;Oil;Petrobras
33.000.167/0001-01;PETROLEO BRASILEIRO S.A. PETROBRAS;2018;19634923.080000002;17624080.98;1119085.59;891756.51;349836000000.0;13044496930.0;0.0;13044496930.0;FRE;ON:PETR3/PN:PETR4;27.84505759453586;PETR3 29.55 / PETR4 25.58;363224768307.5962;0.005612607930573184;0.005405722514873272;False;0.0;DRE_con 2018;;Oil;Petrobras
33.000.167/0001-01;PETROLEO BRASILEIRO S.A. PETROBRAS;2019;24093417.35;22460160.53;971411.32;661845.5;302245000000.0;13044496930.0;295669.0;13044201261.0;FRE;ON:PETR3/PN:PETR4;31.219097087453914;PETR3 32.00 / PETR4 30.18;407228185595.44775;0.007971485831031118;0.005916441494532281;False;0.0;DRE_con 2019;;Oil;Petrobras
33.000.167/0001-01;PETROLEO BRASILEIRO S.A. PETROBRAS;2020;26296318.4;24646429.73;784969.06;864919.61;272069000000.0;13044497000.0;296000.0;13044201000.0;DFP (corrigido de milhares);ON:PETR3/PN:PETR4;28.630975392343206;PETR3 28.85 / PETR4 28.34;373468197843.7786;0.009665312255346989;0.0070411131528258595;False;0.0;DRE_con 2020;quantidade de acoes da DFP estava em milhares;Oil;Petrobras
33.000.167/0001-01;PETROLEO BRASILEIRO S.A. PETROBRAS;2021;37071371.79;35456855.2;765102.54;849414.05;452668000000.0;13044496930.0;295669.0;13044201261.0;DFP;ON:PETR3/PN:PETR4;29.738070644848293;PETR3 30.67 / PETR4 28.50;387909378605.2372;0.008189527819505686;0.009556709333322496;False;0.0;DRE_con 2021;;Oil;Petrobras
33.000.167/0001-01;PETROLEO BRASILEIRO S.A. PETROBRAS;2022;28944585.99;27663694.7;554068.09;726823.2;641256000000.0;13044496930.0;295669.0;13044201261.0;DFP;ON:PETR3/PN:PETR4;26.519710166893468;PETR3 28.04 / PETR4 24.50;345928436800.3463;0.00451373335922003;0.008367217872494668;False;0.0;DRE_con 2022;;Oil;Petrobras
33.000.167/0001-01;PETROLEO BRASILEIRO S.A. PETROBRAS;2023;35504053.58;33733249.63;989787.58;781016.37;511994000000.0;13044496930.0;104359669.0;12940137261.0;DFP;ON:PETR3/PN:PETR4;38.2407226480493;PETR3 38.98 / PETR4 37.24;494840200025.58936;0.0069344667281257205;0.007174852321651313;False;0.0;DRE_con 2023;;Oil;Petrobras
33.000.167/0001-01;PETROLEO BRASILEIRO S.A. PETROBRAS;2024;32039654.83;29861952.08;1341621.15;836081.6;490829000000.0;13044496930.0;155764169.0;12888732761.0;DFP;ON:PETR3/PN:PETR4;38.049296556083995;PETR3 39.41 / PETR4 36.19;490407215055.40424;0.006527661330117006;0.0065332755812698;False;0.0;DRE_con 2024;;Oil;Petrobras
33.000.167/0001-01;PETROLEO BRASILEIRO S.A. PETROBRAS;2025;31929189.18;29519771.95;1562580.59;846836.64;497549000000.0;12888732761.0;0.0;12888732761.0;DFP;ON:PETR3/PN:PETR4;31.830487316843122;PETR3 32.57 / PETR4 30.82;410254644679.1909;0.006417295418139721;0.007782773356525395;False;0.0;DRE_con 2025;;Oil;Petrobras
33.000.167/0001-01;PETROLEO BRASILEIRO S.A. PETROBRAS;2026;58254750.839999996;53620497.69;3186049.04;1448204.11;;12888732761.0;0.0;12888732761.0;FRE;ON:PETR3/PN:PETR4;49.563012018108886;PETR3 51.79 / PETR4 46.52;638804416731.6367;;0.009119340648590563;True;1.0;;;Oil;Petrobras
03.342.704/0001-30;PETRORECÔNCAVO S.A.;2018;4854000.0;4494000.0;360000.0;0.0;;;;;;ON:RECV3;;;;;;False;0.0;;sem DFP;Oil;PetroReconcavo
03.342.704/0001-30;PETRORECÔNCAVO S.A.;2019;5796000.0;5436000.0;360000.0;0.0;339923000.0;;;;;ON:RECV3;;;;1.7050920355492274;;False;0.0;DRE_con 2020;sem quantidade de acoes;Oil;PetroReconcavo
03.342.704/0001-30;PETRORECÔNCAVO S.A.;2020;11234623.0;10874623.0;360000.0;0.0;787841000.0;83911766.0;0.0;83911766.0;DFP;ON:RECV3;;;;1.4260013124475623;;False;0.0;DRE_con 2020;sem cotacao no exercicio;Oil;PetroReconcavo
03.342.704/0001-30;PETRORECÔNCAVO S.A.;2021;17090499.15;14967165.84;2123333.31;0.0;1040604000.0;248517120.0;143009.0;248374111.0;DFP;ON:RECV3;18.297956466674805;RECV3 18.30;4544738670.527056;1.642363391837817;0.37605020638112957;False;0.0;DRE_con 2021;;Oil;PetroReconcavo
03.342.704/0001-30;PETRORECÔNCAVO S.A.;2022;23132886.46;19352886.46;3780000.0;0.0;2975939000.0;293056784.0;282244.0;292774540.0;DFP;ON:RECV3;33.130001068115234;RECV3 33.13;9699620822.916946;0.7773306663879871;0.2384926883465873;False;0.0;DRE_con 2022;;Oil;PetroReconcavo
03.342.704/0001-30;PETRORECÔNCAVO S.A.;2023;25711404.17;21710904.17;4000500.0;0.0;2814361000.0;293338126.0;225996.0;293112130.0;DFP;ON:RECV3;21.719999313354492;RECV3 21.72;6366395262.335873;0.9135787544668221;0.4038612607374666;False;0.0;DRE_con 2023;;Oil;PetroReconcavo
03.342.704/0001-30;PETRORECÔNCAVO S.A.;2024;25706863.76;20849113.76;4857750.0;0.0;3264554000.0;293452126.0;352936.0;293099190.0;DFP;ON:RECV3;16.209999084472656;RECV3 16.21;4751137601.559677;0.7874540828548096;0.5410675487816032;False;0.0;DRE_con 2024;;Oil;PetroReconcavo
03.342.704/0001-30;PETRORECÔNCAVO S.A.;2025;26676404.98;21792254.98;4884150.0;0.0;3157609000.0;293472126.0;494198.0;292977928.0;DFP;ON:RECV3;11.319999694824219;RECV3 11.32;3316510055.550232;0.8448292673348727;0.8043516990203788;False;0.0;DRE_con 2025;;Oil;PetroReconcavo
03.342.704/0001-30;PETRORECÔNCAVO S.A.;2026;38049137.07;32214007.77;5835129.3;0.0;;293482126.0;0.0;293482126.0;FRE;ON:RECV3;11.229999542236328;RECV3 11.23;3295804140.6345444;;1.1544720331188845;True;1.0;;;Oil;PetroReconcavo
10.629.105/0001-68;PRIO S.A.;2009;367200.0;0.0;367200.0;0.0;21992000.0;;;;;ON:PRIO3;;;;1.6696980720261914;;False;0.0;DRE_con 2010;sem quantidade de acoes;Oil;PetroRio
10.629.105/0001-68;PRIO S.A.;2010;17377579.0;17348779.0;28800.0;0.0;15593000.0;4495849.0;0.0;4495849.0;FRE;ON:PRIO3;1818.0000305175781;PRIO3 1818.00;8173453619.202423;111.44474443660617;0.21260999094891456;False;0.0;DRE_con 2010;;Oil;PetroRio
10.629.105/0001-68;PRIO S.A.;2011;10931727.0;8330742.0;2600985.0;0.0;9937000.0;5883196.0;0.0;5883196.0;FRE;ON:PRIO3;457.99999237060547;PRIO3 458.00;2694503723.1147766;110.01033511120056;0.4057046537446683;False;0.0;DRE_con 2011;;Oil;PetroRio
10.629.105/0001-68;PRIO S.A.;2012;38551137.0;33292880.0;5258257.0;0.0;6746000.0;296185963.0;0.0;296185963.0;FRE;ON:PRIO3;3.750000000000001;PRIO3 3.75;1110697361.2500002;571.4666024310702;3.470894804018784;False;0.0;DRE_con 2012;;Oil;PetroRio
10.629.105/0001-68;PRIO S.A.;2013;43936564.0;39053291.0;4584073.0;299200.0;4395000.0;296185963.0;0.0;296185963.0;FRE;ON:PRIO3;1.1599999666213991;PRIO3 1.16;343575707.19372696;999.6942889647327;12.788029851955201;False;0.0;DRE_con 2013;;Oil;PetroRio
10.629.105/0001-68;PRIO S.A.;2014;9160988.0;8364983.0;408249.0;387756.0;486839000.0;29748449.0;0.0;29748449.0;FRE;ON:PRIO3;3.8999998569488525;PRIO3 3.90;116018946.84445024;1.8817284564301546;7.896113737597004;False;0.0;DRE_con 2014;;Oil;PetroRio
10.629.105/0001-68;PRIO S.A.;2015;6755139.0;5496939.0;864000.0;394200.0;253071000.0;65953739.0;0.0;65953739.0;FRE;ON:PRIO3;1.4599999785423279;PRIO3 1.46;96292457.5247863;2.6692663323731285;7.01523169482011;False;0.0;DRE_con 2015;;Oil;PetroRio
10.629.105/0001-68;PRIO S.A.;2016;4431414.0;2829414.0;1170000.0;432000.0;397871000.0;13190747.0;0.0;13190747.0;FRE;ON:PRIO3;26.199999451637268;PRIO3 26.20;345597564.16668594;1.1137816025797307;1.2822468846634216;False;0.0;DRE_con 2016;;Oil;PetroRio
10.629.105/0001-68;PRIO S.A.;2017;7388685.0;6164685.0;1080000.0;144000.0;533922000.0;13337039.0;672846.0;12664193.0;FRE;ON:PRIO3;88.30000162124634;PRIO3 88.30;1118248262.4317765;1.3838510119455651;0.6607374451834462;False;0.0;DRE_con 2017;;Oil;PetroRio
10.629.105/0001-68;PRIO S.A.;2018;15144369.0;13604769.0;1107600.0;432000.0;848920000.0;135575790.0;10008450.0;125567340.0;FRE;ON:PRIO3;114.99999761581421;PRIO3 115.00;14440243800.624132;1.7839571455496395;0.10487613096494558;False;0.0;DRE_con 2018;;Oil;PetroRio
10.629.105/0001-68;PRIO S.A.;2019;19025101.0;17389501.0;1203600.0;432000.0;1644346000.0;135575790.0;9524760.0;126051030.0;FRE;ON:PRIO3;33.05999994277954;PRIO3 33.06;4167247044.587302;1.157001081280947;0.4565388323860249;False;0.0;DRE_con 2019;;Oil;PetroRio
10.629.105/0001-68;PRIO S.A.;2020;17969400.0;16394400.0;1215000.0;360000.0;1904185000.0;144685660.0;7815513.0;136870147.0;DFP;ON:PRIO3;70.19000053405762;PRIO3 70.19;9606915691.026545;0.9436793168730979;0.1870465046006861;False;0.0;DRE_con 2020;acoes DFP e FRE divergem (144,685,660 x 878,330,845);Oil;PetroRio
10.629.105/0001-68;PRIO S.A.;2021;16627600.0;15007600.0;1260000.0;360000.0;4396003000.0;878330845.0;39077565.0;839253280.0;DFP;ON:PRIO3;20.719999313354492;PRIO3 20.72;17389327385.330505;0.3782435999247498;0.09561956958741778;False;0.0;DRE_con 2021;;Oil;PetroRio
10.629.105/0001-68;PRIO S.A.;2022;43310962.0;40926100.0;2024862.0;360000.0;6363475000.0;882646385.0;391523650.0;491122735.0;DFP;ON:PRIO3;37.209999084472656;PRIO3 37.21;18274676519.713707;0.6806180899587096;0.2369998831622466;False;0.0;DRE_con 2022;;Oil;PetroRio
10.629.105/0001-68;PRIO S.A.;2023;90465540.0;76967300.0;13138240.0;360000.0;11905041000.0;887229147.0;52697965.0;834531182.0;DFP;ON:PRIO3;46.04999923706055;PRIO3 46.05;38430160294.40324;0.7598927210750471;0.23540245293531842;False;0.0;DRE_con 2023;;Oil;PetroRio
10.629.105/0001-68;PRIO S.A.;2024;131701393.0;116233255.0;14988138.0;480000.0;14360653000.0;892059934.0;75058542.0;817001392.0;DFP;ON:PRIO3;40.150001525878906;PRIO3 40.15;32802607135.44519;0.917098916045113;0.4014967238920736;False;0.0;DRE_con 2024;;Oil;PetroRio
10.629.105/0001-68;PRIO S.A.;2025;119067809.0;116607809.0;1920000.0;540000.0;15583960000.0;869455788.0;59533057.0;809922731.0;DFP;ON:PRIO3;41.41999816894531;PRIO3 41.42;33546998035.007187;0.7640407765420343;0.3549283571535956;False;0.0;DRE_con 2025;;Oil;PetroRio
10.629.105/0001-68;PRIO S.A.;2026;150204275.48;126502896.17;23161379.31;540000.0;;872495263.0;71361762.0;801133501.0;FRE;ON:PRIO3;63.68999862670899;PRIO3 63.69;51024191578.500565;;0.29437855031747273;True;1.0;;;Oil;PetroRio
61.585.865/0001-51;RAIA DROGASIL S.A.;2009;13891000.0;12491000.0;1235000.0;165000.0;1720548000.0;;;;;ON:RADL3;;;;0.8073590507210493;;False;0.0;DRE_ind 2010;sem quantidade de acoes;Retail;Raia Drogasil
61.585.865/0001-51;RAIA DROGASIL S.A.;2010;7024000.0;5613000.0;1213000.0;198000.0;2005216000.0;62773340.0;546531.0;62226809.0;FRE;ON:RADL3;11.99999802017212;RADL3 12.00;746721584.8016286;0.3502864529307566;0.9406451002572761;False;0.0;DRE_ind 2010;;Retail;Raia Drogasil
61.585.865/0001-51;RAIA DROGASIL S.A.;2011;11804000.0;10148000.0;1440000.0;216000.0;2729392000.0;330386000.0;0.0;330386000.0;FRE;ON:RADL3;14.499995183944701;RADL3 14.50;4790595408.842754;0.4324772696629872;0.2463994345715671;False;0.0;DRE_con 2011;;Retail;Raia Drogasil
61.585.865/0001-51;RAIA DROGASIL S.A.;2012;11889000.0;10124000.0;1549000.0;216000.0;5380728000.0;330386000.0;0.0;330386000.0;FRE;ON:RADL3;22.24999764633179;RADL3 22.25;7351087722.380975;0.22095523133672618;0.1617311675359687;False;0.0;DRE_con 2012;;Retail;Raia Drogasil
61.585.865/0001-51;RAIA DROGASIL S.A.;2013;21742226.0;19635176.0;1803600.0;303450.0;6232919000.0;330386000.0;0.0;330386000.0;FRE;ON:RADL3;14.52999462890625;RADL3 14.53;4800506805.46582;0.3488289515714868;0.45291522085219144;False;0.0;DRE_con 2013;;Retail;Raia Drogasil
61.585.865/0001-51;RAIA DROGASIL S.A.;2014;20480448.0;18242688.0;1900800.0;336960.0;7391569000.0;330386000.0;1100000.0;329286000.0;FRE;ON:RADL3;25.849999328613283;RADL3 25.85;8512042878.921754;0.27707849307772137;0.24060555487467564;False;0.0;DRE_ind 2014;;Retail;Raia Drogasil
61.585.865/0001-51;RAIA DROGASIL S.A.;2015;26495260.0;24144825.0;1989331.0;361104.0;8897849000.0;330386000.0;1100000.0;329286000.0;FRE;ON:RADL3;41.47999468231201;RADL3 41.48;13658781528.959793;0.2977715175881272;0.1939796748620943;False;0.0;DRE_con 2015;;Retail;Raia Drogasil
61.585.865/0001-51;RAIA DROGASIL S.A.;2016;40235191.0;36102973.0;3740178.0;392040.0;11256565000.0;330386000.0;674154.0;329711846.0;FRE;ON:RADL3;65.49999625396728;RADL3 65.50;21596124677.888638;0.3574375575497499;0.18630745839875207;False;0.0;DRE_con 2016;;Retail;Raia Drogasil
61.585.865/0001-51;RAIA DROGASIL S.A.;2017;46294880.0;41775983.0;4091826.0;427071.0;13212505000.0;330386000.0;674154.0;329711846.0;FRE;ON:RADL3;84.42999378204347;RADL3 84.43;27837569107.646072;0.35038684942787157;0.16630360151412898;False;0.0;DRE_con 2017;;Retail;Raia Drogasil
61.585.865/0001-51;RAIA DROGASIL S.A.;2018;33049470.0;26877857.0;5725614.0;445999.0;14801445000.0;330386000.0;1046572.0;329339428.0;FRE;ON:RADL3;61.99999946594238;RADL3 62.00;20419044360.11377;0.22328542922667347;0.16185610559012398;False;0.0;DRE_con 2018;;Retail;Raia Drogasil
61.585.865/0001-51;RAIA DROGASIL S.A.;2019;35808530.0;29714972.0;5702733.0;390825.0;17565600000.0;330386000.0;750862.0;329635138.0;FRE;ON:RADL3;111.63999998474122;RADL3 111.64;36800466801.29017;0.20385600264152662;0.09730455375295567;False;0.0;DRE_con 2019;;Retail;Raia Drogasil
61.585.865/0001-51;RAIA DROGASIL S.A.;2020;37690374.0;30379402.0;6813079.0;497893.0;20066840000.0;1651930000.0;2479480.0;1649450520.0;DFP;ON:RADL3;25.039999392700196;RADL3 25.04;41302240019.08902;0.18782416165175983;0.09125503600429495;False;0.0;DRE_con 2020;;Retail;Raia Drogasil
61.585.865/0001-51;RAIA DROGASIL S.A.;2021;40463249.0;32155723.0;7757125.0;550401.0;24127002000.0;1651930000.0;4770375.0;1647159625.0;DFP;ON:RADL3;24.300000100708008;RADL3 24.30;40025979053.382164;0.16770939464422477;0.10109246533616244;False;0.0;DRE_con 2021;;Retail;Raia Drogasil
61.585.865/0001-51;RAIA DROGASIL S.A.;2022;52802822.0;43611206.0;8573216.0;618400.0;29067380000.0;1651930000.0;4179812.0;1647750188.0;DFP;ON:RADL3;23.719998522949215;RADL3 23.72;39084632025.54929;0.1816566267754438;0.13509868012952825;False;0.0;DRE_con 2022;;Retail;Raia Drogasil
61.585.865/0001-51;RAIA DROGASIL S.A.;2023;63004871.0;52707714.0;9610635.0;686522.0;33973790000.0;1718007200.0;3624842.0;1714382358.0;DFP;ON:RADL3;29.399998855590823;RADL3 29.40;50402839363.245094;0.18545140533334667;0.1250026224632587;False;0.0;DRE_con 2023;;Retail;Raia Drogasil
61.585.865/0001-51;RAIA DROGASIL S.A.;2024;71720085.0;61089637.0;9937813.0;692635.0;38871522000.0;1718007200.0;6012572.0;1711994628.0;DFP;ON:RADL3;21.999998931884765;RADL3 22.00;37663879987.392456;0.1845054716406525;0.19042139318627677;False;0.0;DRE_con 2024;;Retail;Raia Drogasil
61.585.865/0001-51;RAIA DROGASIL S.A.;2025;73222123.0;60464003.0;12035132.0;722988.0;44250449000.0;1752367344.0;5103450.0;1747263894.0;DFP;ON:RADL3;23.91900077819824;RADL3 23.92;41792806440.30369;0.16547204526670453;0.17520269452253595;False;0.0;DRE_con 2025;;Retail;Raia Drogasil
61.585.865/0001-51;RAIA DROGASIL S.A.;2026;88333333.0;72370344.0;15142509.0;820480.0;;1752367344.0;3831107.0;1748536237.0;FRE;ON:RADL3;19.790000915527344;RADL3 19.79;34603533731.06274;;0.25527257905658735;True;1.0;;;Retail;Raia Drogasil
33.453.598/0001-23;RAÍZEN S.A.;2018;83763017.35;34519896.77;49243120.58;0.0;;;;;;PN:RAIZ4;;;;;;False;0.0;;sem DFP;Oil;Raizen
33.453.598/0001-23;RAÍZEN S.A.;2019;86018212.92;33576392.42;52441820.5;0.0;88950602000.0;;;;;PN:RAIZ4;;;;0.0967033510577028;;False;0.0;DRE_con 2020;sem quantidade de acoes;Oil;Raizen
33.453.598/0001-23;RAÍZEN S.A.;2020;102322345.11;37348021.75;64974323.36;0.0;100941193000.0;1743415530.0;0.0;1743415530.0;DFP;PN:RAIZ4;;;;0.10136827401078963;;False;0.0;DRE_con 2020;sem cotacao no exercicio;Oil;Raizen
33.453.598/0001-23;RAÍZEN S.A.;2021;94413485.03;37877689.31;56535795.72;0.0;89415311000.0;1743415530.0;0.0;1743415530.0;DFP;PN:RAIZ4;6.340000152587891;RAIZ4 6.34;11053254726.224098;0.10558984135278576;0.8541690874634587;False;0.0;DRE_con 2021;empresa tem ON e PN, mas so um preco disponivel: market cap aproximado;Oil;Raizen
33.453.598/0001-23;RAÍZEN S.A.;2022;110926001.94;56872824.26;54053177.68;0.0;191269874000.0;10352509484.0;6907800.0;10345601684.0;DFP;PN:RAIZ4;3.7400000095367436;RAIZ4 3.74;38692550396.82335;0.05799449731430262;0.2866856818751007;False;0.0;DRE_con 2022;empresa tem ON e PN, mas so um preco disponivel: market cap aproximado;Oil;Raizen
33.453.598/0001-23;RAÍZEN S.A.;2023;105475046.03000002;46314568.57;58610789.95;549687.51;245831790000.0;10352509484.0;34284534.0;10318224950.0;DFP;PN:RAIZ4;4.03000020980835;RAIZ4 4.03;41582448713.34975;0.04290537282830671;0.25365280134678075;False;0.0;DRE_con 2023;empresa tem ON e PN, mas so um preco disponivel: market cap aproximado;Oil;Raizen
33.453.598/0001-23;RAÍZEN S.A.;2024;168702231.32999998;97590655.27;70320026.06;791550.0;220454239000.0;10352509484.0;26394646.0;10326114838.0;DFP;PN:RAIZ4;2.1600000858306885;RAIZ4 2.16;22304408936.377544;0.07652482986729957;0.7563627075311277;False;0.0;DRE_con 2024;empresa tem ON e PN, mas so um preco disponivel: market cap aproximado;Oil;Raizen
33.453.598/0001-23;RAÍZEN S.A.;2025;111121885.9;47775704.31;62554631.59;791550.0;255268454000.0;10352509484.0;18263674.0;10334245810.0;DFP;PN:RAIZ4;0.8100000023841858;RAIZ4 0.81;8370739130.738762;0.043531382024979866;1.3275038699025006;False;0.0;DRE_con 2025;empresa tem ON e PN, mas so um preco disponivel: market cap aproximado;Oil;Raizen
33.453.598/0001-23;RAÍZEN S.A.;2026;163128112.82999998;67815548.92;94521013.91;791550.0;225849347000.0;10352509484.0;9393603.0;10343115881.0;DFP;PN:RAIZ4;0.25999999046325684;RAIZ4 0.26;2689210030.4203606;0.07222872901642703;6.066023515630753;True;1.0;DRE_con 2026;empresa tem ON e PN, mas so um preco disponivel: market cap aproximado;Oil;Raizen
06.047.087/0001-39;REDE D'OR SÃO LUIZ S.A.;2016;23528371.66;23528371.66;0.0;0.0;;;;;;ON:RDOR3;;;;;;False;0.0;;sem DFP;Saude;Rede D'Or
06.047.087/0001-39;REDE D'OR SÃO LUIZ S.A.;2017;21557657.84;21557657.84;0.0;0.0;;;;;;ON:RDOR3;;;;;;False;0.0;;sem DFP;Saude;Rede D'Or
06.047.087/0001-39;REDE D'OR SÃO LUIZ S.A.;2018;33002419.0;33002419.0;0.0;0.0;10914892000.0;;;;;ON:RDOR3;;;;0.3023613884589971;;False;0.0;DRE_con 2018;sem quantidade de acoes;Saude;Rede D'Or
06.047.087/0001-39;REDE D'OR SÃO LUIZ S.A.;2019;38769730.84;38769730.84;0.0;0.0;13319835000.0;919824834.0;38337656.0;881487178.0;FRE;ON:RDOR3;;;;0.29106765091309317;;False;0.0;DRE_con 2019;sem cotacao no exercicio;Saude;Rede D'Or
06.047.087/0001-39;REDE D'OR SÃO LUIZ S.A.;2020;501509962.0;170976838.0;330533124.0;0.0;14029408000.0;1985327155.0;42800664.0;1942526491.0;DFP;ON:RDOR3;;;;3.5747050909061877;;False;0.0;DRE_con 2020;sem cotacao no exercicio;Saude;Rede D'Or
06.047.087/0001-39;REDE D'OR SÃO LUIZ S.A.;2021;179716691.0;132078328.0;47638363.0;0.0;20381883000.0;2010367155.0;38913920.0;1971453235.0;DFP;ON:RDOR3;45.5;RDOR3 45.50;89701122192.5;0.8817472409197914;0.20035054925436183;False;0.0;DRE_con 2021;;Saude;Rede D'Or
06.047.087/0001-39;REDE D'OR SÃO LUIZ S.A.;2022;129581508.0;110637241.0;17929091.0;1015176.0;22987443000.0;2289292590.0;36334156.0;2252958434.0;DFP;ON:RDOR3;29.579999923706055;RDOR3 29.58;66642510305.83292;0.5637056196289426;0.1944427174266548;False;0.0;DRE_con 2022;;Saude;Rede D'Or
06.047.087/0001-39;REDE D'OR SÃO LUIZ S.A.;2023;130286869.0;88648486.0;40046235.0;1592148.0;46508558000.0;2289292590.0;34685880.0;2254606710.0;DFP;ON:RDOR3;28.760000228881836;RDOR3 28.76;64842489495.63852;0.2801352581174415;0.20092823396110268;False;0.0;DRE_con 2023;;Saude;Rede D'Or
06.047.087/0001-39;REDE D'OR SÃO LUIZ S.A.;2024;133863495.0;78016318.0;54255030.0;1592147.0;50571261000.0;2289292590.0;69172994.0;2220119596.0;DFP;ON:RDOR3;25.420000076293945;RDOR3 25.42;56435440299.70168;0.2647027033792968;0.23719757352669685;False;0.0;DRE_con 2024;;Saude;Rede D'Or
06.047.087/0001-39;REDE D'OR SÃO LUIZ S.A.;2025;146117205.0;86986368.0;56926804.0;2204033.0;55725852000.0;2289292590.0;82882567.0;2206410023.0;DFP;ON:RDOR3;40.61000061035156;RDOR3 40.61;89602312380.7158;0.2622072157820037;0.16307302916375105;False;0.0;DRE_con 2025;;Saude;Rede D'Or
06.047.087/0001-39;REDE D'OR SÃO LUIZ S.A.;2026;188113790.0;124061357.0;61730496.0;2321937.0;;2240292590.0;60775041.0;2179517549.0;FRE;ON:RDOR3;36.34000015258789;RDOR3 36.34;79203668063.22798;;0.2375064117609168;True;1.0;;;Saude;Rede D'Or
02.387.241/0001-60;RUMO S.A.;2009;7475000.0;4669000.0;2431000.0;375000.0;2471663000.0;;;;;ON:RAIL3;;;;0.30242796044606407;;False;0.0;DRE_con 2010;sem quantidade de acoes;Logistics;Rumo
02.387.241/0001-60;RUMO S.A.;2010;40795187.0;32982718.0;7423309.0;389160.0;2753531000.0;689122312.0;571144.0;688551168.0;FRE;ON:RAIL3;;;;1.4815590236681555;;False;0.0;DRE_con 2010;sem cotacao no exercicio;Logistics;Rumo
02.387.241/0001-60;RUMO S.A.;2011;41893238.0;36651561.0;4851677.0;390000.0;3173215000.0;687664312.0;6979474.0;680684838.0;FRE;ON:RAIL3;;;;1.3202142937052799;;False;0.0;DRE_con 2011;sem cotacao no exercicio;Logistics;Rumo
02.387.241/0001-60;RUMO S.A.;2012;28454489.0;22004947.0;5979782.0;469760.0;3568578000.0;687664312.0;5591610.0;682072702.0;FRE;ON:RAIL3;;;;0.7973621145453456;;False;0.0;DRE_con 2012;sem cotacao no exercicio;Logistics;Rumo
02.387.241/0001-60;RUMO S.A.;2013;28703157.0;22877534.0;5350423.0;475200.0;3641426000.0;687664312.0;4436736.0;683227576.0;FRE;ON:RAIL3;;;;0.7882394699219482;;False;0.0;DRE_con 2013;sem cotacao no exercicio;Logistics;Rumo
02.387.241/0001-60;RUMO S.A.;2014;13525356.0;8750436.0;4378560.0;396360.0;3666224000.0;687664312.0;0.0;687664312.0;FRE;ON:RAIL3;;;;0.36891788390452956;;False;0.0;DRE_con 2014;sem cotacao no exercicio;Logistics;Rumo
02.387.241/0001-60;RUMO S.A.;2015;4987135.8100000005;3606135.81;1381000.0;0.0;4148816000.0;681995165.0;0.0;681995165.0;FRE;ON:RAIL3;1.889999985694885;RAIL3 1.89;1288970852.0939808;0.12020624221464632;0.3869083464453998;False;0.0;DRE_con 2015;;Logistics;Rumo
02.387.241/0001-60;RUMO S.A.;2016;17406828.740000002;13937679.3;3078000.0;391149.44;4311713000.0;687664312.0;0.0;687664312.0;FRE;ON:RAIL3;7.5;RAIL3 7.50;5157482340.0;0.4037102826649177;0.3375063178597331;False;0.0;DRE_con 2016;;Logistics;Rumo
02.387.241/0001-60;RUMO S.A.;2017;9840487.57;6819639.57;2503626.0;517222.0;5946349000.0;1559015898.0;0.0;1559015898.0;FRE;ON:RAIL3;14.270000457763672;RAIL3 14.27;22247157578.120842;0.16548789130944047;0.04423256110559361;False;0.0;DRE_con 2017;;Logistics;Rumo
02.387.241/0001-60;RUMO S.A.;2018;28570519.060000002;23667696.84;4233471.58;669350.64;6584936000.0;1559015898.0;0.0;1559015898.0;FRE;ON:RAIL3;19.649999618530273;RAIL3 19.65;30634661800.98263;0.4338769436787237;0.09326206780282972;False;0.0;DRE_con 2018;;Logistics;Rumo
02.387.241/0001-60;RUMO S.A.;2019;38749411.699999996;34198250.3;3834000.0;717161.4;7087840000.0;1559015898.0;8000000.0;1551015898.0;FRE;ON:RAIL3;26.100000381469723;RAIL3 26.10;40481515529.46561;0.5467026865730603;0.09572124756988198;False;0.0;DRE_con 2019;;Logistics;Rumo
02.387.241/0001-60;RUMO S.A.;2020;25532470.209999997;13322936.94;11572285.0;637248.27;6966159000.0;1853268772.0;532000.0;1852736772.0;DFP;ON:RAIL3;19.239999771118164;RAIL3 19.24;35646655069.222206;0.3665214964229211;0.07162655278712271;False;0.0;DRE_con 2020;;Logistics;Rumo
02.387.241/0001-60;RUMO S.A.;2021;45724404.89;34085697.99;10921545.5;717161.4;7439632000.0;1854158791.0;839673.0;1853319118.0;DFP;ON:RAIL3;17.760000228881836;RAIL3 17.76;32914947959.871082;0.6146057343965401;0.1389168378626812;False;0.0;DRE_con 2021;;Logistics;Rumo
02.387.241/0001-60;RUMO S.A.;2022;49191194.800000004;36965975.85;11567821.0;657397.95;9841508000.0;1854158791.0;1780457.0;1852378334.0;DFP;ON:RAIL3;18.610000610351562;RAIL3 18.61;34472761926.34201;0.49983391569665947;0.14269583303219766;False;0.0;DRE_con 2022;;Logistics;Rumo
02.387.241/0001-60;RUMO S.A.;2023;50000933.96;43182991.11;6065942.85;752000.0;10937716000.0;1854868949.0;5365279.0;1849503670.0;DFP;ON:RAIL3;22.950000762939453;RAIL3 22.95;42446110637.55932;0.45714236829700094;0.1177986232636251;False;0.0;DRE_con 2023;;Logistics;Rumo
02.387.241/0001-60;RUMO S.A.;2024;46656559.57;40643538.64;5208970.93;804050.0;13936389000.0;1854868949.0;4172689.0;1850696260.0;DFP;ON:RAIL3;17.84000015258789;RAIL3 17.84;33016421560.79384;0.33478227085940265;0.1413131931456905;False;0.0;DRE_con 2024;;Logistics;Rumo
02.387.241/0001-60;RUMO S.A.;2025;29996610.310000002;23310604.07;5895006.24;791000.0;13847776000.0;1858828617.0;3042509.0;1855786108.0;DFP;ON:RAIL3;14.760000228881836;RAIL3 14.76;27391403378.83573;0.21661680770977232;0.10951103853691999;False;0.0;DRE_con 2025;;Logistics;Rumo
02.387.241/0001-60;RUMO S.A.;2026;57330573.05;45063573.05;11313000.0;954000.0;;1858828617.0;22216492.0;1836612125.0;FRE;ON:RAIL3;15.380000114440918;RAIL3 15.38;28247094692.68358;;0.20296095465297348;True;1.0;;;Logistics;Rumo
06.057.223/0001-71;SENDAS DISTRIBUIDORA S.A.;2017;22951972.64;22951972.64;0.0;0.0;;;;;;ON:ASAI3;;;;;;False;0.0;;sem DFP;Retail;Assai
06.057.223/0001-71;SENDAS DISTRIBUIDORA S.A.;2018;24339488.37;24339488.37;0.0;0.0;0.0;;;;;ON:ASAI3;;;;;;False;0.0;DRE_con 2019;sem quantidade de acoes;Retail;Assai
06.057.223/0001-71;SENDAS DISTRIBUIDORA S.A.;2019;29800698.13;29800698.13;0.0;0.0;30232000000.0;;;;;ON:ASAI3;;;;0.09857335978433449;;False;0.0;DRE_con 2019;sem quantidade de acoes;Retail;Assai
06.057.223/0001-71;SENDAS DISTRIBUIDORA S.A.;2020;24867134.19;24867134.19;0.0;0.0;36043000000.0;268352000.0;0.0;268352000.0;DFP (corrigido de milhares);ON:ASAI3;;;;0.06899296448686291;;False;0.0;DRE_con 2020;"sem cotacao no exercicio; quantidade de acoes da DFP estava em milhares";Retail;Assai
06.057.223/0001-71;SENDAS DISTRIBUIDORA S.A.;2021;73871370.46;39653428.95;33886601.3;331340.21;41898000000.0;1346674000.0;0.0;1346674000.0;DFP (corrigido de milhares);ON:ASAI3;12.930000305175781;ASAI3 12.93;17412495230.97229;0.1763124026445176;0.4242434497762393;False;0.0;DRE_ind 2021;quantidade de acoes da DFP estava em milhares;Retail;Assai
06.057.223/0001-71;SENDAS DISTRIBUIDORA S.A.;2022;95538289.0;59114792.0;35839317.0;584180.0;54520000000.0;1349165000.0;0.0;1349165000.0;DFP (corrigido de milhares);ON:ASAI3;19.469999313354492;ASAI3 19.47;26268241623.601913;0.17523530630961115;0.3637026427918922;False;0.0;DRE_ind 2022;quantidade de acoes da DFP estava em milhares;Retail;Assai
06.057.223/0001-71;SENDAS DISTRIBUIDORA S.A.;2023;65424598.07;47160704.39;17806933.68;456960.0;66503000000.0;1351833000.0;0.0;1351833000.0;DFP (corrigido de milhares);ON:ASAI3;13.529999732971191;ASAI3 13.53;18290300129.021645;0.09837841611656617;0.35770106345160113;False;0.0;DRE_ind 2023;quantidade de acoes da DFP estava em milhares;Retail;Assai
06.057.223/0001-71;SENDAS DISTRIBUIDORA S.A.;2024;58177641.0;47332743.0;10348419.0;496479.0;73819000000.0;1352215647.0;3800000.0;1348415647.0;DFP;ON:ASAI3;5.630000114440918;ASAI3 5.63;7591580246.923924;0.0788112017231336;0.7663442802119272;False;0.0;DRE_ind 2024;;Retail;Assai
06.057.223/0001-71;SENDAS DISTRIBUIDORA S.A.;2025;63883038.15;53507980.05;9789320.25;585737.85;77307000000.0;1353497000.0;11789000.0;1341708000.0;DFP (corrigido de milhares);ON:ASAI3;7.28000020980835;ASAI3 7.28;9767634521.501541;0.08263551573596181;0.6540277280991007;False;0.0;DRE_ind 2025;quantidade de acoes da DFP estava em milhares;Retail;Assai
06.057.223/0001-71;SENDAS DISTRIBUIDORA S.A.;2026;83261327.0;73028651.0;9370935.0;861741.0;;1354393401.0;15936386.0;1338457015.0;FRE;ON:ASAI3;8.680000305175781;ASAI3 8.68;11617807298.664665;;0.7166698918269194;True;1.0;;;Retail;Assai
07.594.978/0001-78;SMARTFIT ESCOLA DE GINÁSTICA E DANÇA S.A.;2014;1616590.74;1616590.74;0.0;;;;;;;ON:SMFT3;;;;;;False;0.0;;sem DFP;Retail;Smartfit
07.594.978/0001-78;SMARTFIT ESCOLA DE GINÁSTICA E DANÇA S.A.;2015;3740498.48;3740498.48;0.0;0.0;535700000.0;;;;;ON:SMFT3;;;;0.6982450028000746;;False;0.0;DRE_con 2016;sem quantidade de acoes;Retail;Smartfit
07.594.978/0001-78;SMARTFIT ESCOLA DE GINÁSTICA E DANÇA S.A.;2016;3849286.41;3849286.41;0.0;0.0;641196000.0;;;;;ON:SMFT3;;;;0.6003291364886868;;False;0.0;DRE_con 2016;sem quantidade de acoes;Retail;Smartfit
07.594.978/0001-78;SMARTFIT ESCOLA DE GINÁSTICA E DANÇA S.A.;2017;4644000.41;4644000.41;0.0;0.0;745563000.0;15702116.0;0.0;15702116.0;FRE;ON:SMFT3;;;;0.6228850425785615;;False;0.0;DRE_con 2017;sem cotacao no exercicio;Retail;Smartfit
07.594.978/0001-78;SMARTFIT ESCOLA DE GINÁSTICA E DANÇA S.A.;2018;6246555.34;6246555.34;0.0;0.0;1160033000.0;1010514.0;0.0;1010514.0;FRE;ON:SMFT3;;;;0.538480831148769;;False;0.0;DRE_con 2018;sem cotacao no exercicio;Retail;Smartfit
07.594.978/0001-78;SMARTFIT ESCOLA DE GINÁSTICA E DANÇA S.A.;2019;132404850.08;132404850.08;0.0;0.0;1983947000.0;21066187.0;0.0;21066187.0;FRE;ON:SMFT3;;;;6.673809838670086;;False;0.0;DRE_con 2019;sem cotacao no exercicio;Retail;Smartfit
07.594.978/0001-78;SMARTFIT ESCOLA DE GINÁSTICA E DANÇA S.A.;2020;5974869.27;5974869.27;0.0;0.0;1256244000.0;22282000.0;0.0;22282000.0;DFP (corrigido de milhares);ON:SMFT3;;;;0.4756137557671917;;False;0.0;DRE_con 2020;"sem cotacao no exercicio; quantidade de acoes da DFP estava em milhares";Retail;Smartfit
07.594.978/0001-78;SMARTFIT ESCOLA DE GINÁSTICA E DANÇA S.A.;2021;16054116.98;16054116.98;0.0;0.0;1706851000.0;586242289.0;0.0;586242289.0;DFP;ON:SMFT3;16.139999389648438;SMFT3 16.14;9461950186.646103;0.9405693279612574;0.16967027582387395;False;0.0;DRE_con 2021;;Retail;Smartfit
07.594.978/0001-78;SMARTFIT ESCOLA DE GINÁSTICA E DANÇA S.A.;2022;13980073.93;13980073.93;0.0;0.0;2930438000.0;586242289.0;0.0;586242289.0;DFP;ON:SMFT3;13.59000015258789;SMFT3 13.59;7967032796.963474;0.4770643135940771;0.17547403514302481;False;0.0;DRE_con 2022;;Retail;Smartfit
07.594.978/0001-78;SMARTFIT ESCOLA DE GINÁSTICA E DANÇA S.A.;2023;43356191.84;42897761.0;0.0;458430.84;4244743000.0;586242289.0;0.0;586242289.0;DFP;ON:SMFT3;26.030000686645508;SMFT3 26.03;15259887185.210634;1.0214091133432577;0.28411869179491284;False;0.0;DRE_con 2023;;Retail;Smartfit
07.594.978/0001-78;SMARTFIT ESCOLA DE GINÁSTICA E DANÇA S.A.;2024;44093906.809999995;42950315.37;470000.0;673591.44;5580304000.0;586242289.0;0.0;586242289.0;DFP;ON:SMFT3;16.959999084472656;SMFT3 16.96;9942668684.719154;0.790170334985334;0.4434816064802373;False;0.0;DRE_con 2024;;Retail;Smartfit
07.594.978/0001-78;SMARTFIT ESCOLA DE GINÁSTICA E DANÇA S.A.;2025;37146977.54;35636103.14;840000.0;670874.4;7241694000.0;597250053.0;2788.0;597247265.0;DFP;ON:SMFT3;23.299999237060547;SMFT3 23.30;13915860818.836498;0.5129597790240792;0.2669398467230851;False;0.0;DRE_con 2025;;Retail;Smartfit
07.594.978/0001-78;SMARTFIT ESCOLA DE GINÁSTICA E DANÇA S.A.;2026;42000000.0;29100000.0;12100000.0;800000.0;;616129844.0;3574906.0;612554938.0;FRE;ON:SMFT3;17.3799991607666;SMFT3 17.38;10646204308.363438;;0.3945068005787346;True;1.0;;;Retail;Smartfit
16.404.287/0001-55;SUZANO S.A.;2009;30803241.0;17116241.0;13398989.0;288011.0;3952746000.0;;;;;ON:SUZB3;;;;0.7792871335522191;;False;0.0;DRE_con 2010;sem quantidade de acoes;Pulp;Suzano
16.404.287/0001-55;SUZANO S.A.;2010;42054897.0;24497197.0;17269689.0;288011.0;4513883000.0;393103120.0;10940879.0;382162241.0;FRE;ON:SUZB3;16.007999420166016;SUZB3 16.01;6117652932.337345;0.9316789336365165;0.6874351563440567;False;0.0;DRE_con 2010;empresa tem ON e PN, mas so um preco disponivel: market cap aproximado;Pulp;Suzano
16.404.287/0001-55;SUZANO S.A.;2011;41477344.0;26664834.0;14466332.0;346178.0;4847988000.0;393103120.0;10940881.0;382162239.0;FRE;ON:SUZB3;20.010000228881836;SUZB3 20.01;7647066489.859995;0.8555578932951154;0.542395493160664;False;0.0;DRE_con 2011;empresa tem ON e PN, mas so um preco disponivel: market cap aproximado;Pulp;Suzano
16.404.287/0001-55;SUZANO S.A.;2012;32862391.0;22247128.0;10261022.0;354241.0;5192292000.0;780619894.0;10940881.0;769679013.0;FRE;ON:SUZB3;20.010000228881836;SUZB3 20.01;15401277226.295546;0.6329072209344159;0.21337445276221653;False;0.0;DRE_con 2012;empresa tem ON e PN, mas so um preco disponivel: market cap aproximado;Pulp;Suzano
16.404.287/0001-55;SUZANO S.A.;2013;35421190.65;25107679.45;10008919.4;304591.8;5688625000.0;780619894.0;22940881.0;757679013.0;FRE;ON:SUZB3;20.010000228881836;SUZB3 20.01;15161157223.548964;0.6226670003735525;0.23363118083745138;False;0.0;DRE_con 2013;empresa tem ON e PN, mas so um preco disponivel: market cap aproximado;Pulp;Suzano
16.404.287/0001-55;SUZANO S.A.;2014;35423997.11;26283236.31;8836168.4;304592.4;7264599000.0;1107738677.0;19340881.0;1088397796.0;FRE;ON:SUZB3;20.010000228881836;SUZB3 20.01;21778840147.074486;0.4876249481905333;0.1626532766243681;False;0.0;DRE_con 2014;empresa tem ON e PN, mas so um preco disponivel: market cap aproximado;Pulp;Suzano
16.404.287/0001-55;SUZANO S.A.;2015;38134027.61;28788681.29;9015368.4;329977.92;10224361000.0;1107738677.0;19340890.0;1088397787.0;FRE;ON:SUZB3;20.010000228881836;SUZB3 20.01;21778839966.98448;0.3729722337660026;0.17509668865655414;False;0.0;DRE_con 2015;empresa tem ON e PN, mas so um preco disponivel: market cap aproximado;Pulp;Suzano
16.404.287/0001-55;SUZANO S.A.;2016;38940337.13;27529415.03;11068251.42;342670.68;9882313000.0;1105826145.0;13833126.0;1091993019.0;FRE;ON:SUZB3;20.010000228881836;SUZB3 20.01;21850780560.127365;0.39404071830147464;0.17821027959549024;False;0.0;DRE_con 2016;empresa tem ON e PN, mas so um preco disponivel: market cap aproximado;Pulp;Suzano
16.404.287/0001-55;SUZANO S.A.;2017;49452017.87;36112584.41;12997080.07;342353.39;10520790000.0;1105826145.0;13842004.0;1091984141.0;FRE;ON:SUZB3;20.65999984741211;SUZB3 20.66;22560392186.436443;0.47004091774477014;0.21919839629264556;False;0.0;DRE_con 2017;;Pulp;Suzano
16.404.287/0001-55;SUZANO S.A.;2018;119254737.61;100012116.54;18464265.96;778355.11;13437329000.0;1361263584.0;12042004.0;1349221580.0;FRE;ON:SUZB3;46.0;SUZB3 46.00;62064192680.0;0.8874884109036848;0.19214740812769723;False;0.0;DRE_con 2018;;Pulp;Suzano
16.404.287/0001-55;SUZANO S.A.;2019;93228978.45;74351737.08;17930897.67;946343.7;26012950000.0;1361263584.0;12042004.0;1349221580.0;FRE;ON:SUZB3;39.68000030517578;SUZB3 39.68;53537112706.14975;0.35839448601561913;0.17413897339161305;False;0.0;DRE_con 2019;;Pulp;Suzano
16.404.287/0001-55;SUZANO S.A.;2020;133720168.02;113928178.08;18840149.94;951840.0;30460277000.0;1361263584.0;12042004.0;1349221580.0;DFP;ON:SUZB3;58.540000915527344;SUZB3 58.54;78983432528.44925;0.43899852919919274;0.16930154051210042;False;0.0;DRE_con 2020;;Pulp;Suzano
16.404.287/0001-55;SUZANO S.A.;2021;101473787.5;83788566.9;16803220.6;882000.0;40965431000.0;1361263584.0;12042004.0;1349221580.0;DFP;ON:SUZB3;59.97999954223633;SUZB3 59.98;80926309750.77538;0.24770589500205673;0.12539035551293967;False;0.0;DRE_con 2021;;Pulp;Suzano
16.404.287/0001-55;SUZANO S.A.;2022;90373033.77;73474022.67;15911411.1;987600.0;49830946000.0;1361263584.0;51911569.0;1309352015.0;DFP;ON:SUZB3;48.2400016784668;SUZB3 48.24;63163143401.30388;0.181359257699021;0.1430787464072512;False;0.0;DRE_con 2022;;Pulp;Suzano
16.404.287/0001-55;SUZANO S.A.;2023;108879805.35;92126140.78;15686864.57;1066800.0;39755575000.0;1324117615.0;34765600.0;1289352015.0;DFP;ON:SUZB3;55.630001068115234;SUZB3 55.63;71726653971.62653;0.2738730488742774;0.15179824977346698;False;0.0;DRE_con 2023;;Pulp;Suzano
16.404.287/0001-55;SUZANO S.A.;2024;158959632.57999998;137816816.42;20052016.16;1090800.0;47403282000.0;1264117615.0;24875787.0;1239241828.0;DFP;ON:SUZB3;61.779998779296875;SUZB3 61.78;76560358621.09363;0.33533465589998596;0.20762655170766664;False;0.0;DRE_con 2024;;Pulp;Suzano
16.404.287/0001-55;SUZANO S.A.;2025;129435837.34;102893446.2;25451591.14;1090800.0;50115679000.0;1264117615.0;28208827.0;1235908788.0;DFP;ON:SUZB3;51.45000076293945;SUZB3 51.45;63587508085.523575;0.25827413680257627;0.2035554486046412;False;0.0;DRE_con 2025;;Pulp;Suzano
16.404.287/0001-55;SUZANO S.A.;2026;136275531.18;103773218.62;31245567.81;1256744.75;;1264117615.0;32556893.0;1231560722.0;FRE;ON:SUZB3;45.88999938964844;SUZB3 45.89;56516320780.89499;;0.24112597794240553;True;1.0;;;Pulp;Suzano
53.113.791/0001-22;TOTVS S.A.;2009;27905448.02;27214248.02;691200.0;0.0;988679000.0;;;;;ON:TOTS3;;;;2.822498305314465;;False;0.0;DRE_con 2010;sem quantidade de acoes;TMT;TOTVS
53.113.791/0001-22;TOTVS S.A.;2010;23642590.53;22869790.53;772800.0;0.0;1129475000.0;31460272.0;0.0;31460272.0;FRE;ON:TOTS3;161.2964630126953;TOTS3 161.30;5074430599.017334;2.093237170366763;0.46591612731048876;False;0.0;DRE_con 2010;;TMT;TOTVS
53.113.791/0001-22;TOTVS S.A.;2011;31288085.45;30382565.45;905520.0;0.0;1279160000.0;159861083.0;0.0;159861083.0;FRE;ON:TOTS3;29.90954303741455;TOTS3 29.91;4781371941.9962;2.4459868546546173;0.6543746403660322;False;0.0;DRE_con 2011;;TMT;TOTVS
53.113.791/0001-22;TOTVS S.A.;2012;34247374.0;33128917.0;1118457.0;;1413976000.0;162202977.0;0.0;162202977.0;FRE;ON:TOTS3;43.18165397644043;TOTS3 43.18;7004192826.762526;2.4220619020407703;0.48895532785938167;False;0.0;DRE_con 2012;;TMT;TOTVS
53.113.791/0001-22;TOTVS S.A.;2013;25764705.52;24699971.5;1064734.02;;1611794000.0;163467071.0;269252.0;163197819.0;FRE;ON:TOTS3;31.57229232788086;TOTS3 31.57;5152529248.740589;1.5985110702732483;0.5000399663194063;False;0.0;DRE_con 2013;;TMT;TOTVS
53.113.791/0001-22;TOTVS S.A.;2014;19639103.6;18418014.8;1221088.8;;1772447000.0;;;;;ON:TOTS3;;;;1.1080220508709147;;False;0.0;DRE_con 2014;sem quantidade de acoes;TMT;TOTVS
53.113.791/0001-22;TOTVS S.A.;2015;19279749.220000003;17765104.03;1514645.19;;1908737000.0;165637727.0;2199275.0;163438452.0;FRE;ON:TOTS3;32.25929260253906;TOTS3 32.26;5272408845.574036;1.0100788751933871;0.36567249969972526;False;0.0;DRE_con 2015;;TMT;TOTVS
53.113.791/0001-22;TOTVS S.A.;2016;15672522.31;13893640.72;1778881.59;;2183786000.0;165637727.0;2292775.0;163344952.0;FRE;ON:TOTS3;25.97669792175293;TOTS3 25.98;4243162475.147232;0.7176766546722069;0.3693594671850548;False;0.0;DRE_con 2016;;TMT;TOTVS
53.113.791/0001-22;TOTVS S.A.;2017;19248410.84;16974661.16;2273749.68;0.0;2227330000.0;165637727.0;2211335.0;163426392.0;FRE;ON:TOTS3;32.35886192321777;TOTS3 32.36;5288292053.337662;0.8641921421612424;0.3639816153468968;False;0.0;DRE_con 2017;;TMT;TOTVS
53.113.791/0001-22;TOTVS S.A.;2018;22019293.080000002;18752307.37;3266985.71;0.0;2320269000.0;165637727.0;2017758.0;163619969.0;FRE;ON:TOTS3;33.115559577941895;TOTS3 33.12;5418366831.560506;0.9489974257295167;0.4063824721453637;False;0.0;DRE_con 2018;;TMT;TOTVS
53.113.791/0001-22;TOTVS S.A.;2019;27555379.43;21916085.25;5639294.18;0.0;2282124000.0;165637727.0;5112510.0;160525217.0;FRE;ON:TOTS3;64.39178466796875;TOTS3 64.39;10336505206.842957;1.207444443422005;0.26658313306665615;False;0.0;DRE_con 2019;;TMT;TOTVS
53.113.791/0001-22;TOTVS S.A.;2020;34540622.08;27569091.73;6971530.35;0.0;2596077000.0;577913181.0;10153586.0;567759595.0;DFP;ON:TOTS3;28.649606704711914;TOTS3 28.65;16266089099.57652;1.3304929738216547;0.21234742948075483;False;0.0;DRE_con 2020;acoes DFP e FRE divergem (577,913,181 x 165,637,727);TMT;TOTVS
53.113.791/0001-22;TOTVS S.A.;2021;43787667.72;33685537.61;9870852.95;231277.16;3258863000.0;617183181.0;9104876.0;608078305.0;DFP;ON:TOTS3;28.610000610351562;TOTS3 28.61;17397120677.191544;1.3436486197793525;0.25169491281053036;False;0.0;DRE_con 2021;;TMT;TOTVS
53.113.791/0001-22;TOTVS S.A.;2022;51274287.26;40499018.62;10674833.53;100435.11;3792932000.0;617183181.0;11435754.0;605747427.0;DFP;ON:TOTS3;27.6200008392334;TOTS3 27.62;16730744442.103472;1.35183776719435;0.30646745838138895;False;0.0;DRE_con 2022;;TMT;TOTVS
53.113.791/0001-22;TOTVS S.A.;2023;56311124.74;45454317.61;10573519.06;283288.07;4497028000.0;617183181.0;13376899.0;603806282.0;DFP;ON:TOTS3;33.689998626708984;TOTS3 33.69;20342232811.378258;1.2521853263977898;0.27681879989350455;False;0.0;DRE_con 2023;;TMT;TOTVS
53.113.791/0001-22;TOTVS S.A.;2024;62860189.17;52587695.2;10145464.01;127029.96;5224007000.0;599401581.0;13512321.0;585889260.0;DFP;ON:TOTS3;26.75;TOTS3 26.75;15672537705.0;1.20329450496525;0.4010849445903439;False;0.0;DRE_con 2024;;TMT;TOTVS
53.113.791/0001-22;TOTVS S.A.;2025;69964028.19;58991703.84;10972324.35;;5771867000.0;599401581.0;11758500.0;587643081.0;DFP;ON:TOTS3;42.08000183105469;TOTS3 42.08;24728021924.486618;1.2121559313476904;0.28293418860454417;False;0.0;DRE_con 2025;;TMT;TOTVS
53.113.791/0001-22;TOTVS S.A.;2026;81601086.95;69746484.4;11854602.55;;;579401581.0;9196078.0;570205503.0;FRE;ON:TOTS3;35.45000076293945;TOTS3 35.45;20213785516.382275;;0.40369027802272045;True;1.0;;;TMT;TOTVS
33.256.439/0001-39;ULTRAPAR PARTICIPACOES S.A.;2009;22300752.21;19099152.21;2625600.0;576000.0;36097064000.0;;;;;ON:UGPA3;;;;0.061779961411820086;;False;0.0;DRE_con 2010;sem quantidade de acoes;Oil;Ultrapar
33.256.439/0001-39;ULTRAPAR PARTICIPACOES S.A.;2010;55290849.66;51817089.66;2784000.0;689760.0;42481712000.0;544383996.0;8321556.0;536062440.0;FRE;ON:UGPA3;23.07312774658203;UGPA3 23.07;12368637158.264465;0.1301521220707866;0.4470245909271888;False;0.0;DRE_con 2010;empresa tem ON e PN, mas so um preco disponivel: market cap aproximado;Oil;Ultrapar
33.256.439/0001-39;ULTRAPAR PARTICIPACOES S.A.;2011;51751955.74;47801603.74;3172800.0;777552.0;48661304000.0;544383996.0;8321556.0;536062440.0;FRE;ON:UGPA3;16.286643981933594;UGPA3 16.29;8730658112.366638;0.10635135412729589;0.5927612222805445;False;0.0;DRE_con 2011;;Oil;Ultrapar
33.256.439/0001-39;ULTRAPAR PARTICIPACOES S.A.;2012;32237400.0;27841100.0;3798400.0;597900.0;53919424000.0;544383996.0;8201556.0;536182440.0;FRE;ON:UGPA3;22.147071838378906;UGPA3 22.15;11874871017.157288;0.05978810159396362;0.2714757907974084;False;0.0;DRE_con 2012;;Oil;Ultrapar
33.256.439/0001-39;ULTRAPAR PARTICIPACOES S.A.;2013;34831900.0;30226800.0;4055600.0;549500.0;60940246000.0;556405096.0;7971556.0;548433540.0;FRE;ON:UGPA3;24.556665420532227;UGPA3 24.56;13467698947.178078;0.057157465363694135;0.258632897398545;False;0.0;DRE_con 2013;;Oil;Ultrapar
33.256.439/0001-39;ULTRAPAR PARTICIPACOES S.A.;2014;41583700.0;36582700.0;4409800.0;591200.0;67736298000.0;556405096.0;7971556.0;548433540.0;FRE;ON:UGPA3;24.381589889526367;UGPA3 24.38;13371681653.941154;0.06139057082806622;0.31098332338583357;False;0.0;DRE_con 2014;;Oil;Ultrapar
33.256.439/0001-39;ULTRAPAR PARTICIPACOES S.A.;2015;49761500.0;43833200.0;5289500.0;638800.0;75655274000.0;556405096.0;13321356.0;543083740.0;FRE;ON:UGPA3;27.35787582397461;UGPA3 27.36;14857617520.939713;0.06577400010473823;0.3349224727979987;False;0.0;DRE_con 2015;;Oil;Ultrapar
33.256.439/0001-39;ULTRAPAR PARTICIPACOES S.A.;2016;52239000.0;45820200.0;5721600.0;697200.0;77352955000.0;556405096.0;13321356.0;543083740.0;FRE;ON:UGPA3;30.481595993041992;UGPA3 30.48;16554059153.07026;0.067533295916103;0.3155661068802651;False;0.0;DRE_con 2016;;Oil;Ultrapar
33.256.439/0001-39;ULTRAPAR PARTICIPACOES S.A.;2017;51054100.0;43754500.0;6552000.0;747600.0;80007422000.0;556405096.0;13031356.0;543373740.0;FRE;ON:UGPA3;37.56755065917969;UGPA3 37.57;20413220504.317932;0.06381170486908078;0.25010311327015117;False;0.0;DRE_con 2017;;Oil;Ultrapar
33.256.439/0001-39;ULTRAPAR PARTICIPACOES S.A.;2018;34810776.129999995;28693586.13;5472000.0;645190.0;90697983000.0;1112810192.0;26780298.0;1086029894.0;FRE;ON:UGPA3;26.353496551513672;UGPA3 26.35;28620685066.36976;0.03838098155942453;0.12162803248516156;False;0.0;DRE_con 2018;;Oil;Ultrapar
33.256.439/0001-39;ULTRAPAR PARTICIPACOES S.A.;2019;47014208.730000004;38650852.06;7736266.67;627090.0;89297975000.0;1114918734.0;26780298.0;1088138436.0;FRE;ON:UGPA3;11.739283561706543;UGPA3 11.74;12773965654.595867;0.05264868406030484;0.3680470889091912;False;0.0;DRE_con 2019;;Oil;Ultrapar
33.256.439/0001-39;ULTRAPAR PARTICIPACOES S.A.;2020;47823480.86;37857318.19;9297000.0;669162.67;81241102000.0;1115005712.0;24739626.0;1090266086.0;DFP;ON:UGPA3;10.9376220703125;UGPA3 10.94;11924918404.746826;0.05886611540547542;0.40103822296145364;False;0.0;DRE_con 2020;;Oil;Ultrapar
33.256.439/0001-39;ULTRAPAR PARTICIPACOES S.A.;2021;60720704.3;49282029.3;10680625.01;758049.99;109732842000.0;1115107683.0;23756393.0;1091351290.0;DFP;ON:UGPA3;14.609999656677246;UGPA3 14.61;15944641972.21427;0.055335032970348114;0.38082199905030273;False;0.0;DRE_con 2021;;Oil;Ultrapar
33.256.439/0001-39;ULTRAPAR PARTICIPACOES S.A.;2022;66763747.71;55699515.84;10267833.83;796398.04;143634708000.0;1115173080.0;19974556.0;1095198524.0;DFP;ON:UGPA3;12.609999656677246;UGPA3 12.61;13810453011.633427;0.04648162595213408;0.4834290928310652;False;0.0;DRE_con 2022;;Oil;Ultrapar
33.256.439/0001-39;ULTRAPAR PARTICIPACOES S.A.;2023;73601770.17;62935116.5;9838230.0;828423.67;126048701000.0;1115212490.0;16195439.0;1099017051.0;DFP;ON:UGPA3;26.510000228881836;UGPA3 26.51;29134942273.55504;0.0583915340547619;0.2526237034518041;False;0.0;DRE_con 2023;;Oil;Ultrapar
33.256.439/0001-39;ULTRAPAR PARTICIPACOES S.A.;2024;88748518.49;78382295.3;9497240.0;868983.19;133498913000.0;1115439503.0;19283471.0;1096156032.0;DFP;ON:UGPA3;15.880000114440918;UGPA3 15.88;17406957913.605103;0.06647883229581053;0.5098450799414816;False;0.0;DRE_con 2024;;Oil;Ultrapar
33.256.439/0001-39;ULTRAPAR PARTICIPACOES S.A.;2025;104442854.67;92491653.75;11689035.73;262165.19;142369540000.0;1115849873.0;28542005.0;1087307868.0;DFP;ON:UGPA3;20.899999618530273;UGPA3 20.90;22724734026.424965;0.07336039343106679;0.4595998991607598;False;0.0;DRE_con 2025;;Oil;Ultrapar
33.256.439/0001-39;ULTRAPAR PARTICIPACOES S.A.;2026;108447918.44;79775407.64;28672510.8;;;1115849873.0;47082554.0;1068767319.0;FRE;ON:UGPA3;35.68000030517578;UGPA3 35.68;38133618268.0819;;0.2843892695353581;True;1.0;;;Oil;Ultrapar
33.592.510/0001-54;VALE S.A.;2009;50688960.989999995;45800408.19;3899752.8;988800.0;48496566000.0;;;;;ON:VALE3;;;;0.10452072212700583;;False;0.0;DRE_con 2010;sem quantidade de acoes;Metals;Vale
33.592.510/0001-54;VALE S.A.;2010;92708809.0;89464405.0;2148084.0;1096320.0;83225007000.0;5365304100.0;152579803.0;5212724297.0;FRE;ON:VALE3;57.08000183105469;VALE3 57.08;297542312417.5433;0.11139537543084857;0.031158193349623855;False;0.0;DRE_con 2010;empresa tem ON e PN, mas so um preco disponivel: market cap aproximado;Metals;Vale
33.592.510/0001-54;VALE S.A.;2011;201989886.0;196168414.0;4715552.0;1105920.0;103195407000.0;5365304100.0;147024965.0;5218279135.0;FRE;ON:VALE3;44.70000076293945;VALE3 44.70;233257081315.73102;0.19573534508178256;0.08659539288609698;False;0.0;DRE_con 2011;empresa tem ON e PN, mas so um preco disponivel: market cap aproximado;Metals;Vale
33.592.510/0001-54;VALE S.A.;2012;110814263.0;104778129.6;4832082.92;1204050.48;93511482000.0;5365304100.0;268011021.0;5097293079.0;FRE;ON:VALE3;40.2599983215332;VALE3 40.26;205217010804.9028;0.11850337587420548;0.05399857573471319;False;0.0;DRE_con 2012;empresa tem ON e PN, mas so um preco disponivel: market cap aproximado;Metals;Vale
33.592.510/0001-54;VALE S.A.;2013;66042862.77;60154736.77;4694768.0;1193358.0;101489747000.0;5365304100.0;211929174.0;5153374926.0;FRE;ON:VALE3;33.04999923706055;VALE3 33.05;170319037372.58694;0.06507343325035582;0.03877597230985153;False;0.0;DRE_con 2013;empresa tem ON e PN, mas so um preco disponivel: market cap aproximado;Metals;Vale
33.592.510/0001-54;VALE S.A.;2014;78596773.2;72721800.27;4557041.5;1317931.43;88274564000.0;5244316120.0;95224610.0;5149091510.0;FRE;ON:VALE3;18.610000610351562;VALE3 18.61;95824596143.85605;0.08903671639771565;0.08202150216423255;False;0.0;DRE_con 2014;empresa tem ON e PN, mas so um preco disponivel: market cap aproximado;Metals;Vale
33.592.510/0001-54;VALE S.A.;2015;99483890.16;93304626.83;4678555.71;1500707.62;85499184000.0;5244316120.0;90941194.0;5153374926.0;FRE;ON:VALE3;9.720000267028809;VALE3 9.72;50090805656.819565;0.1163565375781832;0.19860708737962945;False;0.0;DRE_con 2015;empresa tem ON e PN, mas so um preco disponivel: market cap aproximado;Metals;Vale
33.592.510/0001-54;VALE S.A.;2016;65025161.0;57983990.0;5277711.0;1763460.0;94633264000.0;5244316120.0;97685353.0;5146630767.0;FRE;ON:VALE3;32.18000030517578;VALE3 32.18;165618579652.68707;0.06871279532321743;0.03926199653225018;False;0.0;DRE_con 2016;empresa tem ON e PN, mas so um preco disponivel: market cap aproximado;Metals;Vale
33.592.510/0001-54;VALE S.A.;2017;170069663.82;161378715.06;6734535.39;1956413.37;108532022000.0;5284474782.0;87042689.0;5197432093.0;FRE;ON:VALE3;41.45000076293945;VALE3 41.45;215433564220.176;0.1566999864979941;0.07894297457112417;False;0.0;DRE_con 2017;empresa tem ON e PN, mas so um preco disponivel: market cap aproximado;Metals;Vale
33.592.510/0001-54;VALE S.A.;2018;175784050.89000002;166101012.52;7636376.27;2046662.1;134483126000.0;5284474782.0;156192313.0;5128282469.0;FRE;ON:VALE3;45.5;VALE3 45.50;233336852339.5;0.1307108602532038;0.07533488565031213;False;0.0;DRE_con 2018;empresa tem ON e PN, mas so um preco disponivel: market cap aproximado;Metals;Vale
33.592.510/0001-54;VALE S.A.;2019;97500819.62;85404316.42;9895751.2;2200752.0;148639921000.0;5284474782.0;156192313.0;5128282469.0;FRE;ON:VALE3;53.29999923706055;VALE3 53.30;273337451685.13098;0.06559531178706694;0.03567049411593817;False;0.0;DRE_con 2019;empresa tem ON e PN, mas so um preco disponivel: market cap aproximado;Metals;Vale
33.592.510/0001-54;VALE S.A.;2020;181998893.85000002;165421432.65;14560371.74;2017089.46;208528759000.0;5284474000.0;154563000.0;5129911000.0;DFP (corrigido de milhares);ON:VALE3;87.44999694824219;VALE3 87.45;448610701294.754;0.08727759888984907;0.04056944993169478;False;0.0;DRE_con 2020;quantidade de acoes da DFP estava em milhares;Metals;Vale
33.592.510/0001-54;VALE S.A.;2021;201437750.77;184210025.79;15655172.08;1572552.9;293524000000.0;5132458000.0;292841000.0;4839617000.0;DFP (corrigido de milhares);ON:VALE3;78.75;VALE3 78.75;381119838750.0;0.06862735271051089;0.05285417611181753;False;0.0;DRE_con 2021;quantidade de acoes da DFP estava em milhares;Metals;Vale
33.592.510/0001-54;VALE S.A.;2022;224671130.35000002;204991368.16;18045789.64;1633972.55;226508000000.0;4778889000.0;295811000.0;4483078000.0;DFP (corrigido de milhares);ON:VALE3;88.87999725341797;VALE3 88.88;398455960326.8585;0.09918904866494783;0.05638543596278481;False;0.0;DRE_con 2022;quantidade de acoes da DFP estava em milhares;Metals;Vale
33.592.510/0001-54;VALE S.A.;2023;191553447.81;168910305.25;20965493.71;1677648.85;208066000000.0;4539007.0;239153.0;4299854.0;DFP;ON:VALE3;77.19999694824219;VALE3 77.20;331948715.67788696;0.09206379120567512;57.70573548351297;False;0.0;DRE_con 2023;;Metals;Vale
33.592.510/0001-54;VALE S.A.;2024;192290918.70000002;169821574.02;20679416.8;1789927.88;206005000000.0;4539008.0;270288.0;4268720.0;DFP;ON:VALE3;54.54999923706055;VALE3 54.55;232858672.7432251;0.09334284056212228;82.5783795959537;False;0.0;DRE_con 2024;;Metals;Vale
33.592.510/0001-54;VALE S.A.;2025;179372956.02;155487353.58;22120328.71;1765273.73;213595000000.0;4539007000.0;270228000.0;4268779000.0;DFP (corrigido de milhares);ON:VALE3;71.95999908447266;VALE3 71.96;307181332931.8161;0.08397806878438166;0.05839318239426181;False;0.0;DRE_con 2025;quantidade de acoes da DFP estava em milhares;Metals;Vale
33.592.510/0001-54;VALE S.A.;2026;177216839.29999998;151486872.64;23807966.66;1922000.0;;4439159764.0;176008799.0;4263150965.0;FRE;ON:VALE3;78.69000244140625;VALE3 78.69;335467359843.9334;;0.05282685009428192;True;1.0;;empresa tem ON e PN, mas so um preco disponivel: market cap aproximado;Metals;Vale
34.274.233/0001-02;VIBRA ENERGIA S/A;2014;10552072.85;8525708.86;1336330.44;690033.55;;;;;;ON:VBBR3;;;;;;False;0.0;;sem DFP;Oil;Vibra
34.274.233/0001-02;VIBRA ENERGIA S/A;2015;9992552.660000002;7914358.74;1336212.04;741981.88;97280000000.0;;;;;ON:VBBR3;;;;0.010271949691611845;;False;0.0;DRE_con 2016;sem quantidade de acoes;Oil;Vibra
34.274.233/0001-02;VIBRA ENERGIA S/A;2016;10690711.329999998;8902609.54;1226977.7;561124.09;86637000000.0;;;;;ON:VBBR3;;;;0.012339660110576309;;False;0.0;DRE_con 2016;sem quantidade de acoes;Oil;Vibra
34.274.233/0001-02;VIBRA ENERGIA S/A;2017;11395246.499999998;9611200.78;1325696.71;458349.01;84567000000.0;1165000000.0;0.0;1165000000.0;FRE;ON:VBBR3;;;;0.013474814644010073;;False;0.0;DRE_con 2017;sem cotacao no exercicio;Oil;Vibra
34.274.233/0001-02;VIBRA ENERGIA S/A;2018;11906636.440000001;10124457.96;1356089.46;426089.02;97770000000.0;1165000000.0;0.0;1165000000.0;FRE;ON:VBBR3;26.649998115996148;VBBR3 26.65;31047247805.135513;0.012178210534928917;0.03835005445484456;False;0.0;DRE_con 2018;;Oil;Vibra
34.274.233/0001-02;VIBRA ENERGIA S/A;2019;11750686.770000001;9907155.52;1443621.62;399909.63;94985000000.0;1165000000.0;0.0;1165000000.0;FRE;ON:VBBR3;30.07000018012794;VBBR3 30.07;35031550209.84905;0.012371097299573619;0.03354315381309138;False;0.0;DRE_con 2019;;Oil;Vibra
34.274.233/0001-02;VIBRA ENERGIA S/A;2020;26950694.48;15119242.32;11118865.28;712586.88;81501000000.0;1165000000.0;0.0;1165000000.0;DFP (corrigido de milhares);ON:VBBR3;22.130000035410397;VBBR3 22.13;25781450041.253113;0.033067931043790876;0.10453521596681323;False;0.0;DRE_con 2020;quantidade de acoes da DFP estava em milhares;Oil;Vibra
34.274.233/0001-02;VIBRA ENERGIA S/A;2021;43794495.13;29381951.23;13634043.9;778500.0;130121000000.0;1165000000.0;37390000.0;1127610000.0;DFP (corrigido de milhares);ON:VBBR3;21.399999391719017;VBBR3 21.40;24130853314.096283;0.03365674651286111;0.18148755271914482;False;0.0;DRE_con 2021;quantidade de acoes da DFP estava em milhares;Oil;Vibra
34.274.233/0001-02;VIBRA ENERGIA S/A;2022;48012677.47;32444156.87;14758520.6;810000.0;181446000000.0;1165000000.0;50096000.0;1114904000.0;DFP (corrigido de milhares);ON:VBBR3;15.549999032940182;VBBR3 15.55;17336756121.82114;0.02646113855913054;0.2769415289263267;False;0.0;DRE_con 2022;quantidade de acoes da DFP estava em milhares;Oil;Vibra
34.274.233/0001-02;VIBRA ENERGIA S/A;2023;60041680.2;47008960.85;12224969.35;807750.0;162947000000.0;1165000000.0;50040000.0;1114960000.0;DFP (corrigido de milhares);ON:VBBR3;22.759999555449156;VBBR3 22.76;25376489104.34359;0.03684736767169693;0.2366035740922211;False;0.0;DRE_con 2023;quantidade de acoes da DFP estava em milhares;Oil;Vibra
34.274.233/0001-02;VIBRA ENERGIA S/A;2024;72587519.47;58865247.09;12864023.38;858249.0;172272000000.0;1119000000.0;4489000.0;1114511000.0;DFP (corrigido de milhares);ON:VBBR3;17.839999023218525;VBBR3 17.84;19882875151.366302;0.04213541345662673;0.36507556838434385;False;0.0;DRE_con 2024;quantidade de acoes da DFP estava em milhares;Oil;Vibra
34.274.233/0001-02;VIBRA ENERGIA S/A;2025;77191249.92;61680934.74;14613315.32;896999.86;189075000000.0;1198000000.0;6026000.0;1191974000.0;DFP (corrigido de milhares);ON:VBBR3;25.329999923706055;VBBR3 25.33;30192701329.0596;0.040825730487901626;0.2556619531280749;False;0.0;DRE_con 2025;quantidade de acoes da DFP estava em milhares;Oil;Vibra
34.274.233/0001-02;VIBRA ENERGIA S/A;2026;88340503.52;72744921.15;14677533.77;918048.6;;1198563531.0;2390416.0;1196173115.0;FRE;ON:VBBR3;35.459999084472656;VBBR3 35.46;42416297562.770805;;0.20827018998833438;True;1.0;;;Oil;Vibra
33.839.910/0001-11;VIVARA PARTICIPAÇÕES S.A.;2016;197205.65;197205.65;0.0;0.0;;;;;;ON:VIVA3;;;;;;False;0.0;;sem DFP;Retail;Vivara
33.839.910/0001-11;VIVARA PARTICIPAÇÕES S.A.;2017;1501848.38;1501848.38;0.0;0.0;;;;;;ON:VIVA3;;;;;;False;0.0;;sem DFP;Retail;Vivara
33.839.910/0001-11;VIVARA PARTICIPAÇÕES S.A.;2018;1605382.32;1605382.32;0.0;0.0;;;;;;ON:VIVA3;;;;;;False;0.0;;sem DFP;Retail;Vivara
33.839.910/0001-11;VIVARA PARTICIPAÇÕES S.A.;2019;16512855.44;15952855.44;560000.0;0.0;749666952.0;236197769.0;0.0;236197769.0;FRE;ON:VIVA3;29.1200008392334;VIVA3 29.12;6878079231.505056;2.2026921949735354;0.24007945945668713;False;0.0;DRE_con 2019;;Retail;Vivara
33.839.910/0001-11;VIVARA PARTICIPAÇÕES S.A.;2020;10068771.0;8388771.0;1680000.0;0.0;1047547041.0;236197769.0;0.0;236197769.0;DFP;ON:VIVA3;29.459999084472656;VIVA3 29.46;6958386058.494484;0.961176024170546;0.14469980416950995;False;0.0;DRE_con 2020;;Retail;Vivara
33.839.910/0001-11;VIVARA PARTICIPAÇÕES S.A.;2021;8977277.0;6982598.0;1994679.0;0.0;1466386885.0;236917769.0;0.0;236917769.0;DFP;ON:VIVA3;25.670000076293945;VIVA3 25.67;6081679148.305391;0.6122038523278255;0.14761181543918578;False;0.0;DRE_con 2021;;Retail;Vivara
33.839.910/0001-11;VIVARA PARTICIPAÇÕES S.A.;2022;17844987.96;14987189.96;2857798.0;0.0;1843735089.0;236197769.0;607612.0;235590157.0;DFP;ON:VIVA3;22.43000030517578;VIVA3 22.43;5284287293.40641;0.9678715812518769;0.33769904944923207;False;0.0;DRE_con 2022;;Retail;Vivara
33.839.910/0001-11;VIVARA PARTICIPAÇÕES S.A.;2023;23935835.0;20778077.0;3157758.0;0.0;2186974709.0;236197769.0;996955.0;235200814.0;DFP;ON:VIVA3;34.25;VIVA3 34.25;8055627879.5;1.0944724189766568;0.2971318357556216;False;0.0;DRE_con 2023;;Retail;Vivara
33.839.910/0001-11;VIVARA PARTICIPAÇÕES S.A.;2024;13852371.0;11376254.0;2476117.0;0.0;2577113417.0;236197769.0;1134590.0;235063179.0;DFP;ON:VIVA3;19.25;VIVA3 19.25;4524966195.75;0.5375149928839938;0.30613203283177254;False;0.0;DRE_con 2024;;Retail;Vivara
33.839.910/0001-11;VIVARA PARTICIPAÇÕES S.A.;2025;12020243.0;10223743.0;1423000.0;373500.0;3026581564.0;236197769.0;1125955.0;235071814.0;DFP;ON:VIVA3;33.2400016784668;VIVA3 33.24;7813787491.920235;0.397155759586197;0.15383375875565347;False;0.0;DRE_con 2025;;Retail;Vivara
33.839.910/0001-11;VIVARA PARTICIPAÇÕES S.A.;2026;31411709.0;17671145.0;13062564.0;678000.0;;236197769.0;1062717.0;235135052.0;FRE;ON:VIVA3;22.6299991607666;VIVA3 22.63;5321106029.426811;;0.59032292959935;True;1.0;;;Retail;Vivara
84.429.695/0001-11;WEG S.A.;2009;3367010.69;711104.42;2455546.27;200360.0;4210620000.0;;;;;ON:WEGE3;;;;0.07996472467237604;;False;0.0;DRE_con 2010;sem quantidade de acoes;Industrials;WEG
84.429.695/0001-11;WEG S.A.;2010;3523548.0;1031224.0;2184644.0;307680.0;4391973000.0;620905029.0;500000.0;620405029.0;FRE;ON:WEGE3;19.85999492645264;WEGE3 19.86;12321240728.285702;0.08022699593098591;0.028597347277787045;False;0.0;DRE_con 2010;;Industrials;WEG
84.429.695/0001-11;WEG S.A.;2011;4032997.0;1208099.0;2550098.0;274800.0;5189409000.0;620905029.0;500000.0;620405029.0;FRE;ON:WEGE3;19.479994096755984;WEGE3 19.48;12085486302.517725;0.07771592102299126;0.03337058103454075;False;0.0;DRE_con 2011;;Industrials;WEG
84.429.695/0001-11;WEG S.A.;2012;5084564.0;1567816.0;3279508.0;237240.0;6173878000.0;620905029.0;494384.0;620410645.0;FRE;ON:WEGE3;25.259997301101688;WEGE3 25.26;15671571218.274757;0.08235608154226566;0.03244450686648984;False;0.0;DRE_con 2012;;Industrials;WEG
84.429.695/0001-11;WEG S.A.;2013;5389037.0;2341244.0;2789793.0;258000.0;6828896000.0;620905029.0;581921.0;620323108.0;FRE;ON:WEGE3;27.399997901916507;WEGE3 27.40;16996851857.710327;0.07891520093438237;0.031706089134120194;False;0.0;DRE_con 2013;;Industrials;WEG
84.429.695/0001-11;WEG S.A.;2014;5167027.0;2409022.0;2488005.0;270000.0;7840757000.0;807176538.0;980498.0;806196040.0;FRE;ON:WEGE3;32.07999591827393;WEGE3 32.08;25862765672.528606;0.06589959362342182;0.019978632855527933;False;0.0;DRE_con 2014;;Industrials;WEG
84.429.695/0001-11;WEG S.A.;2015;6098315.0;2988180.0;2819075.0;291060.0;9760323000.0;1614353076.0;1184854.0;1613168222.0;FRE;ON:WEGE3;15.459998226165771;WEGE3 15.46;24939577850.62699;0.062480667904125715;0.02445235856246334;False;0.0;DRE_con 2015;;Industrials;WEG
84.429.695/0001-11;WEG S.A.;2016;4249992.0;2058215.0;1881457.0;310320.0;9367008000.0;1614353076.0;1521507.0;1612831569.0;FRE;ON:WEGE3;15.909997463226318;WEGE3 15.91;25660146171.40132;0.04537192666003915;0.01656261804438468;False;0.0;DRE_con 2016;;Industrials;WEG
84.429.695/0001-11;WEG S.A.;2017;5994836.0;2949549.0;2717111.0;328176.0;9523830000.0;2098658999.0;1608001.0;2097050998.0;FRE;ON:WEGE3;23.699998664855958;WEGE3 23.70;49700105852.734856;0.06294564266686827;0.012062018575499918;False;0.0;DRE_con 2017;;Industrials;WEG
84.429.695/0001-11;WEG S.A.;2018;7175833.0;3423579.0;3419676.0;332578.0;11970090000.0;2098658999.0;1608001.0;2097050998.0;FRE;ON:WEGE3;18.84000015258789;WEGE3 18.84;39508441122.30459;0.059948028795105135;0.018162784448483;False;0.0;DRE_con 2018;;Industrials;WEG
84.429.695/0001-11;WEG S.A.;2019;7813331.0;3506360.0;3964395.0;342576.0;13347434000.0;2098658999.0;1494283.0;2097164716.0;FRE;ON:WEGE3;34.65999984741211;WEGE3 34.66;72687728736.55806;0.05853807555819343;0.010749174772426628;False;0.0;DRE_con 2019;;Industrials;WEG
84.429.695/0001-11;WEG S.A.;2020;7652603.0;3430237.0;3926686.0;295680.0;17469557000.0;2098658999.0;918948.0;2097740051.0;DFP;ON:WEGE3;75.73999786376953;WEGE3 75.74;158882826981.4838;0.043805363810885414;0.004816507325169784;False;0.0;DRE_con 2020;acoes DFP e FRE divergem (2,098,658,999 x 4,197,317,998);Industrials;WEG
84.429.695/0001-11;WEG S.A.;2021;10105285.0;4368794.0;5348651.0;387840.0;23563338000.0;4197317998.0;1306348.0;4196011650.0;DFP;ON:WEGE3;33.09000015258789;WEGE3 33.09;138846026138.76056;0.04288562596691521;0.007278051292516601;False;0.0;DRE_con 2021;;Industrials;WEG
84.429.695/0001-11;WEG S.A.;2022;12914730.0;5495216.0;6958714.0;460800.0;29904722000.0;4197317998.0;1302592.0;4196015406.0;DFP;ON:WEGE3;38.5099983215332;WEGE3 38.51;161588546242.18747;0.043186256672106835;0.007992354842182638;False;0.0;DRE_con 2022;;Industrials;WEG
84.429.695/0001-11;WEG S.A.;2023;17799152.0;7858073.0;9446679.0;494400.0;32503601000.0;4197317998.0;2083696.0;4195234302.0;DFP;ON:WEGE3;36.90999984741211;WEGE3 36.91;154846097446.67804;0.05476055406907068;0.011494737221988575;False;0.0;DRE_con 2023;;Industrials;WEG
84.429.695/0001-11;WEG S.A.;2024;19366910.0;8333844.0;10510166.0;522900.0;37986941000.0;4197317998.0;1780620.0;4195537378.0;DFP;ON:WEGE3;52.77000045776367;WEGE3 52.77;221398509357.6246;0.05098307336723955;0.008747534053500183;False;0.0;DRE_con 2024;;Industrials;WEG
84.429.695/0001-11;WEG S.A.;2025;20605685.46;8467662.41;11591183.05;546840.0;40804110000.0;4197317998.0;1622025.0;4195695973.0;DFP;ON:WEGE3;48.5099983215332;WEGE3 48.51;203533204607.89362;0.050499043993362434;0.010123992053137874;False;0.0;DRE_con 2025;;Industrials;WEG
84.429.695/0001-11;WEG S.A.;2026;26961000.0;11432000.0;15344000.0;185000.0;;4197317998.0;1488307.0;4195829691.0;FRE;ON:WEGE3;50.150001525878906;WEGE3 50.15;210420865405.97803;;0.01281289284120302;True;1.0;;;Industrials;WEG
